arm,group,dataset,subject,seed,protocol,token,ends_at_ms,test_acc
reader,cohort,2a,1,2025,within,1,128.0,26.0417
reader,cohort,2a,1,2025,within,2,256.0,29.5139
reader,cohort,2a,1,2025,within,3,384.0,31.25
reader,cohort,2a,1,2025,within,4,512.0,53.4722
reader,cohort,2a,1,2025,within,5,640.0,55.5556
reader,cohort,2a,1,2025,within,6,768.0,56.25
reader,cohort,2a,1,2025,within,7,896.0,64.9306
reader,cohort,2a,1,2025,within,8,1024.0,73.6111
reader,cohort,2a,1,2025,within,9,1152.0,78.125
reader,cohort,2a,1,2025,within,10,1280.0,77.7778
reader,cohort,2a,1,2025,within,11,1408.0,79.5139
reader,cohort,2a,1,2025,within,12,1536.0,80.9028
reader,cohort,2a,1,2025,within,13,1664.0,85.4167
reader,cohort,2a,1,2025,within,14,1792.0,84.7222
reader,cohort,2a,1,2025,within,15,1920.0,87.5
reader,cohort,2a,1,2025,within,16,2048.0,88.1944
reader,cohort,2a,1,2025,within,17,2176.0,86.8056
reader,cohort,2a,1,2025,within,18,2304.0,87.8472
reader,cohort,2a,1,2025,within,19,2432.0,88.1944
reader,cohort,2a,1,2025,within,20,2560.0,89.9306
reader,cohort,2a,1,2025,within,21,2688.0,88.1944
reader,cohort,2a,1,2025,within,22,2816.0,89.2361
reader,cohort,2a,1,2025,within,23,2944.0,89.2361
reader,cohort,2a,1,2025,within,24,3072.0,88.5417
reader,cohort,2a,1,2025,within,25,3200.0,88.5417
reader,cohort,2a,1,2025,within,26,3328.0,88.5417
reader,cohort,2a,1,2025,within,27,3456.0,88.5417
reader,cohort,2a,1,2025,within,28,3584.0,89.5833
reader,cohort,2a,1,2025,within,29,3712.0,89.5833
reader,cohort,2a,1,2025,within,30,3840.0,88.1944
reader,cohort,2a,1,2025,within,31,3968.0,88.8889
reader,cohort,2a,1,2025,within,32,4096.0,91.3194
reader,cohort,2a,1,2026,within,1,128.0,25.0
reader,cohort,2a,1,2026,within,2,256.0,25.0
reader,cohort,2a,1,2026,within,3,384.0,26.7361
reader,cohort,2a,1,2026,within,4,512.0,48.2639
reader,cohort,2a,1,2026,within,5,640.0,55.5556
reader,cohort,2a,1,2026,within,6,768.0,60.0694
reader,cohort,2a,1,2026,within,7,896.0,67.0139
reader,cohort,2a,1,2026,within,8,1024.0,73.9583
reader,cohort,2a,1,2026,within,9,1152.0,79.8611
reader,cohort,2a,1,2026,within,10,1280.0,81.5972
reader,cohort,2a,1,2026,within,11,1408.0,82.2917
reader,cohort,2a,1,2026,within,12,1536.0,83.3333
reader,cohort,2a,1,2026,within,13,1664.0,84.0278
reader,cohort,2a,1,2026,within,14,1792.0,84.7222
reader,cohort,2a,1,2026,within,15,1920.0,86.8056
reader,cohort,2a,1,2026,within,16,2048.0,87.1528
reader,cohort,2a,1,2026,within,17,2176.0,89.5833
reader,cohort,2a,1,2026,within,18,2304.0,90.2778
reader,cohort,2a,1,2026,within,19,2432.0,90.625
reader,cohort,2a,1,2026,within,20,2560.0,89.9306
reader,cohort,2a,1,2026,within,21,2688.0,90.2778
reader,cohort,2a,1,2026,within,22,2816.0,89.2361
reader,cohort,2a,1,2026,within,23,2944.0,89.9306
reader,cohort,2a,1,2026,within,24,3072.0,88.8889
reader,cohort,2a,1,2026,within,25,3200.0,90.2778
reader,cohort,2a,1,2026,within,26,3328.0,89.5833
reader,cohort,2a,1,2026,within,27,3456.0,90.2778
reader,cohort,2a,1,2026,within,28,3584.0,89.5833
reader,cohort,2a,1,2026,within,29,3712.0,90.625
reader,cohort,2a,1,2026,within,30,3840.0,90.9722
reader,cohort,2a,1,2026,within,31,3968.0,91.3194
reader,cohort,2a,1,2026,within,32,4096.0,90.625
reader,cohort,2a,1,2027,within,1,128.0,25.0
reader,cohort,2a,1,2027,within,2,256.0,25.3472
reader,cohort,2a,1,2027,within,3,384.0,34.0278
reader,cohort,2a,1,2027,within,4,512.0,49.3056
reader,cohort,2a,1,2027,within,5,640.0,51.3889
reader,cohort,2a,1,2027,within,6,768.0,57.2917
reader,cohort,2a,1,2027,within,7,896.0,66.3194
reader,cohort,2a,1,2027,within,8,1024.0,73.9583
reader,cohort,2a,1,2027,within,9,1152.0,76.3889
reader,cohort,2a,1,2027,within,10,1280.0,78.8194
reader,cohort,2a,1,2027,within,11,1408.0,81.25
reader,cohort,2a,1,2027,within,12,1536.0,80.9028
reader,cohort,2a,1,2027,within,13,1664.0,84.0278
reader,cohort,2a,1,2027,within,14,1792.0,83.3333
reader,cohort,2a,1,2027,within,15,1920.0,84.7222
reader,cohort,2a,1,2027,within,16,2048.0,87.5
reader,cohort,2a,1,2027,within,17,2176.0,87.1528
reader,cohort,2a,1,2027,within,18,2304.0,86.8056
reader,cohort,2a,1,2027,within,19,2432.0,87.5
reader,cohort,2a,1,2027,within,20,2560.0,87.5
reader,cohort,2a,1,2027,within,21,2688.0,86.1111
reader,cohort,2a,1,2027,within,22,2816.0,86.1111
reader,cohort,2a,1,2027,within,23,2944.0,86.8056
reader,cohort,2a,1,2027,within,24,3072.0,86.8056
reader,cohort,2a,1,2027,within,25,3200.0,86.4583
reader,cohort,2a,1,2027,within,26,3328.0,85.4167
reader,cohort,2a,1,2027,within,27,3456.0,88.5417
reader,cohort,2a,1,2027,within,28,3584.0,88.5417
reader,cohort,2a,1,2027,within,29,3712.0,87.5
reader,cohort,2a,1,2027,within,30,3840.0,87.5
reader,cohort,2a,1,2027,within,31,3968.0,88.5417
reader,cohort,2a,1,2027,within,32,4096.0,90.2778
reader,cohort,2a,2,2025,within,1,128.0,26.3889
reader,cohort,2a,2,2025,within,2,256.0,30.5556
reader,cohort,2a,2,2025,within,3,384.0,41.3194
reader,cohort,2a,2,2025,within,4,512.0,44.7917
reader,cohort,2a,2,2025,within,5,640.0,47.2222
reader,cohort,2a,2,2025,within,6,768.0,55.9028
reader,cohort,2a,2,2025,within,7,896.0,57.6389
reader,cohort,2a,2,2025,within,8,1024.0,52.4306
reader,cohort,2a,2,2025,within,9,1152.0,53.4722
reader,cohort,2a,2,2025,within,10,1280.0,54.5139
reader,cohort,2a,2,2025,within,11,1408.0,57.9861
reader,cohort,2a,2,2025,within,12,1536.0,59.375
reader,cohort,2a,2,2025,within,13,1664.0,60.7639
reader,cohort,2a,2,2025,within,14,1792.0,63.8889
reader,cohort,2a,2,2025,within,15,1920.0,62.5
reader,cohort,2a,2,2025,within,16,2048.0,65.625
reader,cohort,2a,2,2025,within,17,2176.0,64.2361
reader,cohort,2a,2,2025,within,18,2304.0,66.6667
reader,cohort,2a,2,2025,within,19,2432.0,63.8889
reader,cohort,2a,2,2025,within,20,2560.0,70.1389
reader,cohort,2a,2,2025,within,21,2688.0,68.75
reader,cohort,2a,2,2025,within,22,2816.0,67.3611
reader,cohort,2a,2,2025,within,23,2944.0,69.0972
reader,cohort,2a,2,2025,within,24,3072.0,69.4444
reader,cohort,2a,2,2025,within,25,3200.0,67.0139
reader,cohort,2a,2,2025,within,26,3328.0,69.0972
reader,cohort,2a,2,2025,within,27,3456.0,70.4861
reader,cohort,2a,2,2025,within,28,3584.0,70.1389
reader,cohort,2a,2,2025,within,29,3712.0,70.8333
reader,cohort,2a,2,2025,within,30,3840.0,70.4861
reader,cohort,2a,2,2025,within,31,3968.0,72.9167
reader,cohort,2a,2,2025,within,32,4096.0,75.0
reader,cohort,2a,2,2026,within,1,128.0,25.0
reader,cohort,2a,2,2026,within,2,256.0,25.0
reader,cohort,2a,2,2026,within,3,384.0,44.0972
reader,cohort,2a,2,2026,within,4,512.0,50.0
reader,cohort,2a,2,2026,within,5,640.0,49.3056
reader,cohort,2a,2,2026,within,6,768.0,57.6389
reader,cohort,2a,2,2026,within,7,896.0,61.8056
reader,cohort,2a,2,2026,within,8,1024.0,67.7083
reader,cohort,2a,2,2026,within,9,1152.0,67.3611
reader,cohort,2a,2,2026,within,10,1280.0,68.0556
reader,cohort,2a,2,2026,within,11,1408.0,68.4028
reader,cohort,2a,2,2026,within,12,1536.0,69.0972
reader,cohort,2a,2,2026,within,13,1664.0,66.3194
reader,cohort,2a,2,2026,within,14,1792.0,69.7917
reader,cohort,2a,2,2026,within,15,1920.0,70.1389
reader,cohort,2a,2,2026,within,16,2048.0,69.7917
reader,cohort,2a,2,2026,within,17,2176.0,69.0972
reader,cohort,2a,2,2026,within,18,2304.0,67.7083
reader,cohort,2a,2,2026,within,19,2432.0,70.8333
reader,cohort,2a,2,2026,within,20,2560.0,71.1806
reader,cohort,2a,2,2026,within,21,2688.0,70.4861
reader,cohort,2a,2,2026,within,22,2816.0,71.875
reader,cohort,2a,2,2026,within,23,2944.0,70.4861
reader,cohort,2a,2,2026,within,24,3072.0,71.5278
reader,cohort,2a,2,2026,within,25,3200.0,69.7917
reader,cohort,2a,2,2026,within,26,3328.0,70.4861
reader,cohort,2a,2,2026,within,27,3456.0,69.0972
reader,cohort,2a,2,2026,within,28,3584.0,69.7917
reader,cohort,2a,2,2026,within,29,3712.0,70.4861
reader,cohort,2a,2,2026,within,30,3840.0,71.1806
reader,cohort,2a,2,2026,within,31,3968.0,70.4861
reader,cohort,2a,2,2026,within,32,4096.0,70.4861
reader,cohort,2a,2,2027,within,1,128.0,25.3472
reader,cohort,2a,2,2027,within,2,256.0,25.6944
reader,cohort,2a,2,2027,within,3,384.0,42.0139
reader,cohort,2a,2,2027,within,4,512.0,47.9167
reader,cohort,2a,2,2027,within,5,640.0,48.6111
reader,cohort,2a,2,2027,within,6,768.0,51.7361
reader,cohort,2a,2,2027,within,7,896.0,54.5139
reader,cohort,2a,2,2027,within,8,1024.0,55.9028
reader,cohort,2a,2,2027,within,9,1152.0,56.25
reader,cohort,2a,2,2027,within,10,1280.0,57.9861
reader,cohort,2a,2,2027,within,11,1408.0,57.2917
reader,cohort,2a,2,2027,within,12,1536.0,58.3333
reader,cohort,2a,2,2027,within,13,1664.0,62.1528
reader,cohort,2a,2,2027,within,14,1792.0,62.5
reader,cohort,2a,2,2027,within,15,1920.0,64.5833
reader,cohort,2a,2,2027,within,16,2048.0,68.0556
reader,cohort,2a,2,2027,within,17,2176.0,69.0972
reader,cohort,2a,2,2027,within,18,2304.0,72.9167
reader,cohort,2a,2,2027,within,19,2432.0,72.2222
reader,cohort,2a,2,2027,within,20,2560.0,72.9167
reader,cohort,2a,2,2027,within,21,2688.0,73.9583
reader,cohort,2a,2,2027,within,22,2816.0,74.3056
reader,cohort,2a,2,2027,within,23,2944.0,73.9583
reader,cohort,2a,2,2027,within,24,3072.0,72.9167
reader,cohort,2a,2,2027,within,25,3200.0,72.5694
reader,cohort,2a,2,2027,within,26,3328.0,73.6111
reader,cohort,2a,2,2027,within,27,3456.0,73.6111
reader,cohort,2a,2,2027,within,28,3584.0,73.9583
reader,cohort,2a,2,2027,within,29,3712.0,72.5694
reader,cohort,2a,2,2027,within,30,3840.0,75.0
reader,cohort,2a,2,2027,within,31,3968.0,76.7361
reader,cohort,2a,2,2027,within,32,4096.0,76.3889
reader,cohort,2a,3,2025,within,1,128.0,25.3472
reader,cohort,2a,3,2025,within,2,256.0,34.0278
reader,cohort,2a,3,2025,within,3,384.0,40.9722
reader,cohort,2a,3,2025,within,4,512.0,64.9306
reader,cohort,2a,3,2025,within,5,640.0,70.8333
reader,cohort,2a,3,2025,within,6,768.0,72.5694
reader,cohort,2a,3,2025,within,7,896.0,74.6528
reader,cohort,2a,3,2025,within,8,1024.0,84.7222
reader,cohort,2a,3,2025,within,9,1152.0,85.4167
reader,cohort,2a,3,2025,within,10,1280.0,88.8889
reader,cohort,2a,3,2025,within,11,1408.0,87.8472
reader,cohort,2a,3,2025,within,12,1536.0,88.1944
reader,cohort,2a,3,2025,within,13,1664.0,88.8889
reader,cohort,2a,3,2025,within,14,1792.0,90.9722
reader,cohort,2a,3,2025,within,15,1920.0,88.8889
reader,cohort,2a,3,2025,within,16,2048.0,91.6667
reader,cohort,2a,3,2025,within,17,2176.0,91.6667
reader,cohort,2a,3,2025,within,18,2304.0,92.7083
reader,cohort,2a,3,2025,within,19,2432.0,93.4028
reader,cohort,2a,3,2025,within,20,2560.0,94.7917
reader,cohort,2a,3,2025,within,21,2688.0,94.0972
reader,cohort,2a,3,2025,within,22,2816.0,95.1389
reader,cohort,2a,3,2025,within,23,2944.0,94.7917
reader,cohort,2a,3,2025,within,24,3072.0,94.7917
reader,cohort,2a,3,2025,within,25,3200.0,94.4444
reader,cohort,2a,3,2025,within,26,3328.0,94.7917
reader,cohort,2a,3,2025,within,27,3456.0,94.7917
reader,cohort,2a,3,2025,within,28,3584.0,92.3611
reader,cohort,2a,3,2025,within,29,3712.0,93.75
reader,cohort,2a,3,2025,within,30,3840.0,93.0556
reader,cohort,2a,3,2025,within,31,3968.0,95.1389
reader,cohort,2a,3,2025,within,32,4096.0,94.4444
reader,cohort,2a,3,2026,within,1,128.0,28.4722
reader,cohort,2a,3,2026,within,2,256.0,36.4583
reader,cohort,2a,3,2026,within,3,384.0,41.6667
reader,cohort,2a,3,2026,within,4,512.0,62.5
reader,cohort,2a,3,2026,within,5,640.0,60.7639
reader,cohort,2a,3,2026,within,6,768.0,70.1389
reader,cohort,2a,3,2026,within,7,896.0,77.7778
reader,cohort,2a,3,2026,within,8,1024.0,86.1111
reader,cohort,2a,3,2026,within,9,1152.0,90.2778
reader,cohort,2a,3,2026,within,10,1280.0,92.0139
reader,cohort,2a,3,2026,within,11,1408.0,93.0556
reader,cohort,2a,3,2026,within,12,1536.0,94.0972
reader,cohort,2a,3,2026,within,13,1664.0,94.4444
reader,cohort,2a,3,2026,within,14,1792.0,95.8333
reader,cohort,2a,3,2026,within,15,1920.0,95.4861
reader,cohort,2a,3,2026,within,16,2048.0,95.4861
reader,cohort,2a,3,2026,within,17,2176.0,95.4861
reader,cohort,2a,3,2026,within,18,2304.0,94.7917
reader,cohort,2a,3,2026,within,19,2432.0,95.1389
reader,cohort,2a,3,2026,within,20,2560.0,95.1389
reader,cohort,2a,3,2026,within,21,2688.0,94.7917
reader,cohort,2a,3,2026,within,22,2816.0,93.4028
reader,cohort,2a,3,2026,within,23,2944.0,92.7083
reader,cohort,2a,3,2026,within,24,3072.0,92.7083
reader,cohort,2a,3,2026,within,25,3200.0,92.3611
reader,cohort,2a,3,2026,within,26,3328.0,92.3611
reader,cohort,2a,3,2026,within,27,3456.0,92.3611
reader,cohort,2a,3,2026,within,28,3584.0,90.625
reader,cohort,2a,3,2026,within,29,3712.0,94.0972
reader,cohort,2a,3,2026,within,30,3840.0,93.0556
reader,cohort,2a,3,2026,within,31,3968.0,94.7917
reader,cohort,2a,3,2026,within,32,4096.0,96.875
reader,cohort,2a,3,2027,within,1,128.0,26.3889
reader,cohort,2a,3,2027,within,2,256.0,39.9306
reader,cohort,2a,3,2027,within,3,384.0,45.8333
reader,cohort,2a,3,2027,within,4,512.0,48.2639
reader,cohort,2a,3,2027,within,5,640.0,51.3889
reader,cohort,2a,3,2027,within,6,768.0,64.9306
reader,cohort,2a,3,2027,within,7,896.0,65.9722
reader,cohort,2a,3,2027,within,8,1024.0,75.6944
reader,cohort,2a,3,2027,within,9,1152.0,85.0694
reader,cohort,2a,3,2027,within,10,1280.0,85.7639
reader,cohort,2a,3,2027,within,11,1408.0,87.5
reader,cohort,2a,3,2027,within,12,1536.0,88.8889
reader,cohort,2a,3,2027,within,13,1664.0,90.625
reader,cohort,2a,3,2027,within,14,1792.0,91.6667
reader,cohort,2a,3,2027,within,15,1920.0,91.6667
reader,cohort,2a,3,2027,within,16,2048.0,94.4444
reader,cohort,2a,3,2027,within,17,2176.0,94.4444
reader,cohort,2a,3,2027,within,18,2304.0,95.8333
reader,cohort,2a,3,2027,within,19,2432.0,95.8333
reader,cohort,2a,3,2027,within,20,2560.0,95.4861
reader,cohort,2a,3,2027,within,21,2688.0,95.1389
reader,cohort,2a,3,2027,within,22,2816.0,94.4444
reader,cohort,2a,3,2027,within,23,2944.0,94.4444
reader,cohort,2a,3,2027,within,24,3072.0,95.1389
reader,cohort,2a,3,2027,within,25,3200.0,93.75
reader,cohort,2a,3,2027,within,26,3328.0,94.7917
reader,cohort,2a,3,2027,within,27,3456.0,94.7917
reader,cohort,2a,3,2027,within,28,3584.0,95.4861
reader,cohort,2a,3,2027,within,29,3712.0,96.1806
reader,cohort,2a,3,2027,within,30,3840.0,95.8333
reader,cohort,2a,3,2027,within,31,3968.0,96.875
reader,cohort,2a,3,2027,within,32,4096.0,95.1389
reader,cohort,2a,4,2025,within,1,128.0,24.6528
reader,cohort,2a,4,2025,within,2,256.0,34.375
reader,cohort,2a,4,2025,within,3,384.0,44.4444
reader,cohort,2a,4,2025,within,4,512.0,61.4583
reader,cohort,2a,4,2025,within,5,640.0,67.7083
reader,cohort,2a,4,2025,within,6,768.0,71.1806
reader,cohort,2a,4,2025,within,7,896.0,73.6111
reader,cohort,2a,4,2025,within,8,1024.0,72.2222
reader,cohort,2a,4,2025,within,9,1152.0,73.9583
reader,cohort,2a,4,2025,within,10,1280.0,79.8611
reader,cohort,2a,4,2025,within,11,1408.0,79.5139
reader,cohort,2a,4,2025,within,12,1536.0,79.5139
reader,cohort,2a,4,2025,within,13,1664.0,79.1667
reader,cohort,2a,4,2025,within,14,1792.0,78.8194
reader,cohort,2a,4,2025,within,15,1920.0,78.8194
reader,cohort,2a,4,2025,within,16,2048.0,78.8194
reader,cohort,2a,4,2025,within,17,2176.0,78.4722
reader,cohort,2a,4,2025,within,18,2304.0,79.8611
reader,cohort,2a,4,2025,within,19,2432.0,78.125
reader,cohort,2a,4,2025,within,20,2560.0,79.1667
reader,cohort,2a,4,2025,within,21,2688.0,78.4722
reader,cohort,2a,4,2025,within,22,2816.0,79.1667
reader,cohort,2a,4,2025,within,23,2944.0,80.9028
reader,cohort,2a,4,2025,within,24,3072.0,79.5139
reader,cohort,2a,4,2025,within,25,3200.0,80.9028
reader,cohort,2a,4,2025,within,26,3328.0,79.1667
reader,cohort,2a,4,2025,within,27,3456.0,81.25
reader,cohort,2a,4,2025,within,28,3584.0,79.8611
reader,cohort,2a,4,2025,within,29,3712.0,80.9028
reader,cohort,2a,4,2025,within,30,3840.0,79.5139
reader,cohort,2a,4,2025,within,31,3968.0,80.2083
reader,cohort,2a,4,2025,within,32,4096.0,78.4722
reader,cohort,2a,4,2026,within,1,128.0,25.0
reader,cohort,2a,4,2026,within,2,256.0,25.0
reader,cohort,2a,4,2026,within,3,384.0,31.9444
reader,cohort,2a,4,2026,within,4,512.0,56.25
reader,cohort,2a,4,2026,within,5,640.0,59.375
reader,cohort,2a,4,2026,within,6,768.0,68.4028
reader,cohort,2a,4,2026,within,7,896.0,74.3056
reader,cohort,2a,4,2026,within,8,1024.0,76.0417
reader,cohort,2a,4,2026,within,9,1152.0,76.0417
reader,cohort,2a,4,2026,within,10,1280.0,78.8194
reader,cohort,2a,4,2026,within,11,1408.0,78.125
reader,cohort,2a,4,2026,within,12,1536.0,79.5139
reader,cohort,2a,4,2026,within,13,1664.0,80.2083
reader,cohort,2a,4,2026,within,14,1792.0,81.25
reader,cohort,2a,4,2026,within,15,1920.0,82.2917
reader,cohort,2a,4,2026,within,16,2048.0,82.6389
reader,cohort,2a,4,2026,within,17,2176.0,81.9444
reader,cohort,2a,4,2026,within,18,2304.0,82.2917
reader,cohort,2a,4,2026,within,19,2432.0,82.6389
reader,cohort,2a,4,2026,within,20,2560.0,81.9444
reader,cohort,2a,4,2026,within,21,2688.0,82.2917
reader,cohort,2a,4,2026,within,22,2816.0,82.6389
reader,cohort,2a,4,2026,within,23,2944.0,84.7222
reader,cohort,2a,4,2026,within,24,3072.0,82.9861
reader,cohort,2a,4,2026,within,25,3200.0,85.4167
reader,cohort,2a,4,2026,within,26,3328.0,82.9861
reader,cohort,2a,4,2026,within,27,3456.0,82.6389
reader,cohort,2a,4,2026,within,28,3584.0,81.9444
reader,cohort,2a,4,2026,within,29,3712.0,83.3333
reader,cohort,2a,4,2026,within,30,3840.0,82.2917
reader,cohort,2a,4,2026,within,31,3968.0,83.6806
reader,cohort,2a,4,2026,within,32,4096.0,85.0694
reader,cohort,2a,4,2027,within,1,128.0,25.0
reader,cohort,2a,4,2027,within,2,256.0,25.3472
reader,cohort,2a,4,2027,within,3,384.0,45.4861
reader,cohort,2a,4,2027,within,4,512.0,55.5556
reader,cohort,2a,4,2027,within,5,640.0,64.2361
reader,cohort,2a,4,2027,within,6,768.0,69.0972
reader,cohort,2a,4,2027,within,7,896.0,75.0
reader,cohort,2a,4,2027,within,8,1024.0,77.7778
reader,cohort,2a,4,2027,within,9,1152.0,78.4722
reader,cohort,2a,4,2027,within,10,1280.0,80.5556
reader,cohort,2a,4,2027,within,11,1408.0,80.9028
reader,cohort,2a,4,2027,within,12,1536.0,82.6389
reader,cohort,2a,4,2027,within,13,1664.0,81.5972
reader,cohort,2a,4,2027,within,14,1792.0,82.9861
reader,cohort,2a,4,2027,within,15,1920.0,82.6389
reader,cohort,2a,4,2027,within,16,2048.0,82.6389
reader,cohort,2a,4,2027,within,17,2176.0,82.6389
reader,cohort,2a,4,2027,within,18,2304.0,81.9444
reader,cohort,2a,4,2027,within,19,2432.0,83.6806
reader,cohort,2a,4,2027,within,20,2560.0,84.0278
reader,cohort,2a,4,2027,within,21,2688.0,84.0278
reader,cohort,2a,4,2027,within,22,2816.0,84.375
reader,cohort,2a,4,2027,within,23,2944.0,83.6806
reader,cohort,2a,4,2027,within,24,3072.0,86.1111
reader,cohort,2a,4,2027,within,25,3200.0,85.0694
reader,cohort,2a,4,2027,within,26,3328.0,85.0694
reader,cohort,2a,4,2027,within,27,3456.0,83.3333
reader,cohort,2a,4,2027,within,28,3584.0,82.6389
reader,cohort,2a,4,2027,within,29,3712.0,85.0694
reader,cohort,2a,4,2027,within,30,3840.0,83.6806
reader,cohort,2a,4,2027,within,31,3968.0,85.0694
reader,cohort,2a,4,2027,within,32,4096.0,85.4167
reader,cohort,2a,5,2025,within,1,128.0,26.3889
reader,cohort,2a,5,2025,within,2,256.0,26.0417
reader,cohort,2a,5,2025,within,3,384.0,43.75
reader,cohort,2a,5,2025,within,4,512.0,60.4167
reader,cohort,2a,5,2025,within,5,640.0,61.4583
reader,cohort,2a,5,2025,within,6,768.0,64.9306
reader,cohort,2a,5,2025,within,7,896.0,66.3194
reader,cohort,2a,5,2025,within,8,1024.0,70.1389
reader,cohort,2a,5,2025,within,9,1152.0,71.875
reader,cohort,2a,5,2025,within,10,1280.0,71.875
reader,cohort,2a,5,2025,within,11,1408.0,73.9583
reader,cohort,2a,5,2025,within,12,1536.0,74.6528
reader,cohort,2a,5,2025,within,13,1664.0,77.7778
reader,cohort,2a,5,2025,within,14,1792.0,77.0833
reader,cohort,2a,5,2025,within,15,1920.0,77.0833
reader,cohort,2a,5,2025,within,16,2048.0,75.6944
reader,cohort,2a,5,2025,within,17,2176.0,69.4444
reader,cohort,2a,5,2025,within,18,2304.0,69.0972
reader,cohort,2a,5,2025,within,19,2432.0,62.5
reader,cohort,2a,5,2025,within,20,2560.0,61.1111
reader,cohort,2a,5,2025,within,21,2688.0,58.3333
reader,cohort,2a,5,2025,within,22,2816.0,56.9444
reader,cohort,2a,5,2025,within,23,2944.0,53.4722
reader,cohort,2a,5,2025,within,24,3072.0,52.0833
reader,cohort,2a,5,2025,within,25,3200.0,50.6944
reader,cohort,2a,5,2025,within,26,3328.0,51.3889
reader,cohort,2a,5,2025,within,27,3456.0,50.6944
reader,cohort,2a,5,2025,within,28,3584.0,50.6944
reader,cohort,2a,5,2025,within,29,3712.0,52.0833
reader,cohort,2a,5,2025,within,30,3840.0,52.4306
reader,cohort,2a,5,2025,within,31,3968.0,55.2083
reader,cohort,2a,5,2025,within,32,4096.0,68.75
reader,cohort,2a,5,2026,within,1,128.0,25.0
reader,cohort,2a,5,2026,within,2,256.0,25.3472
reader,cohort,2a,5,2026,within,3,384.0,25.3472
reader,cohort,2a,5,2026,within,4,512.0,57.6389
reader,cohort,2a,5,2026,within,5,640.0,60.4167
reader,cohort,2a,5,2026,within,6,768.0,65.625
reader,cohort,2a,5,2026,within,7,896.0,64.2361
reader,cohort,2a,5,2026,within,8,1024.0,62.8472
reader,cohort,2a,5,2026,within,9,1152.0,69.4444
reader,cohort,2a,5,2026,within,10,1280.0,72.9167
reader,cohort,2a,5,2026,within,11,1408.0,76.0417
reader,cohort,2a,5,2026,within,12,1536.0,77.0833
reader,cohort,2a,5,2026,within,13,1664.0,77.4306
reader,cohort,2a,5,2026,within,14,1792.0,78.8194
reader,cohort,2a,5,2026,within,15,1920.0,79.1667
reader,cohort,2a,5,2026,within,16,2048.0,78.4722
reader,cohort,2a,5,2026,within,17,2176.0,74.6528
reader,cohort,2a,5,2026,within,18,2304.0,71.5278
reader,cohort,2a,5,2026,within,19,2432.0,69.7917
reader,cohort,2a,5,2026,within,20,2560.0,69.4444
reader,cohort,2a,5,2026,within,21,2688.0,66.6667
reader,cohort,2a,5,2026,within,22,2816.0,67.0139
reader,cohort,2a,5,2026,within,23,2944.0,63.8889
reader,cohort,2a,5,2026,within,24,3072.0,64.2361
reader,cohort,2a,5,2026,within,25,3200.0,64.9306
reader,cohort,2a,5,2026,within,26,3328.0,63.8889
reader,cohort,2a,5,2026,within,27,3456.0,65.625
reader,cohort,2a,5,2026,within,28,3584.0,65.625
reader,cohort,2a,5,2026,within,29,3712.0,68.0556
reader,cohort,2a,5,2026,within,30,3840.0,65.2778
reader,cohort,2a,5,2026,within,31,3968.0,71.1806
reader,cohort,2a,5,2026,within,32,4096.0,77.7778
reader,cohort,2a,5,2027,within,1,128.0,25.0
reader,cohort,2a,5,2027,within,2,256.0,27.4306
reader,cohort,2a,5,2027,within,3,384.0,29.5139
reader,cohort,2a,5,2027,within,4,512.0,54.8611
reader,cohort,2a,5,2027,within,5,640.0,57.2917
reader,cohort,2a,5,2027,within,6,768.0,62.8472
reader,cohort,2a,5,2027,within,7,896.0,64.9306
reader,cohort,2a,5,2027,within,8,1024.0,64.9306
reader,cohort,2a,5,2027,within,9,1152.0,65.9722
reader,cohort,2a,5,2027,within,10,1280.0,68.0556
reader,cohort,2a,5,2027,within,11,1408.0,70.4861
reader,cohort,2a,5,2027,within,12,1536.0,70.8333
reader,cohort,2a,5,2027,within,13,1664.0,73.9583
reader,cohort,2a,5,2027,within,14,1792.0,74.6528
reader,cohort,2a,5,2027,within,15,1920.0,74.6528
reader,cohort,2a,5,2027,within,16,2048.0,74.3056
reader,cohort,2a,5,2027,within,17,2176.0,75.6944
reader,cohort,2a,5,2027,within,18,2304.0,76.7361
reader,cohort,2a,5,2027,within,19,2432.0,77.0833
reader,cohort,2a,5,2027,within,20,2560.0,76.7361
reader,cohort,2a,5,2027,within,21,2688.0,73.2639
reader,cohort,2a,5,2027,within,22,2816.0,73.6111
reader,cohort,2a,5,2027,within,23,2944.0,75.6944
reader,cohort,2a,5,2027,within,24,3072.0,75.6944
reader,cohort,2a,5,2027,within,25,3200.0,74.6528
reader,cohort,2a,5,2027,within,26,3328.0,74.3056
reader,cohort,2a,5,2027,within,27,3456.0,74.3056
reader,cohort,2a,5,2027,within,28,3584.0,73.6111
reader,cohort,2a,5,2027,within,29,3712.0,73.2639
reader,cohort,2a,5,2027,within,30,3840.0,74.3056
reader,cohort,2a,5,2027,within,31,3968.0,73.6111
reader,cohort,2a,5,2027,within,32,4096.0,78.8194
reader,cohort,2a,6,2025,within,1,128.0,25.0
reader,cohort,2a,6,2025,within,2,256.0,25.0
reader,cohort,2a,6,2025,within,3,384.0,38.1944
reader,cohort,2a,6,2025,within,4,512.0,44.0972
reader,cohort,2a,6,2025,within,5,640.0,46.1806
reader,cohort,2a,6,2025,within,6,768.0,51.7361
reader,cohort,2a,6,2025,within,7,896.0,60.0694
reader,cohort,2a,6,2025,within,8,1024.0,64.9306
reader,cohort,2a,6,2025,within,9,1152.0,69.7917
reader,cohort,2a,6,2025,within,10,1280.0,68.75
reader,cohort,2a,6,2025,within,11,1408.0,71.5278
reader,cohort,2a,6,2025,within,12,1536.0,70.8333
reader,cohort,2a,6,2025,within,13,1664.0,71.5278
reader,cohort,2a,6,2025,within,14,1792.0,70.8333
reader,cohort,2a,6,2025,within,15,1920.0,70.8333
reader,cohort,2a,6,2025,within,16,2048.0,71.5278
reader,cohort,2a,6,2025,within,17,2176.0,72.2222
reader,cohort,2a,6,2025,within,18,2304.0,70.8333
reader,cohort,2a,6,2025,within,19,2432.0,71.875
reader,cohort,2a,6,2025,within,20,2560.0,73.2639
reader,cohort,2a,6,2025,within,21,2688.0,73.6111
reader,cohort,2a,6,2025,within,22,2816.0,72.9167
reader,cohort,2a,6,2025,within,23,2944.0,74.6528
reader,cohort,2a,6,2025,within,24,3072.0,73.6111
reader,cohort,2a,6,2025,within,25,3200.0,73.6111
reader,cohort,2a,6,2025,within,26,3328.0,74.3056
reader,cohort,2a,6,2025,within,27,3456.0,74.3056
reader,cohort,2a,6,2025,within,28,3584.0,73.6111
reader,cohort,2a,6,2025,within,29,3712.0,74.3056
reader,cohort,2a,6,2025,within,30,3840.0,70.4861
reader,cohort,2a,6,2025,within,31,3968.0,71.875
reader,cohort,2a,6,2025,within,32,4096.0,72.5694
reader,cohort,2a,6,2026,within,1,128.0,25.0
reader,cohort,2a,6,2026,within,2,256.0,25.0
reader,cohort,2a,6,2026,within,3,384.0,42.3611
reader,cohort,2a,6,2026,within,4,512.0,44.4444
reader,cohort,2a,6,2026,within,5,640.0,54.8611
reader,cohort,2a,6,2026,within,6,768.0,63.1944
reader,cohort,2a,6,2026,within,7,896.0,68.4028
reader,cohort,2a,6,2026,within,8,1024.0,70.1389
reader,cohort,2a,6,2026,within,9,1152.0,73.6111
reader,cohort,2a,6,2026,within,10,1280.0,77.4306
reader,cohort,2a,6,2026,within,11,1408.0,76.0417
reader,cohort,2a,6,2026,within,12,1536.0,76.7361
reader,cohort,2a,6,2026,within,13,1664.0,76.3889
reader,cohort,2a,6,2026,within,14,1792.0,77.0833
reader,cohort,2a,6,2026,within,15,1920.0,77.0833
reader,cohort,2a,6,2026,within,16,2048.0,77.0833
reader,cohort,2a,6,2026,within,17,2176.0,77.4306
reader,cohort,2a,6,2026,within,18,2304.0,77.4306
reader,cohort,2a,6,2026,within,19,2432.0,77.4306
reader,cohort,2a,6,2026,within,20,2560.0,77.7778
reader,cohort,2a,6,2026,within,21,2688.0,75.6944
reader,cohort,2a,6,2026,within,22,2816.0,77.7778
reader,cohort,2a,6,2026,within,23,2944.0,76.0417
reader,cohort,2a,6,2026,within,24,3072.0,76.3889
reader,cohort,2a,6,2026,within,25,3200.0,77.0833
reader,cohort,2a,6,2026,within,26,3328.0,77.4306
reader,cohort,2a,6,2026,within,27,3456.0,77.0833
reader,cohort,2a,6,2026,within,28,3584.0,78.4722
reader,cohort,2a,6,2026,within,29,3712.0,76.3889
reader,cohort,2a,6,2026,within,30,3840.0,78.125
reader,cohort,2a,6,2026,within,31,3968.0,77.4306
reader,cohort,2a,6,2026,within,32,4096.0,76.0417
reader,cohort,2a,6,2027,within,1,128.0,25.3472
reader,cohort,2a,6,2027,within,2,256.0,25.0
reader,cohort,2a,6,2027,within,3,384.0,34.0278
reader,cohort,2a,6,2027,within,4,512.0,43.4028
reader,cohort,2a,6,2027,within,5,640.0,47.9167
reader,cohort,2a,6,2027,within,6,768.0,54.1667
reader,cohort,2a,6,2027,within,7,896.0,59.375
reader,cohort,2a,6,2027,within,8,1024.0,63.8889
reader,cohort,2a,6,2027,within,9,1152.0,67.3611
reader,cohort,2a,6,2027,within,10,1280.0,69.7917
reader,cohort,2a,6,2027,within,11,1408.0,72.2222
reader,cohort,2a,6,2027,within,12,1536.0,71.875
reader,cohort,2a,6,2027,within,13,1664.0,71.5278
reader,cohort,2a,6,2027,within,14,1792.0,70.8333
reader,cohort,2a,6,2027,within,15,1920.0,71.5278
reader,cohort,2a,6,2027,within,16,2048.0,70.8333
reader,cohort,2a,6,2027,within,17,2176.0,70.8333
reader,cohort,2a,6,2027,within,18,2304.0,70.1389
reader,cohort,2a,6,2027,within,19,2432.0,70.4861
reader,cohort,2a,6,2027,within,20,2560.0,71.5278
reader,cohort,2a,6,2027,within,21,2688.0,72.2222
reader,cohort,2a,6,2027,within,22,2816.0,71.875
reader,cohort,2a,6,2027,within,23,2944.0,70.8333
reader,cohort,2a,6,2027,within,24,3072.0,71.5278
reader,cohort,2a,6,2027,within,25,3200.0,70.8333
reader,cohort,2a,6,2027,within,26,3328.0,71.875
reader,cohort,2a,6,2027,within,27,3456.0,72.9167
reader,cohort,2a,6,2027,within,28,3584.0,71.875
reader,cohort,2a,6,2027,within,29,3712.0,71.1806
reader,cohort,2a,6,2027,within,30,3840.0,71.1806
reader,cohort,2a,6,2027,within,31,3968.0,70.8333
reader,cohort,2a,6,2027,within,32,4096.0,76.0417
reader,cohort,2a,7,2025,within,1,128.0,26.3889
reader,cohort,2a,7,2025,within,2,256.0,27.0833
reader,cohort,2a,7,2025,within,3,384.0,36.8056
reader,cohort,2a,7,2025,within,4,512.0,52.4306
reader,cohort,2a,7,2025,within,5,640.0,54.5139
reader,cohort,2a,7,2025,within,6,768.0,58.3333
reader,cohort,2a,7,2025,within,7,896.0,70.8333
reader,cohort,2a,7,2025,within,8,1024.0,75.0
reader,cohort,2a,7,2025,within,9,1152.0,81.25
reader,cohort,2a,7,2025,within,10,1280.0,83.6806
reader,cohort,2a,7,2025,within,11,1408.0,85.4167
reader,cohort,2a,7,2025,within,12,1536.0,88.1944
reader,cohort,2a,7,2025,within,13,1664.0,92.3611
reader,cohort,2a,7,2025,within,14,1792.0,91.6667
reader,cohort,2a,7,2025,within,15,1920.0,92.7083
reader,cohort,2a,7,2025,within,16,2048.0,91.6667
reader,cohort,2a,7,2025,within,17,2176.0,90.625
reader,cohort,2a,7,2025,within,18,2304.0,90.9722
reader,cohort,2a,7,2025,within,19,2432.0,90.625
reader,cohort,2a,7,2025,within,20,2560.0,90.9722
reader,cohort,2a,7,2025,within,21,2688.0,90.625
reader,cohort,2a,7,2025,within,22,2816.0,91.3194
reader,cohort,2a,7,2025,within,23,2944.0,91.6667
reader,cohort,2a,7,2025,within,24,3072.0,90.9722
reader,cohort,2a,7,2025,within,25,3200.0,90.625
reader,cohort,2a,7,2025,within,26,3328.0,90.9722
reader,cohort,2a,7,2025,within,27,3456.0,92.0139
reader,cohort,2a,7,2025,within,28,3584.0,90.9722
reader,cohort,2a,7,2025,within,29,3712.0,90.9722
reader,cohort,2a,7,2025,within,30,3840.0,87.8472
reader,cohort,2a,7,2025,within,31,3968.0,90.2778
reader,cohort,2a,7,2025,within,32,4096.0,92.3611
reader,cohort,2a,7,2026,within,1,128.0,25.0
reader,cohort,2a,7,2026,within,2,256.0,25.0
reader,cohort,2a,7,2026,within,3,384.0,31.25
reader,cohort,2a,7,2026,within,4,512.0,46.1806
reader,cohort,2a,7,2026,within,5,640.0,50.3472
reader,cohort,2a,7,2026,within,6,768.0,56.9444
reader,cohort,2a,7,2026,within,7,896.0,60.7639
reader,cohort,2a,7,2026,within,8,1024.0,67.0139
reader,cohort,2a,7,2026,within,9,1152.0,82.2917
reader,cohort,2a,7,2026,within,10,1280.0,82.9861
reader,cohort,2a,7,2026,within,11,1408.0,84.0278
reader,cohort,2a,7,2026,within,12,1536.0,87.1528
reader,cohort,2a,7,2026,within,13,1664.0,88.5417
reader,cohort,2a,7,2026,within,14,1792.0,91.6667
reader,cohort,2a,7,2026,within,15,1920.0,93.0556
reader,cohort,2a,7,2026,within,16,2048.0,92.7083
reader,cohort,2a,7,2026,within,17,2176.0,91.3194
reader,cohort,2a,7,2026,within,18,2304.0,90.9722
reader,cohort,2a,7,2026,within,19,2432.0,90.2778
reader,cohort,2a,7,2026,within,20,2560.0,92.0139
reader,cohort,2a,7,2026,within,21,2688.0,90.2778
reader,cohort,2a,7,2026,within,22,2816.0,89.9306
reader,cohort,2a,7,2026,within,23,2944.0,91.6667
reader,cohort,2a,7,2026,within,24,3072.0,91.3194
reader,cohort,2a,7,2026,within,25,3200.0,90.625
reader,cohort,2a,7,2026,within,26,3328.0,90.9722
reader,cohort,2a,7,2026,within,27,3456.0,91.3194
reader,cohort,2a,7,2026,within,28,3584.0,91.3194
reader,cohort,2a,7,2026,within,29,3712.0,90.2778
reader,cohort,2a,7,2026,within,30,3840.0,91.3194
reader,cohort,2a,7,2026,within,31,3968.0,91.3194
reader,cohort,2a,7,2026,within,32,4096.0,93.0556
reader,cohort,2a,7,2027,within,1,128.0,25.0
reader,cohort,2a,7,2027,within,2,256.0,26.0417
reader,cohort,2a,7,2027,within,3,384.0,26.3889
reader,cohort,2a,7,2027,within,4,512.0,44.0972
reader,cohort,2a,7,2027,within,5,640.0,46.1806
reader,cohort,2a,7,2027,within,6,768.0,47.9167
reader,cohort,2a,7,2027,within,7,896.0,59.0278
reader,cohort,2a,7,2027,within,8,1024.0,68.0556
reader,cohort,2a,7,2027,within,9,1152.0,72.9167
reader,cohort,2a,7,2027,within,10,1280.0,76.7361
reader,cohort,2a,7,2027,within,11,1408.0,79.5139
reader,cohort,2a,7,2027,within,12,1536.0,83.3333
reader,cohort,2a,7,2027,within,13,1664.0,87.8472
reader,cohort,2a,7,2027,within,14,1792.0,90.625
reader,cohort,2a,7,2027,within,15,1920.0,90.625
reader,cohort,2a,7,2027,within,16,2048.0,91.3194
reader,cohort,2a,7,2027,within,17,2176.0,89.9306
reader,cohort,2a,7,2027,within,18,2304.0,90.2778
reader,cohort,2a,7,2027,within,19,2432.0,89.9306
reader,cohort,2a,7,2027,within,20,2560.0,90.625
reader,cohort,2a,7,2027,within,21,2688.0,92.3611
reader,cohort,2a,7,2027,within,22,2816.0,91.3194
reader,cohort,2a,7,2027,within,23,2944.0,90.9722
reader,cohort,2a,7,2027,within,24,3072.0,91.3194
reader,cohort,2a,7,2027,within,25,3200.0,92.0139
reader,cohort,2a,7,2027,within,26,3328.0,92.0139
reader,cohort,2a,7,2027,within,27,3456.0,92.0139
reader,cohort,2a,7,2027,within,28,3584.0,91.3194
reader,cohort,2a,7,2027,within,29,3712.0,89.5833
reader,cohort,2a,7,2027,within,30,3840.0,90.2778
reader,cohort,2a,7,2027,within,31,3968.0,90.2778
reader,cohort,2a,7,2027,within,32,4096.0,92.0139
reader,cohort,2a,8,2025,within,1,128.0,22.9167
reader,cohort,2a,8,2025,within,2,256.0,23.6111
reader,cohort,2a,8,2025,within,3,384.0,27.0833
reader,cohort,2a,8,2025,within,4,512.0,47.5694
reader,cohort,2a,8,2025,within,5,640.0,50.0
reader,cohort,2a,8,2025,within,6,768.0,56.9444
reader,cohort,2a,8,2025,within,7,896.0,62.1528
reader,cohort,2a,8,2025,within,8,1024.0,61.4583
reader,cohort,2a,8,2025,within,9,1152.0,65.9722
reader,cohort,2a,8,2025,within,10,1280.0,67.0139
reader,cohort,2a,8,2025,within,11,1408.0,67.7083
reader,cohort,2a,8,2025,within,12,1536.0,76.7361
reader,cohort,2a,8,2025,within,13,1664.0,76.7361
reader,cohort,2a,8,2025,within,14,1792.0,78.4722
reader,cohort,2a,8,2025,within,15,1920.0,78.4722
reader,cohort,2a,8,2025,within,16,2048.0,82.2917
reader,cohort,2a,8,2025,within,17,2176.0,82.9861
reader,cohort,2a,8,2025,within,18,2304.0,82.9861
reader,cohort,2a,8,2025,within,19,2432.0,82.9861
reader,cohort,2a,8,2025,within,20,2560.0,83.6806
reader,cohort,2a,8,2025,within,21,2688.0,85.0694
reader,cohort,2a,8,2025,within,22,2816.0,86.4583
reader,cohort,2a,8,2025,within,23,2944.0,86.8056
reader,cohort,2a,8,2025,within,24,3072.0,86.1111
reader,cohort,2a,8,2025,within,25,3200.0,85.0694
reader,cohort,2a,8,2025,within,26,3328.0,86.1111
reader,cohort,2a,8,2025,within,27,3456.0,86.1111
reader,cohort,2a,8,2025,within,28,3584.0,88.5417
reader,cohort,2a,8,2025,within,29,3712.0,85.0694
reader,cohort,2a,8,2025,within,30,3840.0,87.5
reader,cohort,2a,8,2025,within,31,3968.0,86.1111
reader,cohort,2a,8,2025,within,32,4096.0,88.5417
reader,cohort,2a,8,2026,within,1,128.0,23.9583
reader,cohort,2a,8,2026,within,2,256.0,23.2639
reader,cohort,2a,8,2026,within,3,384.0,25.6944
reader,cohort,2a,8,2026,within,4,512.0,43.4028
reader,cohort,2a,8,2026,within,5,640.0,50.0
reader,cohort,2a,8,2026,within,6,768.0,53.8194
reader,cohort,2a,8,2026,within,7,896.0,56.9444
reader,cohort,2a,8,2026,within,8,1024.0,64.2361
reader,cohort,2a,8,2026,within,9,1152.0,63.1944
reader,cohort,2a,8,2026,within,10,1280.0,69.0972
reader,cohort,2a,8,2026,within,11,1408.0,69.7917
reader,cohort,2a,8,2026,within,12,1536.0,73.6111
reader,cohort,2a,8,2026,within,13,1664.0,73.9583
reader,cohort,2a,8,2026,within,14,1792.0,76.0417
reader,cohort,2a,8,2026,within,15,1920.0,77.0833
reader,cohort,2a,8,2026,within,16,2048.0,79.5139
reader,cohort,2a,8,2026,within,17,2176.0,79.5139
reader,cohort,2a,8,2026,within,18,2304.0,80.5556
reader,cohort,2a,8,2026,within,19,2432.0,79.1667
reader,cohort,2a,8,2026,within,20,2560.0,82.2917
reader,cohort,2a,8,2026,within,21,2688.0,83.6806
reader,cohort,2a,8,2026,within,22,2816.0,84.7222
reader,cohort,2a,8,2026,within,23,2944.0,86.1111
reader,cohort,2a,8,2026,within,24,3072.0,87.1528
reader,cohort,2a,8,2026,within,25,3200.0,83.3333
reader,cohort,2a,8,2026,within,26,3328.0,87.5
reader,cohort,2a,8,2026,within,27,3456.0,86.8056
reader,cohort,2a,8,2026,within,28,3584.0,89.2361
reader,cohort,2a,8,2026,within,29,3712.0,85.7639
reader,cohort,2a,8,2026,within,30,3840.0,87.1528
reader,cohort,2a,8,2026,within,31,3968.0,87.5
reader,cohort,2a,8,2026,within,32,4096.0,88.5417
reader,cohort,2a,8,2027,within,1,128.0,25.0
reader,cohort,2a,8,2027,within,2,256.0,25.3472
reader,cohort,2a,8,2027,within,3,384.0,24.3056
reader,cohort,2a,8,2027,within,4,512.0,41.3194
reader,cohort,2a,8,2027,within,5,640.0,43.0556
reader,cohort,2a,8,2027,within,6,768.0,50.6944
reader,cohort,2a,8,2027,within,7,896.0,59.7222
reader,cohort,2a,8,2027,within,8,1024.0,63.5417
reader,cohort,2a,8,2027,within,9,1152.0,68.4028
reader,cohort,2a,8,2027,within,10,1280.0,72.9167
reader,cohort,2a,8,2027,within,11,1408.0,74.6528
reader,cohort,2a,8,2027,within,12,1536.0,76.0417
reader,cohort,2a,8,2027,within,13,1664.0,78.125
reader,cohort,2a,8,2027,within,14,1792.0,79.8611
reader,cohort,2a,8,2027,within,15,1920.0,79.1667
reader,cohort,2a,8,2027,within,16,2048.0,80.5556
reader,cohort,2a,8,2027,within,17,2176.0,82.2917
reader,cohort,2a,8,2027,within,18,2304.0,81.9444
reader,cohort,2a,8,2027,within,19,2432.0,82.9861
reader,cohort,2a,8,2027,within,20,2560.0,83.6806
reader,cohort,2a,8,2027,within,21,2688.0,84.7222
reader,cohort,2a,8,2027,within,22,2816.0,84.7222
reader,cohort,2a,8,2027,within,23,2944.0,85.4167
reader,cohort,2a,8,2027,within,24,3072.0,85.7639
reader,cohort,2a,8,2027,within,25,3200.0,86.1111
reader,cohort,2a,8,2027,within,26,3328.0,87.5
reader,cohort,2a,8,2027,within,27,3456.0,87.1528
reader,cohort,2a,8,2027,within,28,3584.0,87.1528
reader,cohort,2a,8,2027,within,29,3712.0,87.1528
reader,cohort,2a,8,2027,within,30,3840.0,87.8472
reader,cohort,2a,8,2027,within,31,3968.0,87.5
reader,cohort,2a,8,2027,within,32,4096.0,88.5417
reader,cohort,2a,9,2025,within,1,128.0,25.0
reader,cohort,2a,9,2025,within,2,256.0,25.3472
reader,cohort,2a,9,2025,within,3,384.0,25.3472
reader,cohort,2a,9,2025,within,4,512.0,34.0278
reader,cohort,2a,9,2025,within,5,640.0,44.0972
reader,cohort,2a,9,2025,within,6,768.0,60.4167
reader,cohort,2a,9,2025,within,7,896.0,71.875
reader,cohort,2a,9,2025,within,8,1024.0,77.7778
reader,cohort,2a,9,2025,within,9,1152.0,78.125
reader,cohort,2a,9,2025,within,10,1280.0,77.4306
reader,cohort,2a,9,2025,within,11,1408.0,81.25
reader,cohort,2a,9,2025,within,12,1536.0,82.9861
reader,cohort,2a,9,2025,within,13,1664.0,82.9861
reader,cohort,2a,9,2025,within,14,1792.0,84.375
reader,cohort,2a,9,2025,within,15,1920.0,85.4167
reader,cohort,2a,9,2025,within,16,2048.0,87.1528
reader,cohort,2a,9,2025,within,17,2176.0,87.5
reader,cohort,2a,9,2025,within,18,2304.0,87.5
reader,cohort,2a,9,2025,within,19,2432.0,87.8472
reader,cohort,2a,9,2025,within,20,2560.0,87.8472
reader,cohort,2a,9,2025,within,21,2688.0,88.1944
reader,cohort,2a,9,2025,within,22,2816.0,88.1944
reader,cohort,2a,9,2025,within,23,2944.0,88.1944
reader,cohort,2a,9,2025,within,24,3072.0,88.1944
reader,cohort,2a,9,2025,within,25,3200.0,88.1944
reader,cohort,2a,9,2025,within,26,3328.0,88.5417
reader,cohort,2a,9,2025,within,27,3456.0,88.5417
reader,cohort,2a,9,2025,within,28,3584.0,87.8472
reader,cohort,2a,9,2025,within,29,3712.0,88.8889
reader,cohort,2a,9,2025,within,30,3840.0,88.8889
reader,cohort,2a,9,2025,within,31,3968.0,88.1944
reader,cohort,2a,9,2025,within,32,4096.0,88.1944
reader,cohort,2a,9,2026,within,1,128.0,25.0
reader,cohort,2a,9,2026,within,2,256.0,25.0
reader,cohort,2a,9,2026,within,3,384.0,25.0
reader,cohort,2a,9,2026,within,4,512.0,27.0833
reader,cohort,2a,9,2026,within,5,640.0,34.7222
reader,cohort,2a,9,2026,within,6,768.0,45.4861
reader,cohort,2a,9,2026,within,7,896.0,61.4583
reader,cohort,2a,9,2026,within,8,1024.0,73.6111
reader,cohort,2a,9,2026,within,9,1152.0,75.6944
reader,cohort,2a,9,2026,within,10,1280.0,76.0417
reader,cohort,2a,9,2026,within,11,1408.0,79.8611
reader,cohort,2a,9,2026,within,12,1536.0,81.9444
reader,cohort,2a,9,2026,within,13,1664.0,81.25
reader,cohort,2a,9,2026,within,14,1792.0,84.0278
reader,cohort,2a,9,2026,within,15,1920.0,85.0694
reader,cohort,2a,9,2026,within,16,2048.0,85.7639
reader,cohort,2a,9,2026,within,17,2176.0,85.0694
reader,cohort,2a,9,2026,within,18,2304.0,85.0694
reader,cohort,2a,9,2026,within,19,2432.0,85.7639
reader,cohort,2a,9,2026,within,20,2560.0,86.1111
reader,cohort,2a,9,2026,within,21,2688.0,86.8056
reader,cohort,2a,9,2026,within,22,2816.0,86.8056
reader,cohort,2a,9,2026,within,23,2944.0,86.1111
reader,cohort,2a,9,2026,within,24,3072.0,86.4583
reader,cohort,2a,9,2026,within,25,3200.0,86.1111
reader,cohort,2a,9,2026,within,26,3328.0,86.4583
reader,cohort,2a,9,2026,within,27,3456.0,86.1111
reader,cohort,2a,9,2026,within,28,3584.0,87.1528
reader,cohort,2a,9,2026,within,29,3712.0,85.7639
reader,cohort,2a,9,2026,within,30,3840.0,88.5417
reader,cohort,2a,9,2026,within,31,3968.0,87.5
reader,cohort,2a,9,2026,within,32,4096.0,88.5417
reader,cohort,2a,9,2027,within,1,128.0,24.6528
reader,cohort,2a,9,2027,within,2,256.0,26.3889
reader,cohort,2a,9,2027,within,3,384.0,25.6944
reader,cohort,2a,9,2027,within,4,512.0,35.7639
reader,cohort,2a,9,2027,within,5,640.0,42.7083
reader,cohort,2a,9,2027,within,6,768.0,50.6944
reader,cohort,2a,9,2027,within,7,896.0,67.0139
reader,cohort,2a,9,2027,within,8,1024.0,79.8611
reader,cohort,2a,9,2027,within,9,1152.0,78.4722
reader,cohort,2a,9,2027,within,10,1280.0,83.3333
reader,cohort,2a,9,2027,within,11,1408.0,82.9861
reader,cohort,2a,9,2027,within,12,1536.0,84.375
reader,cohort,2a,9,2027,within,13,1664.0,84.375
reader,cohort,2a,9,2027,within,14,1792.0,85.0694
reader,cohort,2a,9,2027,within,15,1920.0,85.7639
reader,cohort,2a,9,2027,within,16,2048.0,87.5
reader,cohort,2a,9,2027,within,17,2176.0,87.1528
reader,cohort,2a,9,2027,within,18,2304.0,87.8472
reader,cohort,2a,9,2027,within,19,2432.0,88.1944
reader,cohort,2a,9,2027,within,20,2560.0,88.1944
reader,cohort,2a,9,2027,within,21,2688.0,88.1944
reader,cohort,2a,9,2027,within,22,2816.0,87.5
reader,cohort,2a,9,2027,within,23,2944.0,87.5
reader,cohort,2a,9,2027,within,24,3072.0,87.1528
reader,cohort,2a,9,2027,within,25,3200.0,87.5
reader,cohort,2a,9,2027,within,26,3328.0,86.8056
reader,cohort,2a,9,2027,within,27,3456.0,87.5
reader,cohort,2a,9,2027,within,28,3584.0,87.5
reader,cohort,2a,9,2027,within,29,3712.0,87.5
reader,cohort,2a,9,2027,within,30,3840.0,87.8472
reader,cohort,2a,9,2027,within,31,3968.0,87.1528
reader,cohort,2a,9,2027,within,32,4096.0,87.8472
reader,cohort,2b,1,2025,within,1,128.0,50.0
reader,cohort,2b,1,2025,within,2,256.0,50.0
reader,cohort,2b,1,2025,within,3,384.0,49.6875
reader,cohort,2b,1,2025,within,4,512.0,50.3125
reader,cohort,2b,1,2025,within,5,640.0,51.25
reader,cohort,2b,1,2025,within,6,768.0,64.0625
reader,cohort,2b,1,2025,within,7,896.0,65.0
reader,cohort,2b,1,2025,within,8,1024.0,66.25
reader,cohort,2b,1,2025,within,9,1152.0,70.625
reader,cohort,2b,1,2025,within,10,1280.0,73.4375
reader,cohort,2b,1,2025,within,11,1408.0,75.3125
reader,cohort,2b,1,2025,within,12,1536.0,75.3125
reader,cohort,2b,1,2025,within,13,1664.0,74.0625
reader,cohort,2b,1,2025,within,14,1792.0,74.375
reader,cohort,2b,1,2025,within,15,1920.0,75.3125
reader,cohort,2b,1,2025,within,16,2048.0,75.9375
reader,cohort,2b,1,2025,within,17,2176.0,76.5625
reader,cohort,2b,1,2025,within,18,2304.0,76.5625
reader,cohort,2b,1,2025,within,19,2432.0,75.9375
reader,cohort,2b,1,2025,within,20,2560.0,75.625
reader,cohort,2b,1,2025,within,21,2688.0,76.25
reader,cohort,2b,1,2025,within,22,2816.0,77.8125
reader,cohort,2b,1,2025,within,23,2944.0,78.125
reader,cohort,2b,1,2025,within,24,3072.0,77.5
reader,cohort,2b,1,2025,within,25,3200.0,77.8125
reader,cohort,2b,1,2025,within,26,3328.0,79.6875
reader,cohort,2b,1,2025,within,27,3456.0,80.625
reader,cohort,2b,1,2025,within,28,3584.0,77.1875
reader,cohort,2b,1,2025,within,29,3712.0,77.8125
reader,cohort,2b,1,2025,within,30,3840.0,79.6875
reader,cohort,2b,1,2025,within,31,3968.0,78.75
reader,cohort,2b,1,2025,within,32,4096.0,77.8125
reader,cohort,2b,1,2026,within,1,128.0,50.0
reader,cohort,2b,1,2026,within,2,256.0,50.0
reader,cohort,2b,1,2026,within,3,384.0,50.0
reader,cohort,2b,1,2026,within,4,512.0,50.0
reader,cohort,2b,1,2026,within,5,640.0,52.1875
reader,cohort,2b,1,2026,within,6,768.0,57.1875
reader,cohort,2b,1,2026,within,7,896.0,58.125
reader,cohort,2b,1,2026,within,8,1024.0,64.375
reader,cohort,2b,1,2026,within,9,1152.0,73.4375
reader,cohort,2b,1,2026,within,10,1280.0,74.375
reader,cohort,2b,1,2026,within,11,1408.0,75.3125
reader,cohort,2b,1,2026,within,12,1536.0,75.9375
reader,cohort,2b,1,2026,within,13,1664.0,74.6875
reader,cohort,2b,1,2026,within,14,1792.0,74.375
reader,cohort,2b,1,2026,within,15,1920.0,75.625
reader,cohort,2b,1,2026,within,16,2048.0,75.0
reader,cohort,2b,1,2026,within,17,2176.0,75.0
reader,cohort,2b,1,2026,within,18,2304.0,75.3125
reader,cohort,2b,1,2026,within,19,2432.0,76.25
reader,cohort,2b,1,2026,within,20,2560.0,75.3125
reader,cohort,2b,1,2026,within,21,2688.0,76.875
reader,cohort,2b,1,2026,within,22,2816.0,75.9375
reader,cohort,2b,1,2026,within,23,2944.0,77.1875
reader,cohort,2b,1,2026,within,24,3072.0,76.25
reader,cohort,2b,1,2026,within,25,3200.0,77.1875
reader,cohort,2b,1,2026,within,26,3328.0,78.125
reader,cohort,2b,1,2026,within,27,3456.0,76.5625
reader,cohort,2b,1,2026,within,28,3584.0,77.1875
reader,cohort,2b,1,2026,within,29,3712.0,79.375
reader,cohort,2b,1,2026,within,30,3840.0,78.4375
reader,cohort,2b,1,2026,within,31,3968.0,79.0625
reader,cohort,2b,1,2026,within,32,4096.0,77.5
reader,cohort,2b,1,2027,within,1,128.0,50.0
reader,cohort,2b,1,2027,within,2,256.0,50.0
reader,cohort,2b,1,2027,within,3,384.0,50.3125
reader,cohort,2b,1,2027,within,4,512.0,50.3125
reader,cohort,2b,1,2027,within,5,640.0,50.3125
reader,cohort,2b,1,2027,within,6,768.0,58.125
reader,cohort,2b,1,2027,within,7,896.0,63.75
reader,cohort,2b,1,2027,within,8,1024.0,67.1875
reader,cohort,2b,1,2027,within,9,1152.0,70.9375
reader,cohort,2b,1,2027,within,10,1280.0,70.625
reader,cohort,2b,1,2027,within,11,1408.0,74.375
reader,cohort,2b,1,2027,within,12,1536.0,75.0
reader,cohort,2b,1,2027,within,13,1664.0,74.375
reader,cohort,2b,1,2027,within,14,1792.0,73.4375
reader,cohort,2b,1,2027,within,15,1920.0,74.6875
reader,cohort,2b,1,2027,within,16,2048.0,74.375
reader,cohort,2b,1,2027,within,17,2176.0,75.0
reader,cohort,2b,1,2027,within,18,2304.0,74.6875
reader,cohort,2b,1,2027,within,19,2432.0,76.5625
reader,cohort,2b,1,2027,within,20,2560.0,75.0
reader,cohort,2b,1,2027,within,21,2688.0,75.9375
reader,cohort,2b,1,2027,within,22,2816.0,76.5625
reader,cohort,2b,1,2027,within,23,2944.0,77.1875
reader,cohort,2b,1,2027,within,24,3072.0,76.25
reader,cohort,2b,1,2027,within,25,3200.0,78.4375
reader,cohort,2b,1,2027,within,26,3328.0,79.0625
reader,cohort,2b,1,2027,within,27,3456.0,77.8125
reader,cohort,2b,1,2027,within,28,3584.0,76.25
reader,cohort,2b,1,2027,within,29,3712.0,76.5625
reader,cohort,2b,1,2027,within,30,3840.0,76.25
reader,cohort,2b,1,2027,within,31,3968.0,77.5
reader,cohort,2b,1,2027,within,32,4096.0,75.9375
reader,cohort,2b,2,2025,within,1,128.0,48.9286
reader,cohort,2b,2,2025,within,2,256.0,51.0714
reader,cohort,2b,2,2025,within,3,384.0,49.6429
reader,cohort,2b,2,2025,within,4,512.0,69.2857
reader,cohort,2b,2,2025,within,5,640.0,66.0714
reader,cohort,2b,2,2025,within,6,768.0,71.0714
reader,cohort,2b,2,2025,within,7,896.0,76.0714
reader,cohort,2b,2,2025,within,8,1024.0,74.2857
reader,cohort,2b,2,2025,within,9,1152.0,74.6429
reader,cohort,2b,2,2025,within,10,1280.0,74.6429
reader,cohort,2b,2,2025,within,11,1408.0,74.2857
reader,cohort,2b,2,2025,within,12,1536.0,72.5
reader,cohort,2b,2,2025,within,13,1664.0,73.2143
reader,cohort,2b,2,2025,within,14,1792.0,72.8571
reader,cohort,2b,2,2025,within,15,1920.0,72.8571
reader,cohort,2b,2,2025,within,16,2048.0,72.5
reader,cohort,2b,2,2025,within,17,2176.0,74.2857
reader,cohort,2b,2,2025,within,18,2304.0,75.0
reader,cohort,2b,2,2025,within,19,2432.0,72.5
reader,cohort,2b,2,2025,within,20,2560.0,72.8571
reader,cohort,2b,2,2025,within,21,2688.0,73.9286
reader,cohort,2b,2,2025,within,22,2816.0,72.8571
reader,cohort,2b,2,2025,within,23,2944.0,71.0714
reader,cohort,2b,2,2025,within,24,3072.0,71.0714
reader,cohort,2b,2,2025,within,25,3200.0,71.0714
reader,cohort,2b,2,2025,within,26,3328.0,70.3571
reader,cohort,2b,2,2025,within,27,3456.0,71.4286
reader,cohort,2b,2,2025,within,28,3584.0,71.4286
reader,cohort,2b,2,2025,within,29,3712.0,71.7857
reader,cohort,2b,2,2025,within,30,3840.0,71.7857
reader,cohort,2b,2,2025,within,31,3968.0,70.0
reader,cohort,2b,2,2025,within,32,4096.0,74.2857
reader,cohort,2b,2,2026,within,1,128.0,50.0
reader,cohort,2b,2,2026,within,2,256.0,50.0
reader,cohort,2b,2,2026,within,3,384.0,49.6429
reader,cohort,2b,2,2026,within,4,512.0,57.5
reader,cohort,2b,2,2026,within,5,640.0,57.1429
reader,cohort,2b,2,2026,within,6,768.0,69.6429
reader,cohort,2b,2,2026,within,7,896.0,72.1429
reader,cohort,2b,2,2026,within,8,1024.0,71.4286
reader,cohort,2b,2,2026,within,9,1152.0,70.0
reader,cohort,2b,2,2026,within,10,1280.0,71.7857
reader,cohort,2b,2,2026,within,11,1408.0,70.3571
reader,cohort,2b,2,2026,within,12,1536.0,71.7857
reader,cohort,2b,2,2026,within,13,1664.0,70.3571
reader,cohort,2b,2,2026,within,14,1792.0,71.4286
reader,cohort,2b,2,2026,within,15,1920.0,71.7857
reader,cohort,2b,2,2026,within,16,2048.0,71.0714
reader,cohort,2b,2,2026,within,17,2176.0,71.4286
reader,cohort,2b,2,2026,within,18,2304.0,71.4286
reader,cohort,2b,2,2026,within,19,2432.0,70.7143
reader,cohort,2b,2,2026,within,20,2560.0,71.7857
reader,cohort,2b,2,2026,within,21,2688.0,69.6429
reader,cohort,2b,2,2026,within,22,2816.0,71.0714
reader,cohort,2b,2,2026,within,23,2944.0,70.3571
reader,cohort,2b,2,2026,within,24,3072.0,70.7143
reader,cohort,2b,2,2026,within,25,3200.0,69.2857
reader,cohort,2b,2,2026,within,26,3328.0,71.0714
reader,cohort,2b,2,2026,within,27,3456.0,72.1429
reader,cohort,2b,2,2026,within,28,3584.0,70.7143
reader,cohort,2b,2,2026,within,29,3712.0,68.5714
reader,cohort,2b,2,2026,within,30,3840.0,68.9286
reader,cohort,2b,2,2026,within,31,3968.0,69.6429
reader,cohort,2b,2,2026,within,32,4096.0,72.8571
reader,cohort,2b,2,2027,within,1,128.0,49.6429
reader,cohort,2b,2,2027,within,2,256.0,48.5714
reader,cohort,2b,2,2027,within,3,384.0,49.6429
reader,cohort,2b,2,2027,within,4,512.0,69.2857
reader,cohort,2b,2,2027,within,5,640.0,67.5
reader,cohort,2b,2,2027,within,6,768.0,70.0
reader,cohort,2b,2,2027,within,7,896.0,73.9286
reader,cohort,2b,2,2027,within,8,1024.0,71.4286
reader,cohort,2b,2,2027,within,9,1152.0,71.7857
reader,cohort,2b,2,2027,within,10,1280.0,72.5
reader,cohort,2b,2,2027,within,11,1408.0,71.0714
reader,cohort,2b,2,2027,within,12,1536.0,70.3571
reader,cohort,2b,2,2027,within,13,1664.0,70.3571
reader,cohort,2b,2,2027,within,14,1792.0,70.0
reader,cohort,2b,2,2027,within,15,1920.0,70.0
reader,cohort,2b,2,2027,within,16,2048.0,71.0714
reader,cohort,2b,2,2027,within,17,2176.0,71.4286
reader,cohort,2b,2,2027,within,18,2304.0,73.5714
reader,cohort,2b,2,2027,within,19,2432.0,71.7857
reader,cohort,2b,2,2027,within,20,2560.0,71.7857
reader,cohort,2b,2,2027,within,21,2688.0,71.7857
reader,cohort,2b,2,2027,within,22,2816.0,71.7857
reader,cohort,2b,2,2027,within,23,2944.0,70.0
reader,cohort,2b,2,2027,within,24,3072.0,72.1429
reader,cohort,2b,2,2027,within,25,3200.0,68.5714
reader,cohort,2b,2,2027,within,26,3328.0,69.2857
reader,cohort,2b,2,2027,within,27,3456.0,68.9286
reader,cohort,2b,2,2027,within,28,3584.0,69.2857
reader,cohort,2b,2,2027,within,29,3712.0,67.8571
reader,cohort,2b,2,2027,within,30,3840.0,68.5714
reader,cohort,2b,2,2027,within,31,3968.0,71.4286
reader,cohort,2b,2,2027,within,32,4096.0,72.5
reader,cohort,2b,3,2025,within,1,128.0,50.0
reader,cohort,2b,3,2025,within,2,256.0,50.625
reader,cohort,2b,3,2025,within,3,384.0,50.3125
reader,cohort,2b,3,2025,within,4,512.0,50.625
reader,cohort,2b,3,2025,within,5,640.0,76.25
reader,cohort,2b,3,2025,within,6,768.0,77.1875
reader,cohort,2b,3,2025,within,7,896.0,75.625
reader,cohort,2b,3,2025,within,8,1024.0,74.6875
reader,cohort,2b,3,2025,within,9,1152.0,75.9375
reader,cohort,2b,3,2025,within,10,1280.0,75.9375
reader,cohort,2b,3,2025,within,11,1408.0,80.0
reader,cohort,2b,3,2025,within,12,1536.0,79.6875
reader,cohort,2b,3,2025,within,13,1664.0,81.875
reader,cohort,2b,3,2025,within,14,1792.0,82.1875
reader,cohort,2b,3,2025,within,15,1920.0,82.1875
reader,cohort,2b,3,2025,within,16,2048.0,82.8125
reader,cohort,2b,3,2025,within,17,2176.0,82.8125
reader,cohort,2b,3,2025,within,18,2304.0,83.4375
reader,cohort,2b,3,2025,within,19,2432.0,83.4375
reader,cohort,2b,3,2025,within,20,2560.0,83.4375
reader,cohort,2b,3,2025,within,21,2688.0,83.4375
reader,cohort,2b,3,2025,within,22,2816.0,84.0625
reader,cohort,2b,3,2025,within,23,2944.0,84.0625
reader,cohort,2b,3,2025,within,24,3072.0,83.125
reader,cohort,2b,3,2025,within,25,3200.0,83.75
reader,cohort,2b,3,2025,within,26,3328.0,83.125
reader,cohort,2b,3,2025,within,27,3456.0,85.3125
reader,cohort,2b,3,2025,within,28,3584.0,85.0
reader,cohort,2b,3,2025,within,29,3712.0,85.0
reader,cohort,2b,3,2025,within,30,3840.0,84.6875
reader,cohort,2b,3,2025,within,31,3968.0,85.3125
reader,cohort,2b,3,2025,within,32,4096.0,84.375
reader,cohort,2b,3,2026,within,1,128.0,50.0
reader,cohort,2b,3,2026,within,2,256.0,50.0
reader,cohort,2b,3,2026,within,3,384.0,50.0
reader,cohort,2b,3,2026,within,4,512.0,51.5625
reader,cohort,2b,3,2026,within,5,640.0,75.0
reader,cohort,2b,3,2026,within,6,768.0,79.0625
reader,cohort,2b,3,2026,within,7,896.0,77.1875
reader,cohort,2b,3,2026,within,8,1024.0,74.375
reader,cohort,2b,3,2026,within,9,1152.0,79.375
reader,cohort,2b,3,2026,within,10,1280.0,78.4375
reader,cohort,2b,3,2026,within,11,1408.0,81.25
reader,cohort,2b,3,2026,within,12,1536.0,81.25
reader,cohort,2b,3,2026,within,13,1664.0,81.875
reader,cohort,2b,3,2026,within,14,1792.0,80.9375
reader,cohort,2b,3,2026,within,15,1920.0,82.1875
reader,cohort,2b,3,2026,within,16,2048.0,83.75
reader,cohort,2b,3,2026,within,17,2176.0,84.375
reader,cohort,2b,3,2026,within,18,2304.0,85.625
reader,cohort,2b,3,2026,within,19,2432.0,84.375
reader,cohort,2b,3,2026,within,20,2560.0,84.375
reader,cohort,2b,3,2026,within,21,2688.0,83.4375
reader,cohort,2b,3,2026,within,22,2816.0,82.8125
reader,cohort,2b,3,2026,within,23,2944.0,82.1875
reader,cohort,2b,3,2026,within,24,3072.0,82.1875
reader,cohort,2b,3,2026,within,25,3200.0,81.875
reader,cohort,2b,3,2026,within,26,3328.0,81.875
reader,cohort,2b,3,2026,within,27,3456.0,82.5
reader,cohort,2b,3,2026,within,28,3584.0,83.125
reader,cohort,2b,3,2026,within,29,3712.0,81.875
reader,cohort,2b,3,2026,within,30,3840.0,81.875
reader,cohort,2b,3,2026,within,31,3968.0,81.875
reader,cohort,2b,3,2026,within,32,4096.0,84.0625
reader,cohort,2b,3,2027,within,1,128.0,50.9375
reader,cohort,2b,3,2027,within,2,256.0,50.625
reader,cohort,2b,3,2027,within,3,384.0,50.3125
reader,cohort,2b,3,2027,within,4,512.0,62.1875
reader,cohort,2b,3,2027,within,5,640.0,75.0
reader,cohort,2b,3,2027,within,6,768.0,79.6875
reader,cohort,2b,3,2027,within,7,896.0,80.0
reader,cohort,2b,3,2027,within,8,1024.0,79.375
reader,cohort,2b,3,2027,within,9,1152.0,80.9375
reader,cohort,2b,3,2027,within,10,1280.0,81.5625
reader,cohort,2b,3,2027,within,11,1408.0,81.5625
reader,cohort,2b,3,2027,within,12,1536.0,83.125
reader,cohort,2b,3,2027,within,13,1664.0,83.125
reader,cohort,2b,3,2027,within,14,1792.0,82.1875
reader,cohort,2b,3,2027,within,15,1920.0,83.4375
reader,cohort,2b,3,2027,within,16,2048.0,83.4375
reader,cohort,2b,3,2027,within,17,2176.0,85.625
reader,cohort,2b,3,2027,within,18,2304.0,85.0
reader,cohort,2b,3,2027,within,19,2432.0,84.375
reader,cohort,2b,3,2027,within,20,2560.0,84.0625
reader,cohort,2b,3,2027,within,21,2688.0,84.375
reader,cohort,2b,3,2027,within,22,2816.0,84.0625
reader,cohort,2b,3,2027,within,23,2944.0,84.375
reader,cohort,2b,3,2027,within,24,3072.0,83.75
reader,cohort,2b,3,2027,within,25,3200.0,84.375
reader,cohort,2b,3,2027,within,26,3328.0,83.75
reader,cohort,2b,3,2027,within,27,3456.0,84.375
reader,cohort,2b,3,2027,within,28,3584.0,85.0
reader,cohort,2b,3,2027,within,29,3712.0,85.3125
reader,cohort,2b,3,2027,within,30,3840.0,85.625
reader,cohort,2b,3,2027,within,31,3968.0,84.6875
reader,cohort,2b,3,2027,within,32,4096.0,83.75
reader,cohort,2b,4,2025,within,1,128.0,50.0
reader,cohort,2b,4,2025,within,2,256.0,50.0
reader,cohort,2b,4,2025,within,3,384.0,50.0
reader,cohort,2b,4,2025,within,4,512.0,50.0
reader,cohort,2b,4,2025,within,5,640.0,50.0
reader,cohort,2b,4,2025,within,6,768.0,50.0
reader,cohort,2b,4,2025,within,7,896.0,50.3125
reader,cohort,2b,4,2025,within,8,1024.0,62.1875
reader,cohort,2b,4,2025,within,9,1152.0,66.25
reader,cohort,2b,4,2025,within,10,1280.0,80.625
reader,cohort,2b,4,2025,within,11,1408.0,85.3125
reader,cohort,2b,4,2025,within,12,1536.0,87.8125
reader,cohort,2b,4,2025,within,13,1664.0,91.5625
reader,cohort,2b,4,2025,within,14,1792.0,92.1875
reader,cohort,2b,4,2025,within,15,1920.0,94.375
reader,cohort,2b,4,2025,within,16,2048.0,95.3125
reader,cohort,2b,4,2025,within,17,2176.0,95.625
reader,cohort,2b,4,2025,within,18,2304.0,95.625
reader,cohort,2b,4,2025,within,19,2432.0,95.625
reader,cohort,2b,4,2025,within,20,2560.0,95.625
reader,cohort,2b,4,2025,within,21,2688.0,95.9375
reader,cohort,2b,4,2025,within,22,2816.0,95.625
reader,cohort,2b,4,2025,within,23,2944.0,95.3125
reader,cohort,2b,4,2025,within,24,3072.0,95.3125
reader,cohort,2b,4,2025,within,25,3200.0,95.625
reader,cohort,2b,4,2025,within,26,3328.0,95.9375
reader,cohort,2b,4,2025,within,27,3456.0,95.625
reader,cohort,2b,4,2025,within,28,3584.0,96.875
reader,cohort,2b,4,2025,within,29,3712.0,97.1875
reader,cohort,2b,4,2025,within,30,3840.0,96.875
reader,cohort,2b,4,2025,within,31,3968.0,98.125
reader,cohort,2b,4,2025,within,32,4096.0,96.25
reader,cohort,2b,4,2026,within,1,128.0,50.0
reader,cohort,2b,4,2026,within,2,256.0,50.0
reader,cohort,2b,4,2026,within,3,384.0,50.0
reader,cohort,2b,4,2026,within,4,512.0,50.0
reader,cohort,2b,4,2026,within,5,640.0,50.0
reader,cohort,2b,4,2026,within,6,768.0,50.0
reader,cohort,2b,4,2026,within,7,896.0,50.0
reader,cohort,2b,4,2026,within,8,1024.0,50.625
reader,cohort,2b,4,2026,within,9,1152.0,58.125
reader,cohort,2b,4,2026,within,10,1280.0,71.875
reader,cohort,2b,4,2026,within,11,1408.0,85.0
reader,cohort,2b,4,2026,within,12,1536.0,91.875
reader,cohort,2b,4,2026,within,13,1664.0,91.5625
reader,cohort,2b,4,2026,within,14,1792.0,93.75
reader,cohort,2b,4,2026,within,15,1920.0,94.375
reader,cohort,2b,4,2026,within,16,2048.0,94.0625
reader,cohort,2b,4,2026,within,17,2176.0,95.0
reader,cohort,2b,4,2026,within,18,2304.0,95.3125
reader,cohort,2b,4,2026,within,19,2432.0,94.0625
reader,cohort,2b,4,2026,within,20,2560.0,94.6875
reader,cohort,2b,4,2026,within,21,2688.0,94.6875
reader,cohort,2b,4,2026,within,22,2816.0,95.0
reader,cohort,2b,4,2026,within,23,2944.0,95.3125
reader,cohort,2b,4,2026,within,24,3072.0,95.3125
reader,cohort,2b,4,2026,within,25,3200.0,95.625
reader,cohort,2b,4,2026,within,26,3328.0,95.625
reader,cohort,2b,4,2026,within,27,3456.0,95.0
reader,cohort,2b,4,2026,within,28,3584.0,94.0625
reader,cohort,2b,4,2026,within,29,3712.0,95.3125
reader,cohort,2b,4,2026,within,30,3840.0,95.0
reader,cohort,2b,4,2026,within,31,3968.0,95.0
reader,cohort,2b,4,2026,within,32,4096.0,94.0625
reader,cohort,2b,4,2027,within,1,128.0,50.0
reader,cohort,2b,4,2027,within,2,256.0,50.0
reader,cohort,2b,4,2027,within,3,384.0,50.0
reader,cohort,2b,4,2027,within,4,512.0,50.0
reader,cohort,2b,4,2027,within,5,640.0,50.0
reader,cohort,2b,4,2027,within,6,768.0,50.0
reader,cohort,2b,4,2027,within,7,896.0,50.0
reader,cohort,2b,4,2027,within,8,1024.0,52.1875
reader,cohort,2b,4,2027,within,9,1152.0,57.8125
reader,cohort,2b,4,2027,within,10,1280.0,71.875
reader,cohort,2b,4,2027,within,11,1408.0,82.5
reader,cohort,2b,4,2027,within,12,1536.0,87.5
reader,cohort,2b,4,2027,within,13,1664.0,93.4375
reader,cohort,2b,4,2027,within,14,1792.0,92.1875
reader,cohort,2b,4,2027,within,15,1920.0,92.5
reader,cohort,2b,4,2027,within,16,2048.0,92.8125
reader,cohort,2b,4,2027,within,17,2176.0,93.125
reader,cohort,2b,4,2027,within,18,2304.0,92.5
reader,cohort,2b,4,2027,within,19,2432.0,93.125
reader,cohort,2b,4,2027,within,20,2560.0,92.1875
reader,cohort,2b,4,2027,within,21,2688.0,92.5
reader,cohort,2b,4,2027,within,22,2816.0,92.1875
reader,cohort,2b,4,2027,within,23,2944.0,93.4375
reader,cohort,2b,4,2027,within,24,3072.0,92.8125
reader,cohort,2b,4,2027,within,25,3200.0,91.875
reader,cohort,2b,4,2027,within,26,3328.0,91.25
reader,cohort,2b,4,2027,within,27,3456.0,91.875
reader,cohort,2b,4,2027,within,28,3584.0,90.3125
reader,cohort,2b,4,2027,within,29,3712.0,90.3125
reader,cohort,2b,4,2027,within,30,3840.0,88.125
reader,cohort,2b,4,2027,within,31,3968.0,90.625
reader,cohort,2b,4,2027,within,32,4096.0,88.4375
reader,cohort,2b,5,2025,within,1,128.0,50.3125
reader,cohort,2b,5,2025,within,2,256.0,51.875
reader,cohort,2b,5,2025,within,3,384.0,48.125
reader,cohort,2b,5,2025,within,4,512.0,65.3125
reader,cohort,2b,5,2025,within,5,640.0,68.125
reader,cohort,2b,5,2025,within,6,768.0,71.25
reader,cohort,2b,5,2025,within,7,896.0,70.3125
reader,cohort,2b,5,2025,within,8,1024.0,70.0
reader,cohort,2b,5,2025,within,9,1152.0,68.75
reader,cohort,2b,5,2025,within,10,1280.0,68.4375
reader,cohort,2b,5,2025,within,11,1408.0,68.75
reader,cohort,2b,5,2025,within,12,1536.0,71.5625
reader,cohort,2b,5,2025,within,13,1664.0,75.9375
reader,cohort,2b,5,2025,within,14,1792.0,75.3125
reader,cohort,2b,5,2025,within,15,1920.0,78.75
reader,cohort,2b,5,2025,within,16,2048.0,83.4375
reader,cohort,2b,5,2025,within,17,2176.0,84.6875
reader,cohort,2b,5,2025,within,18,2304.0,87.5
reader,cohort,2b,5,2025,within,19,2432.0,87.8125
reader,cohort,2b,5,2025,within,20,2560.0,89.0625
reader,cohort,2b,5,2025,within,21,2688.0,88.4375
reader,cohort,2b,5,2025,within,22,2816.0,90.0
reader,cohort,2b,5,2025,within,23,2944.0,89.375
reader,cohort,2b,5,2025,within,24,3072.0,92.1875
reader,cohort,2b,5,2025,within,25,3200.0,90.625
reader,cohort,2b,5,2025,within,26,3328.0,92.1875
reader,cohort,2b,5,2025,within,27,3456.0,90.625
reader,cohort,2b,5,2025,within,28,3584.0,92.8125
reader,cohort,2b,5,2025,within,29,3712.0,93.75
reader,cohort,2b,5,2025,within,30,3840.0,92.1875
reader,cohort,2b,5,2025,within,31,3968.0,90.9375
reader,cohort,2b,5,2025,within,32,4096.0,92.5
reader,cohort,2b,5,2026,within,1,128.0,50.0
reader,cohort,2b,5,2026,within,2,256.0,50.0
reader,cohort,2b,5,2026,within,3,384.0,50.0
reader,cohort,2b,5,2026,within,4,512.0,51.875
reader,cohort,2b,5,2026,within,5,640.0,52.8125
reader,cohort,2b,5,2026,within,6,768.0,65.9375
reader,cohort,2b,5,2026,within,7,896.0,65.0
reader,cohort,2b,5,2026,within,8,1024.0,65.625
reader,cohort,2b,5,2026,within,9,1152.0,62.8125
reader,cohort,2b,5,2026,within,10,1280.0,64.375
reader,cohort,2b,5,2026,within,11,1408.0,65.625
reader,cohort,2b,5,2026,within,12,1536.0,66.5625
reader,cohort,2b,5,2026,within,13,1664.0,67.8125
reader,cohort,2b,5,2026,within,14,1792.0,68.4375
reader,cohort,2b,5,2026,within,15,1920.0,71.25
reader,cohort,2b,5,2026,within,16,2048.0,74.375
reader,cohort,2b,5,2026,within,17,2176.0,76.25
reader,cohort,2b,5,2026,within,18,2304.0,78.75
reader,cohort,2b,5,2026,within,19,2432.0,78.4375
reader,cohort,2b,5,2026,within,20,2560.0,83.75
reader,cohort,2b,5,2026,within,21,2688.0,83.75
reader,cohort,2b,5,2026,within,22,2816.0,86.5625
reader,cohort,2b,5,2026,within,23,2944.0,85.3125
reader,cohort,2b,5,2026,within,24,3072.0,86.5625
reader,cohort,2b,5,2026,within,25,3200.0,86.25
reader,cohort,2b,5,2026,within,26,3328.0,89.375
reader,cohort,2b,5,2026,within,27,3456.0,88.125
reader,cohort,2b,5,2026,within,28,3584.0,91.875
reader,cohort,2b,5,2026,within,29,3712.0,91.875
reader,cohort,2b,5,2026,within,30,3840.0,90.625
reader,cohort,2b,5,2026,within,31,3968.0,90.9375
reader,cohort,2b,5,2026,within,32,4096.0,90.3125
reader,cohort,2b,5,2027,within,1,128.0,35.0
reader,cohort,2b,5,2027,within,2,256.0,40.9375
reader,cohort,2b,5,2027,within,3,384.0,40.0
reader,cohort,2b,5,2027,within,4,512.0,55.0
reader,cohort,2b,5,2027,within,5,640.0,65.625
reader,cohort,2b,5,2027,within,6,768.0,69.375
reader,cohort,2b,5,2027,within,7,896.0,70.9375
reader,cohort,2b,5,2027,within,8,1024.0,69.375
reader,cohort,2b,5,2027,within,9,1152.0,69.375
reader,cohort,2b,5,2027,within,10,1280.0,68.125
reader,cohort,2b,5,2027,within,11,1408.0,70.9375
reader,cohort,2b,5,2027,within,12,1536.0,72.5
reader,cohort,2b,5,2027,within,13,1664.0,74.375
reader,cohort,2b,5,2027,within,14,1792.0,76.5625
reader,cohort,2b,5,2027,within,15,1920.0,77.1875
reader,cohort,2b,5,2027,within,16,2048.0,78.4375
reader,cohort,2b,5,2027,within,17,2176.0,79.375
reader,cohort,2b,5,2027,within,18,2304.0,82.5
reader,cohort,2b,5,2027,within,19,2432.0,82.8125
reader,cohort,2b,5,2027,within,20,2560.0,85.0
reader,cohort,2b,5,2027,within,21,2688.0,87.1875
reader,cohort,2b,5,2027,within,22,2816.0,86.875
reader,cohort,2b,5,2027,within,23,2944.0,86.875
reader,cohort,2b,5,2027,within,24,3072.0,89.6875
reader,cohort,2b,5,2027,within,25,3200.0,89.0625
reader,cohort,2b,5,2027,within,26,3328.0,89.6875
reader,cohort,2b,5,2027,within,27,3456.0,90.3125
reader,cohort,2b,5,2027,within,28,3584.0,91.5625
reader,cohort,2b,5,2027,within,29,3712.0,92.1875
reader,cohort,2b,5,2027,within,30,3840.0,92.1875
reader,cohort,2b,5,2027,within,31,3968.0,90.9375
reader,cohort,2b,5,2027,within,32,4096.0,92.1875
reader,cohort,2b,6,2025,within,1,128.0,50.0
reader,cohort,2b,6,2025,within,2,256.0,50.0
reader,cohort,2b,6,2025,within,3,384.0,50.0
reader,cohort,2b,6,2025,within,4,512.0,66.25
reader,cohort,2b,6,2025,within,5,640.0,68.125
reader,cohort,2b,6,2025,within,6,768.0,76.875
reader,cohort,2b,6,2025,within,7,896.0,80.9375
reader,cohort,2b,6,2025,within,8,1024.0,81.5625
reader,cohort,2b,6,2025,within,9,1152.0,81.875
reader,cohort,2b,6,2025,within,10,1280.0,81.25
reader,cohort,2b,6,2025,within,11,1408.0,81.5625
reader,cohort,2b,6,2025,within,12,1536.0,82.5
reader,cohort,2b,6,2025,within,13,1664.0,81.5625
reader,cohort,2b,6,2025,within,14,1792.0,82.8125
reader,cohort,2b,6,2025,within,15,1920.0,81.875
reader,cohort,2b,6,2025,within,16,2048.0,83.75
reader,cohort,2b,6,2025,within,17,2176.0,84.0625
reader,cohort,2b,6,2025,within,18,2304.0,85.3125
reader,cohort,2b,6,2025,within,19,2432.0,85.3125
reader,cohort,2b,6,2025,within,20,2560.0,83.75
reader,cohort,2b,6,2025,within,21,2688.0,83.4375
reader,cohort,2b,6,2025,within,22,2816.0,85.3125
reader,cohort,2b,6,2025,within,23,2944.0,84.6875
reader,cohort,2b,6,2025,within,24,3072.0,87.5
reader,cohort,2b,6,2025,within,25,3200.0,84.6875
reader,cohort,2b,6,2025,within,26,3328.0,85.0
reader,cohort,2b,6,2025,within,27,3456.0,85.0
reader,cohort,2b,6,2025,within,28,3584.0,86.5625
reader,cohort,2b,6,2025,within,29,3712.0,84.6875
reader,cohort,2b,6,2025,within,30,3840.0,87.8125
reader,cohort,2b,6,2025,within,31,3968.0,84.375
reader,cohort,2b,6,2025,within,32,4096.0,88.125
reader,cohort,2b,6,2026,within,1,128.0,49.0625
reader,cohort,2b,6,2026,within,2,256.0,50.3125
reader,cohort,2b,6,2026,within,3,384.0,50.3125
reader,cohort,2b,6,2026,within,4,512.0,68.4375
reader,cohort,2b,6,2026,within,5,640.0,68.4375
reader,cohort,2b,6,2026,within,6,768.0,78.125
reader,cohort,2b,6,2026,within,7,896.0,82.5
reader,cohort,2b,6,2026,within,8,1024.0,81.5625
reader,cohort,2b,6,2026,within,9,1152.0,78.4375
reader,cohort,2b,6,2026,within,10,1280.0,81.25
reader,cohort,2b,6,2026,within,11,1408.0,82.1875
reader,cohort,2b,6,2026,within,12,1536.0,82.5
reader,cohort,2b,6,2026,within,13,1664.0,81.875
reader,cohort,2b,6,2026,within,14,1792.0,83.75
reader,cohort,2b,6,2026,within,15,1920.0,84.0625
reader,cohort,2b,6,2026,within,16,2048.0,83.75
reader,cohort,2b,6,2026,within,17,2176.0,84.0625
reader,cohort,2b,6,2026,within,18,2304.0,85.3125
reader,cohort,2b,6,2026,within,19,2432.0,84.375
reader,cohort,2b,6,2026,within,20,2560.0,86.5625
reader,cohort,2b,6,2026,within,21,2688.0,83.4375
reader,cohort,2b,6,2026,within,22,2816.0,83.75
reader,cohort,2b,6,2026,within,23,2944.0,85.3125
reader,cohort,2b,6,2026,within,24,3072.0,85.9375
reader,cohort,2b,6,2026,within,25,3200.0,85.0
reader,cohort,2b,6,2026,within,26,3328.0,85.3125
reader,cohort,2b,6,2026,within,27,3456.0,85.625
reader,cohort,2b,6,2026,within,28,3584.0,85.3125
reader,cohort,2b,6,2026,within,29,3712.0,84.6875
reader,cohort,2b,6,2026,within,30,3840.0,88.75
reader,cohort,2b,6,2026,within,31,3968.0,85.9375
reader,cohort,2b,6,2026,within,32,4096.0,87.5
reader,cohort,2b,6,2027,within,1,128.0,49.375
reader,cohort,2b,6,2027,within,2,256.0,49.6875
reader,cohort,2b,6,2027,within,3,384.0,50.0
reader,cohort,2b,6,2027,within,4,512.0,67.5
reader,cohort,2b,6,2027,within,5,640.0,66.5625
reader,cohort,2b,6,2027,within,6,768.0,80.9375
reader,cohort,2b,6,2027,within,7,896.0,82.8125
reader,cohort,2b,6,2027,within,8,1024.0,82.8125
reader,cohort,2b,6,2027,within,9,1152.0,81.25
reader,cohort,2b,6,2027,within,10,1280.0,82.5
reader,cohort,2b,6,2027,within,11,1408.0,83.4375
reader,cohort,2b,6,2027,within,12,1536.0,84.0625
reader,cohort,2b,6,2027,within,13,1664.0,84.0625
reader,cohort,2b,6,2027,within,14,1792.0,84.0625
reader,cohort,2b,6,2027,within,15,1920.0,83.75
reader,cohort,2b,6,2027,within,16,2048.0,85.3125
reader,cohort,2b,6,2027,within,17,2176.0,85.9375
reader,cohort,2b,6,2027,within,18,2304.0,86.5625
reader,cohort,2b,6,2027,within,19,2432.0,86.25
reader,cohort,2b,6,2027,within,20,2560.0,85.625
reader,cohort,2b,6,2027,within,21,2688.0,84.375
reader,cohort,2b,6,2027,within,22,2816.0,85.9375
reader,cohort,2b,6,2027,within,23,2944.0,85.0
reader,cohort,2b,6,2027,within,24,3072.0,86.875
reader,cohort,2b,6,2027,within,25,3200.0,86.5625
reader,cohort,2b,6,2027,within,26,3328.0,86.25
reader,cohort,2b,6,2027,within,27,3456.0,85.625
reader,cohort,2b,6,2027,within,28,3584.0,84.6875
reader,cohort,2b,6,2027,within,29,3712.0,85.9375
reader,cohort,2b,6,2027,within,30,3840.0,87.1875
reader,cohort,2b,6,2027,within,31,3968.0,85.9375
reader,cohort,2b,6,2027,within,32,4096.0,87.1875
reader,cohort,2b,7,2025,within,1,128.0,49.0625
reader,cohort,2b,7,2025,within,2,256.0,50.3125
reader,cohort,2b,7,2025,within,3,384.0,48.4375
reader,cohort,2b,7,2025,within,4,512.0,50.9375
reader,cohort,2b,7,2025,within,5,640.0,85.3125
reader,cohort,2b,7,2025,within,6,768.0,86.25
reader,cohort,2b,7,2025,within,7,896.0,87.1875
reader,cohort,2b,7,2025,within,8,1024.0,86.25
reader,cohort,2b,7,2025,within,9,1152.0,88.75
reader,cohort,2b,7,2025,within,10,1280.0,89.6875
reader,cohort,2b,7,2025,within,11,1408.0,90.3125
reader,cohort,2b,7,2025,within,12,1536.0,90.3125
reader,cohort,2b,7,2025,within,13,1664.0,90.625
reader,cohort,2b,7,2025,within,14,1792.0,90.625
reader,cohort,2b,7,2025,within,15,1920.0,89.6875
reader,cohort,2b,7,2025,within,16,2048.0,90.0
reader,cohort,2b,7,2025,within,17,2176.0,90.625
reader,cohort,2b,7,2025,within,18,2304.0,90.625
reader,cohort,2b,7,2025,within,19,2432.0,90.9375
reader,cohort,2b,7,2025,within,20,2560.0,91.5625
reader,cohort,2b,7,2025,within,21,2688.0,90.625
reader,cohort,2b,7,2025,within,22,2816.0,91.25
reader,cohort,2b,7,2025,within,23,2944.0,90.9375
reader,cohort,2b,7,2025,within,24,3072.0,90.9375
reader,cohort,2b,7,2025,within,25,3200.0,91.875
reader,cohort,2b,7,2025,within,26,3328.0,91.25
reader,cohort,2b,7,2025,within,27,3456.0,90.625
reader,cohort,2b,7,2025,within,28,3584.0,90.625
reader,cohort,2b,7,2025,within,29,3712.0,90.9375
reader,cohort,2b,7,2025,within,30,3840.0,89.6875
reader,cohort,2b,7,2025,within,31,3968.0,89.6875
reader,cohort,2b,7,2025,within,32,4096.0,90.3125
reader,cohort,2b,7,2026,within,1,128.0,49.6875
reader,cohort,2b,7,2026,within,2,256.0,50.3125
reader,cohort,2b,7,2026,within,3,384.0,49.375
reader,cohort,2b,7,2026,within,4,512.0,49.6875
reader,cohort,2b,7,2026,within,5,640.0,84.6875
reader,cohort,2b,7,2026,within,6,768.0,85.625
reader,cohort,2b,7,2026,within,7,896.0,86.25
reader,cohort,2b,7,2026,within,8,1024.0,86.5625
reader,cohort,2b,7,2026,within,9,1152.0,90.0
reader,cohort,2b,7,2026,within,10,1280.0,90.0
reader,cohort,2b,7,2026,within,11,1408.0,90.625
reader,cohort,2b,7,2026,within,12,1536.0,90.3125
reader,cohort,2b,7,2026,within,13,1664.0,90.9375
reader,cohort,2b,7,2026,within,14,1792.0,90.3125
reader,cohort,2b,7,2026,within,15,1920.0,90.9375
reader,cohort,2b,7,2026,within,16,2048.0,91.5625
reader,cohort,2b,7,2026,within,17,2176.0,92.1875
reader,cohort,2b,7,2026,within,18,2304.0,91.875
reader,cohort,2b,7,2026,within,19,2432.0,91.875
reader,cohort,2b,7,2026,within,20,2560.0,91.875
reader,cohort,2b,7,2026,within,21,2688.0,92.1875
reader,cohort,2b,7,2026,within,22,2816.0,91.875
reader,cohort,2b,7,2026,within,23,2944.0,92.1875
reader,cohort,2b,7,2026,within,24,3072.0,91.875
reader,cohort,2b,7,2026,within,25,3200.0,92.8125
reader,cohort,2b,7,2026,within,26,3328.0,92.1875
reader,cohort,2b,7,2026,within,27,3456.0,91.875
reader,cohort,2b,7,2026,within,28,3584.0,91.5625
reader,cohort,2b,7,2026,within,29,3712.0,92.5
reader,cohort,2b,7,2026,within,30,3840.0,91.5625
reader,cohort,2b,7,2026,within,31,3968.0,92.5
reader,cohort,2b,7,2026,within,32,4096.0,92.1875
reader,cohort,2b,7,2027,within,1,128.0,50.0
reader,cohort,2b,7,2027,within,2,256.0,47.1875
reader,cohort,2b,7,2027,within,3,384.0,50.625
reader,cohort,2b,7,2027,within,4,512.0,48.4375
reader,cohort,2b,7,2027,within,5,640.0,86.25
reader,cohort,2b,7,2027,within,6,768.0,86.875
reader,cohort,2b,7,2027,within,7,896.0,87.5
reader,cohort,2b,7,2027,within,8,1024.0,86.25
reader,cohort,2b,7,2027,within,9,1152.0,89.0625
reader,cohort,2b,7,2027,within,10,1280.0,90.3125
reader,cohort,2b,7,2027,within,11,1408.0,90.625
reader,cohort,2b,7,2027,within,12,1536.0,90.9375
reader,cohort,2b,7,2027,within,13,1664.0,91.5625
reader,cohort,2b,7,2027,within,14,1792.0,90.625
reader,cohort,2b,7,2027,within,15,1920.0,90.625
reader,cohort,2b,7,2027,within,16,2048.0,90.0
reader,cohort,2b,7,2027,within,17,2176.0,91.25
reader,cohort,2b,7,2027,within,18,2304.0,90.9375
reader,cohort,2b,7,2027,within,19,2432.0,90.9375
reader,cohort,2b,7,2027,within,20,2560.0,90.625
reader,cohort,2b,7,2027,within,21,2688.0,90.9375
reader,cohort,2b,7,2027,within,22,2816.0,90.9375
reader,cohort,2b,7,2027,within,23,2944.0,91.5625
reader,cohort,2b,7,2027,within,24,3072.0,91.25
reader,cohort,2b,7,2027,within,25,3200.0,91.5625
reader,cohort,2b,7,2027,within,26,3328.0,91.25
reader,cohort,2b,7,2027,within,27,3456.0,90.9375
reader,cohort,2b,7,2027,within,28,3584.0,90.9375
reader,cohort,2b,7,2027,within,29,3712.0,90.3125
reader,cohort,2b,7,2027,within,30,3840.0,89.6875
reader,cohort,2b,7,2027,within,31,3968.0,89.6875
reader,cohort,2b,7,2027,within,32,4096.0,89.375
reader,cohort,2b,8,2025,within,1,128.0,51.25
reader,cohort,2b,8,2025,within,2,256.0,51.25
reader,cohort,2b,8,2025,within,3,384.0,49.0625
reader,cohort,2b,8,2025,within,4,512.0,66.875
reader,cohort,2b,8,2025,within,5,640.0,67.8125
reader,cohort,2b,8,2025,within,6,768.0,65.625
reader,cohort,2b,8,2025,within,7,896.0,68.125
reader,cohort,2b,8,2025,within,8,1024.0,77.1875
reader,cohort,2b,8,2025,within,9,1152.0,82.5
reader,cohort,2b,8,2025,within,10,1280.0,90.0
reader,cohort,2b,8,2025,within,11,1408.0,91.5625
reader,cohort,2b,8,2025,within,12,1536.0,91.875
reader,cohort,2b,8,2025,within,13,1664.0,92.1875
reader,cohort,2b,8,2025,within,14,1792.0,92.1875
reader,cohort,2b,8,2025,within,15,1920.0,92.5
reader,cohort,2b,8,2025,within,16,2048.0,92.5
reader,cohort,2b,8,2025,within,17,2176.0,92.8125
reader,cohort,2b,8,2025,within,18,2304.0,93.125
reader,cohort,2b,8,2025,within,19,2432.0,91.5625
reader,cohort,2b,8,2025,within,20,2560.0,92.8125
reader,cohort,2b,8,2025,within,21,2688.0,92.5
reader,cohort,2b,8,2025,within,22,2816.0,92.8125
reader,cohort,2b,8,2025,within,23,2944.0,93.4375
reader,cohort,2b,8,2025,within,24,3072.0,95.0
reader,cohort,2b,8,2025,within,25,3200.0,95.3125
reader,cohort,2b,8,2025,within,26,3328.0,94.0625
reader,cohort,2b,8,2025,within,27,3456.0,94.0625
reader,cohort,2b,8,2025,within,28,3584.0,95.0
reader,cohort,2b,8,2025,within,29,3712.0,94.375
reader,cohort,2b,8,2025,within,30,3840.0,94.6875
reader,cohort,2b,8,2025,within,31,3968.0,94.375
reader,cohort,2b,8,2025,within,32,4096.0,95.0
reader,cohort,2b,8,2026,within,1,128.0,50.625
reader,cohort,2b,8,2026,within,2,256.0,50.625
reader,cohort,2b,8,2026,within,3,384.0,50.3125
reader,cohort,2b,8,2026,within,4,512.0,65.625
reader,cohort,2b,8,2026,within,5,640.0,70.3125
reader,cohort,2b,8,2026,within,6,768.0,71.25
reader,cohort,2b,8,2026,within,7,896.0,73.75
reader,cohort,2b,8,2026,within,8,1024.0,79.375
reader,cohort,2b,8,2026,within,9,1152.0,84.375
reader,cohort,2b,8,2026,within,10,1280.0,85.0
reader,cohort,2b,8,2026,within,11,1408.0,85.625
reader,cohort,2b,8,2026,within,12,1536.0,86.5625
reader,cohort,2b,8,2026,within,13,1664.0,86.875
reader,cohort,2b,8,2026,within,14,1792.0,86.5625
reader,cohort,2b,8,2026,within,15,1920.0,89.375
reader,cohort,2b,8,2026,within,16,2048.0,89.6875
reader,cohort,2b,8,2026,within,17,2176.0,92.1875
reader,cohort,2b,8,2026,within,18,2304.0,92.5
reader,cohort,2b,8,2026,within,19,2432.0,93.4375
reader,cohort,2b,8,2026,within,20,2560.0,92.1875
reader,cohort,2b,8,2026,within,21,2688.0,92.5
reader,cohort,2b,8,2026,within,22,2816.0,92.5
reader,cohort,2b,8,2026,within,23,2944.0,92.8125
reader,cohort,2b,8,2026,within,24,3072.0,92.8125
reader,cohort,2b,8,2026,within,25,3200.0,93.125
reader,cohort,2b,8,2026,within,26,3328.0,93.125
reader,cohort,2b,8,2026,within,27,3456.0,93.125
reader,cohort,2b,8,2026,within,28,3584.0,93.125
reader,cohort,2b,8,2026,within,29,3712.0,93.4375
reader,cohort,2b,8,2026,within,30,3840.0,93.4375
reader,cohort,2b,8,2026,within,31,3968.0,93.125
reader,cohort,2b,8,2026,within,32,4096.0,94.375
reader,cohort,2b,8,2027,within,1,128.0,50.3125
reader,cohort,2b,8,2027,within,2,256.0,50.0
reader,cohort,2b,8,2027,within,3,384.0,50.0
reader,cohort,2b,8,2027,within,4,512.0,50.3125
reader,cohort,2b,8,2027,within,5,640.0,53.75
reader,cohort,2b,8,2027,within,6,768.0,53.125
reader,cohort,2b,8,2027,within,7,896.0,54.375
reader,cohort,2b,8,2027,within,8,1024.0,62.5
reader,cohort,2b,8,2027,within,9,1152.0,64.6875
reader,cohort,2b,8,2027,within,10,1280.0,68.125
reader,cohort,2b,8,2027,within,11,1408.0,72.1875
reader,cohort,2b,8,2027,within,12,1536.0,75.625
reader,cohort,2b,8,2027,within,13,1664.0,75.9375
reader,cohort,2b,8,2027,within,14,1792.0,78.125
reader,cohort,2b,8,2027,within,15,1920.0,80.3125
reader,cohort,2b,8,2027,within,16,2048.0,85.3125
reader,cohort,2b,8,2027,within,17,2176.0,82.8125
reader,cohort,2b,8,2027,within,18,2304.0,85.0
reader,cohort,2b,8,2027,within,19,2432.0,83.75
reader,cohort,2b,8,2027,within,20,2560.0,88.125
reader,cohort,2b,8,2027,within,21,2688.0,86.875
reader,cohort,2b,8,2027,within,22,2816.0,87.5
reader,cohort,2b,8,2027,within,23,2944.0,85.625
reader,cohort,2b,8,2027,within,24,3072.0,90.3125
reader,cohort,2b,8,2027,within,25,3200.0,89.0625
reader,cohort,2b,8,2027,within,26,3328.0,91.25
reader,cohort,2b,8,2027,within,27,3456.0,91.5625
reader,cohort,2b,8,2027,within,28,3584.0,91.875
reader,cohort,2b,8,2027,within,29,3712.0,91.875
reader,cohort,2b,8,2027,within,30,3840.0,92.8125
reader,cohort,2b,8,2027,within,31,3968.0,92.1875
reader,cohort,2b,8,2027,within,32,4096.0,95.0
reader,cohort,2b,9,2025,within,1,128.0,50.3125
reader,cohort,2b,9,2025,within,2,256.0,47.8125
reader,cohort,2b,9,2025,within,3,384.0,46.875
reader,cohort,2b,9,2025,within,4,512.0,49.0625
reader,cohort,2b,9,2025,within,5,640.0,56.5625
reader,cohort,2b,9,2025,within,6,768.0,56.5625
reader,cohort,2b,9,2025,within,7,896.0,59.6875
reader,cohort,2b,9,2025,within,8,1024.0,59.0625
reader,cohort,2b,9,2025,within,9,1152.0,68.75
reader,cohort,2b,9,2025,within,10,1280.0,68.4375
reader,cohort,2b,9,2025,within,11,1408.0,69.0625
reader,cohort,2b,9,2025,within,12,1536.0,71.25
reader,cohort,2b,9,2025,within,13,1664.0,75.0
reader,cohort,2b,9,2025,within,14,1792.0,74.0625
reader,cohort,2b,9,2025,within,15,1920.0,77.8125
reader,cohort,2b,9,2025,within,16,2048.0,77.8125
reader,cohort,2b,9,2025,within,17,2176.0,77.8125
reader,cohort,2b,9,2025,within,18,2304.0,81.875
reader,cohort,2b,9,2025,within,19,2432.0,80.9375
reader,cohort,2b,9,2025,within,20,2560.0,84.0625
reader,cohort,2b,9,2025,within,21,2688.0,82.8125
reader,cohort,2b,9,2025,within,22,2816.0,85.0
reader,cohort,2b,9,2025,within,23,2944.0,84.375
reader,cohort,2b,9,2025,within,24,3072.0,87.1875
reader,cohort,2b,9,2025,within,25,3200.0,85.9375
reader,cohort,2b,9,2025,within,26,3328.0,85.9375
reader,cohort,2b,9,2025,within,27,3456.0,86.25
reader,cohort,2b,9,2025,within,28,3584.0,87.8125
reader,cohort,2b,9,2025,within,29,3712.0,86.875
reader,cohort,2b,9,2025,within,30,3840.0,85.9375
reader,cohort,2b,9,2025,within,31,3968.0,86.875
reader,cohort,2b,9,2025,within,32,4096.0,86.5625
reader,cohort,2b,9,2026,within,1,128.0,50.0
reader,cohort,2b,9,2026,within,2,256.0,50.3125
reader,cohort,2b,9,2026,within,3,384.0,50.625
reader,cohort,2b,9,2026,within,4,512.0,50.3125
reader,cohort,2b,9,2026,within,5,640.0,50.0
reader,cohort,2b,9,2026,within,6,768.0,55.3125
reader,cohort,2b,9,2026,within,7,896.0,58.125
reader,cohort,2b,9,2026,within,8,1024.0,60.3125
reader,cohort,2b,9,2026,within,9,1152.0,65.625
reader,cohort,2b,9,2026,within,10,1280.0,67.8125
reader,cohort,2b,9,2026,within,11,1408.0,70.9375
reader,cohort,2b,9,2026,within,12,1536.0,70.625
reader,cohort,2b,9,2026,within,13,1664.0,75.9375
reader,cohort,2b,9,2026,within,14,1792.0,75.0
reader,cohort,2b,9,2026,within,15,1920.0,75.625
reader,cohort,2b,9,2026,within,16,2048.0,76.25
reader,cohort,2b,9,2026,within,17,2176.0,78.75
reader,cohort,2b,9,2026,within,18,2304.0,77.1875
reader,cohort,2b,9,2026,within,19,2432.0,77.5
reader,cohort,2b,9,2026,within,20,2560.0,78.4375
reader,cohort,2b,9,2026,within,21,2688.0,80.0
reader,cohort,2b,9,2026,within,22,2816.0,82.1875
reader,cohort,2b,9,2026,within,23,2944.0,82.1875
reader,cohort,2b,9,2026,within,24,3072.0,82.8125
reader,cohort,2b,9,2026,within,25,3200.0,82.8125
reader,cohort,2b,9,2026,within,26,3328.0,85.0
reader,cohort,2b,9,2026,within,27,3456.0,82.5
reader,cohort,2b,9,2026,within,28,3584.0,85.0
reader,cohort,2b,9,2026,within,29,3712.0,83.75
reader,cohort,2b,9,2026,within,30,3840.0,83.125
reader,cohort,2b,9,2026,within,31,3968.0,84.0625
reader,cohort,2b,9,2026,within,32,4096.0,84.0625
reader,cohort,2b,9,2027,within,1,128.0,48.125
reader,cohort,2b,9,2027,within,2,256.0,49.375
reader,cohort,2b,9,2027,within,3,384.0,50.0
reader,cohort,2b,9,2027,within,4,512.0,50.3125
reader,cohort,2b,9,2027,within,5,640.0,53.75
reader,cohort,2b,9,2027,within,6,768.0,55.3125
reader,cohort,2b,9,2027,within,7,896.0,55.625
reader,cohort,2b,9,2027,within,8,1024.0,54.375
reader,cohort,2b,9,2027,within,9,1152.0,61.5625
reader,cohort,2b,9,2027,within,10,1280.0,69.0625
reader,cohort,2b,9,2027,within,11,1408.0,70.3125
reader,cohort,2b,9,2027,within,12,1536.0,70.9375
reader,cohort,2b,9,2027,within,13,1664.0,70.9375
reader,cohort,2b,9,2027,within,14,1792.0,75.9375
reader,cohort,2b,9,2027,within,15,1920.0,75.9375
reader,cohort,2b,9,2027,within,16,2048.0,77.8125
reader,cohort,2b,9,2027,within,17,2176.0,77.5
reader,cohort,2b,9,2027,within,18,2304.0,81.25
reader,cohort,2b,9,2027,within,19,2432.0,80.625
reader,cohort,2b,9,2027,within,20,2560.0,82.8125
reader,cohort,2b,9,2027,within,21,2688.0,82.8125
reader,cohort,2b,9,2027,within,22,2816.0,84.0625
reader,cohort,2b,9,2027,within,23,2944.0,85.3125
reader,cohort,2b,9,2027,within,24,3072.0,86.25
reader,cohort,2b,9,2027,within,25,3200.0,84.0625
reader,cohort,2b,9,2027,within,26,3328.0,84.375
reader,cohort,2b,9,2027,within,27,3456.0,86.5625
reader,cohort,2b,9,2027,within,28,3584.0,85.9375
reader,cohort,2b,9,2027,within,29,3712.0,86.875
reader,cohort,2b,9,2027,within,30,3840.0,86.5625
reader,cohort,2b,9,2027,within,31,3968.0,85.0
reader,cohort,2b,9,2027,within,32,4096.0,86.5625
reader,cohort,hgd,10,2025,within,1,128.0,21.5909
reader,cohort,hgd,10,2025,within,2,256.0,21.5909
reader,cohort,hgd,10,2025,within,3,384.0,20.4545
reader,cohort,hgd,10,2025,within,4,512.0,21.5909
reader,cohort,hgd,10,2025,within,5,640.0,21.0227
reader,cohort,hgd,10,2025,within,6,768.0,23.2955
reader,cohort,hgd,10,2025,within,7,896.0,31.8182
reader,cohort,hgd,10,2025,within,8,1024.0,52.8409
reader,cohort,hgd,10,2025,within,9,1152.0,59.0909
reader,cohort,hgd,10,2025,within,10,1280.0,60.2273
reader,cohort,hgd,10,2025,within,11,1408.0,75.0
reader,cohort,hgd,10,2025,within,12,1536.0,82.3864
reader,cohort,hgd,10,2025,within,13,1664.0,86.3636
reader,cohort,hgd,10,2025,within,14,1792.0,86.9318
reader,cohort,hgd,10,2025,within,15,1920.0,89.7727
reader,cohort,hgd,10,2025,within,16,2048.0,90.9091
reader,cohort,hgd,10,2025,within,17,2176.0,92.6136
reader,cohort,hgd,10,2025,within,18,2304.0,93.1818
reader,cohort,hgd,10,2025,within,19,2432.0,92.6136
reader,cohort,hgd,10,2025,within,20,2560.0,94.3182
reader,cohort,hgd,10,2025,within,21,2688.0,94.8864
reader,cohort,hgd,10,2025,within,22,2816.0,93.1818
reader,cohort,hgd,10,2025,within,23,2944.0,93.75
reader,cohort,hgd,10,2025,within,24,3072.0,94.8864
reader,cohort,hgd,10,2025,within,25,3200.0,94.3182
reader,cohort,hgd,10,2025,within,26,3328.0,94.3182
reader,cohort,hgd,10,2025,within,27,3456.0,94.8864
reader,cohort,hgd,10,2025,within,28,3584.0,94.8864
reader,cohort,hgd,10,2025,within,29,3712.0,95.4545
reader,cohort,hgd,10,2025,within,30,3840.0,94.8864
reader,cohort,hgd,10,2025,within,31,3968.0,94.8864
reader,cohort,hgd,10,2025,within,32,4096.0,94.8864
reader,cohort,hgd,10,2026,within,1,128.0,21.5909
reader,cohort,hgd,10,2026,within,2,256.0,21.5909
reader,cohort,hgd,10,2026,within,3,384.0,21.5909
reader,cohort,hgd,10,2026,within,4,512.0,21.5909
reader,cohort,hgd,10,2026,within,5,640.0,19.3182
reader,cohort,hgd,10,2026,within,6,768.0,21.5909
reader,cohort,hgd,10,2026,within,7,896.0,25.0
reader,cohort,hgd,10,2026,within,8,1024.0,51.7045
reader,cohort,hgd,10,2026,within,9,1152.0,63.0682
reader,cohort,hgd,10,2026,within,10,1280.0,74.4318
reader,cohort,hgd,10,2026,within,11,1408.0,76.7045
reader,cohort,hgd,10,2026,within,12,1536.0,81.25
reader,cohort,hgd,10,2026,within,13,1664.0,80.6818
reader,cohort,hgd,10,2026,within,14,1792.0,82.3864
reader,cohort,hgd,10,2026,within,15,1920.0,86.3636
reader,cohort,hgd,10,2026,within,16,2048.0,87.5
reader,cohort,hgd,10,2026,within,17,2176.0,88.0682
reader,cohort,hgd,10,2026,within,18,2304.0,92.6136
reader,cohort,hgd,10,2026,within,19,2432.0,92.6136
reader,cohort,hgd,10,2026,within,20,2560.0,93.1818
reader,cohort,hgd,10,2026,within,21,2688.0,93.1818
reader,cohort,hgd,10,2026,within,22,2816.0,92.6136
reader,cohort,hgd,10,2026,within,23,2944.0,91.4773
reader,cohort,hgd,10,2026,within,24,3072.0,92.0455
reader,cohort,hgd,10,2026,within,25,3200.0,92.6136
reader,cohort,hgd,10,2026,within,26,3328.0,93.1818
reader,cohort,hgd,10,2026,within,27,3456.0,93.1818
reader,cohort,hgd,10,2026,within,28,3584.0,93.75
reader,cohort,hgd,10,2026,within,29,3712.0,93.1818
reader,cohort,hgd,10,2026,within,30,3840.0,93.75
reader,cohort,hgd,10,2026,within,31,3968.0,93.1818
reader,cohort,hgd,10,2026,within,32,4096.0,93.75
reader,cohort,hgd,10,2027,within,1,128.0,21.5909
reader,cohort,hgd,10,2027,within,2,256.0,21.5909
reader,cohort,hgd,10,2027,within,3,384.0,21.0227
reader,cohort,hgd,10,2027,within,4,512.0,21.5909
reader,cohort,hgd,10,2027,within,5,640.0,19.8864
reader,cohort,hgd,10,2027,within,6,768.0,19.8864
reader,cohort,hgd,10,2027,within,7,896.0,25.5682
reader,cohort,hgd,10,2027,within,8,1024.0,30.1136
reader,cohort,hgd,10,2027,within,9,1152.0,39.7727
reader,cohort,hgd,10,2027,within,10,1280.0,46.5909
reader,cohort,hgd,10,2027,within,11,1408.0,52.2727
reader,cohort,hgd,10,2027,within,12,1536.0,53.4091
reader,cohort,hgd,10,2027,within,13,1664.0,50.5682
reader,cohort,hgd,10,2027,within,14,1792.0,53.9773
reader,cohort,hgd,10,2027,within,15,1920.0,53.9773
reader,cohort,hgd,10,2027,within,16,2048.0,60.7955
reader,cohort,hgd,10,2027,within,17,2176.0,58.5227
reader,cohort,hgd,10,2027,within,18,2304.0,77.8409
reader,cohort,hgd,10,2027,within,19,2432.0,86.9318
reader,cohort,hgd,10,2027,within,20,2560.0,92.0455
reader,cohort,hgd,10,2027,within,21,2688.0,90.9091
reader,cohort,hgd,10,2027,within,22,2816.0,91.4773
reader,cohort,hgd,10,2027,within,23,2944.0,92.0455
reader,cohort,hgd,10,2027,within,24,3072.0,93.1818
reader,cohort,hgd,10,2027,within,25,3200.0,93.1818
reader,cohort,hgd,10,2027,within,26,3328.0,94.8864
reader,cohort,hgd,10,2027,within,27,3456.0,94.3182
reader,cohort,hgd,10,2027,within,28,3584.0,94.8864
reader,cohort,hgd,10,2027,within,29,3712.0,93.1818
reader,cohort,hgd,10,2027,within,30,3840.0,93.1818
reader,cohort,hgd,10,2027,within,31,3968.0,94.3182
reader,cohort,hgd,10,2027,within,32,4096.0,94.3182
reader,cohort,hgd,11,2025,within,1,128.0,21.0227
reader,cohort,hgd,11,2025,within,2,256.0,21.0227
reader,cohort,hgd,11,2025,within,3,384.0,21.0227
reader,cohort,hgd,11,2025,within,4,512.0,32.9545
reader,cohort,hgd,11,2025,within,5,640.0,34.6591
reader,cohort,hgd,11,2025,within,6,768.0,37.5
reader,cohort,hgd,11,2025,within,7,896.0,39.2045
reader,cohort,hgd,11,2025,within,8,1024.0,61.3636
reader,cohort,hgd,11,2025,within,9,1152.0,67.6136
reader,cohort,hgd,11,2025,within,10,1280.0,67.0455
reader,cohort,hgd,11,2025,within,11,1408.0,71.5909
reader,cohort,hgd,11,2025,within,12,1536.0,73.8636
reader,cohort,hgd,11,2025,within,13,1664.0,73.8636
reader,cohort,hgd,11,2025,within,14,1792.0,75.5682
reader,cohort,hgd,11,2025,within,15,1920.0,77.8409
reader,cohort,hgd,11,2025,within,16,2048.0,79.5455
reader,cohort,hgd,11,2025,within,17,2176.0,76.1364
reader,cohort,hgd,11,2025,within,18,2304.0,78.4091
reader,cohort,hgd,11,2025,within,19,2432.0,81.25
reader,cohort,hgd,11,2025,within,20,2560.0,84.0909
reader,cohort,hgd,11,2025,within,21,2688.0,83.5227
reader,cohort,hgd,11,2025,within,22,2816.0,85.7955
reader,cohort,hgd,11,2025,within,23,2944.0,88.6364
reader,cohort,hgd,11,2025,within,24,3072.0,89.2045
reader,cohort,hgd,11,2025,within,25,3200.0,89.7727
reader,cohort,hgd,11,2025,within,26,3328.0,90.9091
reader,cohort,hgd,11,2025,within,27,3456.0,89.7727
reader,cohort,hgd,11,2025,within,28,3584.0,89.7727
reader,cohort,hgd,11,2025,within,29,3712.0,89.7727
reader,cohort,hgd,11,2025,within,30,3840.0,89.7727
reader,cohort,hgd,11,2025,within,31,3968.0,90.9091
reader,cohort,hgd,11,2025,within,32,4096.0,89.7727
reader,cohort,hgd,11,2026,within,1,128.0,21.0227
reader,cohort,hgd,11,2026,within,2,256.0,21.0227
reader,cohort,hgd,11,2026,within,3,384.0,21.0227
reader,cohort,hgd,11,2026,within,4,512.0,30.1136
reader,cohort,hgd,11,2026,within,5,640.0,33.5227
reader,cohort,hgd,11,2026,within,6,768.0,35.2273
reader,cohort,hgd,11,2026,within,7,896.0,36.3636
reader,cohort,hgd,11,2026,within,8,1024.0,47.1591
reader,cohort,hgd,11,2026,within,9,1152.0,58.5227
reader,cohort,hgd,11,2026,within,10,1280.0,61.3636
reader,cohort,hgd,11,2026,within,11,1408.0,62.5
reader,cohort,hgd,11,2026,within,12,1536.0,67.6136
reader,cohort,hgd,11,2026,within,13,1664.0,69.3182
reader,cohort,hgd,11,2026,within,14,1792.0,67.6136
reader,cohort,hgd,11,2026,within,15,1920.0,68.75
reader,cohort,hgd,11,2026,within,16,2048.0,70.4545
reader,cohort,hgd,11,2026,within,17,2176.0,75.0
reader,cohort,hgd,11,2026,within,18,2304.0,72.7273
reader,cohort,hgd,11,2026,within,19,2432.0,76.1364
reader,cohort,hgd,11,2026,within,20,2560.0,77.2727
reader,cohort,hgd,11,2026,within,21,2688.0,85.2273
reader,cohort,hgd,11,2026,within,22,2816.0,85.7955
reader,cohort,hgd,11,2026,within,23,2944.0,84.6591
reader,cohort,hgd,11,2026,within,24,3072.0,87.5
reader,cohort,hgd,11,2026,within,25,3200.0,87.5
reader,cohort,hgd,11,2026,within,26,3328.0,86.9318
reader,cohort,hgd,11,2026,within,27,3456.0,86.9318
reader,cohort,hgd,11,2026,within,28,3584.0,89.2045
reader,cohort,hgd,11,2026,within,29,3712.0,86.3636
reader,cohort,hgd,11,2026,within,30,3840.0,86.3636
reader,cohort,hgd,11,2026,within,31,3968.0,86.9318
reader,cohort,hgd,11,2026,within,32,4096.0,88.6364
reader,cohort,hgd,11,2027,within,1,128.0,21.0227
reader,cohort,hgd,11,2027,within,2,256.0,21.0227
reader,cohort,hgd,11,2027,within,3,384.0,20.4545
reader,cohort,hgd,11,2027,within,4,512.0,30.6818
reader,cohort,hgd,11,2027,within,5,640.0,31.25
reader,cohort,hgd,11,2027,within,6,768.0,30.6818
reader,cohort,hgd,11,2027,within,7,896.0,34.0909
reader,cohort,hgd,11,2027,within,8,1024.0,44.8864
reader,cohort,hgd,11,2027,within,9,1152.0,51.7045
reader,cohort,hgd,11,2027,within,10,1280.0,55.1136
reader,cohort,hgd,11,2027,within,11,1408.0,57.3864
reader,cohort,hgd,11,2027,within,12,1536.0,61.3636
reader,cohort,hgd,11,2027,within,13,1664.0,60.2273
reader,cohort,hgd,11,2027,within,14,1792.0,60.7955
reader,cohort,hgd,11,2027,within,15,1920.0,62.5
reader,cohort,hgd,11,2027,within,16,2048.0,63.0682
reader,cohort,hgd,11,2027,within,17,2176.0,61.3636
reader,cohort,hgd,11,2027,within,18,2304.0,68.1818
reader,cohort,hgd,11,2027,within,19,2432.0,71.0227
reader,cohort,hgd,11,2027,within,20,2560.0,75.0
reader,cohort,hgd,11,2027,within,21,2688.0,78.4091
reader,cohort,hgd,11,2027,within,22,2816.0,81.25
reader,cohort,hgd,11,2027,within,23,2944.0,83.5227
reader,cohort,hgd,11,2027,within,24,3072.0,83.5227
reader,cohort,hgd,11,2027,within,25,3200.0,81.8182
reader,cohort,hgd,11,2027,within,26,3328.0,86.9318
reader,cohort,hgd,11,2027,within,27,3456.0,87.5
reader,cohort,hgd,11,2027,within,28,3584.0,86.9318
reader,cohort,hgd,11,2027,within,29,3712.0,87.5
reader,cohort,hgd,11,2027,within,30,3840.0,87.5
reader,cohort,hgd,11,2027,within,31,3968.0,89.2045
reader,cohort,hgd,11,2027,within,32,4096.0,88.6364
reader,cohort,hgd,12,2025,within,1,128.0,21.5909
reader,cohort,hgd,12,2025,within,2,256.0,24.4318
reader,cohort,hgd,12,2025,within,3,384.0,25.0
reader,cohort,hgd,12,2025,within,4,512.0,25.0
reader,cohort,hgd,12,2025,within,5,640.0,25.0
reader,cohort,hgd,12,2025,within,6,768.0,32.3864
reader,cohort,hgd,12,2025,within,7,896.0,50.5682
reader,cohort,hgd,12,2025,within,8,1024.0,59.6591
reader,cohort,hgd,12,2025,within,9,1152.0,63.0682
reader,cohort,hgd,12,2025,within,10,1280.0,73.8636
reader,cohort,hgd,12,2025,within,11,1408.0,84.6591
reader,cohort,hgd,12,2025,within,12,1536.0,89.2045
reader,cohort,hgd,12,2025,within,13,1664.0,89.2045
reader,cohort,hgd,12,2025,within,14,1792.0,90.9091
reader,cohort,hgd,12,2025,within,15,1920.0,88.0682
reader,cohort,hgd,12,2025,within,16,2048.0,93.75
reader,cohort,hgd,12,2025,within,17,2176.0,92.0455
reader,cohort,hgd,12,2025,within,18,2304.0,93.75
reader,cohort,hgd,12,2025,within,19,2432.0,94.3182
reader,cohort,hgd,12,2025,within,20,2560.0,95.4545
reader,cohort,hgd,12,2025,within,21,2688.0,94.8864
reader,cohort,hgd,12,2025,within,22,2816.0,94.8864
reader,cohort,hgd,12,2025,within,23,2944.0,95.4545
reader,cohort,hgd,12,2025,within,24,3072.0,95.4545
reader,cohort,hgd,12,2025,within,25,3200.0,95.4545
reader,cohort,hgd,12,2025,within,26,3328.0,95.4545
reader,cohort,hgd,12,2025,within,27,3456.0,95.4545
reader,cohort,hgd,12,2025,within,28,3584.0,96.5909
reader,cohort,hgd,12,2025,within,29,3712.0,96.5909
reader,cohort,hgd,12,2025,within,30,3840.0,96.0227
reader,cohort,hgd,12,2025,within,31,3968.0,96.5909
reader,cohort,hgd,12,2025,within,32,4096.0,96.5909
reader,cohort,hgd,12,2026,within,1,128.0,31.25
reader,cohort,hgd,12,2026,within,2,256.0,30.1136
reader,cohort,hgd,12,2026,within,3,384.0,30.1136
reader,cohort,hgd,12,2026,within,4,512.0,35.7955
reader,cohort,hgd,12,2026,within,5,640.0,31.25
reader,cohort,hgd,12,2026,within,6,768.0,54.5455
reader,cohort,hgd,12,2026,within,7,896.0,69.8864
reader,cohort,hgd,12,2026,within,8,1024.0,76.7045
reader,cohort,hgd,12,2026,within,9,1152.0,85.7955
reader,cohort,hgd,12,2026,within,10,1280.0,86.9318
reader,cohort,hgd,12,2026,within,11,1408.0,89.7727
reader,cohort,hgd,12,2026,within,12,1536.0,90.9091
reader,cohort,hgd,12,2026,within,13,1664.0,92.0455
reader,cohort,hgd,12,2026,within,14,1792.0,94.8864
reader,cohort,hgd,12,2026,within,15,1920.0,94.8864
reader,cohort,hgd,12,2026,within,16,2048.0,93.75
reader,cohort,hgd,12,2026,within,17,2176.0,93.75
reader,cohort,hgd,12,2026,within,18,2304.0,95.4545
reader,cohort,hgd,12,2026,within,19,2432.0,96.0227
reader,cohort,hgd,12,2026,within,20,2560.0,96.0227
reader,cohort,hgd,12,2026,within,21,2688.0,95.4545
reader,cohort,hgd,12,2026,within,22,2816.0,96.0227
reader,cohort,hgd,12,2026,within,23,2944.0,96.0227
reader,cohort,hgd,12,2026,within,24,3072.0,97.1591
reader,cohort,hgd,12,2026,within,25,3200.0,96.5909
reader,cohort,hgd,12,2026,within,26,3328.0,96.5909
reader,cohort,hgd,12,2026,within,27,3456.0,97.1591
reader,cohort,hgd,12,2026,within,28,3584.0,98.2955
reader,cohort,hgd,12,2026,within,29,3712.0,96.0227
reader,cohort,hgd,12,2026,within,30,3840.0,97.1591
reader,cohort,hgd,12,2026,within,31,3968.0,97.1591
reader,cohort,hgd,12,2026,within,32,4096.0,97.7273
reader,cohort,hgd,12,2027,within,1,128.0,22.1591
reader,cohort,hgd,12,2027,within,2,256.0,20.4545
reader,cohort,hgd,12,2027,within,3,384.0,21.0227
reader,cohort,hgd,12,2027,within,4,512.0,23.8636
reader,cohort,hgd,12,2027,within,5,640.0,28.9773
reader,cohort,hgd,12,2027,within,6,768.0,49.4318
reader,cohort,hgd,12,2027,within,7,896.0,57.9545
reader,cohort,hgd,12,2027,within,8,1024.0,59.6591
reader,cohort,hgd,12,2027,within,9,1152.0,67.6136
reader,cohort,hgd,12,2027,within,10,1280.0,74.4318
reader,cohort,hgd,12,2027,within,11,1408.0,83.5227
reader,cohort,hgd,12,2027,within,12,1536.0,83.5227
reader,cohort,hgd,12,2027,within,13,1664.0,86.3636
reader,cohort,hgd,12,2027,within,14,1792.0,85.7955
reader,cohort,hgd,12,2027,within,15,1920.0,89.2045
reader,cohort,hgd,12,2027,within,16,2048.0,92.0455
reader,cohort,hgd,12,2027,within,17,2176.0,93.1818
reader,cohort,hgd,12,2027,within,18,2304.0,93.1818
reader,cohort,hgd,12,2027,within,19,2432.0,94.8864
reader,cohort,hgd,12,2027,within,20,2560.0,94.8864
reader,cohort,hgd,12,2027,within,21,2688.0,96.5909
reader,cohort,hgd,12,2027,within,22,2816.0,95.4545
reader,cohort,hgd,12,2027,within,23,2944.0,96.0227
reader,cohort,hgd,12,2027,within,24,3072.0,96.5909
reader,cohort,hgd,12,2027,within,25,3200.0,96.5909
reader,cohort,hgd,12,2027,within,26,3328.0,97.1591
reader,cohort,hgd,12,2027,within,27,3456.0,96.0227
reader,cohort,hgd,12,2027,within,28,3584.0,97.1591
reader,cohort,hgd,12,2027,within,29,3712.0,97.1591
reader,cohort,hgd,12,2027,within,30,3840.0,97.1591
reader,cohort,hgd,12,2027,within,31,3968.0,96.0227
reader,cohort,hgd,12,2027,within,32,4096.0,97.1591
reader,cohort,hgd,13,2025,within,1,128.0,23.75
reader,cohort,hgd,13,2025,within,2,256.0,23.75
reader,cohort,hgd,13,2025,within,3,384.0,23.75
reader,cohort,hgd,13,2025,within,4,512.0,58.75
reader,cohort,hgd,13,2025,within,5,640.0,62.5
reader,cohort,hgd,13,2025,within,6,768.0,67.5
reader,cohort,hgd,13,2025,within,7,896.0,84.375
reader,cohort,hgd,13,2025,within,8,1024.0,91.875
reader,cohort,hgd,13,2025,within,9,1152.0,91.875
reader,cohort,hgd,13,2025,within,10,1280.0,93.125
reader,cohort,hgd,13,2025,within,11,1408.0,93.125
reader,cohort,hgd,13,2025,within,12,1536.0,93.125
reader,cohort,hgd,13,2025,within,13,1664.0,93.75
reader,cohort,hgd,13,2025,within,14,1792.0,94.375
reader,cohort,hgd,13,2025,within,15,1920.0,95.0
reader,cohort,hgd,13,2025,within,16,2048.0,94.375
reader,cohort,hgd,13,2025,within,17,2176.0,94.375
reader,cohort,hgd,13,2025,within,18,2304.0,94.375
reader,cohort,hgd,13,2025,within,19,2432.0,94.375
reader,cohort,hgd,13,2025,within,20,2560.0,94.375
reader,cohort,hgd,13,2025,within,21,2688.0,95.0
reader,cohort,hgd,13,2025,within,22,2816.0,94.375
reader,cohort,hgd,13,2025,within,23,2944.0,94.375
reader,cohort,hgd,13,2025,within,24,3072.0,94.375
reader,cohort,hgd,13,2025,within,25,3200.0,94.375
reader,cohort,hgd,13,2025,within,26,3328.0,94.375
reader,cohort,hgd,13,2025,within,27,3456.0,94.375
reader,cohort,hgd,13,2025,within,28,3584.0,93.75
reader,cohort,hgd,13,2025,within,29,3712.0,94.375
reader,cohort,hgd,13,2025,within,30,3840.0,94.375
reader,cohort,hgd,13,2025,within,31,3968.0,94.375
reader,cohort,hgd,13,2025,within,32,4096.0,95.625
reader,cohort,hgd,13,2026,within,1,128.0,23.75
reader,cohort,hgd,13,2026,within,2,256.0,23.75
reader,cohort,hgd,13,2026,within,3,384.0,23.75
reader,cohort,hgd,13,2026,within,4,512.0,60.0
reader,cohort,hgd,13,2026,within,5,640.0,64.375
reader,cohort,hgd,13,2026,within,6,768.0,71.25
reader,cohort,hgd,13,2026,within,7,896.0,81.875
reader,cohort,hgd,13,2026,within,8,1024.0,85.625
reader,cohort,hgd,13,2026,within,9,1152.0,87.5
reader,cohort,hgd,13,2026,within,10,1280.0,89.375
reader,cohort,hgd,13,2026,within,11,1408.0,92.5
reader,cohort,hgd,13,2026,within,12,1536.0,93.125
reader,cohort,hgd,13,2026,within,13,1664.0,92.5
reader,cohort,hgd,13,2026,within,14,1792.0,92.5
reader,cohort,hgd,13,2026,within,15,1920.0,93.125
reader,cohort,hgd,13,2026,within,16,2048.0,93.125
reader,cohort,hgd,13,2026,within,17,2176.0,93.125
reader,cohort,hgd,13,2026,within,18,2304.0,93.125
reader,cohort,hgd,13,2026,within,19,2432.0,93.125
reader,cohort,hgd,13,2026,within,20,2560.0,93.125
reader,cohort,hgd,13,2026,within,21,2688.0,93.125
reader,cohort,hgd,13,2026,within,22,2816.0,93.125
reader,cohort,hgd,13,2026,within,23,2944.0,93.125
reader,cohort,hgd,13,2026,within,24,3072.0,93.125
reader,cohort,hgd,13,2026,within,25,3200.0,93.75
reader,cohort,hgd,13,2026,within,26,3328.0,93.125
reader,cohort,hgd,13,2026,within,27,3456.0,93.75
reader,cohort,hgd,13,2026,within,28,3584.0,93.125
reader,cohort,hgd,13,2026,within,29,3712.0,93.125
reader,cohort,hgd,13,2026,within,30,3840.0,93.125
reader,cohort,hgd,13,2026,within,31,3968.0,93.125
reader,cohort,hgd,13,2026,within,32,4096.0,94.375
reader,cohort,hgd,13,2027,within,1,128.0,23.75
reader,cohort,hgd,13,2027,within,2,256.0,23.75
reader,cohort,hgd,13,2027,within,3,384.0,23.75
reader,cohort,hgd,13,2027,within,4,512.0,55.625
reader,cohort,hgd,13,2027,within,5,640.0,56.875
reader,cohort,hgd,13,2027,within,6,768.0,66.25
reader,cohort,hgd,13,2027,within,7,896.0,84.375
reader,cohort,hgd,13,2027,within,8,1024.0,86.25
reader,cohort,hgd,13,2027,within,9,1152.0,89.375
reader,cohort,hgd,13,2027,within,10,1280.0,90.625
reader,cohort,hgd,13,2027,within,11,1408.0,91.25
reader,cohort,hgd,13,2027,within,12,1536.0,91.25
reader,cohort,hgd,13,2027,within,13,1664.0,91.25
reader,cohort,hgd,13,2027,within,14,1792.0,91.25
reader,cohort,hgd,13,2027,within,15,1920.0,91.25
reader,cohort,hgd,13,2027,within,16,2048.0,92.5
reader,cohort,hgd,13,2027,within,17,2176.0,92.5
reader,cohort,hgd,13,2027,within,18,2304.0,92.5
reader,cohort,hgd,13,2027,within,19,2432.0,92.5
reader,cohort,hgd,13,2027,within,20,2560.0,92.5
reader,cohort,hgd,13,2027,within,21,2688.0,93.125
reader,cohort,hgd,13,2027,within,22,2816.0,93.125
reader,cohort,hgd,13,2027,within,23,2944.0,93.125
reader,cohort,hgd,13,2027,within,24,3072.0,93.125
reader,cohort,hgd,13,2027,within,25,3200.0,93.125
reader,cohort,hgd,13,2027,within,26,3328.0,93.125
reader,cohort,hgd,13,2027,within,27,3456.0,93.125
reader,cohort,hgd,13,2027,within,28,3584.0,92.5
reader,cohort,hgd,13,2027,within,29,3712.0,92.5
reader,cohort,hgd,13,2027,within,30,3840.0,93.125
reader,cohort,hgd,13,2027,within,31,3968.0,93.75
reader,cohort,hgd,13,2027,within,32,4096.0,93.125
reader,cohort,hgd,14,2025,within,1,128.0,24.4318
reader,cohort,hgd,14,2025,within,2,256.0,24.4318
reader,cohort,hgd,14,2025,within,3,384.0,24.4318
reader,cohort,hgd,14,2025,within,4,512.0,24.4318
reader,cohort,hgd,14,2025,within,5,640.0,24.4318
reader,cohort,hgd,14,2025,within,6,768.0,24.4318
reader,cohort,hgd,14,2025,within,7,896.0,25.0
reader,cohort,hgd,14,2025,within,8,1024.0,56.25
reader,cohort,hgd,14,2025,within,9,1152.0,77.8409
reader,cohort,hgd,14,2025,within,10,1280.0,84.0909
reader,cohort,hgd,14,2025,within,11,1408.0,88.0682
reader,cohort,hgd,14,2025,within,12,1536.0,89.2045
reader,cohort,hgd,14,2025,within,13,1664.0,89.2045
reader,cohort,hgd,14,2025,within,14,1792.0,90.9091
reader,cohort,hgd,14,2025,within,15,1920.0,92.0455
reader,cohort,hgd,14,2025,within,16,2048.0,91.4773
reader,cohort,hgd,14,2025,within,17,2176.0,93.75
reader,cohort,hgd,14,2025,within,18,2304.0,95.4545
reader,cohort,hgd,14,2025,within,19,2432.0,96.5909
reader,cohort,hgd,14,2025,within,20,2560.0,97.7273
reader,cohort,hgd,14,2025,within,21,2688.0,96.5909
reader,cohort,hgd,14,2025,within,22,2816.0,96.5909
reader,cohort,hgd,14,2025,within,23,2944.0,97.7273
reader,cohort,hgd,14,2025,within,24,3072.0,97.7273
reader,cohort,hgd,14,2025,within,25,3200.0,99.4318
reader,cohort,hgd,14,2025,within,26,3328.0,99.4318
reader,cohort,hgd,14,2025,within,27,3456.0,99.4318
reader,cohort,hgd,14,2025,within,28,3584.0,99.4318
reader,cohort,hgd,14,2025,within,29,3712.0,99.4318
reader,cohort,hgd,14,2025,within,30,3840.0,99.4318
reader,cohort,hgd,14,2025,within,31,3968.0,99.4318
reader,cohort,hgd,14,2025,within,32,4096.0,98.8636
reader,cohort,hgd,14,2026,within,1,128.0,24.4318
reader,cohort,hgd,14,2026,within,2,256.0,24.4318
reader,cohort,hgd,14,2026,within,3,384.0,24.4318
reader,cohort,hgd,14,2026,within,4,512.0,24.4318
reader,cohort,hgd,14,2026,within,5,640.0,24.4318
reader,cohort,hgd,14,2026,within,6,768.0,24.4318
reader,cohort,hgd,14,2026,within,7,896.0,34.0909
reader,cohort,hgd,14,2026,within,8,1024.0,53.9773
reader,cohort,hgd,14,2026,within,9,1152.0,55.6818
reader,cohort,hgd,14,2026,within,10,1280.0,75.0
reader,cohort,hgd,14,2026,within,11,1408.0,77.2727
reader,cohort,hgd,14,2026,within,12,1536.0,89.7727
reader,cohort,hgd,14,2026,within,13,1664.0,89.7727
reader,cohort,hgd,14,2026,within,14,1792.0,96.5909
reader,cohort,hgd,14,2026,within,15,1920.0,92.6136
reader,cohort,hgd,14,2026,within,16,2048.0,96.5909
reader,cohort,hgd,14,2026,within,17,2176.0,95.4545
reader,cohort,hgd,14,2026,within,18,2304.0,97.7273
reader,cohort,hgd,14,2026,within,19,2432.0,97.1591
reader,cohort,hgd,14,2026,within,20,2560.0,97.7273
reader,cohort,hgd,14,2026,within,21,2688.0,97.7273
reader,cohort,hgd,14,2026,within,22,2816.0,100.0
reader,cohort,hgd,14,2026,within,23,2944.0,99.4318
reader,cohort,hgd,14,2026,within,24,3072.0,100.0
reader,cohort,hgd,14,2026,within,25,3200.0,100.0
reader,cohort,hgd,14,2026,within,26,3328.0,100.0
reader,cohort,hgd,14,2026,within,27,3456.0,99.4318
reader,cohort,hgd,14,2026,within,28,3584.0,100.0
reader,cohort,hgd,14,2026,within,29,3712.0,99.4318
reader,cohort,hgd,14,2026,within,30,3840.0,99.4318
reader,cohort,hgd,14,2026,within,31,3968.0,99.4318
reader,cohort,hgd,14,2026,within,32,4096.0,100.0
reader,cohort,hgd,14,2027,within,1,128.0,24.4318
reader,cohort,hgd,14,2027,within,2,256.0,24.4318
reader,cohort,hgd,14,2027,within,3,384.0,24.4318
reader,cohort,hgd,14,2027,within,4,512.0,24.4318
reader,cohort,hgd,14,2027,within,5,640.0,24.4318
reader,cohort,hgd,14,2027,within,6,768.0,24.4318
reader,cohort,hgd,14,2027,within,7,896.0,28.4091
reader,cohort,hgd,14,2027,within,8,1024.0,55.1136
reader,cohort,hgd,14,2027,within,9,1152.0,77.2727
reader,cohort,hgd,14,2027,within,10,1280.0,80.6818
reader,cohort,hgd,14,2027,within,11,1408.0,93.75
reader,cohort,hgd,14,2027,within,12,1536.0,92.6136
reader,cohort,hgd,14,2027,within,13,1664.0,94.8864
reader,cohort,hgd,14,2027,within,14,1792.0,95.4545
reader,cohort,hgd,14,2027,within,15,1920.0,97.1591
reader,cohort,hgd,14,2027,within,16,2048.0,96.5909
reader,cohort,hgd,14,2027,within,17,2176.0,96.5909
reader,cohort,hgd,14,2027,within,18,2304.0,97.7273
reader,cohort,hgd,14,2027,within,19,2432.0,97.7273
reader,cohort,hgd,14,2027,within,20,2560.0,97.7273
reader,cohort,hgd,14,2027,within,21,2688.0,97.1591
reader,cohort,hgd,14,2027,within,22,2816.0,98.2955
reader,cohort,hgd,14,2027,within,23,2944.0,98.8636
reader,cohort,hgd,14,2027,within,24,3072.0,98.2955
reader,cohort,hgd,14,2027,within,25,3200.0,98.8636
reader,cohort,hgd,14,2027,within,26,3328.0,100.0
reader,cohort,hgd,14,2027,within,27,3456.0,100.0
reader,cohort,hgd,14,2027,within,28,3584.0,100.0
reader,cohort,hgd,14,2027,within,29,3712.0,99.4318
reader,cohort,hgd,14,2027,within,30,3840.0,99.4318
reader,cohort,hgd,14,2027,within,31,3968.0,99.4318
reader,cohort,hgd,14,2027,within,32,4096.0,99.4318
reader,cohort,hgd,1,2025,within,1,128.0,17.1875
reader,cohort,hgd,1,2025,within,2,256.0,17.1875
reader,cohort,hgd,1,2025,within,3,384.0,17.1875
reader,cohort,hgd,1,2025,within,4,512.0,17.1875
reader,cohort,hgd,1,2025,within,5,640.0,42.1875
reader,cohort,hgd,1,2025,within,6,768.0,59.375
reader,cohort,hgd,1,2025,within,7,896.0,82.8125
reader,cohort,hgd,1,2025,within,8,1024.0,90.625
reader,cohort,hgd,1,2025,within,9,1152.0,92.1875
reader,cohort,hgd,1,2025,within,10,1280.0,93.75
reader,cohort,hgd,1,2025,within,11,1408.0,92.1875
reader,cohort,hgd,1,2025,within,12,1536.0,92.1875
reader,cohort,hgd,1,2025,within,13,1664.0,95.3125
reader,cohort,hgd,1,2025,within,14,1792.0,95.3125
reader,cohort,hgd,1,2025,within,15,1920.0,96.875
reader,cohort,hgd,1,2025,within,16,2048.0,96.875
reader,cohort,hgd,1,2025,within,17,2176.0,96.875
reader,cohort,hgd,1,2025,within,18,2304.0,96.875
reader,cohort,hgd,1,2025,within,19,2432.0,95.3125
reader,cohort,hgd,1,2025,within,20,2560.0,95.3125
reader,cohort,hgd,1,2025,within,21,2688.0,95.3125
reader,cohort,hgd,1,2025,within,22,2816.0,95.3125
reader,cohort,hgd,1,2025,within,23,2944.0,96.875
reader,cohort,hgd,1,2025,within,24,3072.0,95.3125
reader,cohort,hgd,1,2025,within,25,3200.0,96.875
reader,cohort,hgd,1,2025,within,26,3328.0,98.4375
reader,cohort,hgd,1,2025,within,27,3456.0,98.4375
reader,cohort,hgd,1,2025,within,28,3584.0,98.4375
reader,cohort,hgd,1,2025,within,29,3712.0,100.0
reader,cohort,hgd,1,2025,within,30,3840.0,100.0
reader,cohort,hgd,1,2025,within,31,3968.0,100.0
reader,cohort,hgd,1,2025,within,32,4096.0,100.0
reader,cohort,hgd,1,2026,within,1,128.0,17.1875
reader,cohort,hgd,1,2026,within,2,256.0,17.1875
reader,cohort,hgd,1,2026,within,3,384.0,12.5
reader,cohort,hgd,1,2026,within,4,512.0,18.75
reader,cohort,hgd,1,2026,within,5,640.0,70.3125
reader,cohort,hgd,1,2026,within,6,768.0,81.25
reader,cohort,hgd,1,2026,within,7,896.0,89.0625
reader,cohort,hgd,1,2026,within,8,1024.0,93.75
reader,cohort,hgd,1,2026,within,9,1152.0,93.75
reader,cohort,hgd,1,2026,within,10,1280.0,93.75
reader,cohort,hgd,1,2026,within,11,1408.0,93.75
reader,cohort,hgd,1,2026,within,12,1536.0,93.75
reader,cohort,hgd,1,2026,within,13,1664.0,93.75
reader,cohort,hgd,1,2026,within,14,1792.0,92.1875
reader,cohort,hgd,1,2026,within,15,1920.0,93.75
reader,cohort,hgd,1,2026,within,16,2048.0,93.75
reader,cohort,hgd,1,2026,within,17,2176.0,95.3125
reader,cohort,hgd,1,2026,within,18,2304.0,95.3125
reader,cohort,hgd,1,2026,within,19,2432.0,95.3125
reader,cohort,hgd,1,2026,within,20,2560.0,95.3125
reader,cohort,hgd,1,2026,within,21,2688.0,95.3125
reader,cohort,hgd,1,2026,within,22,2816.0,95.3125
reader,cohort,hgd,1,2026,within,23,2944.0,95.3125
reader,cohort,hgd,1,2026,within,24,3072.0,95.3125
reader,cohort,hgd,1,2026,within,25,3200.0,96.875
reader,cohort,hgd,1,2026,within,26,3328.0,96.875
reader,cohort,hgd,1,2026,within,27,3456.0,95.3125
reader,cohort,hgd,1,2026,within,28,3584.0,98.4375
reader,cohort,hgd,1,2026,within,29,3712.0,98.4375
reader,cohort,hgd,1,2026,within,30,3840.0,98.4375
reader,cohort,hgd,1,2026,within,31,3968.0,98.4375
reader,cohort,hgd,1,2026,within,32,4096.0,98.4375
reader,cohort,hgd,1,2027,within,1,128.0,17.1875
reader,cohort,hgd,1,2027,within,2,256.0,17.1875
reader,cohort,hgd,1,2027,within,3,384.0,17.1875
reader,cohort,hgd,1,2027,within,4,512.0,17.1875
reader,cohort,hgd,1,2027,within,5,640.0,25.0
reader,cohort,hgd,1,2027,within,6,768.0,46.875
reader,cohort,hgd,1,2027,within,7,896.0,51.5625
reader,cohort,hgd,1,2027,within,8,1024.0,84.375
reader,cohort,hgd,1,2027,within,9,1152.0,84.375
reader,cohort,hgd,1,2027,within,10,1280.0,90.625
reader,cohort,hgd,1,2027,within,11,1408.0,90.625
reader,cohort,hgd,1,2027,within,12,1536.0,89.0625
reader,cohort,hgd,1,2027,within,13,1664.0,90.625
reader,cohort,hgd,1,2027,within,14,1792.0,90.625
reader,cohort,hgd,1,2027,within,15,1920.0,90.625
reader,cohort,hgd,1,2027,within,16,2048.0,95.3125
reader,cohort,hgd,1,2027,within,17,2176.0,95.3125
reader,cohort,hgd,1,2027,within,18,2304.0,95.3125
reader,cohort,hgd,1,2027,within,19,2432.0,95.3125
reader,cohort,hgd,1,2027,within,20,2560.0,95.3125
reader,cohort,hgd,1,2027,within,21,2688.0,95.3125
reader,cohort,hgd,1,2027,within,22,2816.0,95.3125
reader,cohort,hgd,1,2027,within,23,2944.0,93.75
reader,cohort,hgd,1,2027,within,24,3072.0,96.875
reader,cohort,hgd,1,2027,within,25,3200.0,96.875
reader,cohort,hgd,1,2027,within,26,3328.0,96.875
reader,cohort,hgd,1,2027,within,27,3456.0,96.875
reader,cohort,hgd,1,2027,within,28,3584.0,96.875
reader,cohort,hgd,1,2027,within,29,3712.0,96.875
reader,cohort,hgd,1,2027,within,30,3840.0,96.875
reader,cohort,hgd,1,2027,within,31,3968.0,96.875
reader,cohort,hgd,1,2027,within,32,4096.0,98.4375
reader,cohort,hgd,2,2025,within,1,128.0,22.6994
reader,cohort,hgd,2,2025,within,2,256.0,22.6994
reader,cohort,hgd,2,2025,within,3,384.0,22.6994
reader,cohort,hgd,2,2025,within,4,512.0,24.5399
reader,cohort,hgd,2,2025,within,5,640.0,47.2393
reader,cohort,hgd,2,2025,within,6,768.0,64.4172
reader,cohort,hgd,2,2025,within,7,896.0,80.9816
reader,cohort,hgd,2,2025,within,8,1024.0,88.3436
reader,cohort,hgd,2,2025,within,9,1152.0,91.411
reader,cohort,hgd,2,2025,within,10,1280.0,92.638
reader,cohort,hgd,2,2025,within,11,1408.0,93.2515
reader,cohort,hgd,2,2025,within,12,1536.0,93.865
reader,cohort,hgd,2,2025,within,13,1664.0,92.0245
reader,cohort,hgd,2,2025,within,14,1792.0,93.865
reader,cohort,hgd,2,2025,within,15,1920.0,93.2515
reader,cohort,hgd,2,2025,within,16,2048.0,93.865
reader,cohort,hgd,2,2025,within,17,2176.0,94.4785
reader,cohort,hgd,2,2025,within,18,2304.0,94.4785
reader,cohort,hgd,2,2025,within,19,2432.0,94.4785
reader,cohort,hgd,2,2025,within,20,2560.0,94.4785
reader,cohort,hgd,2,2025,within,21,2688.0,94.4785
reader,cohort,hgd,2,2025,within,22,2816.0,93.865
reader,cohort,hgd,2,2025,within,23,2944.0,94.4785
reader,cohort,hgd,2,2025,within,24,3072.0,93.2515
reader,cohort,hgd,2,2025,within,25,3200.0,93.2515
reader,cohort,hgd,2,2025,within,26,3328.0,93.865
reader,cohort,hgd,2,2025,within,27,3456.0,93.865
reader,cohort,hgd,2,2025,within,28,3584.0,93.865
reader,cohort,hgd,2,2025,within,29,3712.0,95.092
reader,cohort,hgd,2,2025,within,30,3840.0,93.865
reader,cohort,hgd,2,2025,within,31,3968.0,93.865
reader,cohort,hgd,2,2025,within,32,4096.0,94.4785
reader,cohort,hgd,2,2026,within,1,128.0,22.6994
reader,cohort,hgd,2,2026,within,2,256.0,22.6994
reader,cohort,hgd,2,2026,within,3,384.0,22.6994
reader,cohort,hgd,2,2026,within,4,512.0,23.9264
reader,cohort,hgd,2,2026,within,5,640.0,38.6503
reader,cohort,hgd,2,2026,within,6,768.0,54.6012
reader,cohort,hgd,2,2026,within,7,896.0,68.0982
reader,cohort,hgd,2,2026,within,8,1024.0,91.411
reader,cohort,hgd,2,2026,within,9,1152.0,92.638
reader,cohort,hgd,2,2026,within,10,1280.0,93.865
reader,cohort,hgd,2,2026,within,11,1408.0,93.865
reader,cohort,hgd,2,2026,within,12,1536.0,94.4785
reader,cohort,hgd,2,2026,within,13,1664.0,94.4785
reader,cohort,hgd,2,2026,within,14,1792.0,95.092
reader,cohort,hgd,2,2026,within,15,1920.0,95.092
reader,cohort,hgd,2,2026,within,16,2048.0,95.092
reader,cohort,hgd,2,2026,within,17,2176.0,95.092
reader,cohort,hgd,2,2026,within,18,2304.0,95.092
reader,cohort,hgd,2,2026,within,19,2432.0,95.092
reader,cohort,hgd,2,2026,within,20,2560.0,95.092
reader,cohort,hgd,2,2026,within,21,2688.0,93.865
reader,cohort,hgd,2,2026,within,22,2816.0,93.865
reader,cohort,hgd,2,2026,within,23,2944.0,94.4785
reader,cohort,hgd,2,2026,within,24,3072.0,93.865
reader,cohort,hgd,2,2026,within,25,3200.0,93.2515
reader,cohort,hgd,2,2026,within,26,3328.0,93.2515
reader,cohort,hgd,2,2026,within,27,3456.0,93.2515
reader,cohort,hgd,2,2026,within,28,3584.0,92.638
reader,cohort,hgd,2,2026,within,29,3712.0,92.0245
reader,cohort,hgd,2,2026,within,30,3840.0,93.865
reader,cohort,hgd,2,2026,within,31,3968.0,93.2515
reader,cohort,hgd,2,2026,within,32,4096.0,92.638
reader,cohort,hgd,2,2027,within,1,128.0,22.6994
reader,cohort,hgd,2,2027,within,2,256.0,22.0859
reader,cohort,hgd,2,2027,within,3,384.0,22.0859
reader,cohort,hgd,2,2027,within,4,512.0,23.9264
reader,cohort,hgd,2,2027,within,5,640.0,44.7853
reader,cohort,hgd,2,2027,within,6,768.0,53.3742
reader,cohort,hgd,2,2027,within,7,896.0,73.0061
reader,cohort,hgd,2,2027,within,8,1024.0,88.3436
reader,cohort,hgd,2,2027,within,9,1152.0,88.3436
reader,cohort,hgd,2,2027,within,10,1280.0,87.1166
reader,cohort,hgd,2,2027,within,11,1408.0,87.7301
reader,cohort,hgd,2,2027,within,12,1536.0,88.3436
reader,cohort,hgd,2,2027,within,13,1664.0,92.0245
reader,cohort,hgd,2,2027,within,14,1792.0,92.638
reader,cohort,hgd,2,2027,within,15,1920.0,93.865
reader,cohort,hgd,2,2027,within,16,2048.0,95.092
reader,cohort,hgd,2,2027,within,17,2176.0,94.4785
reader,cohort,hgd,2,2027,within,18,2304.0,94.4785
reader,cohort,hgd,2,2027,within,19,2432.0,94.4785
reader,cohort,hgd,2,2027,within,20,2560.0,94.4785
reader,cohort,hgd,2,2027,within,21,2688.0,95.092
reader,cohort,hgd,2,2027,within,22,2816.0,94.4785
reader,cohort,hgd,2,2027,within,23,2944.0,94.4785
reader,cohort,hgd,2,2027,within,24,3072.0,94.4785
reader,cohort,hgd,2,2027,within,25,3200.0,95.7055
reader,cohort,hgd,2,2027,within,26,3328.0,95.7055
reader,cohort,hgd,2,2027,within,27,3456.0,94.4785
reader,cohort,hgd,2,2027,within,28,3584.0,93.865
reader,cohort,hgd,2,2027,within,29,3712.0,94.4785
reader,cohort,hgd,2,2027,within,30,3840.0,94.4785
reader,cohort,hgd,2,2027,within,31,3968.0,94.4785
reader,cohort,hgd,2,2027,within,32,4096.0,94.4785
reader,cohort,hgd,3,2025,within,1,128.0,22.7273
reader,cohort,hgd,3,2025,within,2,256.0,22.7273
reader,cohort,hgd,3,2025,within,3,384.0,22.7273
reader,cohort,hgd,3,2025,within,4,512.0,26.7045
reader,cohort,hgd,3,2025,within,5,640.0,59.6591
reader,cohort,hgd,3,2025,within,6,768.0,80.6818
reader,cohort,hgd,3,2025,within,7,896.0,90.3409
reader,cohort,hgd,3,2025,within,8,1024.0,97.1591
reader,cohort,hgd,3,2025,within,9,1152.0,96.0227
reader,cohort,hgd,3,2025,within,10,1280.0,96.5909
reader,cohort,hgd,3,2025,within,11,1408.0,97.7273
reader,cohort,hgd,3,2025,within,12,1536.0,96.5909
reader,cohort,hgd,3,2025,within,13,1664.0,96.5909
reader,cohort,hgd,3,2025,within,14,1792.0,95.4545
reader,cohort,hgd,3,2025,within,15,1920.0,96.0227
reader,cohort,hgd,3,2025,within,16,2048.0,96.0227
reader,cohort,hgd,3,2025,within,17,2176.0,96.0227
reader,cohort,hgd,3,2025,within,18,2304.0,96.5909
reader,cohort,hgd,3,2025,within,19,2432.0,96.5909
reader,cohort,hgd,3,2025,within,20,2560.0,96.5909
reader,cohort,hgd,3,2025,within,21,2688.0,96.5909
reader,cohort,hgd,3,2025,within,22,2816.0,96.5909
reader,cohort,hgd,3,2025,within,23,2944.0,96.5909
reader,cohort,hgd,3,2025,within,24,3072.0,96.5909
reader,cohort,hgd,3,2025,within,25,3200.0,97.1591
reader,cohort,hgd,3,2025,within,26,3328.0,97.1591
reader,cohort,hgd,3,2025,within,27,3456.0,97.1591
reader,cohort,hgd,3,2025,within,28,3584.0,97.7273
reader,cohort,hgd,3,2025,within,29,3712.0,97.1591
reader,cohort,hgd,3,2025,within,30,3840.0,97.7273
reader,cohort,hgd,3,2025,within,31,3968.0,98.2955
reader,cohort,hgd,3,2025,within,32,4096.0,98.2955
reader,cohort,hgd,3,2026,within,1,128.0,21.5909
reader,cohort,hgd,3,2026,within,2,256.0,19.8864
reader,cohort,hgd,3,2026,within,3,384.0,22.1591
reader,cohort,hgd,3,2026,within,4,512.0,41.4773
reader,cohort,hgd,3,2026,within,5,640.0,75.0
reader,cohort,hgd,3,2026,within,6,768.0,82.3864
reader,cohort,hgd,3,2026,within,7,896.0,92.6136
reader,cohort,hgd,3,2026,within,8,1024.0,97.7273
reader,cohort,hgd,3,2026,within,9,1152.0,96.5909
reader,cohort,hgd,3,2026,within,10,1280.0,96.0227
reader,cohort,hgd,3,2026,within,11,1408.0,96.0227
reader,cohort,hgd,3,2026,within,12,1536.0,96.5909
reader,cohort,hgd,3,2026,within,13,1664.0,96.5909
reader,cohort,hgd,3,2026,within,14,1792.0,96.0227
reader,cohort,hgd,3,2026,within,15,1920.0,96.5909
reader,cohort,hgd,3,2026,within,16,2048.0,96.5909
reader,cohort,hgd,3,2026,within,17,2176.0,96.5909
reader,cohort,hgd,3,2026,within,18,2304.0,96.5909
reader,cohort,hgd,3,2026,within,19,2432.0,96.5909
reader,cohort,hgd,3,2026,within,20,2560.0,97.1591
reader,cohort,hgd,3,2026,within,21,2688.0,96.5909
reader,cohort,hgd,3,2026,within,22,2816.0,96.5909
reader,cohort,hgd,3,2026,within,23,2944.0,96.5909
reader,cohort,hgd,3,2026,within,24,3072.0,96.5909
reader,cohort,hgd,3,2026,within,25,3200.0,97.1591
reader,cohort,hgd,3,2026,within,26,3328.0,97.1591
reader,cohort,hgd,3,2026,within,27,3456.0,97.1591
reader,cohort,hgd,3,2026,within,28,3584.0,97.1591
reader,cohort,hgd,3,2026,within,29,3712.0,97.7273
reader,cohort,hgd,3,2026,within,30,3840.0,97.7273
reader,cohort,hgd,3,2026,within,31,3968.0,97.7273
reader,cohort,hgd,3,2026,within,32,4096.0,97.7273
reader,cohort,hgd,3,2027,within,1,128.0,22.7273
reader,cohort,hgd,3,2027,within,2,256.0,22.7273
reader,cohort,hgd,3,2027,within,3,384.0,22.7273
reader,cohort,hgd,3,2027,within,4,512.0,22.7273
reader,cohort,hgd,3,2027,within,5,640.0,34.6591
reader,cohort,hgd,3,2027,within,6,768.0,66.4773
reader,cohort,hgd,3,2027,within,7,896.0,76.7045
reader,cohort,hgd,3,2027,within,8,1024.0,94.8864
reader,cohort,hgd,3,2027,within,9,1152.0,95.4545
reader,cohort,hgd,3,2027,within,10,1280.0,96.5909
reader,cohort,hgd,3,2027,within,11,1408.0,96.5909
reader,cohort,hgd,3,2027,within,12,1536.0,95.4545
reader,cohort,hgd,3,2027,within,13,1664.0,96.0227
reader,cohort,hgd,3,2027,within,14,1792.0,96.5909
reader,cohort,hgd,3,2027,within,15,1920.0,96.0227
reader,cohort,hgd,3,2027,within,16,2048.0,96.0227
reader,cohort,hgd,3,2027,within,17,2176.0,96.5909
reader,cohort,hgd,3,2027,within,18,2304.0,95.4545
reader,cohort,hgd,3,2027,within,19,2432.0,98.2955
reader,cohort,hgd,3,2027,within,20,2560.0,97.7273
reader,cohort,hgd,3,2027,within,21,2688.0,97.1591
reader,cohort,hgd,3,2027,within,22,2816.0,96.5909
reader,cohort,hgd,3,2027,within,23,2944.0,97.1591
reader,cohort,hgd,3,2027,within,24,3072.0,97.7273
reader,cohort,hgd,3,2027,within,25,3200.0,97.7273
reader,cohort,hgd,3,2027,within,26,3328.0,97.7273
reader,cohort,hgd,3,2027,within,27,3456.0,97.7273
reader,cohort,hgd,3,2027,within,28,3584.0,98.2955
reader,cohort,hgd,3,2027,within,29,3712.0,98.2955
reader,cohort,hgd,3,2027,within,30,3840.0,97.7273
reader,cohort,hgd,3,2027,within,31,3968.0,98.2955
reader,cohort,hgd,3,2027,within,32,4096.0,97.7273
reader,cohort,hgd,4,2025,within,1,128.0,18.8889
reader,cohort,hgd,4,2025,within,2,256.0,19.4444
reader,cohort,hgd,4,2025,within,3,384.0,18.8889
reader,cohort,hgd,4,2025,within,4,512.0,18.3333
reader,cohort,hgd,4,2025,within,5,640.0,18.8889
reader,cohort,hgd,4,2025,within,6,768.0,30.5556
reader,cohort,hgd,4,2025,within,7,896.0,48.3333
reader,cohort,hgd,4,2025,within,8,1024.0,48.3333
reader,cohort,hgd,4,2025,within,9,1152.0,67.7778
reader,cohort,hgd,4,2025,within,10,1280.0,68.8889
reader,cohort,hgd,4,2025,within,11,1408.0,73.8889
reader,cohort,hgd,4,2025,within,12,1536.0,78.8889
reader,cohort,hgd,4,2025,within,13,1664.0,86.1111
reader,cohort,hgd,4,2025,within,14,1792.0,87.7778
reader,cohort,hgd,4,2025,within,15,1920.0,89.4444
reader,cohort,hgd,4,2025,within,16,2048.0,91.6667
reader,cohort,hgd,4,2025,within,17,2176.0,93.3333
reader,cohort,hgd,4,2025,within,18,2304.0,95.0
reader,cohort,hgd,4,2025,within,19,2432.0,93.8889
reader,cohort,hgd,4,2025,within,20,2560.0,95.0
reader,cohort,hgd,4,2025,within,21,2688.0,96.1111
reader,cohort,hgd,4,2025,within,22,2816.0,97.7778
reader,cohort,hgd,4,2025,within,23,2944.0,95.5556
reader,cohort,hgd,4,2025,within,24,3072.0,96.6667
reader,cohort,hgd,4,2025,within,25,3200.0,97.2222
reader,cohort,hgd,4,2025,within,26,3328.0,97.2222
reader,cohort,hgd,4,2025,within,27,3456.0,97.7778
reader,cohort,hgd,4,2025,within,28,3584.0,97.7778
reader,cohort,hgd,4,2025,within,29,3712.0,97.2222
reader,cohort,hgd,4,2025,within,30,3840.0,97.2222
reader,cohort,hgd,4,2025,within,31,3968.0,97.2222
reader,cohort,hgd,4,2025,within,32,4096.0,97.7778
reader,cohort,hgd,4,2026,within,1,128.0,25.5556
reader,cohort,hgd,4,2026,within,2,256.0,24.4444
reader,cohort,hgd,4,2026,within,3,384.0,22.2222
reader,cohort,hgd,4,2026,within,4,512.0,20.0
reader,cohort,hgd,4,2026,within,5,640.0,27.7778
reader,cohort,hgd,4,2026,within,6,768.0,41.6667
reader,cohort,hgd,4,2026,within,7,896.0,63.8889
reader,cohort,hgd,4,2026,within,8,1024.0,68.3333
reader,cohort,hgd,4,2026,within,9,1152.0,78.8889
reader,cohort,hgd,4,2026,within,10,1280.0,82.2222
reader,cohort,hgd,4,2026,within,11,1408.0,88.3333
reader,cohort,hgd,4,2026,within,12,1536.0,88.8889
reader,cohort,hgd,4,2026,within,13,1664.0,92.2222
reader,cohort,hgd,4,2026,within,14,1792.0,93.8889
reader,cohort,hgd,4,2026,within,15,1920.0,93.3333
reader,cohort,hgd,4,2026,within,16,2048.0,94.4444
reader,cohort,hgd,4,2026,within,17,2176.0,95.0
reader,cohort,hgd,4,2026,within,18,2304.0,95.0
reader,cohort,hgd,4,2026,within,19,2432.0,95.5556
reader,cohort,hgd,4,2026,within,20,2560.0,97.2222
reader,cohort,hgd,4,2026,within,21,2688.0,97.7778
reader,cohort,hgd,4,2026,within,22,2816.0,98.3333
reader,cohort,hgd,4,2026,within,23,2944.0,98.3333
reader,cohort,hgd,4,2026,within,24,3072.0,98.3333
reader,cohort,hgd,4,2026,within,25,3200.0,98.3333
reader,cohort,hgd,4,2026,within,26,3328.0,98.3333
reader,cohort,hgd,4,2026,within,27,3456.0,98.3333
reader,cohort,hgd,4,2026,within,28,3584.0,98.3333
reader,cohort,hgd,4,2026,within,29,3712.0,98.3333
reader,cohort,hgd,4,2026,within,30,3840.0,97.7778
reader,cohort,hgd,4,2026,within,31,3968.0,98.3333
reader,cohort,hgd,4,2026,within,32,4096.0,98.3333
reader,cohort,hgd,4,2027,within,1,128.0,28.3333
reader,cohort,hgd,4,2027,within,2,256.0,28.3333
reader,cohort,hgd,4,2027,within,3,384.0,28.8889
reader,cohort,hgd,4,2027,within,4,512.0,28.8889
reader,cohort,hgd,4,2027,within,5,640.0,28.8889
reader,cohort,hgd,4,2027,within,6,768.0,31.6667
reader,cohort,hgd,4,2027,within,7,896.0,42.7778
reader,cohort,hgd,4,2027,within,8,1024.0,52.2222
reader,cohort,hgd,4,2027,within,9,1152.0,50.5556
reader,cohort,hgd,4,2027,within,10,1280.0,58.3333
reader,cohort,hgd,4,2027,within,11,1408.0,62.2222
reader,cohort,hgd,4,2027,within,12,1536.0,70.5556
reader,cohort,hgd,4,2027,within,13,1664.0,71.6667
reader,cohort,hgd,4,2027,within,14,1792.0,76.6667
reader,cohort,hgd,4,2027,within,15,1920.0,71.6667
reader,cohort,hgd,4,2027,within,16,2048.0,83.8889
reader,cohort,hgd,4,2027,within,17,2176.0,91.1111
reader,cohort,hgd,4,2027,within,18,2304.0,93.8889
reader,cohort,hgd,4,2027,within,19,2432.0,93.3333
reader,cohort,hgd,4,2027,within,20,2560.0,95.5556
reader,cohort,hgd,4,2027,within,21,2688.0,96.1111
reader,cohort,hgd,4,2027,within,22,2816.0,97.2222
reader,cohort,hgd,4,2027,within,23,2944.0,97.2222
reader,cohort,hgd,4,2027,within,24,3072.0,96.6667
reader,cohort,hgd,4,2027,within,25,3200.0,96.6667
reader,cohort,hgd,4,2027,within,26,3328.0,96.6667
reader,cohort,hgd,4,2027,within,27,3456.0,96.6667
reader,cohort,hgd,4,2027,within,28,3584.0,97.2222
reader,cohort,hgd,4,2027,within,29,3712.0,96.6667
reader,cohort,hgd,4,2027,within,30,3840.0,96.6667
reader,cohort,hgd,4,2027,within,31,3968.0,97.2222
reader,cohort,hgd,4,2027,within,32,4096.0,96.6667
reader,cohort,hgd,5,2025,within,1,128.0,28.4722
reader,cohort,hgd,5,2025,within,2,256.0,28.4722
reader,cohort,hgd,5,2025,within,3,384.0,28.4722
reader,cohort,hgd,5,2025,within,4,512.0,28.4722
reader,cohort,hgd,5,2025,within,5,640.0,28.4722
reader,cohort,hgd,5,2025,within,6,768.0,28.4722
reader,cohort,hgd,5,2025,within,7,896.0,29.1667
reader,cohort,hgd,5,2025,within,8,1024.0,81.25
reader,cohort,hgd,5,2025,within,9,1152.0,86.8056
reader,cohort,hgd,5,2025,within,10,1280.0,89.5833
reader,cohort,hgd,5,2025,within,11,1408.0,91.6667
reader,cohort,hgd,5,2025,within,12,1536.0,93.0556
reader,cohort,hgd,5,2025,within,13,1664.0,94.4444
reader,cohort,hgd,5,2025,within,14,1792.0,94.4444
reader,cohort,hgd,5,2025,within,15,1920.0,95.8333
reader,cohort,hgd,5,2025,within,16,2048.0,95.8333
reader,cohort,hgd,5,2025,within,17,2176.0,96.5278
reader,cohort,hgd,5,2025,within,18,2304.0,96.5278
reader,cohort,hgd,5,2025,within,19,2432.0,96.5278
reader,cohort,hgd,5,2025,within,20,2560.0,97.9167
reader,cohort,hgd,5,2025,within,21,2688.0,97.9167
reader,cohort,hgd,5,2025,within,22,2816.0,97.2222
reader,cohort,hgd,5,2025,within,23,2944.0,97.2222
reader,cohort,hgd,5,2025,within,24,3072.0,97.9167
reader,cohort,hgd,5,2025,within,25,3200.0,97.9167
reader,cohort,hgd,5,2025,within,26,3328.0,96.5278
reader,cohort,hgd,5,2025,within,27,3456.0,98.6111
reader,cohort,hgd,5,2025,within,28,3584.0,97.9167
reader,cohort,hgd,5,2025,within,29,3712.0,97.2222
reader,cohort,hgd,5,2025,within,30,3840.0,97.2222
reader,cohort,hgd,5,2025,within,31,3968.0,97.9167
reader,cohort,hgd,5,2025,within,32,4096.0,97.2222
reader,cohort,hgd,5,2026,within,1,128.0,28.4722
reader,cohort,hgd,5,2026,within,2,256.0,28.4722
reader,cohort,hgd,5,2026,within,3,384.0,28.4722
reader,cohort,hgd,5,2026,within,4,512.0,28.4722
reader,cohort,hgd,5,2026,within,5,640.0,28.4722
reader,cohort,hgd,5,2026,within,6,768.0,28.4722
reader,cohort,hgd,5,2026,within,7,896.0,63.8889
reader,cohort,hgd,5,2026,within,8,1024.0,81.9444
reader,cohort,hgd,5,2026,within,9,1152.0,86.8056
reader,cohort,hgd,5,2026,within,10,1280.0,89.5833
reader,cohort,hgd,5,2026,within,11,1408.0,92.3611
reader,cohort,hgd,5,2026,within,12,1536.0,92.3611
reader,cohort,hgd,5,2026,within,13,1664.0,94.4444
reader,cohort,hgd,5,2026,within,14,1792.0,95.8333
reader,cohort,hgd,5,2026,within,15,1920.0,95.8333
reader,cohort,hgd,5,2026,within,16,2048.0,95.8333
reader,cohort,hgd,5,2026,within,17,2176.0,96.5278
reader,cohort,hgd,5,2026,within,18,2304.0,95.8333
reader,cohort,hgd,5,2026,within,19,2432.0,95.8333
reader,cohort,hgd,5,2026,within,20,2560.0,97.9167
reader,cohort,hgd,5,2026,within,21,2688.0,96.5278
reader,cohort,hgd,5,2026,within,22,2816.0,97.2222
reader,cohort,hgd,5,2026,within,23,2944.0,97.2222
reader,cohort,hgd,5,2026,within,24,3072.0,97.2222
reader,cohort,hgd,5,2026,within,25,3200.0,97.2222
reader,cohort,hgd,5,2026,within,26,3328.0,97.9167
reader,cohort,hgd,5,2026,within,27,3456.0,97.2222
reader,cohort,hgd,5,2026,within,28,3584.0,97.2222
reader,cohort,hgd,5,2026,within,29,3712.0,97.9167
reader,cohort,hgd,5,2026,within,30,3840.0,96.5278
reader,cohort,hgd,5,2026,within,31,3968.0,97.2222
reader,cohort,hgd,5,2026,within,32,4096.0,97.2222
reader,cohort,hgd,5,2027,within,1,128.0,28.4722
reader,cohort,hgd,5,2027,within,2,256.0,28.4722
reader,cohort,hgd,5,2027,within,3,384.0,28.4722
reader,cohort,hgd,5,2027,within,4,512.0,28.4722
reader,cohort,hgd,5,2027,within,5,640.0,28.4722
reader,cohort,hgd,5,2027,within,6,768.0,28.4722
reader,cohort,hgd,5,2027,within,7,896.0,30.5556
reader,cohort,hgd,5,2027,within,8,1024.0,72.2222
reader,cohort,hgd,5,2027,within,9,1152.0,86.8056
reader,cohort,hgd,5,2027,within,10,1280.0,88.1944
reader,cohort,hgd,5,2027,within,11,1408.0,92.3611
reader,cohort,hgd,5,2027,within,12,1536.0,93.0556
reader,cohort,hgd,5,2027,within,13,1664.0,93.75
reader,cohort,hgd,5,2027,within,14,1792.0,94.4444
reader,cohort,hgd,5,2027,within,15,1920.0,93.75
reader,cohort,hgd,5,2027,within,16,2048.0,95.1389
reader,cohort,hgd,5,2027,within,17,2176.0,96.5278
reader,cohort,hgd,5,2027,within,18,2304.0,95.8333
reader,cohort,hgd,5,2027,within,19,2432.0,96.5278
reader,cohort,hgd,5,2027,within,20,2560.0,97.2222
reader,cohort,hgd,5,2027,within,21,2688.0,97.2222
reader,cohort,hgd,5,2027,within,22,2816.0,97.2222
reader,cohort,hgd,5,2027,within,23,2944.0,97.2222
reader,cohort,hgd,5,2027,within,24,3072.0,97.2222
reader,cohort,hgd,5,2027,within,25,3200.0,97.2222
reader,cohort,hgd,5,2027,within,26,3328.0,98.6111
reader,cohort,hgd,5,2027,within,27,3456.0,97.2222
reader,cohort,hgd,5,2027,within,28,3584.0,98.6111
reader,cohort,hgd,5,2027,within,29,3712.0,97.9167
reader,cohort,hgd,5,2027,within,30,3840.0,97.9167
reader,cohort,hgd,5,2027,within,31,3968.0,97.9167
reader,cohort,hgd,5,2027,within,32,4096.0,97.9167
reader,cohort,hgd,6,2025,within,1,128.0,22.1591
reader,cohort,hgd,6,2025,within,2,256.0,22.1591
reader,cohort,hgd,6,2025,within,3,384.0,22.1591
reader,cohort,hgd,6,2025,within,4,512.0,24.4318
reader,cohort,hgd,6,2025,within,5,640.0,39.7727
reader,cohort,hgd,6,2025,within,6,768.0,51.7045
reader,cohort,hgd,6,2025,within,7,896.0,59.6591
reader,cohort,hgd,6,2025,within,8,1024.0,76.7045
reader,cohort,hgd,6,2025,within,9,1152.0,79.5455
reader,cohort,hgd,6,2025,within,10,1280.0,81.8182
reader,cohort,hgd,6,2025,within,11,1408.0,83.5227
reader,cohort,hgd,6,2025,within,12,1536.0,86.9318
reader,cohort,hgd,6,2025,within,13,1664.0,87.5
reader,cohort,hgd,6,2025,within,14,1792.0,89.7727
reader,cohort,hgd,6,2025,within,15,1920.0,89.2045
reader,cohort,hgd,6,2025,within,16,2048.0,92.0455
reader,cohort,hgd,6,2025,within,17,2176.0,92.6136
reader,cohort,hgd,6,2025,within,18,2304.0,92.6136
reader,cohort,hgd,6,2025,within,19,2432.0,94.3182
reader,cohort,hgd,6,2025,within,20,2560.0,94.8864
reader,cohort,hgd,6,2025,within,21,2688.0,93.75
reader,cohort,hgd,6,2025,within,22,2816.0,95.4545
reader,cohort,hgd,6,2025,within,23,2944.0,96.5909
reader,cohort,hgd,6,2025,within,24,3072.0,96.0227
reader,cohort,hgd,6,2025,within,25,3200.0,94.8864
reader,cohort,hgd,6,2025,within,26,3328.0,96.5909
reader,cohort,hgd,6,2025,within,27,3456.0,95.4545
reader,cohort,hgd,6,2025,within,28,3584.0,98.2955
reader,cohort,hgd,6,2025,within,29,3712.0,96.0227
reader,cohort,hgd,6,2025,within,30,3840.0,96.0227
reader,cohort,hgd,6,2025,within,31,3968.0,96.5909
reader,cohort,hgd,6,2025,within,32,4096.0,98.2955
reader,cohort,hgd,6,2026,within,1,128.0,22.1591
reader,cohort,hgd,6,2026,within,2,256.0,22.1591
reader,cohort,hgd,6,2026,within,3,384.0,22.1591
reader,cohort,hgd,6,2026,within,4,512.0,39.2045
reader,cohort,hgd,6,2026,within,5,640.0,51.1364
reader,cohort,hgd,6,2026,within,6,768.0,59.6591
reader,cohort,hgd,6,2026,within,7,896.0,64.7727
reader,cohort,hgd,6,2026,within,8,1024.0,70.4545
reader,cohort,hgd,6,2026,within,9,1152.0,70.4545
reader,cohort,hgd,6,2026,within,10,1280.0,78.9773
reader,cohort,hgd,6,2026,within,11,1408.0,81.25
reader,cohort,hgd,6,2026,within,12,1536.0,82.3864
reader,cohort,hgd,6,2026,within,13,1664.0,81.25
reader,cohort,hgd,6,2026,within,14,1792.0,85.2273
reader,cohort,hgd,6,2026,within,15,1920.0,86.3636
reader,cohort,hgd,6,2026,within,16,2048.0,89.2045
reader,cohort,hgd,6,2026,within,17,2176.0,90.3409
reader,cohort,hgd,6,2026,within,18,2304.0,92.0455
reader,cohort,hgd,6,2026,within,19,2432.0,92.0455
reader,cohort,hgd,6,2026,within,20,2560.0,92.6136
reader,cohort,hgd,6,2026,within,21,2688.0,92.0455
reader,cohort,hgd,6,2026,within,22,2816.0,93.1818
reader,cohort,hgd,6,2026,within,23,2944.0,93.75
reader,cohort,hgd,6,2026,within,24,3072.0,93.75
reader,cohort,hgd,6,2026,within,25,3200.0,93.75
reader,cohort,hgd,6,2026,within,26,3328.0,94.8864
reader,cohort,hgd,6,2026,within,27,3456.0,94.8864
reader,cohort,hgd,6,2026,within,28,3584.0,94.3182
reader,cohort,hgd,6,2026,within,29,3712.0,94.8864
reader,cohort,hgd,6,2026,within,30,3840.0,94.8864
reader,cohort,hgd,6,2026,within,31,3968.0,94.8864
reader,cohort,hgd,6,2026,within,32,4096.0,96.0227
reader,cohort,hgd,6,2027,within,1,128.0,25.5682
reader,cohort,hgd,6,2027,within,2,256.0,25.5682
reader,cohort,hgd,6,2027,within,3,384.0,25.5682
reader,cohort,hgd,6,2027,within,4,512.0,31.25
reader,cohort,hgd,6,2027,within,5,640.0,44.3182
reader,cohort,hgd,6,2027,within,6,768.0,53.9773
reader,cohort,hgd,6,2027,within,7,896.0,59.0909
reader,cohort,hgd,6,2027,within,8,1024.0,65.9091
reader,cohort,hgd,6,2027,within,9,1152.0,71.5909
reader,cohort,hgd,6,2027,within,10,1280.0,72.1591
reader,cohort,hgd,6,2027,within,11,1408.0,71.5909
reader,cohort,hgd,6,2027,within,12,1536.0,78.4091
reader,cohort,hgd,6,2027,within,13,1664.0,77.8409
reader,cohort,hgd,6,2027,within,14,1792.0,81.8182
reader,cohort,hgd,6,2027,within,15,1920.0,78.9773
reader,cohort,hgd,6,2027,within,16,2048.0,88.0682
reader,cohort,hgd,6,2027,within,17,2176.0,88.6364
reader,cohort,hgd,6,2027,within,18,2304.0,88.0682
reader,cohort,hgd,6,2027,within,19,2432.0,88.0682
reader,cohort,hgd,6,2027,within,20,2560.0,90.9091
reader,cohort,hgd,6,2027,within,21,2688.0,92.6136
reader,cohort,hgd,6,2027,within,22,2816.0,92.0455
reader,cohort,hgd,6,2027,within,23,2944.0,92.6136
reader,cohort,hgd,6,2027,within,24,3072.0,93.75
reader,cohort,hgd,6,2027,within,25,3200.0,94.3182
reader,cohort,hgd,6,2027,within,26,3328.0,94.3182
reader,cohort,hgd,6,2027,within,27,3456.0,94.3182
reader,cohort,hgd,6,2027,within,28,3584.0,95.4545
reader,cohort,hgd,6,2027,within,29,3712.0,94.3182
reader,cohort,hgd,6,2027,within,30,3840.0,93.75
reader,cohort,hgd,6,2027,within,31,3968.0,94.8864
reader,cohort,hgd,6,2027,within,32,4096.0,97.1591
reader,cohort,hgd,7,2025,within,1,128.0,28.4091
reader,cohort,hgd,7,2025,within,2,256.0,27.8409
reader,cohort,hgd,7,2025,within,3,384.0,28.4091
reader,cohort,hgd,7,2025,within,4,512.0,31.8182
reader,cohort,hgd,7,2025,within,5,640.0,31.8182
reader,cohort,hgd,7,2025,within,6,768.0,63.0682
reader,cohort,hgd,7,2025,within,7,896.0,69.3182
reader,cohort,hgd,7,2025,within,8,1024.0,75.0
reader,cohort,hgd,7,2025,within,9,1152.0,76.7045
reader,cohort,hgd,7,2025,within,10,1280.0,80.1136
reader,cohort,hgd,7,2025,within,11,1408.0,84.0909
reader,cohort,hgd,7,2025,within,12,1536.0,84.6591
reader,cohort,hgd,7,2025,within,13,1664.0,86.3636
reader,cohort,hgd,7,2025,within,14,1792.0,86.3636
reader,cohort,hgd,7,2025,within,15,1920.0,86.3636
reader,cohort,hgd,7,2025,within,16,2048.0,86.9318
reader,cohort,hgd,7,2025,within,17,2176.0,90.9091
reader,cohort,hgd,7,2025,within,18,2304.0,91.4773
reader,cohort,hgd,7,2025,within,19,2432.0,92.0455
reader,cohort,hgd,7,2025,within,20,2560.0,93.1818
reader,cohort,hgd,7,2025,within,21,2688.0,94.3182
reader,cohort,hgd,7,2025,within,22,2816.0,96.0227
reader,cohort,hgd,7,2025,within,23,2944.0,96.0227
reader,cohort,hgd,7,2025,within,24,3072.0,95.4545
reader,cohort,hgd,7,2025,within,25,3200.0,96.0227
reader,cohort,hgd,7,2025,within,26,3328.0,96.0227
reader,cohort,hgd,7,2025,within,27,3456.0,95.4545
reader,cohort,hgd,7,2025,within,28,3584.0,95.4545
reader,cohort,hgd,7,2025,within,29,3712.0,95.4545
reader,cohort,hgd,7,2025,within,30,3840.0,94.8864
reader,cohort,hgd,7,2025,within,31,3968.0,95.4545
reader,cohort,hgd,7,2025,within,32,4096.0,95.4545
reader,cohort,hgd,7,2026,within,1,128.0,24.4318
reader,cohort,hgd,7,2026,within,2,256.0,24.4318
reader,cohort,hgd,7,2026,within,3,384.0,24.4318
reader,cohort,hgd,7,2026,within,4,512.0,25.5682
reader,cohort,hgd,7,2026,within,5,640.0,28.4091
reader,cohort,hgd,7,2026,within,6,768.0,30.1136
reader,cohort,hgd,7,2026,within,7,896.0,61.9318
reader,cohort,hgd,7,2026,within,8,1024.0,75.0
reader,cohort,hgd,7,2026,within,9,1152.0,76.1364
reader,cohort,hgd,7,2026,within,10,1280.0,77.2727
reader,cohort,hgd,7,2026,within,11,1408.0,82.9545
reader,cohort,hgd,7,2026,within,12,1536.0,84.6591
reader,cohort,hgd,7,2026,within,13,1664.0,88.0682
reader,cohort,hgd,7,2026,within,14,1792.0,87.5
reader,cohort,hgd,7,2026,within,15,1920.0,89.7727
reader,cohort,hgd,7,2026,within,16,2048.0,91.4773
reader,cohort,hgd,7,2026,within,17,2176.0,92.6136
reader,cohort,hgd,7,2026,within,18,2304.0,93.1818
reader,cohort,hgd,7,2026,within,19,2432.0,93.75
reader,cohort,hgd,7,2026,within,20,2560.0,94.3182
reader,cohort,hgd,7,2026,within,21,2688.0,94.8864
reader,cohort,hgd,7,2026,within,22,2816.0,94.8864
reader,cohort,hgd,7,2026,within,23,2944.0,94.3182
reader,cohort,hgd,7,2026,within,24,3072.0,94.3182
reader,cohort,hgd,7,2026,within,25,3200.0,94.3182
reader,cohort,hgd,7,2026,within,26,3328.0,95.4545
reader,cohort,hgd,7,2026,within,27,3456.0,94.8864
reader,cohort,hgd,7,2026,within,28,3584.0,95.4545
reader,cohort,hgd,7,2026,within,29,3712.0,94.3182
reader,cohort,hgd,7,2026,within,30,3840.0,95.4545
reader,cohort,hgd,7,2026,within,31,3968.0,95.4545
reader,cohort,hgd,7,2026,within,32,4096.0,96.0227
reader,cohort,hgd,7,2027,within,1,128.0,24.4318
reader,cohort,hgd,7,2027,within,2,256.0,24.4318
reader,cohort,hgd,7,2027,within,3,384.0,25.0
reader,cohort,hgd,7,2027,within,4,512.0,25.5682
reader,cohort,hgd,7,2027,within,5,640.0,24.4318
reader,cohort,hgd,7,2027,within,6,768.0,40.3409
reader,cohort,hgd,7,2027,within,7,896.0,60.7955
reader,cohort,hgd,7,2027,within,8,1024.0,71.0227
reader,cohort,hgd,7,2027,within,9,1152.0,74.4318
reader,cohort,hgd,7,2027,within,10,1280.0,73.2955
reader,cohort,hgd,7,2027,within,11,1408.0,80.6818
reader,cohort,hgd,7,2027,within,12,1536.0,82.9545
reader,cohort,hgd,7,2027,within,13,1664.0,83.5227
reader,cohort,hgd,7,2027,within,14,1792.0,85.7955
reader,cohort,hgd,7,2027,within,15,1920.0,88.0682
reader,cohort,hgd,7,2027,within,16,2048.0,91.4773
reader,cohort,hgd,7,2027,within,17,2176.0,94.3182
reader,cohort,hgd,7,2027,within,18,2304.0,94.3182
reader,cohort,hgd,7,2027,within,19,2432.0,95.4545
reader,cohort,hgd,7,2027,within,20,2560.0,95.4545
reader,cohort,hgd,7,2027,within,21,2688.0,95.4545
reader,cohort,hgd,7,2027,within,22,2816.0,95.4545
reader,cohort,hgd,7,2027,within,23,2944.0,95.4545
reader,cohort,hgd,7,2027,within,24,3072.0,95.4545
reader,cohort,hgd,7,2027,within,25,3200.0,95.4545
reader,cohort,hgd,7,2027,within,26,3328.0,94.3182
reader,cohort,hgd,7,2027,within,27,3456.0,95.4545
reader,cohort,hgd,7,2027,within,28,3584.0,94.3182
reader,cohort,hgd,7,2027,within,29,3712.0,95.4545
reader,cohort,hgd,7,2027,within,30,3840.0,94.3182
reader,cohort,hgd,7,2027,within,31,3968.0,94.8864
reader,cohort,hgd,7,2027,within,32,4096.0,96.0227
reader,cohort,hgd,8,2025,within,1,128.0,24.4275
reader,cohort,hgd,8,2025,within,2,256.0,24.4275
reader,cohort,hgd,8,2025,within,3,384.0,24.4275
reader,cohort,hgd,8,2025,within,4,512.0,24.4275
reader,cohort,hgd,8,2025,within,5,640.0,51.145
reader,cohort,hgd,8,2025,within,6,768.0,70.9924
reader,cohort,hgd,8,2025,within,7,896.0,74.8092
reader,cohort,hgd,8,2025,within,8,1024.0,84.7328
reader,cohort,hgd,8,2025,within,9,1152.0,83.9695
reader,cohort,hgd,8,2025,within,10,1280.0,87.7863
reader,cohort,hgd,8,2025,within,11,1408.0,87.7863
reader,cohort,hgd,8,2025,within,12,1536.0,88.5496
reader,cohort,hgd,8,2025,within,13,1664.0,90.0763
reader,cohort,hgd,8,2025,within,14,1792.0,90.0763
reader,cohort,hgd,8,2025,within,15,1920.0,90.0763
reader,cohort,hgd,8,2025,within,16,2048.0,90.0763
reader,cohort,hgd,8,2025,within,17,2176.0,92.3664
reader,cohort,hgd,8,2025,within,18,2304.0,93.1298
reader,cohort,hgd,8,2025,within,19,2432.0,93.8931
reader,cohort,hgd,8,2025,within,20,2560.0,93.1298
reader,cohort,hgd,8,2025,within,21,2688.0,93.1298
reader,cohort,hgd,8,2025,within,22,2816.0,93.8931
reader,cohort,hgd,8,2025,within,23,2944.0,93.8931
reader,cohort,hgd,8,2025,within,24,3072.0,93.1298
reader,cohort,hgd,8,2025,within,25,3200.0,93.8931
reader,cohort,hgd,8,2025,within,26,3328.0,93.1298
reader,cohort,hgd,8,2025,within,27,3456.0,93.8931
reader,cohort,hgd,8,2025,within,28,3584.0,94.6565
reader,cohort,hgd,8,2025,within,29,3712.0,93.8931
reader,cohort,hgd,8,2025,within,30,3840.0,93.8931
reader,cohort,hgd,8,2025,within,31,3968.0,93.8931
reader,cohort,hgd,8,2025,within,32,4096.0,94.6565
reader,cohort,hgd,8,2026,within,1,128.0,24.4275
reader,cohort,hgd,8,2026,within,2,256.0,24.4275
reader,cohort,hgd,8,2026,within,3,384.0,21.374
reader,cohort,hgd,8,2026,within,4,512.0,42.7481
reader,cohort,hgd,8,2026,within,5,640.0,59.542
reader,cohort,hgd,8,2026,within,6,768.0,70.229
reader,cohort,hgd,8,2026,within,7,896.0,77.8626
reader,cohort,hgd,8,2026,within,8,1024.0,80.916
reader,cohort,hgd,8,2026,within,9,1152.0,82.4427
reader,cohort,hgd,8,2026,within,10,1280.0,83.9695
reader,cohort,hgd,8,2026,within,11,1408.0,87.0229
reader,cohort,hgd,8,2026,within,12,1536.0,87.7863
reader,cohort,hgd,8,2026,within,13,1664.0,87.7863
reader,cohort,hgd,8,2026,within,14,1792.0,87.7863
reader,cohort,hgd,8,2026,within,15,1920.0,89.313
reader,cohort,hgd,8,2026,within,16,2048.0,90.8397
reader,cohort,hgd,8,2026,within,17,2176.0,92.3664
reader,cohort,hgd,8,2026,within,18,2304.0,93.8931
reader,cohort,hgd,8,2026,within,19,2432.0,94.6565
reader,cohort,hgd,8,2026,within,20,2560.0,95.4198
reader,cohort,hgd,8,2026,within,21,2688.0,93.8931
reader,cohort,hgd,8,2026,within,22,2816.0,93.8931
reader,cohort,hgd,8,2026,within,23,2944.0,94.6565
reader,cohort,hgd,8,2026,within,24,3072.0,95.4198
reader,cohort,hgd,8,2026,within,25,3200.0,94.6565
reader,cohort,hgd,8,2026,within,26,3328.0,94.6565
reader,cohort,hgd,8,2026,within,27,3456.0,94.6565
reader,cohort,hgd,8,2026,within,28,3584.0,96.1832
reader,cohort,hgd,8,2026,within,29,3712.0,94.6565
reader,cohort,hgd,8,2026,within,30,3840.0,94.6565
reader,cohort,hgd,8,2026,within,31,3968.0,94.6565
reader,cohort,hgd,8,2026,within,32,4096.0,96.1832
reader,cohort,hgd,8,2027,within,1,128.0,26.7176
reader,cohort,hgd,8,2027,within,2,256.0,23.6641
reader,cohort,hgd,8,2027,within,3,384.0,21.374
reader,cohort,hgd,8,2027,within,4,512.0,31.2977
reader,cohort,hgd,8,2027,within,5,640.0,51.9084
reader,cohort,hgd,8,2027,within,6,768.0,70.229
reader,cohort,hgd,8,2027,within,7,896.0,74.8092
reader,cohort,hgd,8,2027,within,8,1024.0,76.3359
reader,cohort,hgd,8,2027,within,9,1152.0,77.8626
reader,cohort,hgd,8,2027,within,10,1280.0,81.6794
reader,cohort,hgd,8,2027,within,11,1408.0,84.7328
reader,cohort,hgd,8,2027,within,12,1536.0,84.7328
reader,cohort,hgd,8,2027,within,13,1664.0,86.2595
reader,cohort,hgd,8,2027,within,14,1792.0,88.5496
reader,cohort,hgd,8,2027,within,15,1920.0,91.6031
reader,cohort,hgd,8,2027,within,16,2048.0,92.3664
reader,cohort,hgd,8,2027,within,17,2176.0,91.6031
reader,cohort,hgd,8,2027,within,18,2304.0,93.1298
reader,cohort,hgd,8,2027,within,19,2432.0,93.8931
reader,cohort,hgd,8,2027,within,20,2560.0,94.6565
reader,cohort,hgd,8,2027,within,21,2688.0,93.8931
reader,cohort,hgd,8,2027,within,22,2816.0,94.6565
reader,cohort,hgd,8,2027,within,23,2944.0,94.6565
reader,cohort,hgd,8,2027,within,24,3072.0,96.9466
reader,cohort,hgd,8,2027,within,25,3200.0,94.6565
reader,cohort,hgd,8,2027,within,26,3328.0,95.4198
reader,cohort,hgd,8,2027,within,27,3456.0,94.6565
reader,cohort,hgd,8,2027,within,28,3584.0,96.1832
reader,cohort,hgd,8,2027,within,29,3712.0,93.8931
reader,cohort,hgd,8,2027,within,30,3840.0,94.6565
reader,cohort,hgd,8,2027,within,31,3968.0,93.8931
reader,cohort,hgd,8,2027,within,32,4096.0,96.1832
reader,cohort,hgd,9,2025,within,1,128.0,22.1591
reader,cohort,hgd,9,2025,within,2,256.0,22.1591
reader,cohort,hgd,9,2025,within,3,384.0,22.1591
reader,cohort,hgd,9,2025,within,4,512.0,22.1591
reader,cohort,hgd,9,2025,within,5,640.0,22.1591
reader,cohort,hgd,9,2025,within,6,768.0,22.1591
reader,cohort,hgd,9,2025,within,7,896.0,28.9773
reader,cohort,hgd,9,2025,within,8,1024.0,87.5
reader,cohort,hgd,9,2025,within,9,1152.0,94.3182
reader,cohort,hgd,9,2025,within,10,1280.0,95.4545
reader,cohort,hgd,9,2025,within,11,1408.0,96.0227
reader,cohort,hgd,9,2025,within,12,1536.0,96.0227
reader,cohort,hgd,9,2025,within,13,1664.0,96.5909
reader,cohort,hgd,9,2025,within,14,1792.0,97.1591
reader,cohort,hgd,9,2025,within,15,1920.0,96.5909
reader,cohort,hgd,9,2025,within,16,2048.0,97.1591
reader,cohort,hgd,9,2025,within,17,2176.0,99.4318
reader,cohort,hgd,9,2025,within,18,2304.0,99.4318
reader,cohort,hgd,9,2025,within,19,2432.0,99.4318
reader,cohort,hgd,9,2025,within,20,2560.0,100.0
reader,cohort,hgd,9,2025,within,21,2688.0,100.0
reader,cohort,hgd,9,2025,within,22,2816.0,99.4318
reader,cohort,hgd,9,2025,within,23,2944.0,99.4318
reader,cohort,hgd,9,2025,within,24,3072.0,99.4318
reader,cohort,hgd,9,2025,within,25,3200.0,99.4318
reader,cohort,hgd,9,2025,within,26,3328.0,99.4318
reader,cohort,hgd,9,2025,within,27,3456.0,100.0
reader,cohort,hgd,9,2025,within,28,3584.0,100.0
reader,cohort,hgd,9,2025,within,29,3712.0,100.0
reader,cohort,hgd,9,2025,within,30,3840.0,100.0
reader,cohort,hgd,9,2025,within,31,3968.0,100.0
reader,cohort,hgd,9,2025,within,32,4096.0,100.0
reader,cohort,hgd,9,2026,within,1,128.0,22.1591
reader,cohort,hgd,9,2026,within,2,256.0,22.1591
reader,cohort,hgd,9,2026,within,3,384.0,22.1591
reader,cohort,hgd,9,2026,within,4,512.0,22.1591
reader,cohort,hgd,9,2026,within,5,640.0,22.1591
reader,cohort,hgd,9,2026,within,6,768.0,22.1591
reader,cohort,hgd,9,2026,within,7,896.0,50.0
reader,cohort,hgd,9,2026,within,8,1024.0,78.4091
reader,cohort,hgd,9,2026,within,9,1152.0,93.75
reader,cohort,hgd,9,2026,within,10,1280.0,94.8864
reader,cohort,hgd,9,2026,within,11,1408.0,96.0227
reader,cohort,hgd,9,2026,within,12,1536.0,95.4545
reader,cohort,hgd,9,2026,within,13,1664.0,96.0227
reader,cohort,hgd,9,2026,within,14,1792.0,97.1591
reader,cohort,hgd,9,2026,within,15,1920.0,97.1591
reader,cohort,hgd,9,2026,within,16,2048.0,97.1591
reader,cohort,hgd,9,2026,within,17,2176.0,97.7273
reader,cohort,hgd,9,2026,within,18,2304.0,98.2955
reader,cohort,hgd,9,2026,within,19,2432.0,98.8636
reader,cohort,hgd,9,2026,within,20,2560.0,98.8636
reader,cohort,hgd,9,2026,within,21,2688.0,98.8636
reader,cohort,hgd,9,2026,within,22,2816.0,98.8636
reader,cohort,hgd,9,2026,within,23,2944.0,99.4318
reader,cohort,hgd,9,2026,within,24,3072.0,99.4318
reader,cohort,hgd,9,2026,within,25,3200.0,98.8636
reader,cohort,hgd,9,2026,within,26,3328.0,99.4318
reader,cohort,hgd,9,2026,within,27,3456.0,99.4318
reader,cohort,hgd,9,2026,within,28,3584.0,99.4318
reader,cohort,hgd,9,2026,within,29,3712.0,99.4318
reader,cohort,hgd,9,2026,within,30,3840.0,99.4318
reader,cohort,hgd,9,2026,within,31,3968.0,99.4318
reader,cohort,hgd,9,2026,within,32,4096.0,98.8636
reader,cohort,hgd,9,2027,within,1,128.0,22.1591
reader,cohort,hgd,9,2027,within,2,256.0,22.1591
reader,cohort,hgd,9,2027,within,3,384.0,22.1591
reader,cohort,hgd,9,2027,within,4,512.0,22.1591
reader,cohort,hgd,9,2027,within,5,640.0,22.1591
reader,cohort,hgd,9,2027,within,6,768.0,22.7273
reader,cohort,hgd,9,2027,within,7,896.0,34.6591
reader,cohort,hgd,9,2027,within,8,1024.0,77.8409
reader,cohort,hgd,9,2027,within,9,1152.0,93.1818
reader,cohort,hgd,9,2027,within,10,1280.0,93.1818
reader,cohort,hgd,9,2027,within,11,1408.0,94.3182
reader,cohort,hgd,9,2027,within,12,1536.0,94.3182
reader,cohort,hgd,9,2027,within,13,1664.0,96.0227
reader,cohort,hgd,9,2027,within,14,1792.0,96.5909
reader,cohort,hgd,9,2027,within,15,1920.0,97.1591
reader,cohort,hgd,9,2027,within,16,2048.0,97.1591
reader,cohort,hgd,9,2027,within,17,2176.0,98.8636
reader,cohort,hgd,9,2027,within,18,2304.0,98.8636
reader,cohort,hgd,9,2027,within,19,2432.0,98.8636
reader,cohort,hgd,9,2027,within,20,2560.0,99.4318
reader,cohort,hgd,9,2027,within,21,2688.0,99.4318
reader,cohort,hgd,9,2027,within,22,2816.0,99.4318
reader,cohort,hgd,9,2027,within,23,2944.0,98.8636
reader,cohort,hgd,9,2027,within,24,3072.0,98.8636
reader,cohort,hgd,9,2027,within,25,3200.0,98.8636
reader,cohort,hgd,9,2027,within,26,3328.0,99.4318
reader,cohort,hgd,9,2027,within,27,3456.0,98.8636
reader,cohort,hgd,9,2027,within,28,3584.0,99.4318
reader,cohort,hgd,9,2027,within,29,3712.0,99.4318
reader,cohort,hgd,9,2027,within,30,3840.0,99.4318
reader,cohort,hgd,9,2027,within,31,3968.0,99.4318
reader,cohort,hgd,9,2027,within,32,4096.0,99.4318
reader,cohort,sdssvep,10,2025,within,1,15.625,6.6667
reader,cohort,sdssvep,10,2025,within,2,31.25,8.3333
reader,cohort,sdssvep,10,2025,within,3,46.875,6.6667
reader,cohort,sdssvep,10,2025,within,4,62.5,10.0
reader,cohort,sdssvep,10,2025,within,5,78.125,10.0
reader,cohort,sdssvep,10,2025,within,6,93.75,5.0
reader,cohort,sdssvep,10,2025,within,7,109.375,3.3333
reader,cohort,sdssvep,10,2025,within,8,125.0,11.6667
reader,cohort,sdssvep,10,2025,within,9,140.625,11.6667
reader,cohort,sdssvep,10,2025,within,10,156.25,10.0
reader,cohort,sdssvep,10,2025,within,11,171.875,5.0
reader,cohort,sdssvep,10,2025,within,12,187.5,10.0
reader,cohort,sdssvep,10,2025,within,13,203.125,15.0
reader,cohort,sdssvep,10,2025,within,14,218.75,13.3333
reader,cohort,sdssvep,10,2025,within,15,234.375,6.6667
reader,cohort,sdssvep,10,2025,within,16,250.0,6.6667
reader,cohort,sdssvep,10,2025,within,17,265.625,18.3333
reader,cohort,sdssvep,10,2025,within,18,281.25,15.0
reader,cohort,sdssvep,10,2025,within,19,296.875,8.3333
reader,cohort,sdssvep,10,2025,within,20,312.5,11.6667
reader,cohort,sdssvep,10,2025,within,21,328.125,15.0
reader,cohort,sdssvep,10,2025,within,22,343.75,28.3333
reader,cohort,sdssvep,10,2025,within,23,359.375,28.3333
reader,cohort,sdssvep,10,2025,within,24,375.0,26.6667
reader,cohort,sdssvep,10,2025,within,25,390.625,16.6667
reader,cohort,sdssvep,10,2025,within,26,406.25,28.3333
reader,cohort,sdssvep,10,2025,within,27,421.875,38.3333
reader,cohort,sdssvep,10,2025,within,28,437.5,41.6667
reader,cohort,sdssvep,10,2025,within,29,453.125,31.6667
reader,cohort,sdssvep,10,2025,within,30,468.75,35.0
reader,cohort,sdssvep,10,2025,within,31,484.375,36.6667
reader,cohort,sdssvep,10,2025,within,32,500.0,45.0
reader,cohort,sdssvep,10,2025,within,33,515.625,38.3333
reader,cohort,sdssvep,10,2025,within,34,531.25,38.3333
reader,cohort,sdssvep,10,2025,within,35,546.875,31.6667
reader,cohort,sdssvep,10,2025,within,36,562.5,41.6667
reader,cohort,sdssvep,10,2025,within,37,578.125,50.0
reader,cohort,sdssvep,10,2025,within,38,593.75,55.0
reader,cohort,sdssvep,10,2025,within,39,609.375,46.6667
reader,cohort,sdssvep,10,2025,within,40,625.0,50.0
reader,cohort,sdssvep,10,2025,within,41,640.625,51.6667
reader,cohort,sdssvep,10,2025,within,42,656.25,58.3333
reader,cohort,sdssvep,10,2025,within,43,671.875,55.0
reader,cohort,sdssvep,10,2025,within,44,687.5,63.3333
reader,cohort,sdssvep,10,2025,within,45,703.125,65.0
reader,cohort,sdssvep,10,2025,within,46,718.75,66.6667
reader,cohort,sdssvep,10,2025,within,47,734.375,71.6667
reader,cohort,sdssvep,10,2025,within,48,750.0,51.6667
reader,cohort,sdssvep,10,2025,within,49,765.625,55.0
reader,cohort,sdssvep,10,2025,within,50,781.25,70.0
reader,cohort,sdssvep,10,2025,within,51,796.875,71.6667
reader,cohort,sdssvep,10,2025,within,52,812.5,80.0
reader,cohort,sdssvep,10,2025,within,53,828.125,61.6667
reader,cohort,sdssvep,10,2025,within,54,843.75,58.3333
reader,cohort,sdssvep,10,2025,within,55,859.375,73.3333
reader,cohort,sdssvep,10,2025,within,56,875.0,70.0
reader,cohort,sdssvep,10,2025,within,57,890.625,65.0
reader,cohort,sdssvep,10,2025,within,58,906.25,83.3333
reader,cohort,sdssvep,10,2025,within,59,921.875,78.3333
reader,cohort,sdssvep,10,2025,within,60,937.5,75.0
reader,cohort,sdssvep,10,2025,within,61,953.125,75.0
reader,cohort,sdssvep,10,2025,within,62,968.75,48.3333
reader,cohort,sdssvep,10,2025,within,63,984.375,73.3333
reader,cohort,sdssvep,10,2025,within,64,1000.0,100.0
reader,cohort,sdssvep,10,2026,within,1,15.625,5.0
reader,cohort,sdssvep,10,2026,within,2,31.25,8.3333
reader,cohort,sdssvep,10,2026,within,3,46.875,10.0
reader,cohort,sdssvep,10,2026,within,4,62.5,8.3333
reader,cohort,sdssvep,10,2026,within,5,78.125,8.3333
reader,cohort,sdssvep,10,2026,within,6,93.75,6.6667
reader,cohort,sdssvep,10,2026,within,7,109.375,5.0
reader,cohort,sdssvep,10,2026,within,8,125.0,13.3333
reader,cohort,sdssvep,10,2026,within,9,140.625,11.6667
reader,cohort,sdssvep,10,2026,within,10,156.25,6.6667
reader,cohort,sdssvep,10,2026,within,11,171.875,13.3333
reader,cohort,sdssvep,10,2026,within,12,187.5,11.6667
reader,cohort,sdssvep,10,2026,within,13,203.125,15.0
reader,cohort,sdssvep,10,2026,within,14,218.75,8.3333
reader,cohort,sdssvep,10,2026,within,15,234.375,11.6667
reader,cohort,sdssvep,10,2026,within,16,250.0,5.0
reader,cohort,sdssvep,10,2026,within,17,265.625,15.0
reader,cohort,sdssvep,10,2026,within,18,281.25,11.6667
reader,cohort,sdssvep,10,2026,within,19,296.875,18.3333
reader,cohort,sdssvep,10,2026,within,20,312.5,10.0
reader,cohort,sdssvep,10,2026,within,21,328.125,16.6667
reader,cohort,sdssvep,10,2026,within,22,343.75,15.0
reader,cohort,sdssvep,10,2026,within,23,359.375,21.6667
reader,cohort,sdssvep,10,2026,within,24,375.0,20.0
reader,cohort,sdssvep,10,2026,within,25,390.625,23.3333
reader,cohort,sdssvep,10,2026,within,26,406.25,21.6667
reader,cohort,sdssvep,10,2026,within,27,421.875,18.3333
reader,cohort,sdssvep,10,2026,within,28,437.5,33.3333
reader,cohort,sdssvep,10,2026,within,29,453.125,25.0
reader,cohort,sdssvep,10,2026,within,30,468.75,26.6667
reader,cohort,sdssvep,10,2026,within,31,484.375,20.0
reader,cohort,sdssvep,10,2026,within,32,500.0,25.0
reader,cohort,sdssvep,10,2026,within,33,515.625,38.3333
reader,cohort,sdssvep,10,2026,within,34,531.25,43.3333
reader,cohort,sdssvep,10,2026,within,35,546.875,31.6667
reader,cohort,sdssvep,10,2026,within,36,562.5,41.6667
reader,cohort,sdssvep,10,2026,within,37,578.125,36.6667
reader,cohort,sdssvep,10,2026,within,38,593.75,46.6667
reader,cohort,sdssvep,10,2026,within,39,609.375,51.6667
reader,cohort,sdssvep,10,2026,within,40,625.0,43.3333
reader,cohort,sdssvep,10,2026,within,41,640.625,38.3333
reader,cohort,sdssvep,10,2026,within,42,656.25,48.3333
reader,cohort,sdssvep,10,2026,within,43,671.875,46.6667
reader,cohort,sdssvep,10,2026,within,44,687.5,48.3333
reader,cohort,sdssvep,10,2026,within,45,703.125,51.6667
reader,cohort,sdssvep,10,2026,within,46,718.75,60.0
reader,cohort,sdssvep,10,2026,within,47,734.375,63.3333
reader,cohort,sdssvep,10,2026,within,48,750.0,48.3333
reader,cohort,sdssvep,10,2026,within,49,765.625,48.3333
reader,cohort,sdssvep,10,2026,within,50,781.25,61.6667
reader,cohort,sdssvep,10,2026,within,51,796.875,55.0
reader,cohort,sdssvep,10,2026,within,52,812.5,61.6667
reader,cohort,sdssvep,10,2026,within,53,828.125,53.3333
reader,cohort,sdssvep,10,2026,within,54,843.75,60.0
reader,cohort,sdssvep,10,2026,within,55,859.375,56.6667
reader,cohort,sdssvep,10,2026,within,56,875.0,60.0
reader,cohort,sdssvep,10,2026,within,57,890.625,53.3333
reader,cohort,sdssvep,10,2026,within,58,906.25,75.0
reader,cohort,sdssvep,10,2026,within,59,921.875,80.0
reader,cohort,sdssvep,10,2026,within,60,937.5,75.0
reader,cohort,sdssvep,10,2026,within,61,953.125,48.3333
reader,cohort,sdssvep,10,2026,within,62,968.75,26.6667
reader,cohort,sdssvep,10,2026,within,63,984.375,66.6667
reader,cohort,sdssvep,10,2026,within,64,1000.0,98.3333
reader,cohort,sdssvep,10,2027,within,1,15.625,8.3333
reader,cohort,sdssvep,10,2027,within,2,31.25,5.0
reader,cohort,sdssvep,10,2027,within,3,46.875,5.0
reader,cohort,sdssvep,10,2027,within,4,62.5,10.0
reader,cohort,sdssvep,10,2027,within,5,78.125,11.6667
reader,cohort,sdssvep,10,2027,within,6,93.75,10.0
reader,cohort,sdssvep,10,2027,within,7,109.375,5.0
reader,cohort,sdssvep,10,2027,within,8,125.0,5.0
reader,cohort,sdssvep,10,2027,within,9,140.625,10.0
reader,cohort,sdssvep,10,2027,within,10,156.25,15.0
reader,cohort,sdssvep,10,2027,within,11,171.875,15.0
reader,cohort,sdssvep,10,2027,within,12,187.5,11.6667
reader,cohort,sdssvep,10,2027,within,13,203.125,13.3333
reader,cohort,sdssvep,10,2027,within,14,218.75,11.6667
reader,cohort,sdssvep,10,2027,within,15,234.375,13.3333
reader,cohort,sdssvep,10,2027,within,16,250.0,13.3333
reader,cohort,sdssvep,10,2027,within,17,265.625,18.3333
reader,cohort,sdssvep,10,2027,within,18,281.25,23.3333
reader,cohort,sdssvep,10,2027,within,19,296.875,16.6667
reader,cohort,sdssvep,10,2027,within,20,312.5,25.0
reader,cohort,sdssvep,10,2027,within,21,328.125,21.6667
reader,cohort,sdssvep,10,2027,within,22,343.75,21.6667
reader,cohort,sdssvep,10,2027,within,23,359.375,23.3333
reader,cohort,sdssvep,10,2027,within,24,375.0,30.0
reader,cohort,sdssvep,10,2027,within,25,390.625,30.0
reader,cohort,sdssvep,10,2027,within,26,406.25,30.0
reader,cohort,sdssvep,10,2027,within,27,421.875,35.0
reader,cohort,sdssvep,10,2027,within,28,437.5,38.3333
reader,cohort,sdssvep,10,2027,within,29,453.125,31.6667
reader,cohort,sdssvep,10,2027,within,30,468.75,40.0
reader,cohort,sdssvep,10,2027,within,31,484.375,40.0
reader,cohort,sdssvep,10,2027,within,32,500.0,45.0
reader,cohort,sdssvep,10,2027,within,33,515.625,50.0
reader,cohort,sdssvep,10,2027,within,34,531.25,46.6667
reader,cohort,sdssvep,10,2027,within,35,546.875,36.6667
reader,cohort,sdssvep,10,2027,within,36,562.5,50.0
reader,cohort,sdssvep,10,2027,within,37,578.125,50.0
reader,cohort,sdssvep,10,2027,within,38,593.75,51.6667
reader,cohort,sdssvep,10,2027,within,39,609.375,51.6667
reader,cohort,sdssvep,10,2027,within,40,625.0,55.0
reader,cohort,sdssvep,10,2027,within,41,640.625,48.3333
reader,cohort,sdssvep,10,2027,within,42,656.25,63.3333
reader,cohort,sdssvep,10,2027,within,43,671.875,56.6667
reader,cohort,sdssvep,10,2027,within,44,687.5,63.3333
reader,cohort,sdssvep,10,2027,within,45,703.125,58.3333
reader,cohort,sdssvep,10,2027,within,46,718.75,61.6667
reader,cohort,sdssvep,10,2027,within,47,734.375,61.6667
reader,cohort,sdssvep,10,2027,within,48,750.0,56.6667
reader,cohort,sdssvep,10,2027,within,49,765.625,55.0
reader,cohort,sdssvep,10,2027,within,50,781.25,60.0
reader,cohort,sdssvep,10,2027,within,51,796.875,63.3333
reader,cohort,sdssvep,10,2027,within,52,812.5,65.0
reader,cohort,sdssvep,10,2027,within,53,828.125,66.6667
reader,cohort,sdssvep,10,2027,within,54,843.75,63.3333
reader,cohort,sdssvep,10,2027,within,55,859.375,78.3333
reader,cohort,sdssvep,10,2027,within,56,875.0,70.0
reader,cohort,sdssvep,10,2027,within,57,890.625,50.0
reader,cohort,sdssvep,10,2027,within,58,906.25,80.0
reader,cohort,sdssvep,10,2027,within,59,921.875,90.0
reader,cohort,sdssvep,10,2027,within,60,937.5,73.3333
reader,cohort,sdssvep,10,2027,within,61,953.125,61.6667
reader,cohort,sdssvep,10,2027,within,62,968.75,33.3333
reader,cohort,sdssvep,10,2027,within,63,984.375,76.6667
reader,cohort,sdssvep,10,2027,within,64,1000.0,100.0
reader,cohort,sdssvep,1,2025,within,1,15.625,5.0
reader,cohort,sdssvep,1,2025,within,2,31.25,8.3333
reader,cohort,sdssvep,1,2025,within,3,46.875,21.6667
reader,cohort,sdssvep,1,2025,within,4,62.5,15.0
reader,cohort,sdssvep,1,2025,within,5,78.125,8.3333
reader,cohort,sdssvep,1,2025,within,6,93.75,15.0
reader,cohort,sdssvep,1,2025,within,7,109.375,20.0
reader,cohort,sdssvep,1,2025,within,8,125.0,25.0
reader,cohort,sdssvep,1,2025,within,9,140.625,35.0
reader,cohort,sdssvep,1,2025,within,10,156.25,41.6667
reader,cohort,sdssvep,1,2025,within,11,171.875,43.3333
reader,cohort,sdssvep,1,2025,within,12,187.5,41.6667
reader,cohort,sdssvep,1,2025,within,13,203.125,55.0
reader,cohort,sdssvep,1,2025,within,14,218.75,46.6667
reader,cohort,sdssvep,1,2025,within,15,234.375,48.3333
reader,cohort,sdssvep,1,2025,within,16,250.0,58.3333
reader,cohort,sdssvep,1,2025,within,17,265.625,45.0
reader,cohort,sdssvep,1,2025,within,18,281.25,56.6667
reader,cohort,sdssvep,1,2025,within,19,296.875,61.6667
reader,cohort,sdssvep,1,2025,within,20,312.5,55.0
reader,cohort,sdssvep,1,2025,within,21,328.125,56.6667
reader,cohort,sdssvep,1,2025,within,22,343.75,61.6667
reader,cohort,sdssvep,1,2025,within,23,359.375,60.0
reader,cohort,sdssvep,1,2025,within,24,375.0,63.3333
reader,cohort,sdssvep,1,2025,within,25,390.625,63.3333
reader,cohort,sdssvep,1,2025,within,26,406.25,60.0
reader,cohort,sdssvep,1,2025,within,27,421.875,56.6667
reader,cohort,sdssvep,1,2025,within,28,437.5,60.0
reader,cohort,sdssvep,1,2025,within,29,453.125,68.3333
reader,cohort,sdssvep,1,2025,within,30,468.75,68.3333
reader,cohort,sdssvep,1,2025,within,31,484.375,71.6667
reader,cohort,sdssvep,1,2025,within,32,500.0,70.0
reader,cohort,sdssvep,1,2025,within,33,515.625,68.3333
reader,cohort,sdssvep,1,2025,within,34,531.25,65.0
reader,cohort,sdssvep,1,2025,within,35,546.875,68.3333
reader,cohort,sdssvep,1,2025,within,36,562.5,70.0
reader,cohort,sdssvep,1,2025,within,37,578.125,75.0
reader,cohort,sdssvep,1,2025,within,38,593.75,73.3333
reader,cohort,sdssvep,1,2025,within,39,609.375,73.3333
reader,cohort,sdssvep,1,2025,within,40,625.0,73.3333
reader,cohort,sdssvep,1,2025,within,41,640.625,70.0
reader,cohort,sdssvep,1,2025,within,42,656.25,70.0
reader,cohort,sdssvep,1,2025,within,43,671.875,75.0
reader,cohort,sdssvep,1,2025,within,44,687.5,78.3333
reader,cohort,sdssvep,1,2025,within,45,703.125,70.0
reader,cohort,sdssvep,1,2025,within,46,718.75,78.3333
reader,cohort,sdssvep,1,2025,within,47,734.375,73.3333
reader,cohort,sdssvep,1,2025,within,48,750.0,80.0
reader,cohort,sdssvep,1,2025,within,49,765.625,68.3333
reader,cohort,sdssvep,1,2025,within,50,781.25,78.3333
reader,cohort,sdssvep,1,2025,within,51,796.875,83.3333
reader,cohort,sdssvep,1,2025,within,52,812.5,78.3333
reader,cohort,sdssvep,1,2025,within,53,828.125,81.6667
reader,cohort,sdssvep,1,2025,within,54,843.75,80.0
reader,cohort,sdssvep,1,2025,within,55,859.375,71.6667
reader,cohort,sdssvep,1,2025,within,56,875.0,78.3333
reader,cohort,sdssvep,1,2025,within,57,890.625,81.6667
reader,cohort,sdssvep,1,2025,within,58,906.25,85.0
reader,cohort,sdssvep,1,2025,within,59,921.875,80.0
reader,cohort,sdssvep,1,2025,within,60,937.5,70.0
reader,cohort,sdssvep,1,2025,within,61,953.125,83.3333
reader,cohort,sdssvep,1,2025,within,62,968.75,75.0
reader,cohort,sdssvep,1,2025,within,63,984.375,75.0
reader,cohort,sdssvep,1,2025,within,64,1000.0,100.0
reader,cohort,sdssvep,1,2026,within,1,15.625,10.0
reader,cohort,sdssvep,1,2026,within,2,31.25,6.6667
reader,cohort,sdssvep,1,2026,within,3,46.875,8.3333
reader,cohort,sdssvep,1,2026,within,4,62.5,11.6667
reader,cohort,sdssvep,1,2026,within,5,78.125,13.3333
reader,cohort,sdssvep,1,2026,within,6,93.75,18.3333
reader,cohort,sdssvep,1,2026,within,7,109.375,26.6667
reader,cohort,sdssvep,1,2026,within,8,125.0,28.3333
reader,cohort,sdssvep,1,2026,within,9,140.625,33.3333
reader,cohort,sdssvep,1,2026,within,10,156.25,40.0
reader,cohort,sdssvep,1,2026,within,11,171.875,40.0
reader,cohort,sdssvep,1,2026,within,12,187.5,36.6667
reader,cohort,sdssvep,1,2026,within,13,203.125,45.0
reader,cohort,sdssvep,1,2026,within,14,218.75,43.3333
reader,cohort,sdssvep,1,2026,within,15,234.375,41.6667
reader,cohort,sdssvep,1,2026,within,16,250.0,51.6667
reader,cohort,sdssvep,1,2026,within,17,265.625,43.3333
reader,cohort,sdssvep,1,2026,within,18,281.25,48.3333
reader,cohort,sdssvep,1,2026,within,19,296.875,53.3333
reader,cohort,sdssvep,1,2026,within,20,312.5,55.0
reader,cohort,sdssvep,1,2026,within,21,328.125,50.0
reader,cohort,sdssvep,1,2026,within,22,343.75,53.3333
reader,cohort,sdssvep,1,2026,within,23,359.375,55.0
reader,cohort,sdssvep,1,2026,within,24,375.0,56.6667
reader,cohort,sdssvep,1,2026,within,25,390.625,55.0
reader,cohort,sdssvep,1,2026,within,26,406.25,61.6667
reader,cohort,sdssvep,1,2026,within,27,421.875,53.3333
reader,cohort,sdssvep,1,2026,within,28,437.5,58.3333
reader,cohort,sdssvep,1,2026,within,29,453.125,61.6667
reader,cohort,sdssvep,1,2026,within,30,468.75,60.0
reader,cohort,sdssvep,1,2026,within,31,484.375,63.3333
reader,cohort,sdssvep,1,2026,within,32,500.0,63.3333
reader,cohort,sdssvep,1,2026,within,33,515.625,58.3333
reader,cohort,sdssvep,1,2026,within,34,531.25,60.0
reader,cohort,sdssvep,1,2026,within,35,546.875,65.0
reader,cohort,sdssvep,1,2026,within,36,562.5,65.0
reader,cohort,sdssvep,1,2026,within,37,578.125,58.3333
reader,cohort,sdssvep,1,2026,within,38,593.75,63.3333
reader,cohort,sdssvep,1,2026,within,39,609.375,65.0
reader,cohort,sdssvep,1,2026,within,40,625.0,66.6667
reader,cohort,sdssvep,1,2026,within,41,640.625,66.6667
reader,cohort,sdssvep,1,2026,within,42,656.25,61.6667
reader,cohort,sdssvep,1,2026,within,43,671.875,65.0
reader,cohort,sdssvep,1,2026,within,44,687.5,63.3333
reader,cohort,sdssvep,1,2026,within,45,703.125,66.6667
reader,cohort,sdssvep,1,2026,within,46,718.75,71.6667
reader,cohort,sdssvep,1,2026,within,47,734.375,63.3333
reader,cohort,sdssvep,1,2026,within,48,750.0,68.3333
reader,cohort,sdssvep,1,2026,within,49,765.625,71.6667
reader,cohort,sdssvep,1,2026,within,50,781.25,66.6667
reader,cohort,sdssvep,1,2026,within,51,796.875,78.3333
reader,cohort,sdssvep,1,2026,within,52,812.5,76.6667
reader,cohort,sdssvep,1,2026,within,53,828.125,71.6667
reader,cohort,sdssvep,1,2026,within,54,843.75,65.0
reader,cohort,sdssvep,1,2026,within,55,859.375,68.3333
reader,cohort,sdssvep,1,2026,within,56,875.0,73.3333
reader,cohort,sdssvep,1,2026,within,57,890.625,66.6667
reader,cohort,sdssvep,1,2026,within,58,906.25,85.0
reader,cohort,sdssvep,1,2026,within,59,921.875,65.0
reader,cohort,sdssvep,1,2026,within,60,937.5,65.0
reader,cohort,sdssvep,1,2026,within,61,953.125,80.0
reader,cohort,sdssvep,1,2026,within,62,968.75,71.6667
reader,cohort,sdssvep,1,2026,within,63,984.375,65.0
reader,cohort,sdssvep,1,2026,within,64,1000.0,91.6667
reader,cohort,sdssvep,1,2027,within,1,15.625,8.3333
reader,cohort,sdssvep,1,2027,within,2,31.25,10.0
reader,cohort,sdssvep,1,2027,within,3,46.875,8.3333
reader,cohort,sdssvep,1,2027,within,4,62.5,11.6667
reader,cohort,sdssvep,1,2027,within,5,78.125,11.6667
reader,cohort,sdssvep,1,2027,within,6,93.75,11.6667
reader,cohort,sdssvep,1,2027,within,7,109.375,23.3333
reader,cohort,sdssvep,1,2027,within,8,125.0,30.0
reader,cohort,sdssvep,1,2027,within,9,140.625,31.6667
reader,cohort,sdssvep,1,2027,within,10,156.25,38.3333
reader,cohort,sdssvep,1,2027,within,11,171.875,35.0
reader,cohort,sdssvep,1,2027,within,12,187.5,28.3333
reader,cohort,sdssvep,1,2027,within,13,203.125,28.3333
reader,cohort,sdssvep,1,2027,within,14,218.75,28.3333
reader,cohort,sdssvep,1,2027,within,15,234.375,30.0
reader,cohort,sdssvep,1,2027,within,16,250.0,35.0
reader,cohort,sdssvep,1,2027,within,17,265.625,31.6667
reader,cohort,sdssvep,1,2027,within,18,281.25,35.0
reader,cohort,sdssvep,1,2027,within,19,296.875,38.3333
reader,cohort,sdssvep,1,2027,within,20,312.5,31.6667
reader,cohort,sdssvep,1,2027,within,21,328.125,41.6667
reader,cohort,sdssvep,1,2027,within,22,343.75,43.3333
reader,cohort,sdssvep,1,2027,within,23,359.375,43.3333
reader,cohort,sdssvep,1,2027,within,24,375.0,50.0
reader,cohort,sdssvep,1,2027,within,25,390.625,50.0
reader,cohort,sdssvep,1,2027,within,26,406.25,45.0
reader,cohort,sdssvep,1,2027,within,27,421.875,46.6667
reader,cohort,sdssvep,1,2027,within,28,437.5,56.6667
reader,cohort,sdssvep,1,2027,within,29,453.125,58.3333
reader,cohort,sdssvep,1,2027,within,30,468.75,51.6667
reader,cohort,sdssvep,1,2027,within,31,484.375,53.3333
reader,cohort,sdssvep,1,2027,within,32,500.0,58.3333
reader,cohort,sdssvep,1,2027,within,33,515.625,53.3333
reader,cohort,sdssvep,1,2027,within,34,531.25,53.3333
reader,cohort,sdssvep,1,2027,within,35,546.875,55.0
reader,cohort,sdssvep,1,2027,within,36,562.5,55.0
reader,cohort,sdssvep,1,2027,within,37,578.125,55.0
reader,cohort,sdssvep,1,2027,within,38,593.75,53.3333
reader,cohort,sdssvep,1,2027,within,39,609.375,58.3333
reader,cohort,sdssvep,1,2027,within,40,625.0,55.0
reader,cohort,sdssvep,1,2027,within,41,640.625,53.3333
reader,cohort,sdssvep,1,2027,within,42,656.25,53.3333
reader,cohort,sdssvep,1,2027,within,43,671.875,53.3333
reader,cohort,sdssvep,1,2027,within,44,687.5,60.0
reader,cohort,sdssvep,1,2027,within,45,703.125,65.0
reader,cohort,sdssvep,1,2027,within,46,718.75,66.6667
reader,cohort,sdssvep,1,2027,within,47,734.375,65.0
reader,cohort,sdssvep,1,2027,within,48,750.0,63.3333
reader,cohort,sdssvep,1,2027,within,49,765.625,56.6667
reader,cohort,sdssvep,1,2027,within,50,781.25,56.6667
reader,cohort,sdssvep,1,2027,within,51,796.875,68.3333
reader,cohort,sdssvep,1,2027,within,52,812.5,61.6667
reader,cohort,sdssvep,1,2027,within,53,828.125,63.3333
reader,cohort,sdssvep,1,2027,within,54,843.75,65.0
reader,cohort,sdssvep,1,2027,within,55,859.375,61.6667
reader,cohort,sdssvep,1,2027,within,56,875.0,66.6667
reader,cohort,sdssvep,1,2027,within,57,890.625,65.0
reader,cohort,sdssvep,1,2027,within,58,906.25,78.3333
reader,cohort,sdssvep,1,2027,within,59,921.875,66.6667
reader,cohort,sdssvep,1,2027,within,60,937.5,68.3333
reader,cohort,sdssvep,1,2027,within,61,953.125,70.0
reader,cohort,sdssvep,1,2027,within,62,968.75,61.6667
reader,cohort,sdssvep,1,2027,within,63,984.375,58.3333
reader,cohort,sdssvep,1,2027,within,64,1000.0,91.6667
reader,cohort,sdssvep,2,2025,within,1,15.625,8.3333
reader,cohort,sdssvep,2,2025,within,2,31.25,11.6667
reader,cohort,sdssvep,2,2025,within,3,46.875,10.0
reader,cohort,sdssvep,2,2025,within,4,62.5,8.3333
reader,cohort,sdssvep,2,2025,within,5,78.125,6.6667
reader,cohort,sdssvep,2,2025,within,6,93.75,5.0
reader,cohort,sdssvep,2,2025,within,7,109.375,6.6667
reader,cohort,sdssvep,2,2025,within,8,125.0,10.0
reader,cohort,sdssvep,2,2025,within,9,140.625,5.0
reader,cohort,sdssvep,2,2025,within,10,156.25,5.0
reader,cohort,sdssvep,2,2025,within,11,171.875,8.3333
reader,cohort,sdssvep,2,2025,within,12,187.5,11.6667
reader,cohort,sdssvep,2,2025,within,13,203.125,13.3333
reader,cohort,sdssvep,2,2025,within,14,218.75,5.0
reader,cohort,sdssvep,2,2025,within,15,234.375,5.0
reader,cohort,sdssvep,2,2025,within,16,250.0,16.6667
reader,cohort,sdssvep,2,2025,within,17,265.625,15.0
reader,cohort,sdssvep,2,2025,within,18,281.25,11.6667
reader,cohort,sdssvep,2,2025,within,19,296.875,11.6667
reader,cohort,sdssvep,2,2025,within,20,312.5,8.3333
reader,cohort,sdssvep,2,2025,within,21,328.125,10.0
reader,cohort,sdssvep,2,2025,within,22,343.75,23.3333
reader,cohort,sdssvep,2,2025,within,23,359.375,13.3333
reader,cohort,sdssvep,2,2025,within,24,375.0,10.0
reader,cohort,sdssvep,2,2025,within,25,390.625,8.3333
reader,cohort,sdssvep,2,2025,within,26,406.25,5.0
reader,cohort,sdssvep,2,2025,within,27,421.875,13.3333
reader,cohort,sdssvep,2,2025,within,28,437.5,20.0
reader,cohort,sdssvep,2,2025,within,29,453.125,8.3333
reader,cohort,sdssvep,2,2025,within,30,468.75,10.0
reader,cohort,sdssvep,2,2025,within,31,484.375,11.6667
reader,cohort,sdssvep,2,2025,within,32,500.0,18.3333
reader,cohort,sdssvep,2,2025,within,33,515.625,15.0
reader,cohort,sdssvep,2,2025,within,34,531.25,16.6667
reader,cohort,sdssvep,2,2025,within,35,546.875,10.0
reader,cohort,sdssvep,2,2025,within,36,562.5,18.3333
reader,cohort,sdssvep,2,2025,within,37,578.125,26.6667
reader,cohort,sdssvep,2,2025,within,38,593.75,18.3333
reader,cohort,sdssvep,2,2025,within,39,609.375,16.6667
reader,cohort,sdssvep,2,2025,within,40,625.0,26.6667
reader,cohort,sdssvep,2,2025,within,41,640.625,16.6667
reader,cohort,sdssvep,2,2025,within,42,656.25,28.3333
reader,cohort,sdssvep,2,2025,within,43,671.875,28.3333
reader,cohort,sdssvep,2,2025,within,44,687.5,25.0
reader,cohort,sdssvep,2,2025,within,45,703.125,25.0
reader,cohort,sdssvep,2,2025,within,46,718.75,35.0
reader,cohort,sdssvep,2,2025,within,47,734.375,25.0
reader,cohort,sdssvep,2,2025,within,48,750.0,26.6667
reader,cohort,sdssvep,2,2025,within,49,765.625,26.6667
reader,cohort,sdssvep,2,2025,within,50,781.25,40.0
reader,cohort,sdssvep,2,2025,within,51,796.875,41.6667
reader,cohort,sdssvep,2,2025,within,52,812.5,31.6667
reader,cohort,sdssvep,2,2025,within,53,828.125,36.6667
reader,cohort,sdssvep,2,2025,within,54,843.75,25.0
reader,cohort,sdssvep,2,2025,within,55,859.375,31.6667
reader,cohort,sdssvep,2,2025,within,56,875.0,23.3333
reader,cohort,sdssvep,2,2025,within,57,890.625,28.3333
reader,cohort,sdssvep,2,2025,within,58,906.25,65.0
reader,cohort,sdssvep,2,2025,within,59,921.875,63.3333
reader,cohort,sdssvep,2,2025,within,60,937.5,33.3333
reader,cohort,sdssvep,2,2025,within,61,953.125,6.6667
reader,cohort,sdssvep,2,2025,within,62,968.75,8.3333
reader,cohort,sdssvep,2,2025,within,63,984.375,53.3333
reader,cohort,sdssvep,2,2025,within,64,1000.0,96.6667
reader,cohort,sdssvep,2,2026,within,1,15.625,6.6667
reader,cohort,sdssvep,2,2026,within,2,31.25,10.0
reader,cohort,sdssvep,2,2026,within,3,46.875,6.6667
reader,cohort,sdssvep,2,2026,within,4,62.5,8.3333
reader,cohort,sdssvep,2,2026,within,5,78.125,6.6667
reader,cohort,sdssvep,2,2026,within,6,93.75,8.3333
reader,cohort,sdssvep,2,2026,within,7,109.375,8.3333
reader,cohort,sdssvep,2,2026,within,8,125.0,5.0
reader,cohort,sdssvep,2,2026,within,9,140.625,6.6667
reader,cohort,sdssvep,2,2026,within,10,156.25,6.6667
reader,cohort,sdssvep,2,2026,within,11,171.875,5.0
reader,cohort,sdssvep,2,2026,within,12,187.5,10.0
reader,cohort,sdssvep,2,2026,within,13,203.125,13.3333
reader,cohort,sdssvep,2,2026,within,14,218.75,8.3333
reader,cohort,sdssvep,2,2026,within,15,234.375,5.0
reader,cohort,sdssvep,2,2026,within,16,250.0,8.3333
reader,cohort,sdssvep,2,2026,within,17,265.625,10.0
reader,cohort,sdssvep,2,2026,within,18,281.25,10.0
reader,cohort,sdssvep,2,2026,within,19,296.875,11.6667
reader,cohort,sdssvep,2,2026,within,20,312.5,10.0
reader,cohort,sdssvep,2,2026,within,21,328.125,10.0
reader,cohort,sdssvep,2,2026,within,22,343.75,15.0
reader,cohort,sdssvep,2,2026,within,23,359.375,15.0
reader,cohort,sdssvep,2,2026,within,24,375.0,11.6667
reader,cohort,sdssvep,2,2026,within,25,390.625,20.0
reader,cohort,sdssvep,2,2026,within,26,406.25,11.6667
reader,cohort,sdssvep,2,2026,within,27,421.875,15.0
reader,cohort,sdssvep,2,2026,within,28,437.5,6.6667
reader,cohort,sdssvep,2,2026,within,29,453.125,13.3333
reader,cohort,sdssvep,2,2026,within,30,468.75,18.3333
reader,cohort,sdssvep,2,2026,within,31,484.375,21.6667
reader,cohort,sdssvep,2,2026,within,32,500.0,18.3333
reader,cohort,sdssvep,2,2026,within,33,515.625,20.0
reader,cohort,sdssvep,2,2026,within,34,531.25,11.6667
reader,cohort,sdssvep,2,2026,within,35,546.875,16.6667
reader,cohort,sdssvep,2,2026,within,36,562.5,25.0
reader,cohort,sdssvep,2,2026,within,37,578.125,31.6667
reader,cohort,sdssvep,2,2026,within,38,593.75,20.0
reader,cohort,sdssvep,2,2026,within,39,609.375,16.6667
reader,cohort,sdssvep,2,2026,within,40,625.0,26.6667
reader,cohort,sdssvep,2,2026,within,41,640.625,21.6667
reader,cohort,sdssvep,2,2026,within,42,656.25,20.0
reader,cohort,sdssvep,2,2026,within,43,671.875,31.6667
reader,cohort,sdssvep,2,2026,within,44,687.5,26.6667
reader,cohort,sdssvep,2,2026,within,45,703.125,30.0
reader,cohort,sdssvep,2,2026,within,46,718.75,41.6667
reader,cohort,sdssvep,2,2026,within,47,734.375,33.3333
reader,cohort,sdssvep,2,2026,within,48,750.0,21.6667
reader,cohort,sdssvep,2,2026,within,49,765.625,23.3333
reader,cohort,sdssvep,2,2026,within,50,781.25,41.6667
reader,cohort,sdssvep,2,2026,within,51,796.875,40.0
reader,cohort,sdssvep,2,2026,within,52,812.5,40.0
reader,cohort,sdssvep,2,2026,within,53,828.125,33.3333
reader,cohort,sdssvep,2,2026,within,54,843.75,31.6667
reader,cohort,sdssvep,2,2026,within,55,859.375,31.6667
reader,cohort,sdssvep,2,2026,within,56,875.0,33.3333
reader,cohort,sdssvep,2,2026,within,57,890.625,33.3333
reader,cohort,sdssvep,2,2026,within,58,906.25,58.3333
reader,cohort,sdssvep,2,2026,within,59,921.875,63.3333
reader,cohort,sdssvep,2,2026,within,60,937.5,28.3333
reader,cohort,sdssvep,2,2026,within,61,953.125,6.6667
reader,cohort,sdssvep,2,2026,within,62,968.75,3.3333
reader,cohort,sdssvep,2,2026,within,63,984.375,53.3333
reader,cohort,sdssvep,2,2026,within,64,1000.0,95.0
reader,cohort,sdssvep,2,2027,within,1,15.625,15.0
reader,cohort,sdssvep,2,2027,within,2,31.25,13.3333
reader,cohort,sdssvep,2,2027,within,3,46.875,5.0
reader,cohort,sdssvep,2,2027,within,4,62.5,8.3333
reader,cohort,sdssvep,2,2027,within,5,78.125,8.3333
reader,cohort,sdssvep,2,2027,within,6,93.75,10.0
reader,cohort,sdssvep,2,2027,within,7,109.375,11.6667
reader,cohort,sdssvep,2,2027,within,8,125.0,10.0
reader,cohort,sdssvep,2,2027,within,9,140.625,8.3333
reader,cohort,sdssvep,2,2027,within,10,156.25,8.3333
reader,cohort,sdssvep,2,2027,within,11,171.875,5.0
reader,cohort,sdssvep,2,2027,within,12,187.5,10.0
reader,cohort,sdssvep,2,2027,within,13,203.125,8.3333
reader,cohort,sdssvep,2,2027,within,14,218.75,10.0
reader,cohort,sdssvep,2,2027,within,15,234.375,5.0
reader,cohort,sdssvep,2,2027,within,16,250.0,10.0
reader,cohort,sdssvep,2,2027,within,17,265.625,15.0
reader,cohort,sdssvep,2,2027,within,18,281.25,10.0
reader,cohort,sdssvep,2,2027,within,19,296.875,11.6667
reader,cohort,sdssvep,2,2027,within,20,312.5,8.3333
reader,cohort,sdssvep,2,2027,within,21,328.125,8.3333
reader,cohort,sdssvep,2,2027,within,22,343.75,11.6667
reader,cohort,sdssvep,2,2027,within,23,359.375,16.6667
reader,cohort,sdssvep,2,2027,within,24,375.0,8.3333
reader,cohort,sdssvep,2,2027,within,25,390.625,5.0
reader,cohort,sdssvep,2,2027,within,26,406.25,5.0
reader,cohort,sdssvep,2,2027,within,27,421.875,8.3333
reader,cohort,sdssvep,2,2027,within,28,437.5,15.0
reader,cohort,sdssvep,2,2027,within,29,453.125,6.6667
reader,cohort,sdssvep,2,2027,within,30,468.75,10.0
reader,cohort,sdssvep,2,2027,within,31,484.375,11.6667
reader,cohort,sdssvep,2,2027,within,32,500.0,16.6667
reader,cohort,sdssvep,2,2027,within,33,515.625,11.6667
reader,cohort,sdssvep,2,2027,within,34,531.25,8.3333
reader,cohort,sdssvep,2,2027,within,35,546.875,11.6667
reader,cohort,sdssvep,2,2027,within,36,562.5,20.0
reader,cohort,sdssvep,2,2027,within,37,578.125,20.0
reader,cohort,sdssvep,2,2027,within,38,593.75,13.3333
reader,cohort,sdssvep,2,2027,within,39,609.375,11.6667
reader,cohort,sdssvep,2,2027,within,40,625.0,23.3333
reader,cohort,sdssvep,2,2027,within,41,640.625,18.3333
reader,cohort,sdssvep,2,2027,within,42,656.25,20.0
reader,cohort,sdssvep,2,2027,within,43,671.875,31.6667
reader,cohort,sdssvep,2,2027,within,44,687.5,30.0
reader,cohort,sdssvep,2,2027,within,45,703.125,21.6667
reader,cohort,sdssvep,2,2027,within,46,718.75,35.0
reader,cohort,sdssvep,2,2027,within,47,734.375,23.3333
reader,cohort,sdssvep,2,2027,within,48,750.0,21.6667
reader,cohort,sdssvep,2,2027,within,49,765.625,26.6667
reader,cohort,sdssvep,2,2027,within,50,781.25,40.0
reader,cohort,sdssvep,2,2027,within,51,796.875,36.6667
reader,cohort,sdssvep,2,2027,within,52,812.5,25.0
reader,cohort,sdssvep,2,2027,within,53,828.125,33.3333
reader,cohort,sdssvep,2,2027,within,54,843.75,31.6667
reader,cohort,sdssvep,2,2027,within,55,859.375,28.3333
reader,cohort,sdssvep,2,2027,within,56,875.0,20.0
reader,cohort,sdssvep,2,2027,within,57,890.625,28.3333
reader,cohort,sdssvep,2,2027,within,58,906.25,56.6667
reader,cohort,sdssvep,2,2027,within,59,921.875,63.3333
reader,cohort,sdssvep,2,2027,within,60,937.5,30.0
reader,cohort,sdssvep,2,2027,within,61,953.125,3.3333
reader,cohort,sdssvep,2,2027,within,62,968.75,3.3333
reader,cohort,sdssvep,2,2027,within,63,984.375,48.3333
reader,cohort,sdssvep,2,2027,within,64,1000.0,96.6667
reader,cohort,sdssvep,3,2025,within,1,15.625,8.3333
reader,cohort,sdssvep,3,2025,within,2,31.25,10.0
reader,cohort,sdssvep,3,2025,within,3,46.875,10.0
reader,cohort,sdssvep,3,2025,within,4,62.5,6.6667
reader,cohort,sdssvep,3,2025,within,5,78.125,6.6667
reader,cohort,sdssvep,3,2025,within,6,93.75,10.0
reader,cohort,sdssvep,3,2025,within,7,109.375,18.3333
reader,cohort,sdssvep,3,2025,within,8,125.0,21.6667
reader,cohort,sdssvep,3,2025,within,9,140.625,23.3333
reader,cohort,sdssvep,3,2025,within,10,156.25,15.0
reader,cohort,sdssvep,3,2025,within,11,171.875,26.6667
reader,cohort,sdssvep,3,2025,within,12,187.5,20.0
reader,cohort,sdssvep,3,2025,within,13,203.125,30.0
reader,cohort,sdssvep,3,2025,within,14,218.75,31.6667
reader,cohort,sdssvep,3,2025,within,15,234.375,26.6667
reader,cohort,sdssvep,3,2025,within,16,250.0,25.0
reader,cohort,sdssvep,3,2025,within,17,265.625,30.0
reader,cohort,sdssvep,3,2025,within,18,281.25,35.0
reader,cohort,sdssvep,3,2025,within,19,296.875,28.3333
reader,cohort,sdssvep,3,2025,within,20,312.5,33.3333
reader,cohort,sdssvep,3,2025,within,21,328.125,31.6667
reader,cohort,sdssvep,3,2025,within,22,343.75,43.3333
reader,cohort,sdssvep,3,2025,within,23,359.375,36.6667
reader,cohort,sdssvep,3,2025,within,24,375.0,23.3333
reader,cohort,sdssvep,3,2025,within,25,390.625,41.6667
reader,cohort,sdssvep,3,2025,within,26,406.25,38.3333
reader,cohort,sdssvep,3,2025,within,27,421.875,51.6667
reader,cohort,sdssvep,3,2025,within,28,437.5,46.6667
reader,cohort,sdssvep,3,2025,within,29,453.125,36.6667
reader,cohort,sdssvep,3,2025,within,30,468.75,41.6667
reader,cohort,sdssvep,3,2025,within,31,484.375,43.3333
reader,cohort,sdssvep,3,2025,within,32,500.0,45.0
reader,cohort,sdssvep,3,2025,within,33,515.625,46.6667
reader,cohort,sdssvep,3,2025,within,34,531.25,41.6667
reader,cohort,sdssvep,3,2025,within,35,546.875,41.6667
reader,cohort,sdssvep,3,2025,within,36,562.5,48.3333
reader,cohort,sdssvep,3,2025,within,37,578.125,58.3333
reader,cohort,sdssvep,3,2025,within,38,593.75,53.3333
reader,cohort,sdssvep,3,2025,within,39,609.375,50.0
reader,cohort,sdssvep,3,2025,within,40,625.0,46.6667
reader,cohort,sdssvep,3,2025,within,41,640.625,50.0
reader,cohort,sdssvep,3,2025,within,42,656.25,48.3333
reader,cohort,sdssvep,3,2025,within,43,671.875,50.0
reader,cohort,sdssvep,3,2025,within,44,687.5,53.3333
reader,cohort,sdssvep,3,2025,within,45,703.125,63.3333
reader,cohort,sdssvep,3,2025,within,46,718.75,51.6667
reader,cohort,sdssvep,3,2025,within,47,734.375,50.0
reader,cohort,sdssvep,3,2025,within,48,750.0,50.0
reader,cohort,sdssvep,3,2025,within,49,765.625,56.6667
reader,cohort,sdssvep,3,2025,within,50,781.25,56.6667
reader,cohort,sdssvep,3,2025,within,51,796.875,56.6667
reader,cohort,sdssvep,3,2025,within,52,812.5,40.0
reader,cohort,sdssvep,3,2025,within,53,828.125,45.0
reader,cohort,sdssvep,3,2025,within,54,843.75,53.3333
reader,cohort,sdssvep,3,2025,within,55,859.375,51.6667
reader,cohort,sdssvep,3,2025,within,56,875.0,51.6667
reader,cohort,sdssvep,3,2025,within,57,890.625,46.6667
reader,cohort,sdssvep,3,2025,within,58,906.25,58.3333
reader,cohort,sdssvep,3,2025,within,59,921.875,63.3333
reader,cohort,sdssvep,3,2025,within,60,937.5,48.3333
reader,cohort,sdssvep,3,2025,within,61,953.125,35.0
reader,cohort,sdssvep,3,2025,within,62,968.75,48.3333
reader,cohort,sdssvep,3,2025,within,63,984.375,60.0
reader,cohort,sdssvep,3,2025,within,64,1000.0,75.0
reader,cohort,sdssvep,3,2026,within,1,15.625,8.3333
reader,cohort,sdssvep,3,2026,within,2,31.25,8.3333
reader,cohort,sdssvep,3,2026,within,3,46.875,8.3333
reader,cohort,sdssvep,3,2026,within,4,62.5,6.6667
reader,cohort,sdssvep,3,2026,within,5,78.125,6.6667
reader,cohort,sdssvep,3,2026,within,6,93.75,13.3333
reader,cohort,sdssvep,3,2026,within,7,109.375,18.3333
reader,cohort,sdssvep,3,2026,within,8,125.0,16.6667
reader,cohort,sdssvep,3,2026,within,9,140.625,11.6667
reader,cohort,sdssvep,3,2026,within,10,156.25,13.3333
reader,cohort,sdssvep,3,2026,within,11,171.875,16.6667
reader,cohort,sdssvep,3,2026,within,12,187.5,16.6667
reader,cohort,sdssvep,3,2026,within,13,203.125,13.3333
reader,cohort,sdssvep,3,2026,within,14,218.75,13.3333
reader,cohort,sdssvep,3,2026,within,15,234.375,18.3333
reader,cohort,sdssvep,3,2026,within,16,250.0,16.6667
reader,cohort,sdssvep,3,2026,within,17,265.625,18.3333
reader,cohort,sdssvep,3,2026,within,18,281.25,20.0
reader,cohort,sdssvep,3,2026,within,19,296.875,18.3333
reader,cohort,sdssvep,3,2026,within,20,312.5,26.6667
reader,cohort,sdssvep,3,2026,within,21,328.125,36.6667
reader,cohort,sdssvep,3,2026,within,22,343.75,31.6667
reader,cohort,sdssvep,3,2026,within,23,359.375,38.3333
reader,cohort,sdssvep,3,2026,within,24,375.0,36.6667
reader,cohort,sdssvep,3,2026,within,25,390.625,33.3333
reader,cohort,sdssvep,3,2026,within,26,406.25,41.6667
reader,cohort,sdssvep,3,2026,within,27,421.875,40.0
reader,cohort,sdssvep,3,2026,within,28,437.5,45.0
reader,cohort,sdssvep,3,2026,within,29,453.125,36.6667
reader,cohort,sdssvep,3,2026,within,30,468.75,33.3333
reader,cohort,sdssvep,3,2026,within,31,484.375,43.3333
reader,cohort,sdssvep,3,2026,within,32,500.0,38.3333
reader,cohort,sdssvep,3,2026,within,33,515.625,38.3333
reader,cohort,sdssvep,3,2026,within,34,531.25,41.6667
reader,cohort,sdssvep,3,2026,within,35,546.875,33.3333
reader,cohort,sdssvep,3,2026,within,36,562.5,45.0
reader,cohort,sdssvep,3,2026,within,37,578.125,43.3333
reader,cohort,sdssvep,3,2026,within,38,593.75,41.6667
reader,cohort,sdssvep,3,2026,within,39,609.375,45.0
reader,cohort,sdssvep,3,2026,within,40,625.0,51.6667
reader,cohort,sdssvep,3,2026,within,41,640.625,50.0
reader,cohort,sdssvep,3,2026,within,42,656.25,50.0
reader,cohort,sdssvep,3,2026,within,43,671.875,38.3333
reader,cohort,sdssvep,3,2026,within,44,687.5,48.3333
reader,cohort,sdssvep,3,2026,within,45,703.125,46.6667
reader,cohort,sdssvep,3,2026,within,46,718.75,56.6667
reader,cohort,sdssvep,3,2026,within,47,734.375,45.0
reader,cohort,sdssvep,3,2026,within,48,750.0,48.3333
reader,cohort,sdssvep,3,2026,within,49,765.625,48.3333
reader,cohort,sdssvep,3,2026,within,50,781.25,58.3333
reader,cohort,sdssvep,3,2026,within,51,796.875,48.3333
reader,cohort,sdssvep,3,2026,within,52,812.5,53.3333
reader,cohort,sdssvep,3,2026,within,53,828.125,46.6667
reader,cohort,sdssvep,3,2026,within,54,843.75,48.3333
reader,cohort,sdssvep,3,2026,within,55,859.375,48.3333
reader,cohort,sdssvep,3,2026,within,56,875.0,45.0
reader,cohort,sdssvep,3,2026,within,57,890.625,55.0
reader,cohort,sdssvep,3,2026,within,58,906.25,58.3333
reader,cohort,sdssvep,3,2026,within,59,921.875,56.6667
reader,cohort,sdssvep,3,2026,within,60,937.5,53.3333
reader,cohort,sdssvep,3,2026,within,61,953.125,38.3333
reader,cohort,sdssvep,3,2026,within,62,968.75,45.0
reader,cohort,sdssvep,3,2026,within,63,984.375,66.6667
reader,cohort,sdssvep,3,2026,within,64,1000.0,76.6667
reader,cohort,sdssvep,3,2027,within,1,15.625,8.3333
reader,cohort,sdssvep,3,2027,within,2,31.25,8.3333
reader,cohort,sdssvep,3,2027,within,3,46.875,8.3333
reader,cohort,sdssvep,3,2027,within,4,62.5,8.3333
reader,cohort,sdssvep,3,2027,within,5,78.125,8.3333
reader,cohort,sdssvep,3,2027,within,6,93.75,11.6667
reader,cohort,sdssvep,3,2027,within,7,109.375,10.0
reader,cohort,sdssvep,3,2027,within,8,125.0,15.0
reader,cohort,sdssvep,3,2027,within,9,140.625,16.6667
reader,cohort,sdssvep,3,2027,within,10,156.25,13.3333
reader,cohort,sdssvep,3,2027,within,11,171.875,21.6667
reader,cohort,sdssvep,3,2027,within,12,187.5,13.3333
reader,cohort,sdssvep,3,2027,within,13,203.125,20.0
reader,cohort,sdssvep,3,2027,within,14,218.75,18.3333
reader,cohort,sdssvep,3,2027,within,15,234.375,15.0
reader,cohort,sdssvep,3,2027,within,16,250.0,18.3333
reader,cohort,sdssvep,3,2027,within,17,265.625,28.3333
reader,cohort,sdssvep,3,2027,within,18,281.25,26.6667
reader,cohort,sdssvep,3,2027,within,19,296.875,30.0
reader,cohort,sdssvep,3,2027,within,20,312.5,33.3333
reader,cohort,sdssvep,3,2027,within,21,328.125,25.0
reader,cohort,sdssvep,3,2027,within,22,343.75,33.3333
reader,cohort,sdssvep,3,2027,within,23,359.375,33.3333
reader,cohort,sdssvep,3,2027,within,24,375.0,28.3333
reader,cohort,sdssvep,3,2027,within,25,390.625,31.6667
reader,cohort,sdssvep,3,2027,within,26,406.25,40.0
reader,cohort,sdssvep,3,2027,within,27,421.875,36.6667
reader,cohort,sdssvep,3,2027,within,28,437.5,38.3333
reader,cohort,sdssvep,3,2027,within,29,453.125,38.3333
reader,cohort,sdssvep,3,2027,within,30,468.75,31.6667
reader,cohort,sdssvep,3,2027,within,31,484.375,38.3333
reader,cohort,sdssvep,3,2027,within,32,500.0,45.0
reader,cohort,sdssvep,3,2027,within,33,515.625,45.0
reader,cohort,sdssvep,3,2027,within,34,531.25,38.3333
reader,cohort,sdssvep,3,2027,within,35,546.875,40.0
reader,cohort,sdssvep,3,2027,within,36,562.5,41.6667
reader,cohort,sdssvep,3,2027,within,37,578.125,40.0
reader,cohort,sdssvep,3,2027,within,38,593.75,45.0
reader,cohort,sdssvep,3,2027,within,39,609.375,51.6667
reader,cohort,sdssvep,3,2027,within,40,625.0,48.3333
reader,cohort,sdssvep,3,2027,within,41,640.625,50.0
reader,cohort,sdssvep,3,2027,within,42,656.25,41.6667
reader,cohort,sdssvep,3,2027,within,43,671.875,41.6667
reader,cohort,sdssvep,3,2027,within,44,687.5,46.6667
reader,cohort,sdssvep,3,2027,within,45,703.125,53.3333
reader,cohort,sdssvep,3,2027,within,46,718.75,56.6667
reader,cohort,sdssvep,3,2027,within,47,734.375,41.6667
reader,cohort,sdssvep,3,2027,within,48,750.0,53.3333
reader,cohort,sdssvep,3,2027,within,49,765.625,48.3333
reader,cohort,sdssvep,3,2027,within,50,781.25,55.0
reader,cohort,sdssvep,3,2027,within,51,796.875,46.6667
reader,cohort,sdssvep,3,2027,within,52,812.5,50.0
reader,cohort,sdssvep,3,2027,within,53,828.125,48.3333
reader,cohort,sdssvep,3,2027,within,54,843.75,55.0
reader,cohort,sdssvep,3,2027,within,55,859.375,53.3333
reader,cohort,sdssvep,3,2027,within,56,875.0,58.3333
reader,cohort,sdssvep,3,2027,within,57,890.625,53.3333
reader,cohort,sdssvep,3,2027,within,58,906.25,56.6667
reader,cohort,sdssvep,3,2027,within,59,921.875,51.6667
reader,cohort,sdssvep,3,2027,within,60,937.5,35.0
reader,cohort,sdssvep,3,2027,within,61,953.125,41.6667
reader,cohort,sdssvep,3,2027,within,62,968.75,45.0
reader,cohort,sdssvep,3,2027,within,63,984.375,53.3333
reader,cohort,sdssvep,3,2027,within,64,1000.0,71.6667
reader,cohort,sdssvep,4,2025,within,1,15.625,8.3333
reader,cohort,sdssvep,4,2025,within,2,31.25,8.3333
reader,cohort,sdssvep,4,2025,within,3,46.875,8.3333
reader,cohort,sdssvep,4,2025,within,4,62.5,11.6667
reader,cohort,sdssvep,4,2025,within,5,78.125,16.6667
reader,cohort,sdssvep,4,2025,within,6,93.75,26.6667
reader,cohort,sdssvep,4,2025,within,7,109.375,23.3333
reader,cohort,sdssvep,4,2025,within,8,125.0,25.0
reader,cohort,sdssvep,4,2025,within,9,140.625,25.0
reader,cohort,sdssvep,4,2025,within,10,156.25,31.6667
reader,cohort,sdssvep,4,2025,within,11,171.875,36.6667
reader,cohort,sdssvep,4,2025,within,12,187.5,35.0
reader,cohort,sdssvep,4,2025,within,13,203.125,46.6667
reader,cohort,sdssvep,4,2025,within,14,218.75,36.6667
reader,cohort,sdssvep,4,2025,within,15,234.375,35.0
reader,cohort,sdssvep,4,2025,within,16,250.0,38.3333
reader,cohort,sdssvep,4,2025,within,17,265.625,40.0
reader,cohort,sdssvep,4,2025,within,18,281.25,30.0
reader,cohort,sdssvep,4,2025,within,19,296.875,41.6667
reader,cohort,sdssvep,4,2025,within,20,312.5,43.3333
reader,cohort,sdssvep,4,2025,within,21,328.125,36.6667
reader,cohort,sdssvep,4,2025,within,22,343.75,55.0
reader,cohort,sdssvep,4,2025,within,23,359.375,41.6667
reader,cohort,sdssvep,4,2025,within,24,375.0,40.0
reader,cohort,sdssvep,4,2025,within,25,390.625,48.3333
reader,cohort,sdssvep,4,2025,within,26,406.25,56.6667
reader,cohort,sdssvep,4,2025,within,27,421.875,50.0
reader,cohort,sdssvep,4,2025,within,28,437.5,46.6667
reader,cohort,sdssvep,4,2025,within,29,453.125,51.6667
reader,cohort,sdssvep,4,2025,within,30,468.75,56.6667
reader,cohort,sdssvep,4,2025,within,31,484.375,53.3333
reader,cohort,sdssvep,4,2025,within,32,500.0,55.0
reader,cohort,sdssvep,4,2025,within,33,515.625,63.3333
reader,cohort,sdssvep,4,2025,within,34,531.25,61.6667
reader,cohort,sdssvep,4,2025,within,35,546.875,63.3333
reader,cohort,sdssvep,4,2025,within,36,562.5,58.3333
reader,cohort,sdssvep,4,2025,within,37,578.125,61.6667
reader,cohort,sdssvep,4,2025,within,38,593.75,63.3333
reader,cohort,sdssvep,4,2025,within,39,609.375,55.0
reader,cohort,sdssvep,4,2025,within,40,625.0,60.0
reader,cohort,sdssvep,4,2025,within,41,640.625,65.0
reader,cohort,sdssvep,4,2025,within,42,656.25,68.3333
reader,cohort,sdssvep,4,2025,within,43,671.875,58.3333
reader,cohort,sdssvep,4,2025,within,44,687.5,56.6667
reader,cohort,sdssvep,4,2025,within,45,703.125,68.3333
reader,cohort,sdssvep,4,2025,within,46,718.75,71.6667
reader,cohort,sdssvep,4,2025,within,47,734.375,66.6667
reader,cohort,sdssvep,4,2025,within,48,750.0,65.0
reader,cohort,sdssvep,4,2025,within,49,765.625,61.6667
reader,cohort,sdssvep,4,2025,within,50,781.25,65.0
reader,cohort,sdssvep,4,2025,within,51,796.875,70.0
reader,cohort,sdssvep,4,2025,within,52,812.5,71.6667
reader,cohort,sdssvep,4,2025,within,53,828.125,61.6667
reader,cohort,sdssvep,4,2025,within,54,843.75,68.3333
reader,cohort,sdssvep,4,2025,within,55,859.375,73.3333
reader,cohort,sdssvep,4,2025,within,56,875.0,78.3333
reader,cohort,sdssvep,4,2025,within,57,890.625,61.6667
reader,cohort,sdssvep,4,2025,within,58,906.25,66.6667
reader,cohort,sdssvep,4,2025,within,59,921.875,68.3333
reader,cohort,sdssvep,4,2025,within,60,937.5,80.0
reader,cohort,sdssvep,4,2025,within,61,953.125,71.6667
reader,cohort,sdssvep,4,2025,within,62,968.75,53.3333
reader,cohort,sdssvep,4,2025,within,63,984.375,61.6667
reader,cohort,sdssvep,4,2025,within,64,1000.0,95.0
reader,cohort,sdssvep,4,2026,within,1,15.625,8.3333
reader,cohort,sdssvep,4,2026,within,2,31.25,13.3333
reader,cohort,sdssvep,4,2026,within,3,46.875,11.6667
reader,cohort,sdssvep,4,2026,within,4,62.5,10.0
reader,cohort,sdssvep,4,2026,within,5,78.125,8.3333
reader,cohort,sdssvep,4,2026,within,6,93.75,25.0
reader,cohort,sdssvep,4,2026,within,7,109.375,20.0
reader,cohort,sdssvep,4,2026,within,8,125.0,26.6667
reader,cohort,sdssvep,4,2026,within,9,140.625,20.0
reader,cohort,sdssvep,4,2026,within,10,156.25,30.0
reader,cohort,sdssvep,4,2026,within,11,171.875,35.0
reader,cohort,sdssvep,4,2026,within,12,187.5,30.0
reader,cohort,sdssvep,4,2026,within,13,203.125,31.6667
reader,cohort,sdssvep,4,2026,within,14,218.75,40.0
reader,cohort,sdssvep,4,2026,within,15,234.375,30.0
reader,cohort,sdssvep,4,2026,within,16,250.0,30.0
reader,cohort,sdssvep,4,2026,within,17,265.625,31.6667
reader,cohort,sdssvep,4,2026,within,18,281.25,31.6667
reader,cohort,sdssvep,4,2026,within,19,296.875,38.3333
reader,cohort,sdssvep,4,2026,within,20,312.5,43.3333
reader,cohort,sdssvep,4,2026,within,21,328.125,40.0
reader,cohort,sdssvep,4,2026,within,22,343.75,48.3333
reader,cohort,sdssvep,4,2026,within,23,359.375,50.0
reader,cohort,sdssvep,4,2026,within,24,375.0,48.3333
reader,cohort,sdssvep,4,2026,within,25,390.625,56.6667
reader,cohort,sdssvep,4,2026,within,26,406.25,51.6667
reader,cohort,sdssvep,4,2026,within,27,421.875,55.0
reader,cohort,sdssvep,4,2026,within,28,437.5,60.0
reader,cohort,sdssvep,4,2026,within,29,453.125,63.3333
reader,cohort,sdssvep,4,2026,within,30,468.75,68.3333
reader,cohort,sdssvep,4,2026,within,31,484.375,61.6667
reader,cohort,sdssvep,4,2026,within,32,500.0,66.6667
reader,cohort,sdssvep,4,2026,within,33,515.625,61.6667
reader,cohort,sdssvep,4,2026,within,34,531.25,70.0
reader,cohort,sdssvep,4,2026,within,35,546.875,68.3333
reader,cohort,sdssvep,4,2026,within,36,562.5,73.3333
reader,cohort,sdssvep,4,2026,within,37,578.125,61.6667
reader,cohort,sdssvep,4,2026,within,38,593.75,70.0
reader,cohort,sdssvep,4,2026,within,39,609.375,70.0
reader,cohort,sdssvep,4,2026,within,40,625.0,66.6667
reader,cohort,sdssvep,4,2026,within,41,640.625,73.3333
reader,cohort,sdssvep,4,2026,within,42,656.25,73.3333
reader,cohort,sdssvep,4,2026,within,43,671.875,65.0
reader,cohort,sdssvep,4,2026,within,44,687.5,71.6667
reader,cohort,sdssvep,4,2026,within,45,703.125,73.3333
reader,cohort,sdssvep,4,2026,within,46,718.75,70.0
reader,cohort,sdssvep,4,2026,within,47,734.375,71.6667
reader,cohort,sdssvep,4,2026,within,48,750.0,78.3333
reader,cohort,sdssvep,4,2026,within,49,765.625,68.3333
reader,cohort,sdssvep,4,2026,within,50,781.25,70.0
reader,cohort,sdssvep,4,2026,within,51,796.875,78.3333
reader,cohort,sdssvep,4,2026,within,52,812.5,71.6667
reader,cohort,sdssvep,4,2026,within,53,828.125,68.3333
reader,cohort,sdssvep,4,2026,within,54,843.75,71.6667
reader,cohort,sdssvep,4,2026,within,55,859.375,70.0
reader,cohort,sdssvep,4,2026,within,56,875.0,71.6667
reader,cohort,sdssvep,4,2026,within,57,890.625,71.6667
reader,cohort,sdssvep,4,2026,within,58,906.25,76.6667
reader,cohort,sdssvep,4,2026,within,59,921.875,80.0
reader,cohort,sdssvep,4,2026,within,60,937.5,83.3333
reader,cohort,sdssvep,4,2026,within,61,953.125,75.0
reader,cohort,sdssvep,4,2026,within,62,968.75,63.3333
reader,cohort,sdssvep,4,2026,within,63,984.375,68.3333
reader,cohort,sdssvep,4,2026,within,64,1000.0,98.3333
reader,cohort,sdssvep,4,2027,within,1,15.625,8.3333
reader,cohort,sdssvep,4,2027,within,2,31.25,6.6667
reader,cohort,sdssvep,4,2027,within,3,46.875,11.6667
reader,cohort,sdssvep,4,2027,within,4,62.5,15.0
reader,cohort,sdssvep,4,2027,within,5,78.125,16.6667
reader,cohort,sdssvep,4,2027,within,6,93.75,25.0
reader,cohort,sdssvep,4,2027,within,7,109.375,31.6667
reader,cohort,sdssvep,4,2027,within,8,125.0,40.0
reader,cohort,sdssvep,4,2027,within,9,140.625,31.6667
reader,cohort,sdssvep,4,2027,within,10,156.25,33.3333
reader,cohort,sdssvep,4,2027,within,11,171.875,35.0
reader,cohort,sdssvep,4,2027,within,12,187.5,36.6667
reader,cohort,sdssvep,4,2027,within,13,203.125,35.0
reader,cohort,sdssvep,4,2027,within,14,218.75,41.6667
reader,cohort,sdssvep,4,2027,within,15,234.375,38.3333
reader,cohort,sdssvep,4,2027,within,16,250.0,35.0
reader,cohort,sdssvep,4,2027,within,17,265.625,31.6667
reader,cohort,sdssvep,4,2027,within,18,281.25,40.0
reader,cohort,sdssvep,4,2027,within,19,296.875,43.3333
reader,cohort,sdssvep,4,2027,within,20,312.5,36.6667
reader,cohort,sdssvep,4,2027,within,21,328.125,45.0
reader,cohort,sdssvep,4,2027,within,22,343.75,46.6667
reader,cohort,sdssvep,4,2027,within,23,359.375,46.6667
reader,cohort,sdssvep,4,2027,within,24,375.0,45.0
reader,cohort,sdssvep,4,2027,within,25,390.625,51.6667
reader,cohort,sdssvep,4,2027,within,26,406.25,53.3333
reader,cohort,sdssvep,4,2027,within,27,421.875,55.0
reader,cohort,sdssvep,4,2027,within,28,437.5,53.3333
reader,cohort,sdssvep,4,2027,within,29,453.125,51.6667
reader,cohort,sdssvep,4,2027,within,30,468.75,61.6667
reader,cohort,sdssvep,4,2027,within,31,484.375,50.0
reader,cohort,sdssvep,4,2027,within,32,500.0,51.6667
reader,cohort,sdssvep,4,2027,within,33,515.625,55.0
reader,cohort,sdssvep,4,2027,within,34,531.25,63.3333
reader,cohort,sdssvep,4,2027,within,35,546.875,46.6667
reader,cohort,sdssvep,4,2027,within,36,562.5,53.3333
reader,cohort,sdssvep,4,2027,within,37,578.125,65.0
reader,cohort,sdssvep,4,2027,within,38,593.75,60.0
reader,cohort,sdssvep,4,2027,within,39,609.375,56.6667
reader,cohort,sdssvep,4,2027,within,40,625.0,60.0
reader,cohort,sdssvep,4,2027,within,41,640.625,55.0
reader,cohort,sdssvep,4,2027,within,42,656.25,58.3333
reader,cohort,sdssvep,4,2027,within,43,671.875,63.3333
reader,cohort,sdssvep,4,2027,within,44,687.5,55.0
reader,cohort,sdssvep,4,2027,within,45,703.125,65.0
reader,cohort,sdssvep,4,2027,within,46,718.75,71.6667
reader,cohort,sdssvep,4,2027,within,47,734.375,66.6667
reader,cohort,sdssvep,4,2027,within,48,750.0,63.3333
reader,cohort,sdssvep,4,2027,within,49,765.625,58.3333
reader,cohort,sdssvep,4,2027,within,50,781.25,63.3333
reader,cohort,sdssvep,4,2027,within,51,796.875,73.3333
reader,cohort,sdssvep,4,2027,within,52,812.5,70.0
reader,cohort,sdssvep,4,2027,within,53,828.125,61.6667
reader,cohort,sdssvep,4,2027,within,54,843.75,68.3333
reader,cohort,sdssvep,4,2027,within,55,859.375,75.0
reader,cohort,sdssvep,4,2027,within,56,875.0,66.6667
reader,cohort,sdssvep,4,2027,within,57,890.625,65.0
reader,cohort,sdssvep,4,2027,within,58,906.25,78.3333
reader,cohort,sdssvep,4,2027,within,59,921.875,75.0
reader,cohort,sdssvep,4,2027,within,60,937.5,81.6667
reader,cohort,sdssvep,4,2027,within,61,953.125,76.6667
reader,cohort,sdssvep,4,2027,within,62,968.75,60.0
reader,cohort,sdssvep,4,2027,within,63,984.375,70.0
reader,cohort,sdssvep,4,2027,within,64,1000.0,98.3333
reader,cohort,sdssvep,5,2025,within,1,15.625,16.6667
reader,cohort,sdssvep,5,2025,within,2,31.25,5.0
reader,cohort,sdssvep,5,2025,within,3,46.875,6.6667
reader,cohort,sdssvep,5,2025,within,4,62.5,15.0
reader,cohort,sdssvep,5,2025,within,5,78.125,13.3333
reader,cohort,sdssvep,5,2025,within,6,93.75,18.3333
reader,cohort,sdssvep,5,2025,within,7,109.375,25.0
reader,cohort,sdssvep,5,2025,within,8,125.0,28.3333
reader,cohort,sdssvep,5,2025,within,9,140.625,33.3333
reader,cohort,sdssvep,5,2025,within,10,156.25,33.3333
reader,cohort,sdssvep,5,2025,within,11,171.875,43.3333
reader,cohort,sdssvep,5,2025,within,12,187.5,43.3333
reader,cohort,sdssvep,5,2025,within,13,203.125,51.6667
reader,cohort,sdssvep,5,2025,within,14,218.75,46.6667
reader,cohort,sdssvep,5,2025,within,15,234.375,50.0
reader,cohort,sdssvep,5,2025,within,16,250.0,45.0
reader,cohort,sdssvep,5,2025,within,17,265.625,50.0
reader,cohort,sdssvep,5,2025,within,18,281.25,50.0
reader,cohort,sdssvep,5,2025,within,19,296.875,55.0
reader,cohort,sdssvep,5,2025,within,20,312.5,56.6667
reader,cohort,sdssvep,5,2025,within,21,328.125,61.6667
reader,cohort,sdssvep,5,2025,within,22,343.75,60.0
reader,cohort,sdssvep,5,2025,within,23,359.375,58.3333
reader,cohort,sdssvep,5,2025,within,24,375.0,68.3333
reader,cohort,sdssvep,5,2025,within,25,390.625,70.0
reader,cohort,sdssvep,5,2025,within,26,406.25,63.3333
reader,cohort,sdssvep,5,2025,within,27,421.875,63.3333
reader,cohort,sdssvep,5,2025,within,28,437.5,68.3333
reader,cohort,sdssvep,5,2025,within,29,453.125,75.0
reader,cohort,sdssvep,5,2025,within,30,468.75,78.3333
reader,cohort,sdssvep,5,2025,within,31,484.375,60.0
reader,cohort,sdssvep,5,2025,within,32,500.0,63.3333
reader,cohort,sdssvep,5,2025,within,33,515.625,71.6667
reader,cohort,sdssvep,5,2025,within,34,531.25,78.3333
reader,cohort,sdssvep,5,2025,within,35,546.875,78.3333
reader,cohort,sdssvep,5,2025,within,36,562.5,70.0
reader,cohort,sdssvep,5,2025,within,37,578.125,68.3333
reader,cohort,sdssvep,5,2025,within,38,593.75,70.0
reader,cohort,sdssvep,5,2025,within,39,609.375,78.3333
reader,cohort,sdssvep,5,2025,within,40,625.0,76.6667
reader,cohort,sdssvep,5,2025,within,41,640.625,78.3333
reader,cohort,sdssvep,5,2025,within,42,656.25,75.0
reader,cohort,sdssvep,5,2025,within,43,671.875,76.6667
reader,cohort,sdssvep,5,2025,within,44,687.5,75.0
reader,cohort,sdssvep,5,2025,within,45,703.125,75.0
reader,cohort,sdssvep,5,2025,within,46,718.75,81.6667
reader,cohort,sdssvep,5,2025,within,47,734.375,83.3333
reader,cohort,sdssvep,5,2025,within,48,750.0,83.3333
reader,cohort,sdssvep,5,2025,within,49,765.625,78.3333
reader,cohort,sdssvep,5,2025,within,50,781.25,81.6667
reader,cohort,sdssvep,5,2025,within,51,796.875,78.3333
reader,cohort,sdssvep,5,2025,within,52,812.5,86.6667
reader,cohort,sdssvep,5,2025,within,53,828.125,91.6667
reader,cohort,sdssvep,5,2025,within,54,843.75,86.6667
reader,cohort,sdssvep,5,2025,within,55,859.375,76.6667
reader,cohort,sdssvep,5,2025,within,56,875.0,83.3333
reader,cohort,sdssvep,5,2025,within,57,890.625,81.6667
reader,cohort,sdssvep,5,2025,within,58,906.25,95.0
reader,cohort,sdssvep,5,2025,within,59,921.875,96.6667
reader,cohort,sdssvep,5,2025,within,60,937.5,85.0
reader,cohort,sdssvep,5,2025,within,61,953.125,85.0
reader,cohort,sdssvep,5,2025,within,62,968.75,83.3333
reader,cohort,sdssvep,5,2025,within,63,984.375,91.6667
reader,cohort,sdssvep,5,2025,within,64,1000.0,100.0
reader,cohort,sdssvep,5,2026,within,1,15.625,11.6667
reader,cohort,sdssvep,5,2026,within,2,31.25,11.6667
reader,cohort,sdssvep,5,2026,within,3,46.875,10.0
reader,cohort,sdssvep,5,2026,within,4,62.5,13.3333
reader,cohort,sdssvep,5,2026,within,5,78.125,18.3333
reader,cohort,sdssvep,5,2026,within,6,93.75,30.0
reader,cohort,sdssvep,5,2026,within,7,109.375,35.0
reader,cohort,sdssvep,5,2026,within,8,125.0,40.0
reader,cohort,sdssvep,5,2026,within,9,140.625,48.3333
reader,cohort,sdssvep,5,2026,within,10,156.25,40.0
reader,cohort,sdssvep,5,2026,within,11,171.875,40.0
reader,cohort,sdssvep,5,2026,within,12,187.5,58.3333
reader,cohort,sdssvep,5,2026,within,13,203.125,51.6667
reader,cohort,sdssvep,5,2026,within,14,218.75,48.3333
reader,cohort,sdssvep,5,2026,within,15,234.375,56.6667
reader,cohort,sdssvep,5,2026,within,16,250.0,41.6667
reader,cohort,sdssvep,5,2026,within,17,265.625,55.0
reader,cohort,sdssvep,5,2026,within,18,281.25,55.0
reader,cohort,sdssvep,5,2026,within,19,296.875,58.3333
reader,cohort,sdssvep,5,2026,within,20,312.5,60.0
reader,cohort,sdssvep,5,2026,within,21,328.125,71.6667
reader,cohort,sdssvep,5,2026,within,22,343.75,73.3333
reader,cohort,sdssvep,5,2026,within,23,359.375,65.0
reader,cohort,sdssvep,5,2026,within,24,375.0,68.3333
reader,cohort,sdssvep,5,2026,within,25,390.625,70.0
reader,cohort,sdssvep,5,2026,within,26,406.25,71.6667
reader,cohort,sdssvep,5,2026,within,27,421.875,75.0
reader,cohort,sdssvep,5,2026,within,28,437.5,80.0
reader,cohort,sdssvep,5,2026,within,29,453.125,76.6667
reader,cohort,sdssvep,5,2026,within,30,468.75,80.0
reader,cohort,sdssvep,5,2026,within,31,484.375,85.0
reader,cohort,sdssvep,5,2026,within,32,500.0,85.0
reader,cohort,sdssvep,5,2026,within,33,515.625,78.3333
reader,cohort,sdssvep,5,2026,within,34,531.25,86.6667
reader,cohort,sdssvep,5,2026,within,35,546.875,88.3333
reader,cohort,sdssvep,5,2026,within,36,562.5,81.6667
reader,cohort,sdssvep,5,2026,within,37,578.125,86.6667
reader,cohort,sdssvep,5,2026,within,38,593.75,81.6667
reader,cohort,sdssvep,5,2026,within,39,609.375,78.3333
reader,cohort,sdssvep,5,2026,within,40,625.0,90.0
reader,cohort,sdssvep,5,2026,within,41,640.625,90.0
reader,cohort,sdssvep,5,2026,within,42,656.25,90.0
reader,cohort,sdssvep,5,2026,within,43,671.875,83.3333
reader,cohort,sdssvep,5,2026,within,44,687.5,88.3333
reader,cohort,sdssvep,5,2026,within,45,703.125,86.6667
reader,cohort,sdssvep,5,2026,within,46,718.75,93.3333
reader,cohort,sdssvep,5,2026,within,47,734.375,88.3333
reader,cohort,sdssvep,5,2026,within,48,750.0,88.3333
reader,cohort,sdssvep,5,2026,within,49,765.625,83.3333
reader,cohort,sdssvep,5,2026,within,50,781.25,88.3333
reader,cohort,sdssvep,5,2026,within,51,796.875,91.6667
reader,cohort,sdssvep,5,2026,within,52,812.5,86.6667
reader,cohort,sdssvep,5,2026,within,53,828.125,95.0
reader,cohort,sdssvep,5,2026,within,54,843.75,93.3333
reader,cohort,sdssvep,5,2026,within,55,859.375,81.6667
reader,cohort,sdssvep,5,2026,within,56,875.0,90.0
reader,cohort,sdssvep,5,2026,within,57,890.625,96.6667
reader,cohort,sdssvep,5,2026,within,58,906.25,98.3333
reader,cohort,sdssvep,5,2026,within,59,921.875,96.6667
reader,cohort,sdssvep,5,2026,within,60,937.5,85.0
reader,cohort,sdssvep,5,2026,within,61,953.125,86.6667
reader,cohort,sdssvep,5,2026,within,62,968.75,86.6667
reader,cohort,sdssvep,5,2026,within,63,984.375,95.0
reader,cohort,sdssvep,5,2026,within,64,1000.0,100.0
reader,cohort,sdssvep,5,2027,within,1,15.625,16.6667
reader,cohort,sdssvep,5,2027,within,2,31.25,6.6667
reader,cohort,sdssvep,5,2027,within,3,46.875,5.0
reader,cohort,sdssvep,5,2027,within,4,62.5,15.0
reader,cohort,sdssvep,5,2027,within,5,78.125,20.0
reader,cohort,sdssvep,5,2027,within,6,93.75,30.0
reader,cohort,sdssvep,5,2027,within,7,109.375,31.6667
reader,cohort,sdssvep,5,2027,within,8,125.0,38.3333
reader,cohort,sdssvep,5,2027,within,9,140.625,50.0
reader,cohort,sdssvep,5,2027,within,10,156.25,50.0
reader,cohort,sdssvep,5,2027,within,11,171.875,58.3333
reader,cohort,sdssvep,5,2027,within,12,187.5,56.6667
reader,cohort,sdssvep,5,2027,within,13,203.125,61.6667
reader,cohort,sdssvep,5,2027,within,14,218.75,53.3333
reader,cohort,sdssvep,5,2027,within,15,234.375,51.6667
reader,cohort,sdssvep,5,2027,within,16,250.0,56.6667
reader,cohort,sdssvep,5,2027,within,17,265.625,63.3333
reader,cohort,sdssvep,5,2027,within,18,281.25,68.3333
reader,cohort,sdssvep,5,2027,within,19,296.875,71.6667
reader,cohort,sdssvep,5,2027,within,20,312.5,66.6667
reader,cohort,sdssvep,5,2027,within,21,328.125,70.0
reader,cohort,sdssvep,5,2027,within,22,343.75,71.6667
reader,cohort,sdssvep,5,2027,within,23,359.375,75.0
reader,cohort,sdssvep,5,2027,within,24,375.0,75.0
reader,cohort,sdssvep,5,2027,within,25,390.625,78.3333
reader,cohort,sdssvep,5,2027,within,26,406.25,73.3333
reader,cohort,sdssvep,5,2027,within,27,421.875,80.0
reader,cohort,sdssvep,5,2027,within,28,437.5,81.6667
reader,cohort,sdssvep,5,2027,within,29,453.125,85.0
reader,cohort,sdssvep,5,2027,within,30,468.75,81.6667
reader,cohort,sdssvep,5,2027,within,31,484.375,88.3333
reader,cohort,sdssvep,5,2027,within,32,500.0,78.3333
reader,cohort,sdssvep,5,2027,within,33,515.625,81.6667
reader,cohort,sdssvep,5,2027,within,34,531.25,88.3333
reader,cohort,sdssvep,5,2027,within,35,546.875,86.6667
reader,cohort,sdssvep,5,2027,within,36,562.5,85.0
reader,cohort,sdssvep,5,2027,within,37,578.125,85.0
reader,cohort,sdssvep,5,2027,within,38,593.75,85.0
reader,cohort,sdssvep,5,2027,within,39,609.375,85.0
reader,cohort,sdssvep,5,2027,within,40,625.0,93.3333
reader,cohort,sdssvep,5,2027,within,41,640.625,95.0
reader,cohort,sdssvep,5,2027,within,42,656.25,93.3333
reader,cohort,sdssvep,5,2027,within,43,671.875,86.6667
reader,cohort,sdssvep,5,2027,within,44,687.5,90.0
reader,cohort,sdssvep,5,2027,within,45,703.125,90.0
reader,cohort,sdssvep,5,2027,within,46,718.75,91.6667
reader,cohort,sdssvep,5,2027,within,47,734.375,93.3333
reader,cohort,sdssvep,5,2027,within,48,750.0,93.3333
reader,cohort,sdssvep,5,2027,within,49,765.625,91.6667
reader,cohort,sdssvep,5,2027,within,50,781.25,88.3333
reader,cohort,sdssvep,5,2027,within,51,796.875,93.3333
reader,cohort,sdssvep,5,2027,within,52,812.5,86.6667
reader,cohort,sdssvep,5,2027,within,53,828.125,93.3333
reader,cohort,sdssvep,5,2027,within,54,843.75,93.3333
reader,cohort,sdssvep,5,2027,within,55,859.375,91.6667
reader,cohort,sdssvep,5,2027,within,56,875.0,88.3333
reader,cohort,sdssvep,5,2027,within,57,890.625,93.3333
reader,cohort,sdssvep,5,2027,within,58,906.25,98.3333
reader,cohort,sdssvep,5,2027,within,59,921.875,98.3333
reader,cohort,sdssvep,5,2027,within,60,937.5,96.6667
reader,cohort,sdssvep,5,2027,within,61,953.125,96.6667
reader,cohort,sdssvep,5,2027,within,62,968.75,88.3333
reader,cohort,sdssvep,5,2027,within,63,984.375,96.6667
reader,cohort,sdssvep,5,2027,within,64,1000.0,100.0
reader,cohort,sdssvep,6,2025,within,1,15.625,6.6667
reader,cohort,sdssvep,6,2025,within,2,31.25,3.3333
reader,cohort,sdssvep,6,2025,within,3,46.875,8.3333
reader,cohort,sdssvep,6,2025,within,4,62.5,8.3333
reader,cohort,sdssvep,6,2025,within,5,78.125,6.6667
reader,cohort,sdssvep,6,2025,within,6,93.75,1.6667
reader,cohort,sdssvep,6,2025,within,7,109.375,11.6667
reader,cohort,sdssvep,6,2025,within,8,125.0,20.0
reader,cohort,sdssvep,6,2025,within,9,140.625,15.0
reader,cohort,sdssvep,6,2025,within,10,156.25,15.0
reader,cohort,sdssvep,6,2025,within,11,171.875,25.0
reader,cohort,sdssvep,6,2025,within,12,187.5,30.0
reader,cohort,sdssvep,6,2025,within,13,203.125,31.6667
reader,cohort,sdssvep,6,2025,within,14,218.75,23.3333
reader,cohort,sdssvep,6,2025,within,15,234.375,28.3333
reader,cohort,sdssvep,6,2025,within,16,250.0,35.0
reader,cohort,sdssvep,6,2025,within,17,265.625,43.3333
reader,cohort,sdssvep,6,2025,within,18,281.25,38.3333
reader,cohort,sdssvep,6,2025,within,19,296.875,50.0
reader,cohort,sdssvep,6,2025,within,20,312.5,48.3333
reader,cohort,sdssvep,6,2025,within,21,328.125,51.6667
reader,cohort,sdssvep,6,2025,within,22,343.75,50.0
reader,cohort,sdssvep,6,2025,within,23,359.375,56.6667
reader,cohort,sdssvep,6,2025,within,24,375.0,56.6667
reader,cohort,sdssvep,6,2025,within,25,390.625,63.3333
reader,cohort,sdssvep,6,2025,within,26,406.25,76.6667
reader,cohort,sdssvep,6,2025,within,27,421.875,73.3333
reader,cohort,sdssvep,6,2025,within,28,437.5,70.0
reader,cohort,sdssvep,6,2025,within,29,453.125,80.0
reader,cohort,sdssvep,6,2025,within,30,468.75,80.0
reader,cohort,sdssvep,6,2025,within,31,484.375,75.0
reader,cohort,sdssvep,6,2025,within,32,500.0,88.3333
reader,cohort,sdssvep,6,2025,within,33,515.625,85.0
reader,cohort,sdssvep,6,2025,within,34,531.25,81.6667
reader,cohort,sdssvep,6,2025,within,35,546.875,80.0
reader,cohort,sdssvep,6,2025,within,36,562.5,91.6667
reader,cohort,sdssvep,6,2025,within,37,578.125,88.3333
reader,cohort,sdssvep,6,2025,within,38,593.75,86.6667
reader,cohort,sdssvep,6,2025,within,39,609.375,88.3333
reader,cohort,sdssvep,6,2025,within,40,625.0,91.6667
reader,cohort,sdssvep,6,2025,within,41,640.625,88.3333
reader,cohort,sdssvep,6,2025,within,42,656.25,95.0
reader,cohort,sdssvep,6,2025,within,43,671.875,96.6667
reader,cohort,sdssvep,6,2025,within,44,687.5,96.6667
reader,cohort,sdssvep,6,2025,within,45,703.125,95.0
reader,cohort,sdssvep,6,2025,within,46,718.75,95.0
reader,cohort,sdssvep,6,2025,within,47,734.375,100.0
reader,cohort,sdssvep,6,2025,within,48,750.0,96.6667
reader,cohort,sdssvep,6,2025,within,49,765.625,96.6667
reader,cohort,sdssvep,6,2025,within,50,781.25,100.0
reader,cohort,sdssvep,6,2025,within,51,796.875,100.0
reader,cohort,sdssvep,6,2025,within,52,812.5,98.3333
reader,cohort,sdssvep,6,2025,within,53,828.125,98.3333
reader,cohort,sdssvep,6,2025,within,54,843.75,98.3333
reader,cohort,sdssvep,6,2025,within,55,859.375,100.0
reader,cohort,sdssvep,6,2025,within,56,875.0,100.0
reader,cohort,sdssvep,6,2025,within,57,890.625,100.0
reader,cohort,sdssvep,6,2025,within,58,906.25,100.0
reader,cohort,sdssvep,6,2025,within,59,921.875,100.0
reader,cohort,sdssvep,6,2025,within,60,937.5,98.3333
reader,cohort,sdssvep,6,2025,within,61,953.125,100.0
reader,cohort,sdssvep,6,2025,within,62,968.75,98.3333
reader,cohort,sdssvep,6,2025,within,63,984.375,98.3333
reader,cohort,sdssvep,6,2025,within,64,1000.0,100.0
reader,cohort,sdssvep,6,2026,within,1,15.625,5.0
reader,cohort,sdssvep,6,2026,within,2,31.25,6.6667
reader,cohort,sdssvep,6,2026,within,3,46.875,13.3333
reader,cohort,sdssvep,6,2026,within,4,62.5,8.3333
reader,cohort,sdssvep,6,2026,within,5,78.125,6.6667
reader,cohort,sdssvep,6,2026,within,6,93.75,10.0
reader,cohort,sdssvep,6,2026,within,7,109.375,11.6667
reader,cohort,sdssvep,6,2026,within,8,125.0,25.0
reader,cohort,sdssvep,6,2026,within,9,140.625,25.0
reader,cohort,sdssvep,6,2026,within,10,156.25,18.3333
reader,cohort,sdssvep,6,2026,within,11,171.875,30.0
reader,cohort,sdssvep,6,2026,within,12,187.5,26.6667
reader,cohort,sdssvep,6,2026,within,13,203.125,31.6667
reader,cohort,sdssvep,6,2026,within,14,218.75,23.3333
reader,cohort,sdssvep,6,2026,within,15,234.375,38.3333
reader,cohort,sdssvep,6,2026,within,16,250.0,45.0
reader,cohort,sdssvep,6,2026,within,17,265.625,46.6667
reader,cohort,sdssvep,6,2026,within,18,281.25,33.3333
reader,cohort,sdssvep,6,2026,within,19,296.875,43.3333
reader,cohort,sdssvep,6,2026,within,20,312.5,48.3333
reader,cohort,sdssvep,6,2026,within,21,328.125,56.6667
reader,cohort,sdssvep,6,2026,within,22,343.75,60.0
reader,cohort,sdssvep,6,2026,within,23,359.375,55.0
reader,cohort,sdssvep,6,2026,within,24,375.0,58.3333
reader,cohort,sdssvep,6,2026,within,25,390.625,68.3333
reader,cohort,sdssvep,6,2026,within,26,406.25,61.6667
reader,cohort,sdssvep,6,2026,within,27,421.875,75.0
reader,cohort,sdssvep,6,2026,within,28,437.5,86.6667
reader,cohort,sdssvep,6,2026,within,29,453.125,73.3333
reader,cohort,sdssvep,6,2026,within,30,468.75,78.3333
reader,cohort,sdssvep,6,2026,within,31,484.375,83.3333
reader,cohort,sdssvep,6,2026,within,32,500.0,83.3333
reader,cohort,sdssvep,6,2026,within,33,515.625,93.3333
reader,cohort,sdssvep,6,2026,within,34,531.25,93.3333
reader,cohort,sdssvep,6,2026,within,35,546.875,81.6667
reader,cohort,sdssvep,6,2026,within,36,562.5,81.6667
reader,cohort,sdssvep,6,2026,within,37,578.125,98.3333
reader,cohort,sdssvep,6,2026,within,38,593.75,96.6667
reader,cohort,sdssvep,6,2026,within,39,609.375,96.6667
reader,cohort,sdssvep,6,2026,within,40,625.0,95.0
reader,cohort,sdssvep,6,2026,within,41,640.625,96.6667
reader,cohort,sdssvep,6,2026,within,42,656.25,96.6667
reader,cohort,sdssvep,6,2026,within,43,671.875,100.0
reader,cohort,sdssvep,6,2026,within,44,687.5,100.0
reader,cohort,sdssvep,6,2026,within,45,703.125,96.6667
reader,cohort,sdssvep,6,2026,within,46,718.75,96.6667
reader,cohort,sdssvep,6,2026,within,47,734.375,98.3333
reader,cohort,sdssvep,6,2026,within,48,750.0,100.0
reader,cohort,sdssvep,6,2026,within,49,765.625,98.3333
reader,cohort,sdssvep,6,2026,within,50,781.25,96.6667
reader,cohort,sdssvep,6,2026,within,51,796.875,100.0
reader,cohort,sdssvep,6,2026,within,52,812.5,100.0
reader,cohort,sdssvep,6,2026,within,53,828.125,100.0
reader,cohort,sdssvep,6,2026,within,54,843.75,100.0
reader,cohort,sdssvep,6,2026,within,55,859.375,100.0
reader,cohort,sdssvep,6,2026,within,56,875.0,100.0
reader,cohort,sdssvep,6,2026,within,57,890.625,100.0
reader,cohort,sdssvep,6,2026,within,58,906.25,100.0
reader,cohort,sdssvep,6,2026,within,59,921.875,100.0
reader,cohort,sdssvep,6,2026,within,60,937.5,100.0
reader,cohort,sdssvep,6,2026,within,61,953.125,100.0
reader,cohort,sdssvep,6,2026,within,62,968.75,100.0
reader,cohort,sdssvep,6,2026,within,63,984.375,100.0
reader,cohort,sdssvep,6,2026,within,64,1000.0,100.0
reader,cohort,sdssvep,6,2027,within,1,15.625,8.3333
reader,cohort,sdssvep,6,2027,within,2,31.25,8.3333
reader,cohort,sdssvep,6,2027,within,3,46.875,8.3333
reader,cohort,sdssvep,6,2027,within,4,62.5,8.3333
reader,cohort,sdssvep,6,2027,within,5,78.125,3.3333
reader,cohort,sdssvep,6,2027,within,6,93.75,8.3333
reader,cohort,sdssvep,6,2027,within,7,109.375,15.0
reader,cohort,sdssvep,6,2027,within,8,125.0,15.0
reader,cohort,sdssvep,6,2027,within,9,140.625,20.0
reader,cohort,sdssvep,6,2027,within,10,156.25,18.3333
reader,cohort,sdssvep,6,2027,within,11,171.875,21.6667
reader,cohort,sdssvep,6,2027,within,12,187.5,26.6667
reader,cohort,sdssvep,6,2027,within,13,203.125,33.3333
reader,cohort,sdssvep,6,2027,within,14,218.75,21.6667
reader,cohort,sdssvep,6,2027,within,15,234.375,33.3333
reader,cohort,sdssvep,6,2027,within,16,250.0,35.0
reader,cohort,sdssvep,6,2027,within,17,265.625,40.0
reader,cohort,sdssvep,6,2027,within,18,281.25,40.0
reader,cohort,sdssvep,6,2027,within,19,296.875,43.3333
reader,cohort,sdssvep,6,2027,within,20,312.5,60.0
reader,cohort,sdssvep,6,2027,within,21,328.125,63.3333
reader,cohort,sdssvep,6,2027,within,22,343.75,53.3333
reader,cohort,sdssvep,6,2027,within,23,359.375,61.6667
reader,cohort,sdssvep,6,2027,within,24,375.0,65.0
reader,cohort,sdssvep,6,2027,within,25,390.625,73.3333
reader,cohort,sdssvep,6,2027,within,26,406.25,75.0
reader,cohort,sdssvep,6,2027,within,27,421.875,88.3333
reader,cohort,sdssvep,6,2027,within,28,437.5,86.6667
reader,cohort,sdssvep,6,2027,within,29,453.125,76.6667
reader,cohort,sdssvep,6,2027,within,30,468.75,93.3333
reader,cohort,sdssvep,6,2027,within,31,484.375,88.3333
reader,cohort,sdssvep,6,2027,within,32,500.0,85.0
reader,cohort,sdssvep,6,2027,within,33,515.625,91.6667
reader,cohort,sdssvep,6,2027,within,34,531.25,93.3333
reader,cohort,sdssvep,6,2027,within,35,546.875,80.0
reader,cohort,sdssvep,6,2027,within,36,562.5,90.0
reader,cohort,sdssvep,6,2027,within,37,578.125,96.6667
reader,cohort,sdssvep,6,2027,within,38,593.75,98.3333
reader,cohort,sdssvep,6,2027,within,39,609.375,100.0
reader,cohort,sdssvep,6,2027,within,40,625.0,93.3333
reader,cohort,sdssvep,6,2027,within,41,640.625,96.6667
reader,cohort,sdssvep,6,2027,within,42,656.25,98.3333
reader,cohort,sdssvep,6,2027,within,43,671.875,96.6667
reader,cohort,sdssvep,6,2027,within,44,687.5,96.6667
reader,cohort,sdssvep,6,2027,within,45,703.125,96.6667
reader,cohort,sdssvep,6,2027,within,46,718.75,95.0
reader,cohort,sdssvep,6,2027,within,47,734.375,100.0
reader,cohort,sdssvep,6,2027,within,48,750.0,100.0
reader,cohort,sdssvep,6,2027,within,49,765.625,100.0
reader,cohort,sdssvep,6,2027,within,50,781.25,98.3333
reader,cohort,sdssvep,6,2027,within,51,796.875,100.0
reader,cohort,sdssvep,6,2027,within,52,812.5,98.3333
reader,cohort,sdssvep,6,2027,within,53,828.125,100.0
reader,cohort,sdssvep,6,2027,within,54,843.75,100.0
reader,cohort,sdssvep,6,2027,within,55,859.375,98.3333
reader,cohort,sdssvep,6,2027,within,56,875.0,98.3333
reader,cohort,sdssvep,6,2027,within,57,890.625,96.6667
reader,cohort,sdssvep,6,2027,within,58,906.25,100.0
reader,cohort,sdssvep,6,2027,within,59,921.875,100.0
reader,cohort,sdssvep,6,2027,within,60,937.5,96.6667
reader,cohort,sdssvep,6,2027,within,61,953.125,100.0
reader,cohort,sdssvep,6,2027,within,62,968.75,100.0
reader,cohort,sdssvep,6,2027,within,63,984.375,100.0
reader,cohort,sdssvep,6,2027,within,64,1000.0,100.0
reader,cohort,sdssvep,7,2025,within,1,15.625,18.3333
reader,cohort,sdssvep,7,2025,within,2,31.25,13.3333
reader,cohort,sdssvep,7,2025,within,3,46.875,13.3333
reader,cohort,sdssvep,7,2025,within,4,62.5,20.0
reader,cohort,sdssvep,7,2025,within,5,78.125,25.0
reader,cohort,sdssvep,7,2025,within,6,93.75,28.3333
reader,cohort,sdssvep,7,2025,within,7,109.375,26.6667
reader,cohort,sdssvep,7,2025,within,8,125.0,30.0
reader,cohort,sdssvep,7,2025,within,9,140.625,31.6667
reader,cohort,sdssvep,7,2025,within,10,156.25,45.0
reader,cohort,sdssvep,7,2025,within,11,171.875,45.0
reader,cohort,sdssvep,7,2025,within,12,187.5,51.6667
reader,cohort,sdssvep,7,2025,within,13,203.125,45.0
reader,cohort,sdssvep,7,2025,within,14,218.75,46.6667
reader,cohort,sdssvep,7,2025,within,15,234.375,56.6667
reader,cohort,sdssvep,7,2025,within,16,250.0,61.6667
reader,cohort,sdssvep,7,2025,within,17,265.625,53.3333
reader,cohort,sdssvep,7,2025,within,18,281.25,58.3333
reader,cohort,sdssvep,7,2025,within,19,296.875,55.0
reader,cohort,sdssvep,7,2025,within,20,312.5,63.3333
reader,cohort,sdssvep,7,2025,within,21,328.125,73.3333
reader,cohort,sdssvep,7,2025,within,22,343.75,76.6667
reader,cohort,sdssvep,7,2025,within,23,359.375,68.3333
reader,cohort,sdssvep,7,2025,within,24,375.0,75.0
reader,cohort,sdssvep,7,2025,within,25,390.625,78.3333
reader,cohort,sdssvep,7,2025,within,26,406.25,76.6667
reader,cohort,sdssvep,7,2025,within,27,421.875,83.3333
reader,cohort,sdssvep,7,2025,within,28,437.5,83.3333
reader,cohort,sdssvep,7,2025,within,29,453.125,85.0
reader,cohort,sdssvep,7,2025,within,30,468.75,81.6667
reader,cohort,sdssvep,7,2025,within,31,484.375,85.0
reader,cohort,sdssvep,7,2025,within,32,500.0,88.3333
reader,cohort,sdssvep,7,2025,within,33,515.625,83.3333
reader,cohort,sdssvep,7,2025,within,34,531.25,85.0
reader,cohort,sdssvep,7,2025,within,35,546.875,88.3333
reader,cohort,sdssvep,7,2025,within,36,562.5,90.0
reader,cohort,sdssvep,7,2025,within,37,578.125,85.0
reader,cohort,sdssvep,7,2025,within,38,593.75,86.6667
reader,cohort,sdssvep,7,2025,within,39,609.375,91.6667
reader,cohort,sdssvep,7,2025,within,40,625.0,86.6667
reader,cohort,sdssvep,7,2025,within,41,640.625,83.3333
reader,cohort,sdssvep,7,2025,within,42,656.25,88.3333
reader,cohort,sdssvep,7,2025,within,43,671.875,81.6667
reader,cohort,sdssvep,7,2025,within,44,687.5,85.0
reader,cohort,sdssvep,7,2025,within,45,703.125,95.0
reader,cohort,sdssvep,7,2025,within,46,718.75,95.0
reader,cohort,sdssvep,7,2025,within,47,734.375,93.3333
reader,cohort,sdssvep,7,2025,within,48,750.0,83.3333
reader,cohort,sdssvep,7,2025,within,49,765.625,81.6667
reader,cohort,sdssvep,7,2025,within,50,781.25,90.0
reader,cohort,sdssvep,7,2025,within,51,796.875,88.3333
reader,cohort,sdssvep,7,2025,within,52,812.5,91.6667
reader,cohort,sdssvep,7,2025,within,53,828.125,86.6667
reader,cohort,sdssvep,7,2025,within,54,843.75,88.3333
reader,cohort,sdssvep,7,2025,within,55,859.375,91.6667
reader,cohort,sdssvep,7,2025,within,56,875.0,86.6667
reader,cohort,sdssvep,7,2025,within,57,890.625,86.6667
reader,cohort,sdssvep,7,2025,within,58,906.25,90.0
reader,cohort,sdssvep,7,2025,within,59,921.875,96.6667
reader,cohort,sdssvep,7,2025,within,60,937.5,100.0
reader,cohort,sdssvep,7,2025,within,61,953.125,90.0
reader,cohort,sdssvep,7,2025,within,62,968.75,86.6667
reader,cohort,sdssvep,7,2025,within,63,984.375,90.0
reader,cohort,sdssvep,7,2025,within,64,1000.0,100.0
reader,cohort,sdssvep,7,2026,within,1,15.625,13.3333
reader,cohort,sdssvep,7,2026,within,2,31.25,11.6667
reader,cohort,sdssvep,7,2026,within,3,46.875,8.3333
reader,cohort,sdssvep,7,2026,within,4,62.5,8.3333
reader,cohort,sdssvep,7,2026,within,5,78.125,20.0
reader,cohort,sdssvep,7,2026,within,6,93.75,21.6667
reader,cohort,sdssvep,7,2026,within,7,109.375,30.0
reader,cohort,sdssvep,7,2026,within,8,125.0,35.0
reader,cohort,sdssvep,7,2026,within,9,140.625,56.6667
reader,cohort,sdssvep,7,2026,within,10,156.25,40.0
reader,cohort,sdssvep,7,2026,within,11,171.875,41.6667
reader,cohort,sdssvep,7,2026,within,12,187.5,41.6667
reader,cohort,sdssvep,7,2026,within,13,203.125,55.0
reader,cohort,sdssvep,7,2026,within,14,218.75,53.3333
reader,cohort,sdssvep,7,2026,within,15,234.375,53.3333
reader,cohort,sdssvep,7,2026,within,16,250.0,50.0
reader,cohort,sdssvep,7,2026,within,17,265.625,63.3333
reader,cohort,sdssvep,7,2026,within,18,281.25,70.0
reader,cohort,sdssvep,7,2026,within,19,296.875,65.0
reader,cohort,sdssvep,7,2026,within,20,312.5,65.0
reader,cohort,sdssvep,7,2026,within,21,328.125,76.6667
reader,cohort,sdssvep,7,2026,within,22,343.75,83.3333
reader,cohort,sdssvep,7,2026,within,23,359.375,73.3333
reader,cohort,sdssvep,7,2026,within,24,375.0,80.0
reader,cohort,sdssvep,7,2026,within,25,390.625,75.0
reader,cohort,sdssvep,7,2026,within,26,406.25,85.0
reader,cohort,sdssvep,7,2026,within,27,421.875,81.6667
reader,cohort,sdssvep,7,2026,within,28,437.5,86.6667
reader,cohort,sdssvep,7,2026,within,29,453.125,85.0
reader,cohort,sdssvep,7,2026,within,30,468.75,91.6667
reader,cohort,sdssvep,7,2026,within,31,484.375,90.0
reader,cohort,sdssvep,7,2026,within,32,500.0,93.3333
reader,cohort,sdssvep,7,2026,within,33,515.625,83.3333
reader,cohort,sdssvep,7,2026,within,34,531.25,86.6667
reader,cohort,sdssvep,7,2026,within,35,546.875,85.0
reader,cohort,sdssvep,7,2026,within,36,562.5,91.6667
reader,cohort,sdssvep,7,2026,within,37,578.125,93.3333
reader,cohort,sdssvep,7,2026,within,38,593.75,95.0
reader,cohort,sdssvep,7,2026,within,39,609.375,91.6667
reader,cohort,sdssvep,7,2026,within,40,625.0,88.3333
reader,cohort,sdssvep,7,2026,within,41,640.625,86.6667
reader,cohort,sdssvep,7,2026,within,42,656.25,95.0
reader,cohort,sdssvep,7,2026,within,43,671.875,83.3333
reader,cohort,sdssvep,7,2026,within,44,687.5,93.3333
reader,cohort,sdssvep,7,2026,within,45,703.125,95.0
reader,cohort,sdssvep,7,2026,within,46,718.75,95.0
reader,cohort,sdssvep,7,2026,within,47,734.375,90.0
reader,cohort,sdssvep,7,2026,within,48,750.0,90.0
reader,cohort,sdssvep,7,2026,within,49,765.625,93.3333
reader,cohort,sdssvep,7,2026,within,50,781.25,95.0
reader,cohort,sdssvep,7,2026,within,51,796.875,100.0
reader,cohort,sdssvep,7,2026,within,52,812.5,90.0
reader,cohort,sdssvep,7,2026,within,53,828.125,91.6667
reader,cohort,sdssvep,7,2026,within,54,843.75,98.3333
reader,cohort,sdssvep,7,2026,within,55,859.375,95.0
reader,cohort,sdssvep,7,2026,within,56,875.0,96.6667
reader,cohort,sdssvep,7,2026,within,57,890.625,90.0
reader,cohort,sdssvep,7,2026,within,58,906.25,90.0
reader,cohort,sdssvep,7,2026,within,59,921.875,98.3333
reader,cohort,sdssvep,7,2026,within,60,937.5,98.3333
reader,cohort,sdssvep,7,2026,within,61,953.125,91.6667
reader,cohort,sdssvep,7,2026,within,62,968.75,88.3333
reader,cohort,sdssvep,7,2026,within,63,984.375,96.6667
reader,cohort,sdssvep,7,2026,within,64,1000.0,100.0
reader,cohort,sdssvep,7,2027,within,1,15.625,11.6667
reader,cohort,sdssvep,7,2027,within,2,31.25,11.6667
reader,cohort,sdssvep,7,2027,within,3,46.875,5.0
reader,cohort,sdssvep,7,2027,within,4,62.5,5.0
reader,cohort,sdssvep,7,2027,within,5,78.125,26.6667
reader,cohort,sdssvep,7,2027,within,6,93.75,25.0
reader,cohort,sdssvep,7,2027,within,7,109.375,33.3333
reader,cohort,sdssvep,7,2027,within,8,125.0,36.6667
reader,cohort,sdssvep,7,2027,within,9,140.625,48.3333
reader,cohort,sdssvep,7,2027,within,10,156.25,45.0
reader,cohort,sdssvep,7,2027,within,11,171.875,53.3333
reader,cohort,sdssvep,7,2027,within,12,187.5,41.6667
reader,cohort,sdssvep,7,2027,within,13,203.125,48.3333
reader,cohort,sdssvep,7,2027,within,14,218.75,48.3333
reader,cohort,sdssvep,7,2027,within,15,234.375,68.3333
reader,cohort,sdssvep,7,2027,within,16,250.0,60.0
reader,cohort,sdssvep,7,2027,within,17,265.625,58.3333
reader,cohort,sdssvep,7,2027,within,18,281.25,61.6667
reader,cohort,sdssvep,7,2027,within,19,296.875,63.3333
reader,cohort,sdssvep,7,2027,within,20,312.5,61.6667
reader,cohort,sdssvep,7,2027,within,21,328.125,75.0
reader,cohort,sdssvep,7,2027,within,22,343.75,78.3333
reader,cohort,sdssvep,7,2027,within,23,359.375,71.6667
reader,cohort,sdssvep,7,2027,within,24,375.0,68.3333
reader,cohort,sdssvep,7,2027,within,25,390.625,80.0
reader,cohort,sdssvep,7,2027,within,26,406.25,73.3333
reader,cohort,sdssvep,7,2027,within,27,421.875,75.0
reader,cohort,sdssvep,7,2027,within,28,437.5,80.0
reader,cohort,sdssvep,7,2027,within,29,453.125,83.3333
reader,cohort,sdssvep,7,2027,within,30,468.75,88.3333
reader,cohort,sdssvep,7,2027,within,31,484.375,85.0
reader,cohort,sdssvep,7,2027,within,32,500.0,85.0
reader,cohort,sdssvep,7,2027,within,33,515.625,80.0
reader,cohort,sdssvep,7,2027,within,34,531.25,81.6667
reader,cohort,sdssvep,7,2027,within,35,546.875,85.0
reader,cohort,sdssvep,7,2027,within,36,562.5,86.6667
reader,cohort,sdssvep,7,2027,within,37,578.125,93.3333
reader,cohort,sdssvep,7,2027,within,38,593.75,88.3333
reader,cohort,sdssvep,7,2027,within,39,609.375,88.3333
reader,cohort,sdssvep,7,2027,within,40,625.0,86.6667
reader,cohort,sdssvep,7,2027,within,41,640.625,86.6667
reader,cohort,sdssvep,7,2027,within,42,656.25,91.6667
reader,cohort,sdssvep,7,2027,within,43,671.875,88.3333
reader,cohort,sdssvep,7,2027,within,44,687.5,90.0
reader,cohort,sdssvep,7,2027,within,45,703.125,91.6667
reader,cohort,sdssvep,7,2027,within,46,718.75,91.6667
reader,cohort,sdssvep,7,2027,within,47,734.375,85.0
reader,cohort,sdssvep,7,2027,within,48,750.0,90.0
reader,cohort,sdssvep,7,2027,within,49,765.625,95.0
reader,cohort,sdssvep,7,2027,within,50,781.25,93.3333
reader,cohort,sdssvep,7,2027,within,51,796.875,93.3333
reader,cohort,sdssvep,7,2027,within,52,812.5,90.0
reader,cohort,sdssvep,7,2027,within,53,828.125,93.3333
reader,cohort,sdssvep,7,2027,within,54,843.75,95.0
reader,cohort,sdssvep,7,2027,within,55,859.375,91.6667
reader,cohort,sdssvep,7,2027,within,56,875.0,90.0
reader,cohort,sdssvep,7,2027,within,57,890.625,86.6667
reader,cohort,sdssvep,7,2027,within,58,906.25,91.6667
reader,cohort,sdssvep,7,2027,within,59,921.875,95.0
reader,cohort,sdssvep,7,2027,within,60,937.5,98.3333
reader,cohort,sdssvep,7,2027,within,61,953.125,95.0
reader,cohort,sdssvep,7,2027,within,62,968.75,86.6667
reader,cohort,sdssvep,7,2027,within,63,984.375,95.0
reader,cohort,sdssvep,7,2027,within,64,1000.0,100.0
reader,cohort,sdssvep,8,2025,within,1,15.625,10.0
reader,cohort,sdssvep,8,2025,within,2,31.25,6.6667
reader,cohort,sdssvep,8,2025,within,3,46.875,10.0
reader,cohort,sdssvep,8,2025,within,4,62.5,18.3333
reader,cohort,sdssvep,8,2025,within,5,78.125,18.3333
reader,cohort,sdssvep,8,2025,within,6,93.75,16.6667
reader,cohort,sdssvep,8,2025,within,7,109.375,21.6667
reader,cohort,sdssvep,8,2025,within,8,125.0,26.6667
reader,cohort,sdssvep,8,2025,within,9,140.625,35.0
reader,cohort,sdssvep,8,2025,within,10,156.25,41.6667
reader,cohort,sdssvep,8,2025,within,11,171.875,45.0
reader,cohort,sdssvep,8,2025,within,12,187.5,40.0
reader,cohort,sdssvep,8,2025,within,13,203.125,40.0
reader,cohort,sdssvep,8,2025,within,14,218.75,41.6667
reader,cohort,sdssvep,8,2025,within,15,234.375,50.0
reader,cohort,sdssvep,8,2025,within,16,250.0,53.3333
reader,cohort,sdssvep,8,2025,within,17,265.625,53.3333
reader,cohort,sdssvep,8,2025,within,18,281.25,56.6667
reader,cohort,sdssvep,8,2025,within,19,296.875,55.0
reader,cohort,sdssvep,8,2025,within,20,312.5,50.0
reader,cohort,sdssvep,8,2025,within,21,328.125,66.6667
reader,cohort,sdssvep,8,2025,within,22,343.75,68.3333
reader,cohort,sdssvep,8,2025,within,23,359.375,70.0
reader,cohort,sdssvep,8,2025,within,24,375.0,70.0
reader,cohort,sdssvep,8,2025,within,25,390.625,68.3333
reader,cohort,sdssvep,8,2025,within,26,406.25,70.0
reader,cohort,sdssvep,8,2025,within,27,421.875,78.3333
reader,cohort,sdssvep,8,2025,within,28,437.5,76.6667
reader,cohort,sdssvep,8,2025,within,29,453.125,76.6667
reader,cohort,sdssvep,8,2025,within,30,468.75,71.6667
reader,cohort,sdssvep,8,2025,within,31,484.375,75.0
reader,cohort,sdssvep,8,2025,within,32,500.0,90.0
reader,cohort,sdssvep,8,2025,within,33,515.625,86.6667
reader,cohort,sdssvep,8,2025,within,34,531.25,83.3333
reader,cohort,sdssvep,8,2025,within,35,546.875,76.6667
reader,cohort,sdssvep,8,2025,within,36,562.5,78.3333
reader,cohort,sdssvep,8,2025,within,37,578.125,80.0
reader,cohort,sdssvep,8,2025,within,38,593.75,85.0
reader,cohort,sdssvep,8,2025,within,39,609.375,86.6667
reader,cohort,sdssvep,8,2025,within,40,625.0,88.3333
reader,cohort,sdssvep,8,2025,within,41,640.625,85.0
reader,cohort,sdssvep,8,2025,within,42,656.25,81.6667
reader,cohort,sdssvep,8,2025,within,43,671.875,81.6667
reader,cohort,sdssvep,8,2025,within,44,687.5,90.0
reader,cohort,sdssvep,8,2025,within,45,703.125,95.0
reader,cohort,sdssvep,8,2025,within,46,718.75,96.6667
reader,cohort,sdssvep,8,2025,within,47,734.375,88.3333
reader,cohort,sdssvep,8,2025,within,48,750.0,90.0
reader,cohort,sdssvep,8,2025,within,49,765.625,86.6667
reader,cohort,sdssvep,8,2025,within,50,781.25,86.6667
reader,cohort,sdssvep,8,2025,within,51,796.875,93.3333
reader,cohort,sdssvep,8,2025,within,52,812.5,96.6667
reader,cohort,sdssvep,8,2025,within,53,828.125,95.0
reader,cohort,sdssvep,8,2025,within,54,843.75,88.3333
reader,cohort,sdssvep,8,2025,within,55,859.375,86.6667
reader,cohort,sdssvep,8,2025,within,56,875.0,90.0
reader,cohort,sdssvep,8,2025,within,57,890.625,96.6667
reader,cohort,sdssvep,8,2025,within,58,906.25,96.6667
reader,cohort,sdssvep,8,2025,within,59,921.875,96.6667
reader,cohort,sdssvep,8,2025,within,60,937.5,93.3333
reader,cohort,sdssvep,8,2025,within,61,953.125,93.3333
reader,cohort,sdssvep,8,2025,within,62,968.75,91.6667
reader,cohort,sdssvep,8,2025,within,63,984.375,98.3333
reader,cohort,sdssvep,8,2025,within,64,1000.0,100.0
reader,cohort,sdssvep,8,2026,within,1,15.625,8.3333
reader,cohort,sdssvep,8,2026,within,2,31.25,10.0
reader,cohort,sdssvep,8,2026,within,3,46.875,13.3333
reader,cohort,sdssvep,8,2026,within,4,62.5,10.0
reader,cohort,sdssvep,8,2026,within,5,78.125,18.3333
reader,cohort,sdssvep,8,2026,within,6,93.75,21.6667
reader,cohort,sdssvep,8,2026,within,7,109.375,25.0
reader,cohort,sdssvep,8,2026,within,8,125.0,28.3333
reader,cohort,sdssvep,8,2026,within,9,140.625,25.0
reader,cohort,sdssvep,8,2026,within,10,156.25,30.0
reader,cohort,sdssvep,8,2026,within,11,171.875,36.6667
reader,cohort,sdssvep,8,2026,within,12,187.5,38.3333
reader,cohort,sdssvep,8,2026,within,13,203.125,38.3333
reader,cohort,sdssvep,8,2026,within,14,218.75,36.6667
reader,cohort,sdssvep,8,2026,within,15,234.375,36.6667
reader,cohort,sdssvep,8,2026,within,16,250.0,40.0
reader,cohort,sdssvep,8,2026,within,17,265.625,38.3333
reader,cohort,sdssvep,8,2026,within,18,281.25,43.3333
reader,cohort,sdssvep,8,2026,within,19,296.875,53.3333
reader,cohort,sdssvep,8,2026,within,20,312.5,56.6667
reader,cohort,sdssvep,8,2026,within,21,328.125,60.0
reader,cohort,sdssvep,8,2026,within,22,343.75,70.0
reader,cohort,sdssvep,8,2026,within,23,359.375,65.0
reader,cohort,sdssvep,8,2026,within,24,375.0,66.6667
reader,cohort,sdssvep,8,2026,within,25,390.625,71.6667
reader,cohort,sdssvep,8,2026,within,26,406.25,73.3333
reader,cohort,sdssvep,8,2026,within,27,421.875,86.6667
reader,cohort,sdssvep,8,2026,within,28,437.5,88.3333
reader,cohort,sdssvep,8,2026,within,29,453.125,83.3333
reader,cohort,sdssvep,8,2026,within,30,468.75,80.0
reader,cohort,sdssvep,8,2026,within,31,484.375,80.0
reader,cohort,sdssvep,8,2026,within,32,500.0,90.0
reader,cohort,sdssvep,8,2026,within,33,515.625,93.3333
reader,cohort,sdssvep,8,2026,within,34,531.25,88.3333
reader,cohort,sdssvep,8,2026,within,35,546.875,78.3333
reader,cohort,sdssvep,8,2026,within,36,562.5,83.3333
reader,cohort,sdssvep,8,2026,within,37,578.125,88.3333
reader,cohort,sdssvep,8,2026,within,38,593.75,90.0
reader,cohort,sdssvep,8,2026,within,39,609.375,93.3333
reader,cohort,sdssvep,8,2026,within,40,625.0,90.0
reader,cohort,sdssvep,8,2026,within,41,640.625,88.3333
reader,cohort,sdssvep,8,2026,within,42,656.25,90.0
reader,cohort,sdssvep,8,2026,within,43,671.875,88.3333
reader,cohort,sdssvep,8,2026,within,44,687.5,93.3333
reader,cohort,sdssvep,8,2026,within,45,703.125,95.0
reader,cohort,sdssvep,8,2026,within,46,718.75,93.3333
reader,cohort,sdssvep,8,2026,within,47,734.375,90.0
reader,cohort,sdssvep,8,2026,within,48,750.0,93.3333
reader,cohort,sdssvep,8,2026,within,49,765.625,100.0
reader,cohort,sdssvep,8,2026,within,50,781.25,95.0
reader,cohort,sdssvep,8,2026,within,51,796.875,95.0
reader,cohort,sdssvep,8,2026,within,52,812.5,96.6667
reader,cohort,sdssvep,8,2026,within,53,828.125,96.6667
reader,cohort,sdssvep,8,2026,within,54,843.75,98.3333
reader,cohort,sdssvep,8,2026,within,55,859.375,98.3333
reader,cohort,sdssvep,8,2026,within,56,875.0,95.0
reader,cohort,sdssvep,8,2026,within,57,890.625,93.3333
reader,cohort,sdssvep,8,2026,within,58,906.25,96.6667
reader,cohort,sdssvep,8,2026,within,59,921.875,100.0
reader,cohort,sdssvep,8,2026,within,60,937.5,93.3333
reader,cohort,sdssvep,8,2026,within,61,953.125,96.6667
reader,cohort,sdssvep,8,2026,within,62,968.75,96.6667
reader,cohort,sdssvep,8,2026,within,63,984.375,98.3333
reader,cohort,sdssvep,8,2026,within,64,1000.0,100.0
reader,cohort,sdssvep,8,2027,within,1,15.625,10.0
reader,cohort,sdssvep,8,2027,within,2,31.25,3.3333
reader,cohort,sdssvep,8,2027,within,3,46.875,5.0
reader,cohort,sdssvep,8,2027,within,4,62.5,11.6667
reader,cohort,sdssvep,8,2027,within,5,78.125,11.6667
reader,cohort,sdssvep,8,2027,within,6,93.75,16.6667
reader,cohort,sdssvep,8,2027,within,7,109.375,18.3333
reader,cohort,sdssvep,8,2027,within,8,125.0,23.3333
reader,cohort,sdssvep,8,2027,within,9,140.625,30.0
reader,cohort,sdssvep,8,2027,within,10,156.25,36.6667
reader,cohort,sdssvep,8,2027,within,11,171.875,38.3333
reader,cohort,sdssvep,8,2027,within,12,187.5,38.3333
reader,cohort,sdssvep,8,2027,within,13,203.125,40.0
reader,cohort,sdssvep,8,2027,within,14,218.75,40.0
reader,cohort,sdssvep,8,2027,within,15,234.375,40.0
reader,cohort,sdssvep,8,2027,within,16,250.0,40.0
reader,cohort,sdssvep,8,2027,within,17,265.625,45.0
reader,cohort,sdssvep,8,2027,within,18,281.25,43.3333
reader,cohort,sdssvep,8,2027,within,19,296.875,50.0
reader,cohort,sdssvep,8,2027,within,20,312.5,51.6667
reader,cohort,sdssvep,8,2027,within,21,328.125,63.3333
reader,cohort,sdssvep,8,2027,within,22,343.75,60.0
reader,cohort,sdssvep,8,2027,within,23,359.375,66.6667
reader,cohort,sdssvep,8,2027,within,24,375.0,63.3333
reader,cohort,sdssvep,8,2027,within,25,390.625,68.3333
reader,cohort,sdssvep,8,2027,within,26,406.25,70.0
reader,cohort,sdssvep,8,2027,within,27,421.875,71.6667
reader,cohort,sdssvep,8,2027,within,28,437.5,70.0
reader,cohort,sdssvep,8,2027,within,29,453.125,73.3333
reader,cohort,sdssvep,8,2027,within,30,468.75,65.0
reader,cohort,sdssvep,8,2027,within,31,484.375,70.0
reader,cohort,sdssvep,8,2027,within,32,500.0,85.0
reader,cohort,sdssvep,8,2027,within,33,515.625,78.3333
reader,cohort,sdssvep,8,2027,within,34,531.25,80.0
reader,cohort,sdssvep,8,2027,within,35,546.875,70.0
reader,cohort,sdssvep,8,2027,within,36,562.5,73.3333
reader,cohort,sdssvep,8,2027,within,37,578.125,81.6667
reader,cohort,sdssvep,8,2027,within,38,593.75,81.6667
reader,cohort,sdssvep,8,2027,within,39,609.375,80.0
reader,cohort,sdssvep,8,2027,within,40,625.0,83.3333
reader,cohort,sdssvep,8,2027,within,41,640.625,81.6667
reader,cohort,sdssvep,8,2027,within,42,656.25,83.3333
reader,cohort,sdssvep,8,2027,within,43,671.875,80.0
reader,cohort,sdssvep,8,2027,within,44,687.5,83.3333
reader,cohort,sdssvep,8,2027,within,45,703.125,88.3333
reader,cohort,sdssvep,8,2027,within,46,718.75,91.6667
reader,cohort,sdssvep,8,2027,within,47,734.375,83.3333
reader,cohort,sdssvep,8,2027,within,48,750.0,86.6667
reader,cohort,sdssvep,8,2027,within,49,765.625,88.3333
reader,cohort,sdssvep,8,2027,within,50,781.25,86.6667
reader,cohort,sdssvep,8,2027,within,51,796.875,88.3333
reader,cohort,sdssvep,8,2027,within,52,812.5,90.0
reader,cohort,sdssvep,8,2027,within,53,828.125,90.0
reader,cohort,sdssvep,8,2027,within,54,843.75,93.3333
reader,cohort,sdssvep,8,2027,within,55,859.375,88.3333
reader,cohort,sdssvep,8,2027,within,56,875.0,90.0
reader,cohort,sdssvep,8,2027,within,57,890.625,90.0
reader,cohort,sdssvep,8,2027,within,58,906.25,90.0
reader,cohort,sdssvep,8,2027,within,59,921.875,96.6667
reader,cohort,sdssvep,8,2027,within,60,937.5,88.3333
reader,cohort,sdssvep,8,2027,within,61,953.125,88.3333
reader,cohort,sdssvep,8,2027,within,62,968.75,90.0
reader,cohort,sdssvep,8,2027,within,63,984.375,95.0
reader,cohort,sdssvep,8,2027,within,64,1000.0,100.0
reader,cohort,sdssvep,9,2025,within,1,15.625,6.6667
reader,cohort,sdssvep,9,2025,within,2,31.25,10.0
reader,cohort,sdssvep,9,2025,within,3,46.875,10.0
reader,cohort,sdssvep,9,2025,within,4,62.5,6.6667
reader,cohort,sdssvep,9,2025,within,5,78.125,10.0
reader,cohort,sdssvep,9,2025,within,6,93.75,10.0
reader,cohort,sdssvep,9,2025,within,7,109.375,13.3333
reader,cohort,sdssvep,9,2025,within,8,125.0,18.3333
reader,cohort,sdssvep,9,2025,within,9,140.625,21.6667
reader,cohort,sdssvep,9,2025,within,10,156.25,23.3333
reader,cohort,sdssvep,9,2025,within,11,171.875,25.0
reader,cohort,sdssvep,9,2025,within,12,187.5,20.0
reader,cohort,sdssvep,9,2025,within,13,203.125,26.6667
reader,cohort,sdssvep,9,2025,within,14,218.75,30.0
reader,cohort,sdssvep,9,2025,within,15,234.375,33.3333
reader,cohort,sdssvep,9,2025,within,16,250.0,43.3333
reader,cohort,sdssvep,9,2025,within,17,265.625,28.3333
reader,cohort,sdssvep,9,2025,within,18,281.25,30.0
reader,cohort,sdssvep,9,2025,within,19,296.875,41.6667
reader,cohort,sdssvep,9,2025,within,20,312.5,46.6667
reader,cohort,sdssvep,9,2025,within,21,328.125,48.3333
reader,cohort,sdssvep,9,2025,within,22,343.75,50.0
reader,cohort,sdssvep,9,2025,within,23,359.375,43.3333
reader,cohort,sdssvep,9,2025,within,24,375.0,48.3333
reader,cohort,sdssvep,9,2025,within,25,390.625,56.6667
reader,cohort,sdssvep,9,2025,within,26,406.25,60.0
reader,cohort,sdssvep,9,2025,within,27,421.875,61.6667
reader,cohort,sdssvep,9,2025,within,28,437.5,68.3333
reader,cohort,sdssvep,9,2025,within,29,453.125,65.0
reader,cohort,sdssvep,9,2025,within,30,468.75,60.0
reader,cohort,sdssvep,9,2025,within,31,484.375,63.3333
reader,cohort,sdssvep,9,2025,within,32,500.0,75.0
reader,cohort,sdssvep,9,2025,within,33,515.625,63.3333
reader,cohort,sdssvep,9,2025,within,34,531.25,65.0
reader,cohort,sdssvep,9,2025,within,35,546.875,63.3333
reader,cohort,sdssvep,9,2025,within,36,562.5,78.3333
reader,cohort,sdssvep,9,2025,within,37,578.125,78.3333
reader,cohort,sdssvep,9,2025,within,38,593.75,71.6667
reader,cohort,sdssvep,9,2025,within,39,609.375,63.3333
reader,cohort,sdssvep,9,2025,within,40,625.0,68.3333
reader,cohort,sdssvep,9,2025,within,41,640.625,80.0
reader,cohort,sdssvep,9,2025,within,42,656.25,75.0
reader,cohort,sdssvep,9,2025,within,43,671.875,75.0
reader,cohort,sdssvep,9,2025,within,44,687.5,76.6667
reader,cohort,sdssvep,9,2025,within,45,703.125,76.6667
reader,cohort,sdssvep,9,2025,within,46,718.75,76.6667
reader,cohort,sdssvep,9,2025,within,47,734.375,76.6667
reader,cohort,sdssvep,9,2025,within,48,750.0,71.6667
reader,cohort,sdssvep,9,2025,within,49,765.625,88.3333
reader,cohort,sdssvep,9,2025,within,50,781.25,86.6667
reader,cohort,sdssvep,9,2025,within,51,796.875,78.3333
reader,cohort,sdssvep,9,2025,within,52,812.5,75.0
reader,cohort,sdssvep,9,2025,within,53,828.125,80.0
reader,cohort,sdssvep,9,2025,within,54,843.75,91.6667
reader,cohort,sdssvep,9,2025,within,55,859.375,88.3333
reader,cohort,sdssvep,9,2025,within,56,875.0,85.0
reader,cohort,sdssvep,9,2025,within,57,890.625,81.6667
reader,cohort,sdssvep,9,2025,within,58,906.25,90.0
reader,cohort,sdssvep,9,2025,within,59,921.875,96.6667
reader,cohort,sdssvep,9,2025,within,60,937.5,96.6667
reader,cohort,sdssvep,9,2025,within,61,953.125,78.3333
reader,cohort,sdssvep,9,2025,within,62,968.75,76.6667
reader,cohort,sdssvep,9,2025,within,63,984.375,96.6667
reader,cohort,sdssvep,9,2025,within,64,1000.0,100.0
reader,cohort,sdssvep,9,2026,within,1,15.625,8.3333
reader,cohort,sdssvep,9,2026,within,2,31.25,10.0
reader,cohort,sdssvep,9,2026,within,3,46.875,8.3333
reader,cohort,sdssvep,9,2026,within,4,62.5,8.3333
reader,cohort,sdssvep,9,2026,within,5,78.125,10.0
reader,cohort,sdssvep,9,2026,within,6,93.75,13.3333
reader,cohort,sdssvep,9,2026,within,7,109.375,18.3333
reader,cohort,sdssvep,9,2026,within,8,125.0,11.6667
reader,cohort,sdssvep,9,2026,within,9,140.625,16.6667
reader,cohort,sdssvep,9,2026,within,10,156.25,20.0
reader,cohort,sdssvep,9,2026,within,11,171.875,26.6667
reader,cohort,sdssvep,9,2026,within,12,187.5,30.0
reader,cohort,sdssvep,9,2026,within,13,203.125,20.0
reader,cohort,sdssvep,9,2026,within,14,218.75,35.0
reader,cohort,sdssvep,9,2026,within,15,234.375,25.0
reader,cohort,sdssvep,9,2026,within,16,250.0,40.0
reader,cohort,sdssvep,9,2026,within,17,265.625,31.6667
reader,cohort,sdssvep,9,2026,within,18,281.25,25.0
reader,cohort,sdssvep,9,2026,within,19,296.875,35.0
reader,cohort,sdssvep,9,2026,within,20,312.5,45.0
reader,cohort,sdssvep,9,2026,within,21,328.125,48.3333
reader,cohort,sdssvep,9,2026,within,22,343.75,33.3333
reader,cohort,sdssvep,9,2026,within,23,359.375,33.3333
reader,cohort,sdssvep,9,2026,within,24,375.0,35.0
reader,cohort,sdssvep,9,2026,within,25,390.625,60.0
reader,cohort,sdssvep,9,2026,within,26,406.25,53.3333
reader,cohort,sdssvep,9,2026,within,27,421.875,45.0
reader,cohort,sdssvep,9,2026,within,28,437.5,50.0
reader,cohort,sdssvep,9,2026,within,29,453.125,48.3333
reader,cohort,sdssvep,9,2026,within,30,468.75,56.6667
reader,cohort,sdssvep,9,2026,within,31,484.375,46.6667
reader,cohort,sdssvep,9,2026,within,32,500.0,55.0
reader,cohort,sdssvep,9,2026,within,33,515.625,58.3333
reader,cohort,sdssvep,9,2026,within,34,531.25,55.0
reader,cohort,sdssvep,9,2026,within,35,546.875,51.6667
reader,cohort,sdssvep,9,2026,within,36,562.5,63.3333
reader,cohort,sdssvep,9,2026,within,37,578.125,66.6667
reader,cohort,sdssvep,9,2026,within,38,593.75,63.3333
reader,cohort,sdssvep,9,2026,within,39,609.375,61.6667
reader,cohort,sdssvep,9,2026,within,40,625.0,55.0
reader,cohort,sdssvep,9,2026,within,41,640.625,65.0
reader,cohort,sdssvep,9,2026,within,42,656.25,70.0
reader,cohort,sdssvep,9,2026,within,43,671.875,73.3333
reader,cohort,sdssvep,9,2026,within,44,687.5,73.3333
reader,cohort,sdssvep,9,2026,within,45,703.125,70.0
reader,cohort,sdssvep,9,2026,within,46,718.75,81.6667
reader,cohort,sdssvep,9,2026,within,47,734.375,68.3333
reader,cohort,sdssvep,9,2026,within,48,750.0,68.3333
reader,cohort,sdssvep,9,2026,within,49,765.625,81.6667
reader,cohort,sdssvep,9,2026,within,50,781.25,85.0
reader,cohort,sdssvep,9,2026,within,51,796.875,70.0
reader,cohort,sdssvep,9,2026,within,52,812.5,70.0
reader,cohort,sdssvep,9,2026,within,53,828.125,70.0
reader,cohort,sdssvep,9,2026,within,54,843.75,81.6667
reader,cohort,sdssvep,9,2026,within,55,859.375,86.6667
reader,cohort,sdssvep,9,2026,within,56,875.0,70.0
reader,cohort,sdssvep,9,2026,within,57,890.625,73.3333
reader,cohort,sdssvep,9,2026,within,58,906.25,83.3333
reader,cohort,sdssvep,9,2026,within,59,921.875,91.6667
reader,cohort,sdssvep,9,2026,within,60,937.5,91.6667
reader,cohort,sdssvep,9,2026,within,61,953.125,68.3333
reader,cohort,sdssvep,9,2026,within,62,968.75,65.0
reader,cohort,sdssvep,9,2026,within,63,984.375,95.0
reader,cohort,sdssvep,9,2026,within,64,1000.0,100.0
reader,cohort,sdssvep,9,2027,within,1,15.625,8.3333
reader,cohort,sdssvep,9,2027,within,2,31.25,8.3333
reader,cohort,sdssvep,9,2027,within,3,46.875,10.0
reader,cohort,sdssvep,9,2027,within,4,62.5,3.3333
reader,cohort,sdssvep,9,2027,within,5,78.125,13.3333
reader,cohort,sdssvep,9,2027,within,6,93.75,10.0
reader,cohort,sdssvep,9,2027,within,7,109.375,11.6667
reader,cohort,sdssvep,9,2027,within,8,125.0,6.6667
reader,cohort,sdssvep,9,2027,within,9,140.625,6.6667
reader,cohort,sdssvep,9,2027,within,10,156.25,10.0
reader,cohort,sdssvep,9,2027,within,11,171.875,20.0
reader,cohort,sdssvep,9,2027,within,12,187.5,11.6667
reader,cohort,sdssvep,9,2027,within,13,203.125,11.6667
reader,cohort,sdssvep,9,2027,within,14,218.75,21.6667
reader,cohort,sdssvep,9,2027,within,15,234.375,18.3333
reader,cohort,sdssvep,9,2027,within,16,250.0,23.3333
reader,cohort,sdssvep,9,2027,within,17,265.625,16.6667
reader,cohort,sdssvep,9,2027,within,18,281.25,18.3333
reader,cohort,sdssvep,9,2027,within,19,296.875,23.3333
reader,cohort,sdssvep,9,2027,within,20,312.5,31.6667
reader,cohort,sdssvep,9,2027,within,21,328.125,35.0
reader,cohort,sdssvep,9,2027,within,22,343.75,38.3333
reader,cohort,sdssvep,9,2027,within,23,359.375,41.6667
reader,cohort,sdssvep,9,2027,within,24,375.0,40.0
reader,cohort,sdssvep,9,2027,within,25,390.625,48.3333
reader,cohort,sdssvep,9,2027,within,26,406.25,38.3333
reader,cohort,sdssvep,9,2027,within,27,421.875,50.0
reader,cohort,sdssvep,9,2027,within,28,437.5,61.6667
reader,cohort,sdssvep,9,2027,within,29,453.125,53.3333
reader,cohort,sdssvep,9,2027,within,30,468.75,55.0
reader,cohort,sdssvep,9,2027,within,31,484.375,41.6667
reader,cohort,sdssvep,9,2027,within,32,500.0,53.3333
reader,cohort,sdssvep,9,2027,within,33,515.625,58.3333
reader,cohort,sdssvep,9,2027,within,34,531.25,68.3333
reader,cohort,sdssvep,9,2027,within,35,546.875,51.6667
reader,cohort,sdssvep,9,2027,within,36,562.5,63.3333
reader,cohort,sdssvep,9,2027,within,37,578.125,60.0
reader,cohort,sdssvep,9,2027,within,38,593.75,68.3333
reader,cohort,sdssvep,9,2027,within,39,609.375,68.3333
reader,cohort,sdssvep,9,2027,within,40,625.0,55.0
reader,cohort,sdssvep,9,2027,within,41,640.625,71.6667
reader,cohort,sdssvep,9,2027,within,42,656.25,65.0
reader,cohort,sdssvep,9,2027,within,43,671.875,70.0
reader,cohort,sdssvep,9,2027,within,44,687.5,71.6667
reader,cohort,sdssvep,9,2027,within,45,703.125,70.0
reader,cohort,sdssvep,9,2027,within,46,718.75,81.6667
reader,cohort,sdssvep,9,2027,within,47,734.375,71.6667
reader,cohort,sdssvep,9,2027,within,48,750.0,65.0
reader,cohort,sdssvep,9,2027,within,49,765.625,68.3333
reader,cohort,sdssvep,9,2027,within,50,781.25,83.3333
reader,cohort,sdssvep,9,2027,within,51,796.875,81.6667
reader,cohort,sdssvep,9,2027,within,52,812.5,73.3333
reader,cohort,sdssvep,9,2027,within,53,828.125,68.3333
reader,cohort,sdssvep,9,2027,within,54,843.75,88.3333
reader,cohort,sdssvep,9,2027,within,55,859.375,86.6667
reader,cohort,sdssvep,9,2027,within,56,875.0,75.0
reader,cohort,sdssvep,9,2027,within,57,890.625,70.0
reader,cohort,sdssvep,9,2027,within,58,906.25,83.3333
reader,cohort,sdssvep,9,2027,within,59,921.875,91.6667
reader,cohort,sdssvep,9,2027,within,60,937.5,91.6667
reader,cohort,sdssvep,9,2027,within,61,953.125,65.0
reader,cohort,sdssvep,9,2027,within,62,968.75,60.0
reader,cohort,sdssvep,9,2027,within,63,984.375,96.6667
reader,cohort,sdssvep,9,2027,within,64,1000.0,100.0
reader_anytime,anytime,2a,1,2025,within,1,128.0,25.3472
reader_anytime,anytime,2a,1,2025,within,2,256.0,25.6944
reader_anytime,anytime,2a,1,2025,within,3,384.0,36.8056
reader_anytime,anytime,2a,1,2025,within,4,512.0,59.375
reader_anytime,anytime,2a,1,2025,within,5,640.0,63.1944
reader_anytime,anytime,2a,1,2025,within,6,768.0,69.4444
reader_anytime,anytime,2a,1,2025,within,7,896.0,77.4306
reader_anytime,anytime,2a,1,2025,within,8,1024.0,79.5139
reader_anytime,anytime,2a,1,2025,within,9,1152.0,81.9444
reader_anytime,anytime,2a,1,2025,within,10,1280.0,83.3333
reader_anytime,anytime,2a,1,2025,within,11,1408.0,84.375
reader_anytime,anytime,2a,1,2025,within,12,1536.0,84.0278
reader_anytime,anytime,2a,1,2025,within,13,1664.0,87.8472
reader_anytime,anytime,2a,1,2025,within,14,1792.0,88.5417
reader_anytime,anytime,2a,1,2025,within,15,1920.0,88.1944
reader_anytime,anytime,2a,1,2025,within,16,2048.0,88.5417
reader_anytime,anytime,2a,1,2025,within,17,2176.0,88.8889
reader_anytime,anytime,2a,1,2025,within,18,2304.0,89.5833
reader_anytime,anytime,2a,1,2025,within,19,2432.0,89.2361
reader_anytime,anytime,2a,1,2025,within,20,2560.0,89.2361
reader_anytime,anytime,2a,1,2025,within,21,2688.0,88.5417
reader_anytime,anytime,2a,1,2025,within,22,2816.0,88.1944
reader_anytime,anytime,2a,1,2025,within,23,2944.0,88.5417
reader_anytime,anytime,2a,1,2025,within,24,3072.0,88.8889
reader_anytime,anytime,2a,1,2025,within,25,3200.0,88.5417
reader_anytime,anytime,2a,1,2025,within,26,3328.0,89.2361
reader_anytime,anytime,2a,1,2025,within,27,3456.0,89.2361
reader_anytime,anytime,2a,1,2025,within,28,3584.0,89.5833
reader_anytime,anytime,2a,1,2025,within,29,3712.0,88.8889
reader_anytime,anytime,2a,1,2025,within,30,3840.0,89.5833
reader_anytime,anytime,2a,1,2025,within,31,3968.0,89.9306
reader_anytime,anytime,2a,1,2025,within,32,4096.0,89.5833
reader_anytime,anytime,2a,1,2026,within,1,128.0,25.0
reader_anytime,anytime,2a,1,2026,within,2,256.0,29.5139
reader_anytime,anytime,2a,1,2026,within,3,384.0,37.8472
reader_anytime,anytime,2a,1,2026,within,4,512.0,63.5417
reader_anytime,anytime,2a,1,2026,within,5,640.0,68.0556
reader_anytime,anytime,2a,1,2026,within,6,768.0,70.8333
reader_anytime,anytime,2a,1,2026,within,7,896.0,75.3472
reader_anytime,anytime,2a,1,2026,within,8,1024.0,77.4306
reader_anytime,anytime,2a,1,2026,within,9,1152.0,79.5139
reader_anytime,anytime,2a,1,2026,within,10,1280.0,81.5972
reader_anytime,anytime,2a,1,2026,within,11,1408.0,81.25
reader_anytime,anytime,2a,1,2026,within,12,1536.0,81.25
reader_anytime,anytime,2a,1,2026,within,13,1664.0,82.2917
reader_anytime,anytime,2a,1,2026,within,14,1792.0,83.6806
reader_anytime,anytime,2a,1,2026,within,15,1920.0,85.4167
reader_anytime,anytime,2a,1,2026,within,16,2048.0,86.8056
reader_anytime,anytime,2a,1,2026,within,17,2176.0,85.7639
reader_anytime,anytime,2a,1,2026,within,18,2304.0,86.8056
reader_anytime,anytime,2a,1,2026,within,19,2432.0,87.5
reader_anytime,anytime,2a,1,2026,within,20,2560.0,88.1944
reader_anytime,anytime,2a,1,2026,within,21,2688.0,87.8472
reader_anytime,anytime,2a,1,2026,within,22,2816.0,88.1944
reader_anytime,anytime,2a,1,2026,within,23,2944.0,88.1944
reader_anytime,anytime,2a,1,2026,within,24,3072.0,87.8472
reader_anytime,anytime,2a,1,2026,within,25,3200.0,87.8472
reader_anytime,anytime,2a,1,2026,within,26,3328.0,88.1944
reader_anytime,anytime,2a,1,2026,within,27,3456.0,87.8472
reader_anytime,anytime,2a,1,2026,within,28,3584.0,88.5417
reader_anytime,anytime,2a,1,2026,within,29,3712.0,88.5417
reader_anytime,anytime,2a,1,2026,within,30,3840.0,88.8889
reader_anytime,anytime,2a,1,2026,within,31,3968.0,88.8889
reader_anytime,anytime,2a,1,2026,within,32,4096.0,89.9306
reader_anytime,anytime,2a,1,2027,within,1,128.0,25.6944
reader_anytime,anytime,2a,1,2027,within,2,256.0,34.0278
reader_anytime,anytime,2a,1,2027,within,3,384.0,44.0972
reader_anytime,anytime,2a,1,2027,within,4,512.0,60.4167
reader_anytime,anytime,2a,1,2027,within,5,640.0,66.6667
reader_anytime,anytime,2a,1,2027,within,6,768.0,69.7917
reader_anytime,anytime,2a,1,2027,within,7,896.0,77.0833
reader_anytime,anytime,2a,1,2027,within,8,1024.0,79.1667
reader_anytime,anytime,2a,1,2027,within,9,1152.0,79.1667
reader_anytime,anytime,2a,1,2027,within,10,1280.0,80.2083
reader_anytime,anytime,2a,1,2027,within,11,1408.0,81.9444
reader_anytime,anytime,2a,1,2027,within,12,1536.0,81.9444
reader_anytime,anytime,2a,1,2027,within,13,1664.0,82.9861
reader_anytime,anytime,2a,1,2027,within,14,1792.0,82.9861
reader_anytime,anytime,2a,1,2027,within,15,1920.0,85.0694
reader_anytime,anytime,2a,1,2027,within,16,2048.0,85.0694
reader_anytime,anytime,2a,1,2027,within,17,2176.0,87.1528
reader_anytime,anytime,2a,1,2027,within,18,2304.0,87.1528
reader_anytime,anytime,2a,1,2027,within,19,2432.0,87.8472
reader_anytime,anytime,2a,1,2027,within,20,2560.0,87.5
reader_anytime,anytime,2a,1,2027,within,21,2688.0,87.5
reader_anytime,anytime,2a,1,2027,within,22,2816.0,87.5
reader_anytime,anytime,2a,1,2027,within,23,2944.0,88.1944
reader_anytime,anytime,2a,1,2027,within,24,3072.0,87.8472
reader_anytime,anytime,2a,1,2027,within,25,3200.0,88.5417
reader_anytime,anytime,2a,1,2027,within,26,3328.0,88.8889
reader_anytime,anytime,2a,1,2027,within,27,3456.0,88.8889
reader_anytime,anytime,2a,1,2027,within,28,3584.0,89.5833
reader_anytime,anytime,2a,1,2027,within,29,3712.0,88.5417
reader_anytime,anytime,2a,1,2027,within,30,3840.0,89.2361
reader_anytime,anytime,2a,1,2027,within,31,3968.0,88.5417
reader_anytime,anytime,2a,1,2027,within,32,4096.0,88.8889
reader_anytime,anytime,2a,2,2025,within,1,128.0,26.3889
reader_anytime,anytime,2a,2,2025,within,2,256.0,31.9444
reader_anytime,anytime,2a,2,2025,within,3,384.0,49.6528
reader_anytime,anytime,2a,2,2025,within,4,512.0,53.125
reader_anytime,anytime,2a,2,2025,within,5,640.0,56.9444
reader_anytime,anytime,2a,2,2025,within,6,768.0,59.375
reader_anytime,anytime,2a,2,2025,within,7,896.0,60.7639
reader_anytime,anytime,2a,2,2025,within,8,1024.0,63.5417
reader_anytime,anytime,2a,2,2025,within,9,1152.0,64.2361
reader_anytime,anytime,2a,2,2025,within,10,1280.0,63.8889
reader_anytime,anytime,2a,2,2025,within,11,1408.0,64.5833
reader_anytime,anytime,2a,2,2025,within,12,1536.0,64.2361
reader_anytime,anytime,2a,2,2025,within,13,1664.0,66.3194
reader_anytime,anytime,2a,2,2025,within,14,1792.0,68.4028
reader_anytime,anytime,2a,2,2025,within,15,1920.0,68.75
reader_anytime,anytime,2a,2,2025,within,16,2048.0,68.0556
reader_anytime,anytime,2a,2,2025,within,17,2176.0,69.7917
reader_anytime,anytime,2a,2,2025,within,18,2304.0,71.1806
reader_anytime,anytime,2a,2,2025,within,19,2432.0,71.1806
reader_anytime,anytime,2a,2,2025,within,20,2560.0,70.8333
reader_anytime,anytime,2a,2,2025,within,21,2688.0,72.9167
reader_anytime,anytime,2a,2,2025,within,22,2816.0,73.2639
reader_anytime,anytime,2a,2,2025,within,23,2944.0,73.9583
reader_anytime,anytime,2a,2,2025,within,24,3072.0,74.6528
reader_anytime,anytime,2a,2,2025,within,25,3200.0,75.0
reader_anytime,anytime,2a,2,2025,within,26,3328.0,76.0417
reader_anytime,anytime,2a,2,2025,within,27,3456.0,75.0
reader_anytime,anytime,2a,2,2025,within,28,3584.0,75.3472
reader_anytime,anytime,2a,2,2025,within,29,3712.0,75.6944
reader_anytime,anytime,2a,2,2025,within,30,3840.0,75.3472
reader_anytime,anytime,2a,2,2025,within,31,3968.0,76.0417
reader_anytime,anytime,2a,2,2025,within,32,4096.0,74.3056
reader_anytime,anytime,2a,2,2026,within,1,128.0,25.0
reader_anytime,anytime,2a,2,2026,within,2,256.0,26.7361
reader_anytime,anytime,2a,2,2026,within,3,384.0,52.4306
reader_anytime,anytime,2a,2,2026,within,4,512.0,59.0278
reader_anytime,anytime,2a,2,2026,within,5,640.0,60.0694
reader_anytime,anytime,2a,2,2026,within,6,768.0,60.4167
reader_anytime,anytime,2a,2,2026,within,7,896.0,62.8472
reader_anytime,anytime,2a,2,2026,within,8,1024.0,64.9306
reader_anytime,anytime,2a,2,2026,within,9,1152.0,65.625
reader_anytime,anytime,2a,2,2026,within,10,1280.0,64.9306
reader_anytime,anytime,2a,2,2026,within,11,1408.0,64.9306
reader_anytime,anytime,2a,2,2026,within,12,1536.0,65.625
reader_anytime,anytime,2a,2,2026,within,13,1664.0,67.3611
reader_anytime,anytime,2a,2,2026,within,14,1792.0,67.7083
reader_anytime,anytime,2a,2,2026,within,15,1920.0,70.4861
reader_anytime,anytime,2a,2,2026,within,16,2048.0,70.8333
reader_anytime,anytime,2a,2,2026,within,17,2176.0,70.4861
reader_anytime,anytime,2a,2,2026,within,18,2304.0,69.4444
reader_anytime,anytime,2a,2,2026,within,19,2432.0,70.1389
reader_anytime,anytime,2a,2,2026,within,20,2560.0,70.1389
reader_anytime,anytime,2a,2,2026,within,21,2688.0,70.4861
reader_anytime,anytime,2a,2,2026,within,22,2816.0,70.4861
reader_anytime,anytime,2a,2,2026,within,23,2944.0,69.4444
reader_anytime,anytime,2a,2,2026,within,24,3072.0,70.1389
reader_anytime,anytime,2a,2,2026,within,25,3200.0,69.7917
reader_anytime,anytime,2a,2,2026,within,26,3328.0,69.4444
reader_anytime,anytime,2a,2,2026,within,27,3456.0,69.7917
reader_anytime,anytime,2a,2,2026,within,28,3584.0,69.7917
reader_anytime,anytime,2a,2,2026,within,29,3712.0,70.1389
reader_anytime,anytime,2a,2,2026,within,30,3840.0,70.4861
reader_anytime,anytime,2a,2,2026,within,31,3968.0,71.5278
reader_anytime,anytime,2a,2,2026,within,32,4096.0,72.2222
reader_anytime,anytime,2a,2,2027,within,1,128.0,24.6528
reader_anytime,anytime,2a,2,2027,within,2,256.0,33.3333
reader_anytime,anytime,2a,2,2027,within,3,384.0,52.7778
reader_anytime,anytime,2a,2,2027,within,4,512.0,56.5972
reader_anytime,anytime,2a,2,2027,within,5,640.0,55.9028
reader_anytime,anytime,2a,2,2027,within,6,768.0,59.0278
reader_anytime,anytime,2a,2,2027,within,7,896.0,63.5417
reader_anytime,anytime,2a,2,2027,within,8,1024.0,63.1944
reader_anytime,anytime,2a,2,2027,within,9,1152.0,65.9722
reader_anytime,anytime,2a,2,2027,within,10,1280.0,64.9306
reader_anytime,anytime,2a,2,2027,within,11,1408.0,67.0139
reader_anytime,anytime,2a,2,2027,within,12,1536.0,65.9722
reader_anytime,anytime,2a,2,2027,within,13,1664.0,67.0139
reader_anytime,anytime,2a,2,2027,within,14,1792.0,65.9722
reader_anytime,anytime,2a,2,2027,within,15,1920.0,67.3611
reader_anytime,anytime,2a,2,2027,within,16,2048.0,66.6667
reader_anytime,anytime,2a,2,2027,within,17,2176.0,68.75
reader_anytime,anytime,2a,2,2027,within,18,2304.0,69.4444
reader_anytime,anytime,2a,2,2027,within,19,2432.0,69.7917
reader_anytime,anytime,2a,2,2027,within,20,2560.0,70.8333
reader_anytime,anytime,2a,2,2027,within,21,2688.0,71.5278
reader_anytime,anytime,2a,2,2027,within,22,2816.0,71.875
reader_anytime,anytime,2a,2,2027,within,23,2944.0,71.5278
reader_anytime,anytime,2a,2,2027,within,24,3072.0,70.8333
reader_anytime,anytime,2a,2,2027,within,25,3200.0,71.1806
reader_anytime,anytime,2a,2,2027,within,26,3328.0,70.1389
reader_anytime,anytime,2a,2,2027,within,27,3456.0,70.8333
reader_anytime,anytime,2a,2,2027,within,28,3584.0,71.875
reader_anytime,anytime,2a,2,2027,within,29,3712.0,71.1806
reader_anytime,anytime,2a,2,2027,within,30,3840.0,71.875
reader_anytime,anytime,2a,2,2027,within,31,3968.0,73.6111
reader_anytime,anytime,2a,2,2027,within,32,4096.0,73.2639
reader_anytime,anytime,2a,3,2025,within,1,128.0,26.7361
reader_anytime,anytime,2a,3,2025,within,2,256.0,37.1528
reader_anytime,anytime,2a,3,2025,within,3,384.0,55.9028
reader_anytime,anytime,2a,3,2025,within,4,512.0,57.2917
reader_anytime,anytime,2a,3,2025,within,5,640.0,68.0556
reader_anytime,anytime,2a,3,2025,within,6,768.0,76.0417
reader_anytime,anytime,2a,3,2025,within,7,896.0,84.7222
reader_anytime,anytime,2a,3,2025,within,8,1024.0,86.8056
reader_anytime,anytime,2a,3,2025,within,9,1152.0,89.5833
reader_anytime,anytime,2a,3,2025,within,10,1280.0,89.9306
reader_anytime,anytime,2a,3,2025,within,11,1408.0,91.6667
reader_anytime,anytime,2a,3,2025,within,12,1536.0,91.6667
reader_anytime,anytime,2a,3,2025,within,13,1664.0,92.7083
reader_anytime,anytime,2a,3,2025,within,14,1792.0,94.0972
reader_anytime,anytime,2a,3,2025,within,15,1920.0,94.4444
reader_anytime,anytime,2a,3,2025,within,16,2048.0,94.4444
reader_anytime,anytime,2a,3,2025,within,17,2176.0,94.0972
reader_anytime,anytime,2a,3,2025,within,18,2304.0,93.4028
reader_anytime,anytime,2a,3,2025,within,19,2432.0,93.75
reader_anytime,anytime,2a,3,2025,within,20,2560.0,94.0972
reader_anytime,anytime,2a,3,2025,within,21,2688.0,94.0972
reader_anytime,anytime,2a,3,2025,within,22,2816.0,94.0972
reader_anytime,anytime,2a,3,2025,within,23,2944.0,94.0972
reader_anytime,anytime,2a,3,2025,within,24,3072.0,94.0972
reader_anytime,anytime,2a,3,2025,within,25,3200.0,93.4028
reader_anytime,anytime,2a,3,2025,within,26,3328.0,93.75
reader_anytime,anytime,2a,3,2025,within,27,3456.0,94.0972
reader_anytime,anytime,2a,3,2025,within,28,3584.0,94.0972
reader_anytime,anytime,2a,3,2025,within,29,3712.0,93.4028
reader_anytime,anytime,2a,3,2025,within,30,3840.0,94.0972
reader_anytime,anytime,2a,3,2025,within,31,3968.0,93.4028
reader_anytime,anytime,2a,3,2025,within,32,4096.0,93.75
reader_anytime,anytime,2a,3,2026,within,1,128.0,25.0
reader_anytime,anytime,2a,3,2026,within,2,256.0,40.9722
reader_anytime,anytime,2a,3,2026,within,3,384.0,51.7361
reader_anytime,anytime,2a,3,2026,within,4,512.0,59.7222
reader_anytime,anytime,2a,3,2026,within,5,640.0,72.5694
reader_anytime,anytime,2a,3,2026,within,6,768.0,81.5972
reader_anytime,anytime,2a,3,2026,within,7,896.0,88.8889
reader_anytime,anytime,2a,3,2026,within,8,1024.0,91.3194
reader_anytime,anytime,2a,3,2026,within,9,1152.0,93.4028
reader_anytime,anytime,2a,3,2026,within,10,1280.0,93.75
reader_anytime,anytime,2a,3,2026,within,11,1408.0,94.4444
reader_anytime,anytime,2a,3,2026,within,12,1536.0,94.7917
reader_anytime,anytime,2a,3,2026,within,13,1664.0,96.1806
reader_anytime,anytime,2a,3,2026,within,14,1792.0,96.875
reader_anytime,anytime,2a,3,2026,within,15,1920.0,96.1806
reader_anytime,anytime,2a,3,2026,within,16,2048.0,96.5278
reader_anytime,anytime,2a,3,2026,within,17,2176.0,96.1806
reader_anytime,anytime,2a,3,2026,within,18,2304.0,96.5278
reader_anytime,anytime,2a,3,2026,within,19,2432.0,96.5278
reader_anytime,anytime,2a,3,2026,within,20,2560.0,96.5278
reader_anytime,anytime,2a,3,2026,within,21,2688.0,96.1806
reader_anytime,anytime,2a,3,2026,within,22,2816.0,96.5278
reader_anytime,anytime,2a,3,2026,within,23,2944.0,96.875
reader_anytime,anytime,2a,3,2026,within,24,3072.0,96.875
reader_anytime,anytime,2a,3,2026,within,25,3200.0,96.875
reader_anytime,anytime,2a,3,2026,within,26,3328.0,96.875
reader_anytime,anytime,2a,3,2026,within,27,3456.0,96.5278
reader_anytime,anytime,2a,3,2026,within,28,3584.0,96.875
reader_anytime,anytime,2a,3,2026,within,29,3712.0,97.2222
reader_anytime,anytime,2a,3,2026,within,30,3840.0,96.875
reader_anytime,anytime,2a,3,2026,within,31,3968.0,97.2222
reader_anytime,anytime,2a,3,2026,within,32,4096.0,97.2222
reader_anytime,anytime,2a,3,2027,within,1,128.0,25.0
reader_anytime,anytime,2a,3,2027,within,2,256.0,42.7083
reader_anytime,anytime,2a,3,2027,within,3,384.0,52.4306
reader_anytime,anytime,2a,3,2027,within,4,512.0,61.1111
reader_anytime,anytime,2a,3,2027,within,5,640.0,72.2222
reader_anytime,anytime,2a,3,2027,within,6,768.0,76.3889
reader_anytime,anytime,2a,3,2027,within,7,896.0,86.1111
reader_anytime,anytime,2a,3,2027,within,8,1024.0,89.2361
reader_anytime,anytime,2a,3,2027,within,9,1152.0,92.0139
reader_anytime,anytime,2a,3,2027,within,10,1280.0,92.3611
reader_anytime,anytime,2a,3,2027,within,11,1408.0,94.0972
reader_anytime,anytime,2a,3,2027,within,12,1536.0,93.4028
reader_anytime,anytime,2a,3,2027,within,13,1664.0,94.4444
reader_anytime,anytime,2a,3,2027,within,14,1792.0,94.4444
reader_anytime,anytime,2a,3,2027,within,15,1920.0,94.0972
reader_anytime,anytime,2a,3,2027,within,16,2048.0,94.7917
reader_anytime,anytime,2a,3,2027,within,17,2176.0,92.7083
reader_anytime,anytime,2a,3,2027,within,18,2304.0,93.75
reader_anytime,anytime,2a,3,2027,within,19,2432.0,94.4444
reader_anytime,anytime,2a,3,2027,within,20,2560.0,94.4444
reader_anytime,anytime,2a,3,2027,within,21,2688.0,93.75
reader_anytime,anytime,2a,3,2027,within,22,2816.0,93.75
reader_anytime,anytime,2a,3,2027,within,23,2944.0,93.75
reader_anytime,anytime,2a,3,2027,within,24,3072.0,93.75
reader_anytime,anytime,2a,3,2027,within,25,3200.0,93.75
reader_anytime,anytime,2a,3,2027,within,26,3328.0,93.75
reader_anytime,anytime,2a,3,2027,within,27,3456.0,94.0972
reader_anytime,anytime,2a,3,2027,within,28,3584.0,94.4444
reader_anytime,anytime,2a,3,2027,within,29,3712.0,94.7917
reader_anytime,anytime,2a,3,2027,within,30,3840.0,94.4444
reader_anytime,anytime,2a,3,2027,within,31,3968.0,94.7917
reader_anytime,anytime,2a,3,2027,within,32,4096.0,94.7917
reader_anytime,anytime,2a,4,2025,within,1,128.0,30.2083
reader_anytime,anytime,2a,4,2025,within,2,256.0,37.1528
reader_anytime,anytime,2a,4,2025,within,3,384.0,48.6111
reader_anytime,anytime,2a,4,2025,within,4,512.0,61.1111
reader_anytime,anytime,2a,4,2025,within,5,640.0,70.1389
reader_anytime,anytime,2a,4,2025,within,6,768.0,70.1389
reader_anytime,anytime,2a,4,2025,within,7,896.0,72.9167
reader_anytime,anytime,2a,4,2025,within,8,1024.0,78.125
reader_anytime,anytime,2a,4,2025,within,9,1152.0,79.5139
reader_anytime,anytime,2a,4,2025,within,10,1280.0,81.5972
reader_anytime,anytime,2a,4,2025,within,11,1408.0,82.2917
reader_anytime,anytime,2a,4,2025,within,12,1536.0,83.3333
reader_anytime,anytime,2a,4,2025,within,13,1664.0,82.2917
reader_anytime,anytime,2a,4,2025,within,14,1792.0,82.6389
reader_anytime,anytime,2a,4,2025,within,15,1920.0,82.6389
reader_anytime,anytime,2a,4,2025,within,16,2048.0,82.6389
reader_anytime,anytime,2a,4,2025,within,17,2176.0,82.2917
reader_anytime,anytime,2a,4,2025,within,18,2304.0,82.9861
reader_anytime,anytime,2a,4,2025,within,19,2432.0,82.9861
reader_anytime,anytime,2a,4,2025,within,20,2560.0,82.9861
reader_anytime,anytime,2a,4,2025,within,21,2688.0,83.3333
reader_anytime,anytime,2a,4,2025,within,22,2816.0,82.9861
reader_anytime,anytime,2a,4,2025,within,23,2944.0,83.3333
reader_anytime,anytime,2a,4,2025,within,24,3072.0,82.9861
reader_anytime,anytime,2a,4,2025,within,25,3200.0,82.9861
reader_anytime,anytime,2a,4,2025,within,26,3328.0,83.3333
reader_anytime,anytime,2a,4,2025,within,27,3456.0,83.3333
reader_anytime,anytime,2a,4,2025,within,28,3584.0,82.2917
reader_anytime,anytime,2a,4,2025,within,29,3712.0,82.2917
reader_anytime,anytime,2a,4,2025,within,30,3840.0,82.2917
reader_anytime,anytime,2a,4,2025,within,31,3968.0,82.9861
reader_anytime,anytime,2a,4,2025,within,32,4096.0,82.9861
reader_anytime,anytime,2a,4,2026,within,1,128.0,26.3889
reader_anytime,anytime,2a,4,2026,within,2,256.0,34.7222
reader_anytime,anytime,2a,4,2026,within,3,384.0,53.125
reader_anytime,anytime,2a,4,2026,within,4,512.0,64.9306
reader_anytime,anytime,2a,4,2026,within,5,640.0,71.1806
reader_anytime,anytime,2a,4,2026,within,6,768.0,73.9583
reader_anytime,anytime,2a,4,2026,within,7,896.0,78.8194
reader_anytime,anytime,2a,4,2026,within,8,1024.0,81.25
reader_anytime,anytime,2a,4,2026,within,9,1152.0,83.6806
reader_anytime,anytime,2a,4,2026,within,10,1280.0,84.0278
reader_anytime,anytime,2a,4,2026,within,11,1408.0,85.0694
reader_anytime,anytime,2a,4,2026,within,12,1536.0,85.7639
reader_anytime,anytime,2a,4,2026,within,13,1664.0,86.1111
reader_anytime,anytime,2a,4,2026,within,14,1792.0,86.1111
reader_anytime,anytime,2a,4,2026,within,15,1920.0,86.1111
reader_anytime,anytime,2a,4,2026,within,16,2048.0,85.7639
reader_anytime,anytime,2a,4,2026,within,17,2176.0,85.4167
reader_anytime,anytime,2a,4,2026,within,18,2304.0,85.7639
reader_anytime,anytime,2a,4,2026,within,19,2432.0,85.7639
reader_anytime,anytime,2a,4,2026,within,20,2560.0,86.1111
reader_anytime,anytime,2a,4,2026,within,21,2688.0,86.1111
reader_anytime,anytime,2a,4,2026,within,22,2816.0,86.1111
reader_anytime,anytime,2a,4,2026,within,23,2944.0,86.1111
reader_anytime,anytime,2a,4,2026,within,24,3072.0,86.1111
reader_anytime,anytime,2a,4,2026,within,25,3200.0,86.4583
reader_anytime,anytime,2a,4,2026,within,26,3328.0,86.1111
reader_anytime,anytime,2a,4,2026,within,27,3456.0,85.7639
reader_anytime,anytime,2a,4,2026,within,28,3584.0,86.1111
reader_anytime,anytime,2a,4,2026,within,29,3712.0,87.1528
reader_anytime,anytime,2a,4,2026,within,30,3840.0,85.7639
reader_anytime,anytime,2a,4,2026,within,31,3968.0,86.1111
reader_anytime,anytime,2a,4,2026,within,32,4096.0,85.7639
reader_anytime,anytime,2a,4,2027,within,1,128.0,23.9583
reader_anytime,anytime,2a,4,2027,within,2,256.0,36.1111
reader_anytime,anytime,2a,4,2027,within,3,384.0,55.5556
reader_anytime,anytime,2a,4,2027,within,4,512.0,67.0139
reader_anytime,anytime,2a,4,2027,within,5,640.0,70.1389
reader_anytime,anytime,2a,4,2027,within,6,768.0,70.1389
reader_anytime,anytime,2a,4,2027,within,7,896.0,72.9167
reader_anytime,anytime,2a,4,2027,within,8,1024.0,76.0417
reader_anytime,anytime,2a,4,2027,within,9,1152.0,77.7778
reader_anytime,anytime,2a,4,2027,within,10,1280.0,78.8194
reader_anytime,anytime,2a,4,2027,within,11,1408.0,79.8611
reader_anytime,anytime,2a,4,2027,within,12,1536.0,81.5972
reader_anytime,anytime,2a,4,2027,within,13,1664.0,80.9028
reader_anytime,anytime,2a,4,2027,within,14,1792.0,80.9028
reader_anytime,anytime,2a,4,2027,within,15,1920.0,81.25
reader_anytime,anytime,2a,4,2027,within,16,2048.0,82.2917
reader_anytime,anytime,2a,4,2027,within,17,2176.0,81.25
reader_anytime,anytime,2a,4,2027,within,18,2304.0,81.5972
reader_anytime,anytime,2a,4,2027,within,19,2432.0,82.2917
reader_anytime,anytime,2a,4,2027,within,20,2560.0,81.9444
reader_anytime,anytime,2a,4,2027,within,21,2688.0,82.9861
reader_anytime,anytime,2a,4,2027,within,22,2816.0,82.9861
reader_anytime,anytime,2a,4,2027,within,23,2944.0,82.9861
reader_anytime,anytime,2a,4,2027,within,24,3072.0,82.2917
reader_anytime,anytime,2a,4,2027,within,25,3200.0,83.3333
reader_anytime,anytime,2a,4,2027,within,26,3328.0,82.6389
reader_anytime,anytime,2a,4,2027,within,27,3456.0,82.9861
reader_anytime,anytime,2a,4,2027,within,28,3584.0,83.6806
reader_anytime,anytime,2a,4,2027,within,29,3712.0,83.6806
reader_anytime,anytime,2a,4,2027,within,30,3840.0,83.3333
reader_anytime,anytime,2a,4,2027,within,31,3968.0,85.0694
reader_anytime,anytime,2a,4,2027,within,32,4096.0,83.3333
reader_anytime,anytime,2a,5,2025,within,1,128.0,25.0
reader_anytime,anytime,2a,5,2025,within,2,256.0,32.9861
reader_anytime,anytime,2a,5,2025,within,3,384.0,59.375
reader_anytime,anytime,2a,5,2025,within,4,512.0,65.625
reader_anytime,anytime,2a,5,2025,within,5,640.0,69.4444
reader_anytime,anytime,2a,5,2025,within,6,768.0,71.5278
reader_anytime,anytime,2a,5,2025,within,7,896.0,71.5278
reader_anytime,anytime,2a,5,2025,within,8,1024.0,73.9583
reader_anytime,anytime,2a,5,2025,within,9,1152.0,71.875
reader_anytime,anytime,2a,5,2025,within,10,1280.0,71.1806
reader_anytime,anytime,2a,5,2025,within,11,1408.0,71.875
reader_anytime,anytime,2a,5,2025,within,12,1536.0,74.6528
reader_anytime,anytime,2a,5,2025,within,13,1664.0,80.9028
reader_anytime,anytime,2a,5,2025,within,14,1792.0,80.2083
reader_anytime,anytime,2a,5,2025,within,15,1920.0,82.2917
reader_anytime,anytime,2a,5,2025,within,16,2048.0,81.9444
reader_anytime,anytime,2a,5,2025,within,17,2176.0,79.1667
reader_anytime,anytime,2a,5,2025,within,18,2304.0,78.125
reader_anytime,anytime,2a,5,2025,within,19,2432.0,79.8611
reader_anytime,anytime,2a,5,2025,within,20,2560.0,78.4722
reader_anytime,anytime,2a,5,2025,within,21,2688.0,78.125
reader_anytime,anytime,2a,5,2025,within,22,2816.0,77.7778
reader_anytime,anytime,2a,5,2025,within,23,2944.0,76.3889
reader_anytime,anytime,2a,5,2025,within,24,3072.0,76.0417
reader_anytime,anytime,2a,5,2025,within,25,3200.0,75.3472
reader_anytime,anytime,2a,5,2025,within,26,3328.0,76.3889
reader_anytime,anytime,2a,5,2025,within,27,3456.0,76.7361
reader_anytime,anytime,2a,5,2025,within,28,3584.0,77.0833
reader_anytime,anytime,2a,5,2025,within,29,3712.0,78.4722
reader_anytime,anytime,2a,5,2025,within,30,3840.0,78.125
reader_anytime,anytime,2a,5,2025,within,31,3968.0,80.2083
reader_anytime,anytime,2a,5,2025,within,32,4096.0,80.2083
reader_anytime,anytime,2a,5,2026,within,1,128.0,26.3889
reader_anytime,anytime,2a,5,2026,within,2,256.0,27.7778
reader_anytime,anytime,2a,5,2026,within,3,384.0,56.25
reader_anytime,anytime,2a,5,2026,within,4,512.0,65.9722
reader_anytime,anytime,2a,5,2026,within,5,640.0,67.7083
reader_anytime,anytime,2a,5,2026,within,6,768.0,68.0556
reader_anytime,anytime,2a,5,2026,within,7,896.0,70.4861
reader_anytime,anytime,2a,5,2026,within,8,1024.0,72.9167
reader_anytime,anytime,2a,5,2026,within,9,1152.0,73.2639
reader_anytime,anytime,2a,5,2026,within,10,1280.0,72.2222
reader_anytime,anytime,2a,5,2026,within,11,1408.0,74.3056
reader_anytime,anytime,2a,5,2026,within,12,1536.0,74.6528
reader_anytime,anytime,2a,5,2026,within,13,1664.0,77.4306
reader_anytime,anytime,2a,5,2026,within,14,1792.0,77.4306
reader_anytime,anytime,2a,5,2026,within,15,1920.0,77.7778
reader_anytime,anytime,2a,5,2026,within,16,2048.0,77.7778
reader_anytime,anytime,2a,5,2026,within,17,2176.0,77.7778
reader_anytime,anytime,2a,5,2026,within,18,2304.0,78.125
reader_anytime,anytime,2a,5,2026,within,19,2432.0,79.5139
reader_anytime,anytime,2a,5,2026,within,20,2560.0,79.1667
reader_anytime,anytime,2a,5,2026,within,21,2688.0,78.8194
reader_anytime,anytime,2a,5,2026,within,22,2816.0,79.1667
reader_anytime,anytime,2a,5,2026,within,23,2944.0,78.8194
reader_anytime,anytime,2a,5,2026,within,24,3072.0,78.8194
reader_anytime,anytime,2a,5,2026,within,25,3200.0,78.8194
reader_anytime,anytime,2a,5,2026,within,26,3328.0,79.1667
reader_anytime,anytime,2a,5,2026,within,27,3456.0,79.5139
reader_anytime,anytime,2a,5,2026,within,28,3584.0,78.125
reader_anytime,anytime,2a,5,2026,within,29,3712.0,78.8194
reader_anytime,anytime,2a,5,2026,within,30,3840.0,79.1667
reader_anytime,anytime,2a,5,2026,within,31,3968.0,78.4722
reader_anytime,anytime,2a,5,2026,within,32,4096.0,79.1667
reader_anytime,anytime,2a,5,2027,within,1,128.0,25.3472
reader_anytime,anytime,2a,5,2027,within,2,256.0,27.7778
reader_anytime,anytime,2a,5,2027,within,3,384.0,59.375
reader_anytime,anytime,2a,5,2027,within,4,512.0,66.6667
reader_anytime,anytime,2a,5,2027,within,5,640.0,71.1806
reader_anytime,anytime,2a,5,2027,within,6,768.0,73.2639
reader_anytime,anytime,2a,5,2027,within,7,896.0,73.2639
reader_anytime,anytime,2a,5,2027,within,8,1024.0,73.6111
reader_anytime,anytime,2a,5,2027,within,9,1152.0,75.3472
reader_anytime,anytime,2a,5,2027,within,10,1280.0,76.3889
reader_anytime,anytime,2a,5,2027,within,11,1408.0,78.8194
reader_anytime,anytime,2a,5,2027,within,12,1536.0,78.125
reader_anytime,anytime,2a,5,2027,within,13,1664.0,80.2083
reader_anytime,anytime,2a,5,2027,within,14,1792.0,80.2083
reader_anytime,anytime,2a,5,2027,within,15,1920.0,81.25
reader_anytime,anytime,2a,5,2027,within,16,2048.0,80.5556
reader_anytime,anytime,2a,5,2027,within,17,2176.0,81.9444
reader_anytime,anytime,2a,5,2027,within,18,2304.0,80.2083
reader_anytime,anytime,2a,5,2027,within,19,2432.0,78.8194
reader_anytime,anytime,2a,5,2027,within,20,2560.0,77.0833
reader_anytime,anytime,2a,5,2027,within,21,2688.0,78.4722
reader_anytime,anytime,2a,5,2027,within,22,2816.0,77.4306
reader_anytime,anytime,2a,5,2027,within,23,2944.0,75.6944
reader_anytime,anytime,2a,5,2027,within,24,3072.0,75.6944
reader_anytime,anytime,2a,5,2027,within,25,3200.0,77.7778
reader_anytime,anytime,2a,5,2027,within,26,3328.0,76.3889
reader_anytime,anytime,2a,5,2027,within,27,3456.0,76.7361
reader_anytime,anytime,2a,5,2027,within,28,3584.0,76.7361
reader_anytime,anytime,2a,5,2027,within,29,3712.0,78.8194
reader_anytime,anytime,2a,5,2027,within,30,3840.0,77.0833
reader_anytime,anytime,2a,5,2027,within,31,3968.0,76.3889
reader_anytime,anytime,2a,5,2027,within,32,4096.0,78.8194
reader_anytime,anytime,2a,6,2025,within,1,128.0,22.2222
reader_anytime,anytime,2a,6,2025,within,2,256.0,29.5139
reader_anytime,anytime,2a,6,2025,within,3,384.0,51.3889
reader_anytime,anytime,2a,6,2025,within,4,512.0,52.7778
reader_anytime,anytime,2a,6,2025,within,5,640.0,60.0694
reader_anytime,anytime,2a,6,2025,within,6,768.0,69.0972
reader_anytime,anytime,2a,6,2025,within,7,896.0,70.1389
reader_anytime,anytime,2a,6,2025,within,8,1024.0,70.1389
reader_anytime,anytime,2a,6,2025,within,9,1152.0,72.9167
reader_anytime,anytime,2a,6,2025,within,10,1280.0,71.875
reader_anytime,anytime,2a,6,2025,within,11,1408.0,72.9167
reader_anytime,anytime,2a,6,2025,within,12,1536.0,73.2639
reader_anytime,anytime,2a,6,2025,within,13,1664.0,73.2639
reader_anytime,anytime,2a,6,2025,within,14,1792.0,74.3056
reader_anytime,anytime,2a,6,2025,within,15,1920.0,75.3472
reader_anytime,anytime,2a,6,2025,within,16,2048.0,75.6944
reader_anytime,anytime,2a,6,2025,within,17,2176.0,75.6944
reader_anytime,anytime,2a,6,2025,within,18,2304.0,76.7361
reader_anytime,anytime,2a,6,2025,within,19,2432.0,75.6944
reader_anytime,anytime,2a,6,2025,within,20,2560.0,75.6944
reader_anytime,anytime,2a,6,2025,within,21,2688.0,75.3472
reader_anytime,anytime,2a,6,2025,within,22,2816.0,75.6944
reader_anytime,anytime,2a,6,2025,within,23,2944.0,75.0
reader_anytime,anytime,2a,6,2025,within,24,3072.0,75.6944
reader_anytime,anytime,2a,6,2025,within,25,3200.0,76.0417
reader_anytime,anytime,2a,6,2025,within,26,3328.0,75.3472
reader_anytime,anytime,2a,6,2025,within,27,3456.0,75.6944
reader_anytime,anytime,2a,6,2025,within,28,3584.0,74.6528
reader_anytime,anytime,2a,6,2025,within,29,3712.0,75.3472
reader_anytime,anytime,2a,6,2025,within,30,3840.0,74.3056
reader_anytime,anytime,2a,6,2025,within,31,3968.0,74.6528
reader_anytime,anytime,2a,6,2025,within,32,4096.0,75.6944
reader_anytime,anytime,2a,6,2026,within,1,128.0,25.0
reader_anytime,anytime,2a,6,2026,within,2,256.0,29.8611
reader_anytime,anytime,2a,6,2026,within,3,384.0,46.5278
reader_anytime,anytime,2a,6,2026,within,4,512.0,45.1389
reader_anytime,anytime,2a,6,2026,within,5,640.0,56.9444
reader_anytime,anytime,2a,6,2026,within,6,768.0,65.2778
reader_anytime,anytime,2a,6,2026,within,7,896.0,68.75
reader_anytime,anytime,2a,6,2026,within,8,1024.0,69.0972
reader_anytime,anytime,2a,6,2026,within,9,1152.0,71.1806
reader_anytime,anytime,2a,6,2026,within,10,1280.0,72.5694
reader_anytime,anytime,2a,6,2026,within,11,1408.0,72.9167
reader_anytime,anytime,2a,6,2026,within,12,1536.0,73.2639
reader_anytime,anytime,2a,6,2026,within,13,1664.0,74.6528
reader_anytime,anytime,2a,6,2026,within,14,1792.0,73.9583
reader_anytime,anytime,2a,6,2026,within,15,1920.0,73.6111
reader_anytime,anytime,2a,6,2026,within,16,2048.0,73.6111
reader_anytime,anytime,2a,6,2026,within,17,2176.0,73.6111
reader_anytime,anytime,2a,6,2026,within,18,2304.0,73.9583
reader_anytime,anytime,2a,6,2026,within,19,2432.0,74.6528
reader_anytime,anytime,2a,6,2026,within,20,2560.0,74.6528
reader_anytime,anytime,2a,6,2026,within,21,2688.0,75.3472
reader_anytime,anytime,2a,6,2026,within,22,2816.0,75.0
reader_anytime,anytime,2a,6,2026,within,23,2944.0,74.3056
reader_anytime,anytime,2a,6,2026,within,24,3072.0,74.3056
reader_anytime,anytime,2a,6,2026,within,25,3200.0,73.9583
reader_anytime,anytime,2a,6,2026,within,26,3328.0,73.9583
reader_anytime,anytime,2a,6,2026,within,27,3456.0,73.6111
reader_anytime,anytime,2a,6,2026,within,28,3584.0,74.6528
reader_anytime,anytime,2a,6,2026,within,29,3712.0,73.2639
reader_anytime,anytime,2a,6,2026,within,30,3840.0,74.6528
reader_anytime,anytime,2a,6,2026,within,31,3968.0,73.6111
reader_anytime,anytime,2a,6,2026,within,32,4096.0,74.3056
reader_anytime,anytime,2a,6,2027,within,1,128.0,26.3889
reader_anytime,anytime,2a,6,2027,within,2,256.0,31.25
reader_anytime,anytime,2a,6,2027,within,3,384.0,43.75
reader_anytime,anytime,2a,6,2027,within,4,512.0,44.7917
reader_anytime,anytime,2a,6,2027,within,5,640.0,58.3333
reader_anytime,anytime,2a,6,2027,within,6,768.0,66.6667
reader_anytime,anytime,2a,6,2027,within,7,896.0,67.3611
reader_anytime,anytime,2a,6,2027,within,8,1024.0,71.1806
reader_anytime,anytime,2a,6,2027,within,9,1152.0,71.875
reader_anytime,anytime,2a,6,2027,within,10,1280.0,71.1806
reader_anytime,anytime,2a,6,2027,within,11,1408.0,72.9167
reader_anytime,anytime,2a,6,2027,within,12,1536.0,72.9167
reader_anytime,anytime,2a,6,2027,within,13,1664.0,72.5694
reader_anytime,anytime,2a,6,2027,within,14,1792.0,72.2222
reader_anytime,anytime,2a,6,2027,within,15,1920.0,71.5278
reader_anytime,anytime,2a,6,2027,within,16,2048.0,70.8333
reader_anytime,anytime,2a,6,2027,within,17,2176.0,73.6111
reader_anytime,anytime,2a,6,2027,within,18,2304.0,72.9167
reader_anytime,anytime,2a,6,2027,within,19,2432.0,72.2222
reader_anytime,anytime,2a,6,2027,within,20,2560.0,73.2639
reader_anytime,anytime,2a,6,2027,within,21,2688.0,72.9167
reader_anytime,anytime,2a,6,2027,within,22,2816.0,72.5694
reader_anytime,anytime,2a,6,2027,within,23,2944.0,73.2639
reader_anytime,anytime,2a,6,2027,within,24,3072.0,73.2639
reader_anytime,anytime,2a,6,2027,within,25,3200.0,73.2639
reader_anytime,anytime,2a,6,2027,within,26,3328.0,72.9167
reader_anytime,anytime,2a,6,2027,within,27,3456.0,72.9167
reader_anytime,anytime,2a,6,2027,within,28,3584.0,71.875
reader_anytime,anytime,2a,6,2027,within,29,3712.0,73.2639
reader_anytime,anytime,2a,6,2027,within,30,3840.0,72.2222
reader_anytime,anytime,2a,6,2027,within,31,3968.0,72.5694
reader_anytime,anytime,2a,6,2027,within,32,4096.0,73.6111
reader_anytime,anytime,2a,7,2025,within,1,128.0,25.0
reader_anytime,anytime,2a,7,2025,within,2,256.0,25.3472
reader_anytime,anytime,2a,7,2025,within,3,384.0,54.8611
reader_anytime,anytime,2a,7,2025,within,4,512.0,58.3333
reader_anytime,anytime,2a,7,2025,within,5,640.0,68.0556
reader_anytime,anytime,2a,7,2025,within,6,768.0,74.3056
reader_anytime,anytime,2a,7,2025,within,7,896.0,79.1667
reader_anytime,anytime,2a,7,2025,within,8,1024.0,84.0278
reader_anytime,anytime,2a,7,2025,within,9,1152.0,85.7639
reader_anytime,anytime,2a,7,2025,within,10,1280.0,85.7639
reader_anytime,anytime,2a,7,2025,within,11,1408.0,87.1528
reader_anytime,anytime,2a,7,2025,within,12,1536.0,87.1528
reader_anytime,anytime,2a,7,2025,within,13,1664.0,91.3194
reader_anytime,anytime,2a,7,2025,within,14,1792.0,90.2778
reader_anytime,anytime,2a,7,2025,within,15,1920.0,88.8889
reader_anytime,anytime,2a,7,2025,within,16,2048.0,88.8889
reader_anytime,anytime,2a,7,2025,within,17,2176.0,89.5833
reader_anytime,anytime,2a,7,2025,within,18,2304.0,90.2778
reader_anytime,anytime,2a,7,2025,within,19,2432.0,89.5833
reader_anytime,anytime,2a,7,2025,within,20,2560.0,89.9306
reader_anytime,anytime,2a,7,2025,within,21,2688.0,90.2778
reader_anytime,anytime,2a,7,2025,within,22,2816.0,89.9306
reader_anytime,anytime,2a,7,2025,within,23,2944.0,89.5833
reader_anytime,anytime,2a,7,2025,within,24,3072.0,89.9306
reader_anytime,anytime,2a,7,2025,within,25,3200.0,89.9306
reader_anytime,anytime,2a,7,2025,within,26,3328.0,89.5833
reader_anytime,anytime,2a,7,2025,within,27,3456.0,88.8889
reader_anytime,anytime,2a,7,2025,within,28,3584.0,89.2361
reader_anytime,anytime,2a,7,2025,within,29,3712.0,89.5833
reader_anytime,anytime,2a,7,2025,within,30,3840.0,89.5833
reader_anytime,anytime,2a,7,2025,within,31,3968.0,88.8889
reader_anytime,anytime,2a,7,2025,within,32,4096.0,89.5833
reader_anytime,anytime,2a,7,2026,within,1,128.0,24.3056
reader_anytime,anytime,2a,7,2026,within,2,256.0,30.9028
reader_anytime,anytime,2a,7,2026,within,3,384.0,55.9028
reader_anytime,anytime,2a,7,2026,within,4,512.0,59.7222
reader_anytime,anytime,2a,7,2026,within,5,640.0,65.9722
reader_anytime,anytime,2a,7,2026,within,6,768.0,70.4861
reader_anytime,anytime,2a,7,2026,within,7,896.0,77.4306
reader_anytime,anytime,2a,7,2026,within,8,1024.0,83.6806
reader_anytime,anytime,2a,7,2026,within,9,1152.0,85.4167
reader_anytime,anytime,2a,7,2026,within,10,1280.0,87.1528
reader_anytime,anytime,2a,7,2026,within,11,1408.0,88.5417
reader_anytime,anytime,2a,7,2026,within,12,1536.0,89.5833
reader_anytime,anytime,2a,7,2026,within,13,1664.0,93.75
reader_anytime,anytime,2a,7,2026,within,14,1792.0,93.0556
reader_anytime,anytime,2a,7,2026,within,15,1920.0,92.3611
reader_anytime,anytime,2a,7,2026,within,16,2048.0,92.7083
reader_anytime,anytime,2a,7,2026,within,17,2176.0,92.3611
reader_anytime,anytime,2a,7,2026,within,18,2304.0,92.3611
reader_anytime,anytime,2a,7,2026,within,19,2432.0,92.7083
reader_anytime,anytime,2a,7,2026,within,20,2560.0,92.7083
reader_anytime,anytime,2a,7,2026,within,21,2688.0,92.7083
reader_anytime,anytime,2a,7,2026,within,22,2816.0,92.7083
reader_anytime,anytime,2a,7,2026,within,23,2944.0,92.3611
reader_anytime,anytime,2a,7,2026,within,24,3072.0,92.7083
reader_anytime,anytime,2a,7,2026,within,25,3200.0,92.3611
reader_anytime,anytime,2a,7,2026,within,26,3328.0,93.4028
reader_anytime,anytime,2a,7,2026,within,27,3456.0,92.0139
reader_anytime,anytime,2a,7,2026,within,28,3584.0,93.75
reader_anytime,anytime,2a,7,2026,within,29,3712.0,92.7083
reader_anytime,anytime,2a,7,2026,within,30,3840.0,93.75
reader_anytime,anytime,2a,7,2026,within,31,3968.0,93.0556
reader_anytime,anytime,2a,7,2026,within,32,4096.0,93.0556
reader_anytime,anytime,2a,7,2027,within,1,128.0,25.0
reader_anytime,anytime,2a,7,2027,within,2,256.0,23.9583
reader_anytime,anytime,2a,7,2027,within,3,384.0,51.7361
reader_anytime,anytime,2a,7,2027,within,4,512.0,61.1111
reader_anytime,anytime,2a,7,2027,within,5,640.0,65.625
reader_anytime,anytime,2a,7,2027,within,6,768.0,69.4444
reader_anytime,anytime,2a,7,2027,within,7,896.0,77.4306
reader_anytime,anytime,2a,7,2027,within,8,1024.0,82.6389
reader_anytime,anytime,2a,7,2027,within,9,1152.0,84.0278
reader_anytime,anytime,2a,7,2027,within,10,1280.0,85.4167
reader_anytime,anytime,2a,7,2027,within,11,1408.0,87.5
reader_anytime,anytime,2a,7,2027,within,12,1536.0,88.1944
reader_anytime,anytime,2a,7,2027,within,13,1664.0,90.2778
reader_anytime,anytime,2a,7,2027,within,14,1792.0,90.9722
reader_anytime,anytime,2a,7,2027,within,15,1920.0,90.9722
reader_anytime,anytime,2a,7,2027,within,16,2048.0,90.9722
reader_anytime,anytime,2a,7,2027,within,17,2176.0,91.6667
reader_anytime,anytime,2a,7,2027,within,18,2304.0,91.3194
reader_anytime,anytime,2a,7,2027,within,19,2432.0,92.0139
reader_anytime,anytime,2a,7,2027,within,20,2560.0,92.3611
reader_anytime,anytime,2a,7,2027,within,21,2688.0,92.7083
reader_anytime,anytime,2a,7,2027,within,22,2816.0,92.7083
reader_anytime,anytime,2a,7,2027,within,23,2944.0,92.3611
reader_anytime,anytime,2a,7,2027,within,24,3072.0,91.6667
reader_anytime,anytime,2a,7,2027,within,25,3200.0,92.0139
reader_anytime,anytime,2a,7,2027,within,26,3328.0,91.6667
reader_anytime,anytime,2a,7,2027,within,27,3456.0,92.3611
reader_anytime,anytime,2a,7,2027,within,28,3584.0,92.0139
reader_anytime,anytime,2a,7,2027,within,29,3712.0,91.3194
reader_anytime,anytime,2a,7,2027,within,30,3840.0,92.0139
reader_anytime,anytime,2a,7,2027,within,31,3968.0,92.3611
reader_anytime,anytime,2a,7,2027,within,32,4096.0,92.3611
reader_anytime,anytime,2a,8,2025,within,1,128.0,22.2222
reader_anytime,anytime,2a,8,2025,within,2,256.0,25.3472
reader_anytime,anytime,2a,8,2025,within,3,384.0,29.5139
reader_anytime,anytime,2a,8,2025,within,4,512.0,40.2778
reader_anytime,anytime,2a,8,2025,within,5,640.0,51.3889
reader_anytime,anytime,2a,8,2025,within,6,768.0,65.625
reader_anytime,anytime,2a,8,2025,within,7,896.0,71.1806
reader_anytime,anytime,2a,8,2025,within,8,1024.0,76.0417
reader_anytime,anytime,2a,8,2025,within,9,1152.0,80.5556
reader_anytime,anytime,2a,8,2025,within,10,1280.0,79.8611
reader_anytime,anytime,2a,8,2025,within,11,1408.0,81.25
reader_anytime,anytime,2a,8,2025,within,12,1536.0,81.5972
reader_anytime,anytime,2a,8,2025,within,13,1664.0,82.9861
reader_anytime,anytime,2a,8,2025,within,14,1792.0,84.375
reader_anytime,anytime,2a,8,2025,within,15,1920.0,86.8056
reader_anytime,anytime,2a,8,2025,within,16,2048.0,86.1111
reader_anytime,anytime,2a,8,2025,within,17,2176.0,87.1528
reader_anytime,anytime,2a,8,2025,within,18,2304.0,87.5
reader_anytime,anytime,2a,8,2025,within,19,2432.0,87.1528
reader_anytime,anytime,2a,8,2025,within,20,2560.0,86.8056
reader_anytime,anytime,2a,8,2025,within,21,2688.0,87.8472
reader_anytime,anytime,2a,8,2025,within,22,2816.0,87.1528
reader_anytime,anytime,2a,8,2025,within,23,2944.0,87.5
reader_anytime,anytime,2a,8,2025,within,24,3072.0,87.1528
reader_anytime,anytime,2a,8,2025,within,25,3200.0,87.1528
reader_anytime,anytime,2a,8,2025,within,26,3328.0,87.1528
reader_anytime,anytime,2a,8,2025,within,27,3456.0,87.8472
reader_anytime,anytime,2a,8,2025,within,28,3584.0,87.8472
reader_anytime,anytime,2a,8,2025,within,29,3712.0,87.8472
reader_anytime,anytime,2a,8,2025,within,30,3840.0,87.5
reader_anytime,anytime,2a,8,2025,within,31,3968.0,87.8472
reader_anytime,anytime,2a,8,2025,within,32,4096.0,88.1944
reader_anytime,anytime,2a,8,2026,within,1,128.0,24.3056
reader_anytime,anytime,2a,8,2026,within,2,256.0,23.9583
reader_anytime,anytime,2a,8,2026,within,3,384.0,30.9028
reader_anytime,anytime,2a,8,2026,within,4,512.0,52.0833
reader_anytime,anytime,2a,8,2026,within,5,640.0,53.4722
reader_anytime,anytime,2a,8,2026,within,6,768.0,60.7639
reader_anytime,anytime,2a,8,2026,within,7,896.0,60.0694
reader_anytime,anytime,2a,8,2026,within,8,1024.0,67.7083
reader_anytime,anytime,2a,8,2026,within,9,1152.0,72.2222
reader_anytime,anytime,2a,8,2026,within,10,1280.0,75.0
reader_anytime,anytime,2a,8,2026,within,11,1408.0,77.7778
reader_anytime,anytime,2a,8,2026,within,12,1536.0,77.7778
reader_anytime,anytime,2a,8,2026,within,13,1664.0,80.9028
reader_anytime,anytime,2a,8,2026,within,14,1792.0,81.25
reader_anytime,anytime,2a,8,2026,within,15,1920.0,84.375
reader_anytime,anytime,2a,8,2026,within,16,2048.0,82.9861
reader_anytime,anytime,2a,8,2026,within,17,2176.0,83.3333
reader_anytime,anytime,2a,8,2026,within,18,2304.0,84.0278
reader_anytime,anytime,2a,8,2026,within,19,2432.0,84.375
reader_anytime,anytime,2a,8,2026,within,20,2560.0,85.4167
reader_anytime,anytime,2a,8,2026,within,21,2688.0,85.7639
reader_anytime,anytime,2a,8,2026,within,22,2816.0,86.4583
reader_anytime,anytime,2a,8,2026,within,23,2944.0,87.8472
reader_anytime,anytime,2a,8,2026,within,24,3072.0,87.1528
reader_anytime,anytime,2a,8,2026,within,25,3200.0,88.1944
reader_anytime,anytime,2a,8,2026,within,26,3328.0,88.1944
reader_anytime,anytime,2a,8,2026,within,27,3456.0,87.8472
reader_anytime,anytime,2a,8,2026,within,28,3584.0,87.8472
reader_anytime,anytime,2a,8,2026,within,29,3712.0,88.1944
reader_anytime,anytime,2a,8,2026,within,30,3840.0,87.8472
reader_anytime,anytime,2a,8,2026,within,31,3968.0,86.8056
reader_anytime,anytime,2a,8,2026,within,32,4096.0,87.5
reader_anytime,anytime,2a,8,2027,within,1,128.0,25.0
reader_anytime,anytime,2a,8,2027,within,2,256.0,25.0
reader_anytime,anytime,2a,8,2027,within,3,384.0,27.4306
reader_anytime,anytime,2a,8,2027,within,4,512.0,38.8889
reader_anytime,anytime,2a,8,2027,within,5,640.0,45.8333
reader_anytime,anytime,2a,8,2027,within,6,768.0,58.6806
reader_anytime,anytime,2a,8,2027,within,7,896.0,67.0139
reader_anytime,anytime,2a,8,2027,within,8,1024.0,70.4861
reader_anytime,anytime,2a,8,2027,within,9,1152.0,74.6528
reader_anytime,anytime,2a,8,2027,within,10,1280.0,78.4722
reader_anytime,anytime,2a,8,2027,within,11,1408.0,79.5139
reader_anytime,anytime,2a,8,2027,within,12,1536.0,81.25
reader_anytime,anytime,2a,8,2027,within,13,1664.0,81.5972
reader_anytime,anytime,2a,8,2027,within,14,1792.0,82.2917
reader_anytime,anytime,2a,8,2027,within,15,1920.0,83.6806
reader_anytime,anytime,2a,8,2027,within,16,2048.0,84.375
reader_anytime,anytime,2a,8,2027,within,17,2176.0,84.0278
reader_anytime,anytime,2a,8,2027,within,18,2304.0,86.1111
reader_anytime,anytime,2a,8,2027,within,19,2432.0,85.4167
reader_anytime,anytime,2a,8,2027,within,20,2560.0,85.0694
reader_anytime,anytime,2a,8,2027,within,21,2688.0,85.0694
reader_anytime,anytime,2a,8,2027,within,22,2816.0,86.1111
reader_anytime,anytime,2a,8,2027,within,23,2944.0,87.8472
reader_anytime,anytime,2a,8,2027,within,24,3072.0,88.1944
reader_anytime,anytime,2a,8,2027,within,25,3200.0,87.8472
reader_anytime,anytime,2a,8,2027,within,26,3328.0,87.1528
reader_anytime,anytime,2a,8,2027,within,27,3456.0,86.8056
reader_anytime,anytime,2a,8,2027,within,28,3584.0,87.5
reader_anytime,anytime,2a,8,2027,within,29,3712.0,88.1944
reader_anytime,anytime,2a,8,2027,within,30,3840.0,87.8472
reader_anytime,anytime,2a,8,2027,within,31,3968.0,87.8472
reader_anytime,anytime,2a,8,2027,within,32,4096.0,87.8472
reader_anytime,anytime,2a,9,2025,within,1,128.0,24.3056
reader_anytime,anytime,2a,9,2025,within,2,256.0,29.1667
reader_anytime,anytime,2a,9,2025,within,3,384.0,43.0556
reader_anytime,anytime,2a,9,2025,within,4,512.0,46.5278
reader_anytime,anytime,2a,9,2025,within,5,640.0,50.3472
reader_anytime,anytime,2a,9,2025,within,6,768.0,63.5417
reader_anytime,anytime,2a,9,2025,within,7,896.0,76.0417
reader_anytime,anytime,2a,9,2025,within,8,1024.0,81.25
reader_anytime,anytime,2a,9,2025,within,9,1152.0,82.2917
reader_anytime,anytime,2a,9,2025,within,10,1280.0,81.9444
reader_anytime,anytime,2a,9,2025,within,11,1408.0,84.7222
reader_anytime,anytime,2a,9,2025,within,12,1536.0,85.0694
reader_anytime,anytime,2a,9,2025,within,13,1664.0,85.4167
reader_anytime,anytime,2a,9,2025,within,14,1792.0,85.7639
reader_anytime,anytime,2a,9,2025,within,15,1920.0,86.8056
reader_anytime,anytime,2a,9,2025,within,16,2048.0,87.1528
reader_anytime,anytime,2a,9,2025,within,17,2176.0,87.5
reader_anytime,anytime,2a,9,2025,within,18,2304.0,88.1944
reader_anytime,anytime,2a,9,2025,within,19,2432.0,88.1944
reader_anytime,anytime,2a,9,2025,within,20,2560.0,87.8472
reader_anytime,anytime,2a,9,2025,within,21,2688.0,88.1944
reader_anytime,anytime,2a,9,2025,within,22,2816.0,87.8472
reader_anytime,anytime,2a,9,2025,within,23,2944.0,87.8472
reader_anytime,anytime,2a,9,2025,within,24,3072.0,87.8472
reader_anytime,anytime,2a,9,2025,within,25,3200.0,88.1944
reader_anytime,anytime,2a,9,2025,within,26,3328.0,87.8472
reader_anytime,anytime,2a,9,2025,within,27,3456.0,88.1944
reader_anytime,anytime,2a,9,2025,within,28,3584.0,88.1944
reader_anytime,anytime,2a,9,2025,within,29,3712.0,88.1944
reader_anytime,anytime,2a,9,2025,within,30,3840.0,88.5417
reader_anytime,anytime,2a,9,2025,within,31,3968.0,88.5417
reader_anytime,anytime,2a,9,2025,within,32,4096.0,88.5417
reader_anytime,anytime,2a,9,2026,within,1,128.0,24.6528
reader_anytime,anytime,2a,9,2026,within,2,256.0,30.9028
reader_anytime,anytime,2a,9,2026,within,3,384.0,42.7083
reader_anytime,anytime,2a,9,2026,within,4,512.0,47.9167
reader_anytime,anytime,2a,9,2026,within,5,640.0,55.5556
reader_anytime,anytime,2a,9,2026,within,6,768.0,65.9722
reader_anytime,anytime,2a,9,2026,within,7,896.0,77.7778
reader_anytime,anytime,2a,9,2026,within,8,1024.0,84.0278
reader_anytime,anytime,2a,9,2026,within,9,1152.0,84.375
reader_anytime,anytime,2a,9,2026,within,10,1280.0,85.4167
reader_anytime,anytime,2a,9,2026,within,11,1408.0,85.4167
reader_anytime,anytime,2a,9,2026,within,12,1536.0,85.4167
reader_anytime,anytime,2a,9,2026,within,13,1664.0,87.5
reader_anytime,anytime,2a,9,2026,within,14,1792.0,88.1944
reader_anytime,anytime,2a,9,2026,within,15,1920.0,88.1944
reader_anytime,anytime,2a,9,2026,within,16,2048.0,88.1944
reader_anytime,anytime,2a,9,2026,within,17,2176.0,88.5417
reader_anytime,anytime,2a,9,2026,within,18,2304.0,88.5417
reader_anytime,anytime,2a,9,2026,within,19,2432.0,88.8889
reader_anytime,anytime,2a,9,2026,within,20,2560.0,88.5417
reader_anytime,anytime,2a,9,2026,within,21,2688.0,88.5417
reader_anytime,anytime,2a,9,2026,within,22,2816.0,88.5417
reader_anytime,anytime,2a,9,2026,within,23,2944.0,88.5417
reader_anytime,anytime,2a,9,2026,within,24,3072.0,88.5417
reader_anytime,anytime,2a,9,2026,within,25,3200.0,88.5417
reader_anytime,anytime,2a,9,2026,within,26,3328.0,88.5417
reader_anytime,anytime,2a,9,2026,within,27,3456.0,88.5417
reader_anytime,anytime,2a,9,2026,within,28,3584.0,88.8889
reader_anytime,anytime,2a,9,2026,within,29,3712.0,88.8889
reader_anytime,anytime,2a,9,2026,within,30,3840.0,89.2361
reader_anytime,anytime,2a,9,2026,within,31,3968.0,88.8889
reader_anytime,anytime,2a,9,2026,within,32,4096.0,88.5417
reader_anytime,anytime,2a,9,2027,within,1,128.0,24.6528
reader_anytime,anytime,2a,9,2027,within,2,256.0,29.1667
reader_anytime,anytime,2a,9,2027,within,3,384.0,39.2361
reader_anytime,anytime,2a,9,2027,within,4,512.0,46.1806
reader_anytime,anytime,2a,9,2027,within,5,640.0,60.7639
reader_anytime,anytime,2a,9,2027,within,6,768.0,73.9583
reader_anytime,anytime,2a,9,2027,within,7,896.0,81.9444
reader_anytime,anytime,2a,9,2027,within,8,1024.0,83.3333
reader_anytime,anytime,2a,9,2027,within,9,1152.0,85.0694
reader_anytime,anytime,2a,9,2027,within,10,1280.0,83.3333
reader_anytime,anytime,2a,9,2027,within,11,1408.0,84.7222
reader_anytime,anytime,2a,9,2027,within,12,1536.0,85.4167
reader_anytime,anytime,2a,9,2027,within,13,1664.0,85.7639
reader_anytime,anytime,2a,9,2027,within,14,1792.0,86.4583
reader_anytime,anytime,2a,9,2027,within,15,1920.0,86.4583
reader_anytime,anytime,2a,9,2027,within,16,2048.0,86.8056
reader_anytime,anytime,2a,9,2027,within,17,2176.0,86.8056
reader_anytime,anytime,2a,9,2027,within,18,2304.0,86.8056
reader_anytime,anytime,2a,9,2027,within,19,2432.0,87.5
reader_anytime,anytime,2a,9,2027,within,20,2560.0,87.5
reader_anytime,anytime,2a,9,2027,within,21,2688.0,87.5
reader_anytime,anytime,2a,9,2027,within,22,2816.0,87.8472
reader_anytime,anytime,2a,9,2027,within,23,2944.0,88.1944
reader_anytime,anytime,2a,9,2027,within,24,3072.0,87.5
reader_anytime,anytime,2a,9,2027,within,25,3200.0,87.8472
reader_anytime,anytime,2a,9,2027,within,26,3328.0,86.8056
reader_anytime,anytime,2a,9,2027,within,27,3456.0,86.8056
reader_anytime,anytime,2a,9,2027,within,28,3584.0,86.4583
reader_anytime,anytime,2a,9,2027,within,29,3712.0,87.1528
reader_anytime,anytime,2a,9,2027,within,30,3840.0,86.8056
reader_anytime,anytime,2a,9,2027,within,31,3968.0,87.1528
reader_anytime,anytime,2a,9,2027,within,32,4096.0,87.1528
reader_anytime,anytime,2b,1,2025,within,1,128.0,50.3125
reader_anytime,anytime,2b,1,2025,within,2,256.0,51.5625
reader_anytime,anytime,2b,1,2025,within,3,384.0,50.0
reader_anytime,anytime,2b,1,2025,within,4,512.0,53.75
reader_anytime,anytime,2b,1,2025,within,5,640.0,64.375
reader_anytime,anytime,2b,1,2025,within,6,768.0,67.5
reader_anytime,anytime,2b,1,2025,within,7,896.0,66.5625
reader_anytime,anytime,2b,1,2025,within,8,1024.0,70.0
reader_anytime,anytime,2b,1,2025,within,9,1152.0,73.75
reader_anytime,anytime,2b,1,2025,within,10,1280.0,73.125
reader_anytime,anytime,2b,1,2025,within,11,1408.0,75.0
reader_anytime,anytime,2b,1,2025,within,12,1536.0,75.9375
reader_anytime,anytime,2b,1,2025,within,13,1664.0,75.625
reader_anytime,anytime,2b,1,2025,within,14,1792.0,77.5
reader_anytime,anytime,2b,1,2025,within,15,1920.0,76.875
reader_anytime,anytime,2b,1,2025,within,16,2048.0,76.875
reader_anytime,anytime,2b,1,2025,within,17,2176.0,76.875
reader_anytime,anytime,2b,1,2025,within,18,2304.0,76.25
reader_anytime,anytime,2b,1,2025,within,19,2432.0,76.875
reader_anytime,anytime,2b,1,2025,within,20,2560.0,76.5625
reader_anytime,anytime,2b,1,2025,within,21,2688.0,77.5
reader_anytime,anytime,2b,1,2025,within,22,2816.0,76.5625
reader_anytime,anytime,2b,1,2025,within,23,2944.0,77.1875
reader_anytime,anytime,2b,1,2025,within,24,3072.0,77.5
reader_anytime,anytime,2b,1,2025,within,25,3200.0,77.1875
reader_anytime,anytime,2b,1,2025,within,26,3328.0,77.8125
reader_anytime,anytime,2b,1,2025,within,27,3456.0,78.75
reader_anytime,anytime,2b,1,2025,within,28,3584.0,78.4375
reader_anytime,anytime,2b,1,2025,within,29,3712.0,79.375
reader_anytime,anytime,2b,1,2025,within,30,3840.0,79.0625
reader_anytime,anytime,2b,1,2025,within,31,3968.0,79.0625
reader_anytime,anytime,2b,1,2025,within,32,4096.0,77.8125
reader_anytime,anytime,2b,1,2026,within,1,128.0,50.625
reader_anytime,anytime,2b,1,2026,within,2,256.0,53.125
reader_anytime,anytime,2b,1,2026,within,3,384.0,49.6875
reader_anytime,anytime,2b,1,2026,within,4,512.0,50.9375
reader_anytime,anytime,2b,1,2026,within,5,640.0,64.375
reader_anytime,anytime,2b,1,2026,within,6,768.0,66.25
reader_anytime,anytime,2b,1,2026,within,7,896.0,68.125
reader_anytime,anytime,2b,1,2026,within,8,1024.0,74.375
reader_anytime,anytime,2b,1,2026,within,9,1152.0,77.1875
reader_anytime,anytime,2b,1,2026,within,10,1280.0,75.9375
reader_anytime,anytime,2b,1,2026,within,11,1408.0,73.4375
reader_anytime,anytime,2b,1,2026,within,12,1536.0,73.75
reader_anytime,anytime,2b,1,2026,within,13,1664.0,74.0625
reader_anytime,anytime,2b,1,2026,within,14,1792.0,72.5
reader_anytime,anytime,2b,1,2026,within,15,1920.0,73.125
reader_anytime,anytime,2b,1,2026,within,16,2048.0,73.125
reader_anytime,anytime,2b,1,2026,within,17,2176.0,73.4375
reader_anytime,anytime,2b,1,2026,within,18,2304.0,75.0
reader_anytime,anytime,2b,1,2026,within,19,2432.0,74.6875
reader_anytime,anytime,2b,1,2026,within,20,2560.0,73.75
reader_anytime,anytime,2b,1,2026,within,21,2688.0,74.0625
reader_anytime,anytime,2b,1,2026,within,22,2816.0,74.375
reader_anytime,anytime,2b,1,2026,within,23,2944.0,74.6875
reader_anytime,anytime,2b,1,2026,within,24,3072.0,75.0
reader_anytime,anytime,2b,1,2026,within,25,3200.0,77.5
reader_anytime,anytime,2b,1,2026,within,26,3328.0,76.875
reader_anytime,anytime,2b,1,2026,within,27,3456.0,75.9375
reader_anytime,anytime,2b,1,2026,within,28,3584.0,76.25
reader_anytime,anytime,2b,1,2026,within,29,3712.0,76.25
reader_anytime,anytime,2b,1,2026,within,30,3840.0,76.5625
reader_anytime,anytime,2b,1,2026,within,31,3968.0,77.5
reader_anytime,anytime,2b,1,2026,within,32,4096.0,77.1875
reader_anytime,anytime,2b,1,2027,within,1,128.0,50.0
reader_anytime,anytime,2b,1,2027,within,2,256.0,50.3125
reader_anytime,anytime,2b,1,2027,within,3,384.0,50.0
reader_anytime,anytime,2b,1,2027,within,4,512.0,51.5625
reader_anytime,anytime,2b,1,2027,within,5,640.0,61.875
reader_anytime,anytime,2b,1,2027,within,6,768.0,68.4375
reader_anytime,anytime,2b,1,2027,within,7,896.0,66.875
reader_anytime,anytime,2b,1,2027,within,8,1024.0,71.25
reader_anytime,anytime,2b,1,2027,within,9,1152.0,74.0625
reader_anytime,anytime,2b,1,2027,within,10,1280.0,73.125
reader_anytime,anytime,2b,1,2027,within,11,1408.0,72.1875
reader_anytime,anytime,2b,1,2027,within,12,1536.0,71.875
reader_anytime,anytime,2b,1,2027,within,13,1664.0,70.9375
reader_anytime,anytime,2b,1,2027,within,14,1792.0,70.625
reader_anytime,anytime,2b,1,2027,within,15,1920.0,70.9375
reader_anytime,anytime,2b,1,2027,within,16,2048.0,72.1875
reader_anytime,anytime,2b,1,2027,within,17,2176.0,73.75
reader_anytime,anytime,2b,1,2027,within,18,2304.0,74.0625
reader_anytime,anytime,2b,1,2027,within,19,2432.0,73.75
reader_anytime,anytime,2b,1,2027,within,20,2560.0,74.375
reader_anytime,anytime,2b,1,2027,within,21,2688.0,73.4375
reader_anytime,anytime,2b,1,2027,within,22,2816.0,74.6875
reader_anytime,anytime,2b,1,2027,within,23,2944.0,74.6875
reader_anytime,anytime,2b,1,2027,within,24,3072.0,74.6875
reader_anytime,anytime,2b,1,2027,within,25,3200.0,75.625
reader_anytime,anytime,2b,1,2027,within,26,3328.0,74.6875
reader_anytime,anytime,2b,1,2027,within,27,3456.0,75.9375
reader_anytime,anytime,2b,1,2027,within,28,3584.0,76.5625
reader_anytime,anytime,2b,1,2027,within,29,3712.0,75.9375
reader_anytime,anytime,2b,1,2027,within,30,3840.0,76.5625
reader_anytime,anytime,2b,1,2027,within,31,3968.0,76.25
reader_anytime,anytime,2b,1,2027,within,32,4096.0,76.25
reader_anytime,anytime,2b,2,2025,within,1,128.0,55.3571
reader_anytime,anytime,2b,2,2025,within,2,256.0,53.5714
reader_anytime,anytime,2b,2,2025,within,3,384.0,52.8571
reader_anytime,anytime,2b,2,2025,within,4,512.0,63.5714
reader_anytime,anytime,2b,2,2025,within,5,640.0,66.4286
reader_anytime,anytime,2b,2,2025,within,6,768.0,70.3571
reader_anytime,anytime,2b,2,2025,within,7,896.0,73.9286
reader_anytime,anytime,2b,2,2025,within,8,1024.0,73.9286
reader_anytime,anytime,2b,2,2025,within,9,1152.0,73.5714
reader_anytime,anytime,2b,2,2025,within,10,1280.0,74.6429
reader_anytime,anytime,2b,2,2025,within,11,1408.0,74.2857
reader_anytime,anytime,2b,2,2025,within,12,1536.0,73.2143
reader_anytime,anytime,2b,2,2025,within,13,1664.0,73.2143
reader_anytime,anytime,2b,2,2025,within,14,1792.0,73.5714
reader_anytime,anytime,2b,2,2025,within,15,1920.0,73.2143
reader_anytime,anytime,2b,2,2025,within,16,2048.0,73.5714
reader_anytime,anytime,2b,2,2025,within,17,2176.0,70.7143
reader_anytime,anytime,2b,2,2025,within,18,2304.0,71.4286
reader_anytime,anytime,2b,2,2025,within,19,2432.0,71.0714
reader_anytime,anytime,2b,2,2025,within,20,2560.0,71.4286
reader_anytime,anytime,2b,2,2025,within,21,2688.0,71.0714
reader_anytime,anytime,2b,2,2025,within,22,2816.0,72.1429
reader_anytime,anytime,2b,2,2025,within,23,2944.0,70.0
reader_anytime,anytime,2b,2,2025,within,24,3072.0,70.3571
reader_anytime,anytime,2b,2,2025,within,25,3200.0,68.5714
reader_anytime,anytime,2b,2,2025,within,26,3328.0,71.0714
reader_anytime,anytime,2b,2,2025,within,27,3456.0,69.2857
reader_anytime,anytime,2b,2,2025,within,28,3584.0,68.9286
reader_anytime,anytime,2b,2,2025,within,29,3712.0,66.7857
reader_anytime,anytime,2b,2,2025,within,30,3840.0,68.2143
reader_anytime,anytime,2b,2,2025,within,31,3968.0,68.5714
reader_anytime,anytime,2b,2,2025,within,32,4096.0,67.8571
reader_anytime,anytime,2b,2,2026,within,1,128.0,53.2143
reader_anytime,anytime,2b,2,2026,within,2,256.0,50.7143
reader_anytime,anytime,2b,2,2026,within,3,384.0,51.4286
reader_anytime,anytime,2b,2,2026,within,4,512.0,72.8571
reader_anytime,anytime,2b,2,2026,within,5,640.0,67.5
reader_anytime,anytime,2b,2,2026,within,6,768.0,71.7857
reader_anytime,anytime,2b,2,2026,within,7,896.0,72.1429
reader_anytime,anytime,2b,2,2026,within,8,1024.0,70.0
reader_anytime,anytime,2b,2,2026,within,9,1152.0,70.7143
reader_anytime,anytime,2b,2,2026,within,10,1280.0,70.7143
reader_anytime,anytime,2b,2,2026,within,11,1408.0,71.0714
reader_anytime,anytime,2b,2,2026,within,12,1536.0,71.0714
reader_anytime,anytime,2b,2,2026,within,13,1664.0,71.0714
reader_anytime,anytime,2b,2,2026,within,14,1792.0,71.0714
reader_anytime,anytime,2b,2,2026,within,15,1920.0,70.0
reader_anytime,anytime,2b,2,2026,within,16,2048.0,70.7143
reader_anytime,anytime,2b,2,2026,within,17,2176.0,69.6429
reader_anytime,anytime,2b,2,2026,within,18,2304.0,69.2857
reader_anytime,anytime,2b,2,2026,within,19,2432.0,68.9286
reader_anytime,anytime,2b,2,2026,within,20,2560.0,69.6429
reader_anytime,anytime,2b,2,2026,within,21,2688.0,67.5
reader_anytime,anytime,2b,2,2026,within,22,2816.0,68.2143
reader_anytime,anytime,2b,2,2026,within,23,2944.0,66.7857
reader_anytime,anytime,2b,2,2026,within,24,3072.0,68.2143
reader_anytime,anytime,2b,2,2026,within,25,3200.0,66.7857
reader_anytime,anytime,2b,2,2026,within,26,3328.0,68.9286
reader_anytime,anytime,2b,2,2026,within,27,3456.0,68.9286
reader_anytime,anytime,2b,2,2026,within,28,3584.0,68.9286
reader_anytime,anytime,2b,2,2026,within,29,3712.0,67.1429
reader_anytime,anytime,2b,2,2026,within,30,3840.0,68.5714
reader_anytime,anytime,2b,2,2026,within,31,3968.0,68.5714
reader_anytime,anytime,2b,2,2026,within,32,4096.0,72.5
reader_anytime,anytime,2b,2,2027,within,1,128.0,49.6429
reader_anytime,anytime,2b,2,2027,within,2,256.0,51.4286
reader_anytime,anytime,2b,2,2027,within,3,384.0,51.0714
reader_anytime,anytime,2b,2,2027,within,4,512.0,67.1429
reader_anytime,anytime,2b,2,2027,within,5,640.0,67.8571
reader_anytime,anytime,2b,2,2027,within,6,768.0,69.6429
reader_anytime,anytime,2b,2,2027,within,7,896.0,72.1429
reader_anytime,anytime,2b,2,2027,within,8,1024.0,72.5
reader_anytime,anytime,2b,2,2027,within,9,1152.0,72.5
reader_anytime,anytime,2b,2,2027,within,10,1280.0,73.2143
reader_anytime,anytime,2b,2,2027,within,11,1408.0,73.2143
reader_anytime,anytime,2b,2,2027,within,12,1536.0,72.5
reader_anytime,anytime,2b,2,2027,within,13,1664.0,73.5714
reader_anytime,anytime,2b,2,2027,within,14,1792.0,73.9286
reader_anytime,anytime,2b,2,2027,within,15,1920.0,74.2857
reader_anytime,anytime,2b,2,2027,within,16,2048.0,73.2143
reader_anytime,anytime,2b,2,2027,within,17,2176.0,71.4286
reader_anytime,anytime,2b,2,2027,within,18,2304.0,71.7857
reader_anytime,anytime,2b,2,2027,within,19,2432.0,72.1429
reader_anytime,anytime,2b,2,2027,within,20,2560.0,71.7857
reader_anytime,anytime,2b,2,2027,within,21,2688.0,72.1429
reader_anytime,anytime,2b,2,2027,within,22,2816.0,71.0714
reader_anytime,anytime,2b,2,2027,within,23,2944.0,71.4286
reader_anytime,anytime,2b,2,2027,within,24,3072.0,71.7857
reader_anytime,anytime,2b,2,2027,within,25,3200.0,71.4286
reader_anytime,anytime,2b,2,2027,within,26,3328.0,70.7143
reader_anytime,anytime,2b,2,2027,within,27,3456.0,71.4286
reader_anytime,anytime,2b,2,2027,within,28,3584.0,71.0714
reader_anytime,anytime,2b,2,2027,within,29,3712.0,71.4286
reader_anytime,anytime,2b,2,2027,within,30,3840.0,71.0714
reader_anytime,anytime,2b,2,2027,within,31,3968.0,71.0714
reader_anytime,anytime,2b,2,2027,within,32,4096.0,72.1429
reader_anytime,anytime,2b,3,2025,within,1,128.0,51.25
reader_anytime,anytime,2b,3,2025,within,2,256.0,50.625
reader_anytime,anytime,2b,3,2025,within,3,384.0,50.0
reader_anytime,anytime,2b,3,2025,within,4,512.0,65.0
reader_anytime,anytime,2b,3,2025,within,5,640.0,73.125
reader_anytime,anytime,2b,3,2025,within,6,768.0,74.375
reader_anytime,anytime,2b,3,2025,within,7,896.0,72.1875
reader_anytime,anytime,2b,3,2025,within,8,1024.0,71.875
reader_anytime,anytime,2b,3,2025,within,9,1152.0,76.5625
reader_anytime,anytime,2b,3,2025,within,10,1280.0,75.625
reader_anytime,anytime,2b,3,2025,within,11,1408.0,80.0
reader_anytime,anytime,2b,3,2025,within,12,1536.0,80.3125
reader_anytime,anytime,2b,3,2025,within,13,1664.0,80.625
reader_anytime,anytime,2b,3,2025,within,14,1792.0,80.9375
reader_anytime,anytime,2b,3,2025,within,15,1920.0,82.8125
reader_anytime,anytime,2b,3,2025,within,16,2048.0,82.8125
reader_anytime,anytime,2b,3,2025,within,17,2176.0,83.125
reader_anytime,anytime,2b,3,2025,within,18,2304.0,84.0625
reader_anytime,anytime,2b,3,2025,within,19,2432.0,83.75
reader_anytime,anytime,2b,3,2025,within,20,2560.0,83.4375
reader_anytime,anytime,2b,3,2025,within,21,2688.0,82.8125
reader_anytime,anytime,2b,3,2025,within,22,2816.0,82.8125
reader_anytime,anytime,2b,3,2025,within,23,2944.0,82.5
reader_anytime,anytime,2b,3,2025,within,24,3072.0,82.5
reader_anytime,anytime,2b,3,2025,within,25,3200.0,83.4375
reader_anytime,anytime,2b,3,2025,within,26,3328.0,83.125
reader_anytime,anytime,2b,3,2025,within,27,3456.0,83.4375
reader_anytime,anytime,2b,3,2025,within,28,3584.0,83.75
reader_anytime,anytime,2b,3,2025,within,29,3712.0,83.4375
reader_anytime,anytime,2b,3,2025,within,30,3840.0,82.8125
reader_anytime,anytime,2b,3,2025,within,31,3968.0,83.125
reader_anytime,anytime,2b,3,2025,within,32,4096.0,82.5
reader_anytime,anytime,2b,3,2026,within,1,128.0,52.1875
reader_anytime,anytime,2b,3,2026,within,2,256.0,51.875
reader_anytime,anytime,2b,3,2026,within,3,384.0,54.6875
reader_anytime,anytime,2b,3,2026,within,4,512.0,70.3125
reader_anytime,anytime,2b,3,2026,within,5,640.0,75.3125
reader_anytime,anytime,2b,3,2026,within,6,768.0,78.4375
reader_anytime,anytime,2b,3,2026,within,7,896.0,78.125
reader_anytime,anytime,2b,3,2026,within,8,1024.0,77.5
reader_anytime,anytime,2b,3,2026,within,9,1152.0,80.9375
reader_anytime,anytime,2b,3,2026,within,10,1280.0,81.875
reader_anytime,anytime,2b,3,2026,within,11,1408.0,83.75
reader_anytime,anytime,2b,3,2026,within,12,1536.0,83.75
reader_anytime,anytime,2b,3,2026,within,13,1664.0,82.1875
reader_anytime,anytime,2b,3,2026,within,14,1792.0,82.1875
reader_anytime,anytime,2b,3,2026,within,15,1920.0,83.4375
reader_anytime,anytime,2b,3,2026,within,16,2048.0,84.0625
reader_anytime,anytime,2b,3,2026,within,17,2176.0,84.375
reader_anytime,anytime,2b,3,2026,within,18,2304.0,85.0
reader_anytime,anytime,2b,3,2026,within,19,2432.0,85.0
reader_anytime,anytime,2b,3,2026,within,20,2560.0,84.6875
reader_anytime,anytime,2b,3,2026,within,21,2688.0,84.0625
reader_anytime,anytime,2b,3,2026,within,22,2816.0,83.4375
reader_anytime,anytime,2b,3,2026,within,23,2944.0,84.6875
reader_anytime,anytime,2b,3,2026,within,24,3072.0,83.75
reader_anytime,anytime,2b,3,2026,within,25,3200.0,83.4375
reader_anytime,anytime,2b,3,2026,within,26,3328.0,84.375
reader_anytime,anytime,2b,3,2026,within,27,3456.0,84.0625
reader_anytime,anytime,2b,3,2026,within,28,3584.0,84.0625
reader_anytime,anytime,2b,3,2026,within,29,3712.0,83.75
reader_anytime,anytime,2b,3,2026,within,30,3840.0,81.875
reader_anytime,anytime,2b,3,2026,within,31,3968.0,82.8125
reader_anytime,anytime,2b,3,2026,within,32,4096.0,81.875
reader_anytime,anytime,2b,3,2027,within,1,128.0,55.625
reader_anytime,anytime,2b,3,2027,within,2,256.0,54.6875
reader_anytime,anytime,2b,3,2027,within,3,384.0,53.75
reader_anytime,anytime,2b,3,2027,within,4,512.0,70.625
reader_anytime,anytime,2b,3,2027,within,5,640.0,73.75
reader_anytime,anytime,2b,3,2027,within,6,768.0,77.1875
reader_anytime,anytime,2b,3,2027,within,7,896.0,76.25
reader_anytime,anytime,2b,3,2027,within,8,1024.0,75.625
reader_anytime,anytime,2b,3,2027,within,9,1152.0,77.1875
reader_anytime,anytime,2b,3,2027,within,10,1280.0,77.5
reader_anytime,anytime,2b,3,2027,within,11,1408.0,82.1875
reader_anytime,anytime,2b,3,2027,within,12,1536.0,81.5625
reader_anytime,anytime,2b,3,2027,within,13,1664.0,82.5
reader_anytime,anytime,2b,3,2027,within,14,1792.0,82.1875
reader_anytime,anytime,2b,3,2027,within,15,1920.0,84.0625
reader_anytime,anytime,2b,3,2027,within,16,2048.0,83.125
reader_anytime,anytime,2b,3,2027,within,17,2176.0,85.3125
reader_anytime,anytime,2b,3,2027,within,18,2304.0,85.0
reader_anytime,anytime,2b,3,2027,within,19,2432.0,84.375
reader_anytime,anytime,2b,3,2027,within,20,2560.0,83.4375
reader_anytime,anytime,2b,3,2027,within,21,2688.0,83.4375
reader_anytime,anytime,2b,3,2027,within,22,2816.0,83.125
reader_anytime,anytime,2b,3,2027,within,23,2944.0,83.75
reader_anytime,anytime,2b,3,2027,within,24,3072.0,83.75
reader_anytime,anytime,2b,3,2027,within,25,3200.0,84.0625
reader_anytime,anytime,2b,3,2027,within,26,3328.0,83.125
reader_anytime,anytime,2b,3,2027,within,27,3456.0,83.125
reader_anytime,anytime,2b,3,2027,within,28,3584.0,83.125
reader_anytime,anytime,2b,3,2027,within,29,3712.0,83.4375
reader_anytime,anytime,2b,3,2027,within,30,3840.0,82.1875
reader_anytime,anytime,2b,3,2027,within,31,3968.0,83.4375
reader_anytime,anytime,2b,3,2027,within,32,4096.0,80.3125
reader_anytime,anytime,2b,4,2025,within,1,128.0,50.0
reader_anytime,anytime,2b,4,2025,within,2,256.0,47.5
reader_anytime,anytime,2b,4,2025,within,3,384.0,49.375
reader_anytime,anytime,2b,4,2025,within,4,512.0,49.6875
reader_anytime,anytime,2b,4,2025,within,5,640.0,51.25
reader_anytime,anytime,2b,4,2025,within,6,768.0,61.25
reader_anytime,anytime,2b,4,2025,within,7,896.0,68.4375
reader_anytime,anytime,2b,4,2025,within,8,1024.0,80.625
reader_anytime,anytime,2b,4,2025,within,9,1152.0,84.6875
reader_anytime,anytime,2b,4,2025,within,10,1280.0,90.0
reader_anytime,anytime,2b,4,2025,within,11,1408.0,90.9375
reader_anytime,anytime,2b,4,2025,within,12,1536.0,93.125
reader_anytime,anytime,2b,4,2025,within,13,1664.0,92.1875
reader_anytime,anytime,2b,4,2025,within,14,1792.0,92.8125
reader_anytime,anytime,2b,4,2025,within,15,1920.0,93.125
reader_anytime,anytime,2b,4,2025,within,16,2048.0,93.125
reader_anytime,anytime,2b,4,2025,within,17,2176.0,93.4375
reader_anytime,anytime,2b,4,2025,within,18,2304.0,93.4375
reader_anytime,anytime,2b,4,2025,within,19,2432.0,93.75
reader_anytime,anytime,2b,4,2025,within,20,2560.0,93.75
reader_anytime,anytime,2b,4,2025,within,21,2688.0,94.0625
reader_anytime,anytime,2b,4,2025,within,22,2816.0,94.0625
reader_anytime,anytime,2b,4,2025,within,23,2944.0,94.0625
reader_anytime,anytime,2b,4,2025,within,24,3072.0,94.0625
reader_anytime,anytime,2b,4,2025,within,25,3200.0,94.375
reader_anytime,anytime,2b,4,2025,within,26,3328.0,94.0625
reader_anytime,anytime,2b,4,2025,within,27,3456.0,94.6875
reader_anytime,anytime,2b,4,2025,within,28,3584.0,94.0625
reader_anytime,anytime,2b,4,2025,within,29,3712.0,94.0625
reader_anytime,anytime,2b,4,2025,within,30,3840.0,94.375
reader_anytime,anytime,2b,4,2025,within,31,3968.0,95.0
reader_anytime,anytime,2b,4,2025,within,32,4096.0,95.3125
reader_anytime,anytime,2b,4,2026,within,1,128.0,50.0
reader_anytime,anytime,2b,4,2026,within,2,256.0,48.75
reader_anytime,anytime,2b,4,2026,within,3,384.0,47.8125
reader_anytime,anytime,2b,4,2026,within,4,512.0,48.4375
reader_anytime,anytime,2b,4,2026,within,5,640.0,49.6875
reader_anytime,anytime,2b,4,2026,within,6,768.0,66.25
reader_anytime,anytime,2b,4,2026,within,7,896.0,79.375
reader_anytime,anytime,2b,4,2026,within,8,1024.0,83.125
reader_anytime,anytime,2b,4,2026,within,9,1152.0,83.75
reader_anytime,anytime,2b,4,2026,within,10,1280.0,87.1875
reader_anytime,anytime,2b,4,2026,within,11,1408.0,87.8125
reader_anytime,anytime,2b,4,2026,within,12,1536.0,90.3125
reader_anytime,anytime,2b,4,2026,within,13,1664.0,90.625
reader_anytime,anytime,2b,4,2026,within,14,1792.0,90.9375
reader_anytime,anytime,2b,4,2026,within,15,1920.0,91.875
reader_anytime,anytime,2b,4,2026,within,16,2048.0,92.1875
reader_anytime,anytime,2b,4,2026,within,17,2176.0,91.875
reader_anytime,anytime,2b,4,2026,within,18,2304.0,91.875
reader_anytime,anytime,2b,4,2026,within,19,2432.0,91.5625
reader_anytime,anytime,2b,4,2026,within,20,2560.0,91.25
reader_anytime,anytime,2b,4,2026,within,21,2688.0,91.875
reader_anytime,anytime,2b,4,2026,within,22,2816.0,92.1875
reader_anytime,anytime,2b,4,2026,within,23,2944.0,92.1875
reader_anytime,anytime,2b,4,2026,within,24,3072.0,91.875
reader_anytime,anytime,2b,4,2026,within,25,3200.0,92.8125
reader_anytime,anytime,2b,4,2026,within,26,3328.0,92.5
reader_anytime,anytime,2b,4,2026,within,27,3456.0,92.5
reader_anytime,anytime,2b,4,2026,within,28,3584.0,91.875
reader_anytime,anytime,2b,4,2026,within,29,3712.0,92.1875
reader_anytime,anytime,2b,4,2026,within,30,3840.0,92.1875
reader_anytime,anytime,2b,4,2026,within,31,3968.0,92.1875
reader_anytime,anytime,2b,4,2026,within,32,4096.0,91.875
reader_anytime,anytime,2b,4,2027,within,1,128.0,50.0
reader_anytime,anytime,2b,4,2027,within,2,256.0,50.0
reader_anytime,anytime,2b,4,2027,within,3,384.0,49.375
reader_anytime,anytime,2b,4,2027,within,4,512.0,48.4375
reader_anytime,anytime,2b,4,2027,within,5,640.0,52.1875
reader_anytime,anytime,2b,4,2027,within,6,768.0,65.625
reader_anytime,anytime,2b,4,2027,within,7,896.0,73.4375
reader_anytime,anytime,2b,4,2027,within,8,1024.0,82.1875
reader_anytime,anytime,2b,4,2027,within,9,1152.0,86.25
reader_anytime,anytime,2b,4,2027,within,10,1280.0,87.5
reader_anytime,anytime,2b,4,2027,within,11,1408.0,90.3125
reader_anytime,anytime,2b,4,2027,within,12,1536.0,90.9375
reader_anytime,anytime,2b,4,2027,within,13,1664.0,91.5625
reader_anytime,anytime,2b,4,2027,within,14,1792.0,92.1875
reader_anytime,anytime,2b,4,2027,within,15,1920.0,92.1875
reader_anytime,anytime,2b,4,2027,within,16,2048.0,92.1875
reader_anytime,anytime,2b,4,2027,within,17,2176.0,92.8125
reader_anytime,anytime,2b,4,2027,within,18,2304.0,93.125
reader_anytime,anytime,2b,4,2027,within,19,2432.0,93.125
reader_anytime,anytime,2b,4,2027,within,20,2560.0,93.125
reader_anytime,anytime,2b,4,2027,within,21,2688.0,93.4375
reader_anytime,anytime,2b,4,2027,within,22,2816.0,93.125
reader_anytime,anytime,2b,4,2027,within,23,2944.0,93.4375
reader_anytime,anytime,2b,4,2027,within,24,3072.0,93.125
reader_anytime,anytime,2b,4,2027,within,25,3200.0,93.125
reader_anytime,anytime,2b,4,2027,within,26,3328.0,93.125
reader_anytime,anytime,2b,4,2027,within,27,3456.0,93.4375
reader_anytime,anytime,2b,4,2027,within,28,3584.0,93.4375
reader_anytime,anytime,2b,4,2027,within,29,3712.0,93.75
reader_anytime,anytime,2b,4,2027,within,30,3840.0,93.75
reader_anytime,anytime,2b,4,2027,within,31,3968.0,94.0625
reader_anytime,anytime,2b,4,2027,within,32,4096.0,94.375
reader_anytime,anytime,2b,5,2025,within,1,128.0,50.0
reader_anytime,anytime,2b,5,2025,within,2,256.0,50.0
reader_anytime,anytime,2b,5,2025,within,3,384.0,43.75
reader_anytime,anytime,2b,5,2025,within,4,512.0,55.0
reader_anytime,anytime,2b,5,2025,within,5,640.0,69.0625
reader_anytime,anytime,2b,5,2025,within,6,768.0,72.5
reader_anytime,anytime,2b,5,2025,within,7,896.0,70.3125
reader_anytime,anytime,2b,5,2025,within,8,1024.0,70.625
reader_anytime,anytime,2b,5,2025,within,9,1152.0,70.9375
reader_anytime,anytime,2b,5,2025,within,10,1280.0,73.125
reader_anytime,anytime,2b,5,2025,within,11,1408.0,73.75
reader_anytime,anytime,2b,5,2025,within,12,1536.0,75.625
reader_anytime,anytime,2b,5,2025,within,13,1664.0,77.5
reader_anytime,anytime,2b,5,2025,within,14,1792.0,78.125
reader_anytime,anytime,2b,5,2025,within,15,1920.0,80.3125
reader_anytime,anytime,2b,5,2025,within,16,2048.0,82.1875
reader_anytime,anytime,2b,5,2025,within,17,2176.0,83.125
reader_anytime,anytime,2b,5,2025,within,18,2304.0,84.6875
reader_anytime,anytime,2b,5,2025,within,19,2432.0,86.25
reader_anytime,anytime,2b,5,2025,within,20,2560.0,86.5625
reader_anytime,anytime,2b,5,2025,within,21,2688.0,88.4375
reader_anytime,anytime,2b,5,2025,within,22,2816.0,89.6875
reader_anytime,anytime,2b,5,2025,within,23,2944.0,89.375
reader_anytime,anytime,2b,5,2025,within,24,3072.0,90.0
reader_anytime,anytime,2b,5,2025,within,25,3200.0,91.25
reader_anytime,anytime,2b,5,2025,within,26,3328.0,91.875
reader_anytime,anytime,2b,5,2025,within,27,3456.0,92.5
reader_anytime,anytime,2b,5,2025,within,28,3584.0,93.4375
reader_anytime,anytime,2b,5,2025,within,29,3712.0,93.75
reader_anytime,anytime,2b,5,2025,within,30,3840.0,93.4375
reader_anytime,anytime,2b,5,2025,within,31,3968.0,93.125
reader_anytime,anytime,2b,5,2025,within,32,4096.0,92.1875
reader_anytime,anytime,2b,5,2026,within,1,128.0,50.0
reader_anytime,anytime,2b,5,2026,within,2,256.0,50.0
reader_anytime,anytime,2b,5,2026,within,3,384.0,41.875
reader_anytime,anytime,2b,5,2026,within,4,512.0,53.75
reader_anytime,anytime,2b,5,2026,within,5,640.0,64.375
reader_anytime,anytime,2b,5,2026,within,6,768.0,70.3125
reader_anytime,anytime,2b,5,2026,within,7,896.0,71.5625
reader_anytime,anytime,2b,5,2026,within,8,1024.0,71.5625
reader_anytime,anytime,2b,5,2026,within,9,1152.0,71.875
reader_anytime,anytime,2b,5,2026,within,10,1280.0,74.375
reader_anytime,anytime,2b,5,2026,within,11,1408.0,75.625
reader_anytime,anytime,2b,5,2026,within,12,1536.0,77.8125
reader_anytime,anytime,2b,5,2026,within,13,1664.0,81.25
reader_anytime,anytime,2b,5,2026,within,14,1792.0,83.125
reader_anytime,anytime,2b,5,2026,within,15,1920.0,85.625
reader_anytime,anytime,2b,5,2026,within,16,2048.0,85.9375
reader_anytime,anytime,2b,5,2026,within,17,2176.0,88.125
reader_anytime,anytime,2b,5,2026,within,18,2304.0,88.4375
reader_anytime,anytime,2b,5,2026,within,19,2432.0,89.375
reader_anytime,anytime,2b,5,2026,within,20,2560.0,88.4375
reader_anytime,anytime,2b,5,2026,within,21,2688.0,90.0
reader_anytime,anytime,2b,5,2026,within,22,2816.0,90.625
reader_anytime,anytime,2b,5,2026,within,23,2944.0,90.3125
reader_anytime,anytime,2b,5,2026,within,24,3072.0,90.625
reader_anytime,anytime,2b,5,2026,within,25,3200.0,91.875
reader_anytime,anytime,2b,5,2026,within,26,3328.0,91.875
reader_anytime,anytime,2b,5,2026,within,27,3456.0,92.8125
reader_anytime,anytime,2b,5,2026,within,28,3584.0,93.4375
reader_anytime,anytime,2b,5,2026,within,29,3712.0,93.4375
reader_anytime,anytime,2b,5,2026,within,30,3840.0,93.4375
reader_anytime,anytime,2b,5,2026,within,31,3968.0,93.75
reader_anytime,anytime,2b,5,2026,within,32,4096.0,92.8125
reader_anytime,anytime,2b,5,2027,within,1,128.0,50.3125
reader_anytime,anytime,2b,5,2027,within,2,256.0,41.875
reader_anytime,anytime,2b,5,2027,within,3,384.0,40.3125
reader_anytime,anytime,2b,5,2027,within,4,512.0,65.0
reader_anytime,anytime,2b,5,2027,within,5,640.0,68.75
reader_anytime,anytime,2b,5,2027,within,6,768.0,70.0
reader_anytime,anytime,2b,5,2027,within,7,896.0,70.9375
reader_anytime,anytime,2b,5,2027,within,8,1024.0,70.9375
reader_anytime,anytime,2b,5,2027,within,9,1152.0,70.625
reader_anytime,anytime,2b,5,2027,within,10,1280.0,71.5625
reader_anytime,anytime,2b,5,2027,within,11,1408.0,73.125
reader_anytime,anytime,2b,5,2027,within,12,1536.0,75.0
reader_anytime,anytime,2b,5,2027,within,13,1664.0,80.3125
reader_anytime,anytime,2b,5,2027,within,14,1792.0,80.625
reader_anytime,anytime,2b,5,2027,within,15,1920.0,82.5
reader_anytime,anytime,2b,5,2027,within,16,2048.0,83.75
reader_anytime,anytime,2b,5,2027,within,17,2176.0,85.625
reader_anytime,anytime,2b,5,2027,within,18,2304.0,86.5625
reader_anytime,anytime,2b,5,2027,within,19,2432.0,86.5625
reader_anytime,anytime,2b,5,2027,within,20,2560.0,86.25
reader_anytime,anytime,2b,5,2027,within,21,2688.0,88.75
reader_anytime,anytime,2b,5,2027,within,22,2816.0,89.375
reader_anytime,anytime,2b,5,2027,within,23,2944.0,90.3125
reader_anytime,anytime,2b,5,2027,within,24,3072.0,89.6875
reader_anytime,anytime,2b,5,2027,within,25,3200.0,91.5625
reader_anytime,anytime,2b,5,2027,within,26,3328.0,91.5625
reader_anytime,anytime,2b,5,2027,within,27,3456.0,90.625
reader_anytime,anytime,2b,5,2027,within,28,3584.0,91.875
reader_anytime,anytime,2b,5,2027,within,29,3712.0,91.875
reader_anytime,anytime,2b,5,2027,within,30,3840.0,90.9375
reader_anytime,anytime,2b,5,2027,within,31,3968.0,91.25
reader_anytime,anytime,2b,5,2027,within,32,4096.0,92.1875
reader_anytime,anytime,2b,6,2025,within,1,128.0,45.0
reader_anytime,anytime,2b,6,2025,within,2,256.0,42.1875
reader_anytime,anytime,2b,6,2025,within,3,384.0,42.8125
reader_anytime,anytime,2b,6,2025,within,4,512.0,70.625
reader_anytime,anytime,2b,6,2025,within,5,640.0,72.5
reader_anytime,anytime,2b,6,2025,within,6,768.0,79.375
reader_anytime,anytime,2b,6,2025,within,7,896.0,80.625
reader_anytime,anytime,2b,6,2025,within,8,1024.0,80.9375
reader_anytime,anytime,2b,6,2025,within,9,1152.0,79.6875
reader_anytime,anytime,2b,6,2025,within,10,1280.0,80.0
reader_anytime,anytime,2b,6,2025,within,11,1408.0,82.1875
reader_anytime,anytime,2b,6,2025,within,12,1536.0,81.875
reader_anytime,anytime,2b,6,2025,within,13,1664.0,82.8125
reader_anytime,anytime,2b,6,2025,within,14,1792.0,82.5
reader_anytime,anytime,2b,6,2025,within,15,1920.0,81.875
reader_anytime,anytime,2b,6,2025,within,16,2048.0,82.8125
reader_anytime,anytime,2b,6,2025,within,17,2176.0,82.1875
reader_anytime,anytime,2b,6,2025,within,18,2304.0,83.4375
reader_anytime,anytime,2b,6,2025,within,19,2432.0,81.875
reader_anytime,anytime,2b,6,2025,within,20,2560.0,82.5
reader_anytime,anytime,2b,6,2025,within,21,2688.0,84.0625
reader_anytime,anytime,2b,6,2025,within,22,2816.0,84.0625
reader_anytime,anytime,2b,6,2025,within,23,2944.0,84.0625
reader_anytime,anytime,2b,6,2025,within,24,3072.0,83.4375
reader_anytime,anytime,2b,6,2025,within,25,3200.0,84.6875
reader_anytime,anytime,2b,6,2025,within,26,3328.0,85.3125
reader_anytime,anytime,2b,6,2025,within,27,3456.0,84.6875
reader_anytime,anytime,2b,6,2025,within,28,3584.0,84.0625
reader_anytime,anytime,2b,6,2025,within,29,3712.0,83.75
reader_anytime,anytime,2b,6,2025,within,30,3840.0,84.0625
reader_anytime,anytime,2b,6,2025,within,31,3968.0,83.75
reader_anytime,anytime,2b,6,2025,within,32,4096.0,85.0
reader_anytime,anytime,2b,6,2026,within,1,128.0,49.375
reader_anytime,anytime,2b,6,2026,within,2,256.0,49.375
reader_anytime,anytime,2b,6,2026,within,3,384.0,51.875
reader_anytime,anytime,2b,6,2026,within,4,512.0,67.1875
reader_anytime,anytime,2b,6,2026,within,5,640.0,70.0
reader_anytime,anytime,2b,6,2026,within,6,768.0,82.8125
reader_anytime,anytime,2b,6,2026,within,7,896.0,83.125
reader_anytime,anytime,2b,6,2026,within,8,1024.0,81.875
reader_anytime,anytime,2b,6,2026,within,9,1152.0,79.375
reader_anytime,anytime,2b,6,2026,within,10,1280.0,80.625
reader_anytime,anytime,2b,6,2026,within,11,1408.0,80.9375
reader_anytime,anytime,2b,6,2026,within,12,1536.0,81.5625
reader_anytime,anytime,2b,6,2026,within,13,1664.0,81.25
reader_anytime,anytime,2b,6,2026,within,14,1792.0,83.4375
reader_anytime,anytime,2b,6,2026,within,15,1920.0,82.8125
reader_anytime,anytime,2b,6,2026,within,16,2048.0,84.375
reader_anytime,anytime,2b,6,2026,within,17,2176.0,85.9375
reader_anytime,anytime,2b,6,2026,within,18,2304.0,87.5
reader_anytime,anytime,2b,6,2026,within,19,2432.0,86.25
reader_anytime,anytime,2b,6,2026,within,20,2560.0,85.3125
reader_anytime,anytime,2b,6,2026,within,21,2688.0,86.25
reader_anytime,anytime,2b,6,2026,within,22,2816.0,86.5625
reader_anytime,anytime,2b,6,2026,within,23,2944.0,87.1875
reader_anytime,anytime,2b,6,2026,within,24,3072.0,86.875
reader_anytime,anytime,2b,6,2026,within,25,3200.0,86.875
reader_anytime,anytime,2b,6,2026,within,26,3328.0,86.875
reader_anytime,anytime,2b,6,2026,within,27,3456.0,87.8125
reader_anytime,anytime,2b,6,2026,within,28,3584.0,88.75
reader_anytime,anytime,2b,6,2026,within,29,3712.0,87.1875
reader_anytime,anytime,2b,6,2026,within,30,3840.0,87.8125
reader_anytime,anytime,2b,6,2026,within,31,3968.0,87.1875
reader_anytime,anytime,2b,6,2026,within,32,4096.0,87.1875
reader_anytime,anytime,2b,6,2027,within,1,128.0,50.0
reader_anytime,anytime,2b,6,2027,within,2,256.0,50.0
reader_anytime,anytime,2b,6,2027,within,3,384.0,50.0
reader_anytime,anytime,2b,6,2027,within,4,512.0,70.3125
reader_anytime,anytime,2b,6,2027,within,5,640.0,75.3125
reader_anytime,anytime,2b,6,2027,within,6,768.0,80.3125
reader_anytime,anytime,2b,6,2027,within,7,896.0,80.9375
reader_anytime,anytime,2b,6,2027,within,8,1024.0,80.9375
reader_anytime,anytime,2b,6,2027,within,9,1152.0,80.0
reader_anytime,anytime,2b,6,2027,within,10,1280.0,80.9375
reader_anytime,anytime,2b,6,2027,within,11,1408.0,82.8125
reader_anytime,anytime,2b,6,2027,within,12,1536.0,82.8125
reader_anytime,anytime,2b,6,2027,within,13,1664.0,85.3125
reader_anytime,anytime,2b,6,2027,within,14,1792.0,84.375
reader_anytime,anytime,2b,6,2027,within,15,1920.0,84.6875
reader_anytime,anytime,2b,6,2027,within,16,2048.0,86.5625
reader_anytime,anytime,2b,6,2027,within,17,2176.0,86.875
reader_anytime,anytime,2b,6,2027,within,18,2304.0,86.875
reader_anytime,anytime,2b,6,2027,within,19,2432.0,86.25
reader_anytime,anytime,2b,6,2027,within,20,2560.0,88.125
reader_anytime,anytime,2b,6,2027,within,21,2688.0,88.75
reader_anytime,anytime,2b,6,2027,within,22,2816.0,90.0
reader_anytime,anytime,2b,6,2027,within,23,2944.0,88.4375
reader_anytime,anytime,2b,6,2027,within,24,3072.0,88.75
reader_anytime,anytime,2b,6,2027,within,25,3200.0,87.8125
reader_anytime,anytime,2b,6,2027,within,26,3328.0,88.125
reader_anytime,anytime,2b,6,2027,within,27,3456.0,87.5
reader_anytime,anytime,2b,6,2027,within,28,3584.0,88.125
reader_anytime,anytime,2b,6,2027,within,29,3712.0,88.125
reader_anytime,anytime,2b,6,2027,within,30,3840.0,87.8125
reader_anytime,anytime,2b,6,2027,within,31,3968.0,87.1875
reader_anytime,anytime,2b,6,2027,within,32,4096.0,87.8125
reader_anytime,anytime,2b,7,2025,within,1,128.0,49.6875
reader_anytime,anytime,2b,7,2025,within,2,256.0,48.4375
reader_anytime,anytime,2b,7,2025,within,3,384.0,48.75
reader_anytime,anytime,2b,7,2025,within,4,512.0,48.125
reader_anytime,anytime,2b,7,2025,within,5,640.0,82.1875
reader_anytime,anytime,2b,7,2025,within,6,768.0,84.375
reader_anytime,anytime,2b,7,2025,within,7,896.0,85.9375
reader_anytime,anytime,2b,7,2025,within,8,1024.0,85.9375
reader_anytime,anytime,2b,7,2025,within,9,1152.0,87.5
reader_anytime,anytime,2b,7,2025,within,10,1280.0,88.125
reader_anytime,anytime,2b,7,2025,within,11,1408.0,88.75
reader_anytime,anytime,2b,7,2025,within,12,1536.0,88.4375
reader_anytime,anytime,2b,7,2025,within,13,1664.0,88.4375
reader_anytime,anytime,2b,7,2025,within,14,1792.0,88.125
reader_anytime,anytime,2b,7,2025,within,15,1920.0,88.75
reader_anytime,anytime,2b,7,2025,within,16,2048.0,89.6875
reader_anytime,anytime,2b,7,2025,within,17,2176.0,90.0
reader_anytime,anytime,2b,7,2025,within,18,2304.0,89.375
reader_anytime,anytime,2b,7,2025,within,19,2432.0,89.375
reader_anytime,anytime,2b,7,2025,within,20,2560.0,89.6875
reader_anytime,anytime,2b,7,2025,within,21,2688.0,90.625
reader_anytime,anytime,2b,7,2025,within,22,2816.0,89.6875
reader_anytime,anytime,2b,7,2025,within,23,2944.0,90.9375
reader_anytime,anytime,2b,7,2025,within,24,3072.0,90.625
reader_anytime,anytime,2b,7,2025,within,25,3200.0,90.9375
reader_anytime,anytime,2b,7,2025,within,26,3328.0,90.625
reader_anytime,anytime,2b,7,2025,within,27,3456.0,90.625
reader_anytime,anytime,2b,7,2025,within,28,3584.0,90.625
reader_anytime,anytime,2b,7,2025,within,29,3712.0,89.0625
reader_anytime,anytime,2b,7,2025,within,30,3840.0,88.4375
reader_anytime,anytime,2b,7,2025,within,31,3968.0,88.75
reader_anytime,anytime,2b,7,2025,within,32,4096.0,89.0625
reader_anytime,anytime,2b,7,2026,within,1,128.0,49.6875
reader_anytime,anytime,2b,7,2026,within,2,256.0,50.0
reader_anytime,anytime,2b,7,2026,within,3,384.0,50.9375
reader_anytime,anytime,2b,7,2026,within,4,512.0,54.375
reader_anytime,anytime,2b,7,2026,within,5,640.0,83.75
reader_anytime,anytime,2b,7,2026,within,6,768.0,85.9375
reader_anytime,anytime,2b,7,2026,within,7,896.0,84.375
reader_anytime,anytime,2b,7,2026,within,8,1024.0,85.9375
reader_anytime,anytime,2b,7,2026,within,9,1152.0,88.75
reader_anytime,anytime,2b,7,2026,within,10,1280.0,90.0
reader_anytime,anytime,2b,7,2026,within,11,1408.0,90.0
reader_anytime,anytime,2b,7,2026,within,12,1536.0,90.0
reader_anytime,anytime,2b,7,2026,within,13,1664.0,89.6875
reader_anytime,anytime,2b,7,2026,within,14,1792.0,89.375
reader_anytime,anytime,2b,7,2026,within,15,1920.0,90.0
reader_anytime,anytime,2b,7,2026,within,16,2048.0,90.9375
reader_anytime,anytime,2b,7,2026,within,17,2176.0,90.9375
reader_anytime,anytime,2b,7,2026,within,18,2304.0,90.625
reader_anytime,anytime,2b,7,2026,within,19,2432.0,90.625
reader_anytime,anytime,2b,7,2026,within,20,2560.0,90.9375
reader_anytime,anytime,2b,7,2026,within,21,2688.0,90.9375
reader_anytime,anytime,2b,7,2026,within,22,2816.0,91.25
reader_anytime,anytime,2b,7,2026,within,23,2944.0,90.9375
reader_anytime,anytime,2b,7,2026,within,24,3072.0,91.5625
reader_anytime,anytime,2b,7,2026,within,25,3200.0,91.25
reader_anytime,anytime,2b,7,2026,within,26,3328.0,90.9375
reader_anytime,anytime,2b,7,2026,within,27,3456.0,91.25
reader_anytime,anytime,2b,7,2026,within,28,3584.0,90.9375
reader_anytime,anytime,2b,7,2026,within,29,3712.0,91.875
reader_anytime,anytime,2b,7,2026,within,30,3840.0,91.25
reader_anytime,anytime,2b,7,2026,within,31,3968.0,90.9375
reader_anytime,anytime,2b,7,2026,within,32,4096.0,90.3125
reader_anytime,anytime,2b,7,2027,within,1,128.0,51.25
reader_anytime,anytime,2b,7,2027,within,2,256.0,49.375
reader_anytime,anytime,2b,7,2027,within,3,384.0,50.625
reader_anytime,anytime,2b,7,2027,within,4,512.0,53.125
reader_anytime,anytime,2b,7,2027,within,5,640.0,85.3125
reader_anytime,anytime,2b,7,2027,within,6,768.0,88.125
reader_anytime,anytime,2b,7,2027,within,7,896.0,86.875
reader_anytime,anytime,2b,7,2027,within,8,1024.0,87.5
reader_anytime,anytime,2b,7,2027,within,9,1152.0,88.75
reader_anytime,anytime,2b,7,2027,within,10,1280.0,89.375
reader_anytime,anytime,2b,7,2027,within,11,1408.0,91.25
reader_anytime,anytime,2b,7,2027,within,12,1536.0,90.625
reader_anytime,anytime,2b,7,2027,within,13,1664.0,91.875
reader_anytime,anytime,2b,7,2027,within,14,1792.0,91.25
reader_anytime,anytime,2b,7,2027,within,15,1920.0,90.9375
reader_anytime,anytime,2b,7,2027,within,16,2048.0,90.625
reader_anytime,anytime,2b,7,2027,within,17,2176.0,91.25
reader_anytime,anytime,2b,7,2027,within,18,2304.0,91.25
reader_anytime,anytime,2b,7,2027,within,19,2432.0,91.25
reader_anytime,anytime,2b,7,2027,within,20,2560.0,91.25
reader_anytime,anytime,2b,7,2027,within,21,2688.0,91.5625
reader_anytime,anytime,2b,7,2027,within,22,2816.0,91.5625
reader_anytime,anytime,2b,7,2027,within,23,2944.0,91.5625
reader_anytime,anytime,2b,7,2027,within,24,3072.0,91.25
reader_anytime,anytime,2b,7,2027,within,25,3200.0,91.5625
reader_anytime,anytime,2b,7,2027,within,26,3328.0,91.5625
reader_anytime,anytime,2b,7,2027,within,27,3456.0,91.25
reader_anytime,anytime,2b,7,2027,within,28,3584.0,91.25
reader_anytime,anytime,2b,7,2027,within,29,3712.0,91.25
reader_anytime,anytime,2b,7,2027,within,30,3840.0,90.3125
reader_anytime,anytime,2b,7,2027,within,31,3968.0,90.3125
reader_anytime,anytime,2b,7,2027,within,32,4096.0,88.75
reader_anytime,anytime,2b,8,2025,within,1,128.0,50.3125
reader_anytime,anytime,2b,8,2025,within,2,256.0,50.3125
reader_anytime,anytime,2b,8,2025,within,3,384.0,51.875
reader_anytime,anytime,2b,8,2025,within,4,512.0,68.125
reader_anytime,anytime,2b,8,2025,within,5,640.0,72.8125
reader_anytime,anytime,2b,8,2025,within,6,768.0,76.5625
reader_anytime,anytime,2b,8,2025,within,7,896.0,77.8125
reader_anytime,anytime,2b,8,2025,within,8,1024.0,83.125
reader_anytime,anytime,2b,8,2025,within,9,1152.0,85.9375
reader_anytime,anytime,2b,8,2025,within,10,1280.0,89.375
reader_anytime,anytime,2b,8,2025,within,11,1408.0,90.0
reader_anytime,anytime,2b,8,2025,within,12,1536.0,90.0
reader_anytime,anytime,2b,8,2025,within,13,1664.0,90.9375
reader_anytime,anytime,2b,8,2025,within,14,1792.0,91.25
reader_anytime,anytime,2b,8,2025,within,15,1920.0,91.5625
reader_anytime,anytime,2b,8,2025,within,16,2048.0,93.125
reader_anytime,anytime,2b,8,2025,within,17,2176.0,94.0625
reader_anytime,anytime,2b,8,2025,within,18,2304.0,95.0
reader_anytime,anytime,2b,8,2025,within,19,2432.0,94.6875
reader_anytime,anytime,2b,8,2025,within,20,2560.0,95.0
reader_anytime,anytime,2b,8,2025,within,21,2688.0,94.0625
reader_anytime,anytime,2b,8,2025,within,22,2816.0,94.0625
reader_anytime,anytime,2b,8,2025,within,23,2944.0,94.6875
reader_anytime,anytime,2b,8,2025,within,24,3072.0,93.75
reader_anytime,anytime,2b,8,2025,within,25,3200.0,95.0
reader_anytime,anytime,2b,8,2025,within,26,3328.0,95.0
reader_anytime,anytime,2b,8,2025,within,27,3456.0,95.3125
reader_anytime,anytime,2b,8,2025,within,28,3584.0,95.0
reader_anytime,anytime,2b,8,2025,within,29,3712.0,94.375
reader_anytime,anytime,2b,8,2025,within,30,3840.0,95.3125
reader_anytime,anytime,2b,8,2025,within,31,3968.0,95.0
reader_anytime,anytime,2b,8,2025,within,32,4096.0,95.3125
reader_anytime,anytime,2b,8,2026,within,1,128.0,50.0
reader_anytime,anytime,2b,8,2026,within,2,256.0,49.6875
reader_anytime,anytime,2b,8,2026,within,3,384.0,47.1875
reader_anytime,anytime,2b,8,2026,within,4,512.0,70.0
reader_anytime,anytime,2b,8,2026,within,5,640.0,71.875
reader_anytime,anytime,2b,8,2026,within,6,768.0,74.6875
reader_anytime,anytime,2b,8,2026,within,7,896.0,75.625
reader_anytime,anytime,2b,8,2026,within,8,1024.0,80.625
reader_anytime,anytime,2b,8,2026,within,9,1152.0,82.8125
reader_anytime,anytime,2b,8,2026,within,10,1280.0,87.1875
reader_anytime,anytime,2b,8,2026,within,11,1408.0,88.75
reader_anytime,anytime,2b,8,2026,within,12,1536.0,89.375
reader_anytime,anytime,2b,8,2026,within,13,1664.0,90.625
reader_anytime,anytime,2b,8,2026,within,14,1792.0,90.3125
reader_anytime,anytime,2b,8,2026,within,15,1920.0,92.1875
reader_anytime,anytime,2b,8,2026,within,16,2048.0,92.1875
reader_anytime,anytime,2b,8,2026,within,17,2176.0,91.25
reader_anytime,anytime,2b,8,2026,within,18,2304.0,91.25
reader_anytime,anytime,2b,8,2026,within,19,2432.0,93.75
reader_anytime,anytime,2b,8,2026,within,20,2560.0,94.0625
reader_anytime,anytime,2b,8,2026,within,21,2688.0,93.4375
reader_anytime,anytime,2b,8,2026,within,22,2816.0,93.75
reader_anytime,anytime,2b,8,2026,within,23,2944.0,94.375
reader_anytime,anytime,2b,8,2026,within,24,3072.0,93.75
reader_anytime,anytime,2b,8,2026,within,25,3200.0,94.0625
reader_anytime,anytime,2b,8,2026,within,26,3328.0,94.375
reader_anytime,anytime,2b,8,2026,within,27,3456.0,93.75
reader_anytime,anytime,2b,8,2026,within,28,3584.0,93.125
reader_anytime,anytime,2b,8,2026,within,29,3712.0,93.75
reader_anytime,anytime,2b,8,2026,within,30,3840.0,93.75
reader_anytime,anytime,2b,8,2026,within,31,3968.0,94.0625
reader_anytime,anytime,2b,8,2026,within,32,4096.0,94.6875
reader_anytime,anytime,2b,8,2027,within,1,128.0,50.3125
reader_anytime,anytime,2b,8,2027,within,2,256.0,50.3125
reader_anytime,anytime,2b,8,2027,within,3,384.0,49.6875
reader_anytime,anytime,2b,8,2027,within,4,512.0,65.625
reader_anytime,anytime,2b,8,2027,within,5,640.0,74.375
reader_anytime,anytime,2b,8,2027,within,6,768.0,74.6875
reader_anytime,anytime,2b,8,2027,within,7,896.0,79.0625
reader_anytime,anytime,2b,8,2027,within,8,1024.0,82.8125
reader_anytime,anytime,2b,8,2027,within,9,1152.0,88.125
reader_anytime,anytime,2b,8,2027,within,10,1280.0,89.6875
reader_anytime,anytime,2b,8,2027,within,11,1408.0,90.3125
reader_anytime,anytime,2b,8,2027,within,12,1536.0,90.3125
reader_anytime,anytime,2b,8,2027,within,13,1664.0,91.875
reader_anytime,anytime,2b,8,2027,within,14,1792.0,92.1875
reader_anytime,anytime,2b,8,2027,within,15,1920.0,93.125
reader_anytime,anytime,2b,8,2027,within,16,2048.0,93.125
reader_anytime,anytime,2b,8,2027,within,17,2176.0,93.75
reader_anytime,anytime,2b,8,2027,within,18,2304.0,94.375
reader_anytime,anytime,2b,8,2027,within,19,2432.0,94.6875
reader_anytime,anytime,2b,8,2027,within,20,2560.0,93.75
reader_anytime,anytime,2b,8,2027,within,21,2688.0,93.125
reader_anytime,anytime,2b,8,2027,within,22,2816.0,93.4375
reader_anytime,anytime,2b,8,2027,within,23,2944.0,93.4375
reader_anytime,anytime,2b,8,2027,within,24,3072.0,93.75
reader_anytime,anytime,2b,8,2027,within,25,3200.0,93.4375
reader_anytime,anytime,2b,8,2027,within,26,3328.0,93.75
reader_anytime,anytime,2b,8,2027,within,27,3456.0,93.75
reader_anytime,anytime,2b,8,2027,within,28,3584.0,93.4375
reader_anytime,anytime,2b,8,2027,within,29,3712.0,93.75
reader_anytime,anytime,2b,8,2027,within,30,3840.0,94.375
reader_anytime,anytime,2b,8,2027,within,31,3968.0,94.375
reader_anytime,anytime,2b,8,2027,within,32,4096.0,94.0625
reader_anytime,anytime,2b,9,2025,within,1,128.0,48.4375
reader_anytime,anytime,2b,9,2025,within,2,256.0,48.4375
reader_anytime,anytime,2b,9,2025,within,3,384.0,47.5
reader_anytime,anytime,2b,9,2025,within,4,512.0,50.9375
reader_anytime,anytime,2b,9,2025,within,5,640.0,56.875
reader_anytime,anytime,2b,9,2025,within,6,768.0,58.125
reader_anytime,anytime,2b,9,2025,within,7,896.0,61.25
reader_anytime,anytime,2b,9,2025,within,8,1024.0,63.125
reader_anytime,anytime,2b,9,2025,within,9,1152.0,67.1875
reader_anytime,anytime,2b,9,2025,within,10,1280.0,67.8125
reader_anytime,anytime,2b,9,2025,within,11,1408.0,70.0
reader_anytime,anytime,2b,9,2025,within,12,1536.0,73.125
reader_anytime,anytime,2b,9,2025,within,13,1664.0,75.3125
reader_anytime,anytime,2b,9,2025,within,14,1792.0,75.9375
reader_anytime,anytime,2b,9,2025,within,15,1920.0,78.4375
reader_anytime,anytime,2b,9,2025,within,16,2048.0,77.8125
reader_anytime,anytime,2b,9,2025,within,17,2176.0,79.375
reader_anytime,anytime,2b,9,2025,within,18,2304.0,79.6875
reader_anytime,anytime,2b,9,2025,within,19,2432.0,81.5625
reader_anytime,anytime,2b,9,2025,within,20,2560.0,81.875
reader_anytime,anytime,2b,9,2025,within,21,2688.0,83.4375
reader_anytime,anytime,2b,9,2025,within,22,2816.0,84.6875
reader_anytime,anytime,2b,9,2025,within,23,2944.0,85.625
reader_anytime,anytime,2b,9,2025,within,24,3072.0,86.875
reader_anytime,anytime,2b,9,2025,within,25,3200.0,85.625
reader_anytime,anytime,2b,9,2025,within,26,3328.0,85.9375
reader_anytime,anytime,2b,9,2025,within,27,3456.0,85.3125
reader_anytime,anytime,2b,9,2025,within,28,3584.0,86.25
reader_anytime,anytime,2b,9,2025,within,29,3712.0,87.1875
reader_anytime,anytime,2b,9,2025,within,30,3840.0,85.9375
reader_anytime,anytime,2b,9,2025,within,31,3968.0,86.25
reader_anytime,anytime,2b,9,2025,within,32,4096.0,85.625
reader_anytime,anytime,2b,9,2026,within,1,128.0,45.625
reader_anytime,anytime,2b,9,2026,within,2,256.0,49.375
reader_anytime,anytime,2b,9,2026,within,3,384.0,51.5625
reader_anytime,anytime,2b,9,2026,within,4,512.0,50.9375
reader_anytime,anytime,2b,9,2026,within,5,640.0,54.375
reader_anytime,anytime,2b,9,2026,within,6,768.0,53.75
reader_anytime,anytime,2b,9,2026,within,7,896.0,58.125
reader_anytime,anytime,2b,9,2026,within,8,1024.0,60.3125
reader_anytime,anytime,2b,9,2026,within,9,1152.0,69.6875
reader_anytime,anytime,2b,9,2026,within,10,1280.0,69.6875
reader_anytime,anytime,2b,9,2026,within,11,1408.0,73.125
reader_anytime,anytime,2b,9,2026,within,12,1536.0,73.4375
reader_anytime,anytime,2b,9,2026,within,13,1664.0,78.125
reader_anytime,anytime,2b,9,2026,within,14,1792.0,79.0625
reader_anytime,anytime,2b,9,2026,within,15,1920.0,79.0625
reader_anytime,anytime,2b,9,2026,within,16,2048.0,79.6875
reader_anytime,anytime,2b,9,2026,within,17,2176.0,80.9375
reader_anytime,anytime,2b,9,2026,within,18,2304.0,80.3125
reader_anytime,anytime,2b,9,2026,within,19,2432.0,81.25
reader_anytime,anytime,2b,9,2026,within,20,2560.0,81.875
reader_anytime,anytime,2b,9,2026,within,21,2688.0,83.4375
reader_anytime,anytime,2b,9,2026,within,22,2816.0,83.125
reader_anytime,anytime,2b,9,2026,within,23,2944.0,84.6875
reader_anytime,anytime,2b,9,2026,within,24,3072.0,84.0625
reader_anytime,anytime,2b,9,2026,within,25,3200.0,83.75
reader_anytime,anytime,2b,9,2026,within,26,3328.0,83.4375
reader_anytime,anytime,2b,9,2026,within,27,3456.0,85.0
reader_anytime,anytime,2b,9,2026,within,28,3584.0,85.625
reader_anytime,anytime,2b,9,2026,within,29,3712.0,85.9375
reader_anytime,anytime,2b,9,2026,within,30,3840.0,85.625
reader_anytime,anytime,2b,9,2026,within,31,3968.0,86.25
reader_anytime,anytime,2b,9,2026,within,32,4096.0,85.625
reader_anytime,anytime,2b,9,2027,within,1,128.0,48.125
reader_anytime,anytime,2b,9,2027,within,2,256.0,46.875
reader_anytime,anytime,2b,9,2027,within,3,384.0,54.0625
reader_anytime,anytime,2b,9,2027,within,4,512.0,52.8125
reader_anytime,anytime,2b,9,2027,within,5,640.0,60.0
reader_anytime,anytime,2b,9,2027,within,6,768.0,57.5
reader_anytime,anytime,2b,9,2027,within,7,896.0,58.75
reader_anytime,anytime,2b,9,2027,within,8,1024.0,60.625
reader_anytime,anytime,2b,9,2027,within,9,1152.0,65.0
reader_anytime,anytime,2b,9,2027,within,10,1280.0,65.9375
reader_anytime,anytime,2b,9,2027,within,11,1408.0,69.0625
reader_anytime,anytime,2b,9,2027,within,12,1536.0,73.125
reader_anytime,anytime,2b,9,2027,within,13,1664.0,73.125
reader_anytime,anytime,2b,9,2027,within,14,1792.0,73.125
reader_anytime,anytime,2b,9,2027,within,15,1920.0,75.0
reader_anytime,anytime,2b,9,2027,within,16,2048.0,77.8125
reader_anytime,anytime,2b,9,2027,within,17,2176.0,78.125
reader_anytime,anytime,2b,9,2027,within,18,2304.0,79.0625
reader_anytime,anytime,2b,9,2027,within,19,2432.0,80.9375
reader_anytime,anytime,2b,9,2027,within,20,2560.0,81.875
reader_anytime,anytime,2b,9,2027,within,21,2688.0,82.1875
reader_anytime,anytime,2b,9,2027,within,22,2816.0,84.0625
reader_anytime,anytime,2b,9,2027,within,23,2944.0,84.375
reader_anytime,anytime,2b,9,2027,within,24,3072.0,84.6875
reader_anytime,anytime,2b,9,2027,within,25,3200.0,84.6875
reader_anytime,anytime,2b,9,2027,within,26,3328.0,84.6875
reader_anytime,anytime,2b,9,2027,within,27,3456.0,84.375
reader_anytime,anytime,2b,9,2027,within,28,3584.0,86.5625
reader_anytime,anytime,2b,9,2027,within,29,3712.0,85.9375
reader_anytime,anytime,2b,9,2027,within,30,3840.0,85.9375
reader_anytime,anytime,2b,9,2027,within,31,3968.0,85.9375
reader_anytime,anytime,2b,9,2027,within,32,4096.0,84.375
reader_anytime,anytime,sdssvep,10,2025,within,1,15.625,11.6667
reader_anytime,anytime,sdssvep,10,2025,within,2,31.25,10.0
reader_anytime,anytime,sdssvep,10,2025,within,3,46.875,11.6667
reader_anytime,anytime,sdssvep,10,2025,within,4,62.5,10.0
reader_anytime,anytime,sdssvep,10,2025,within,5,78.125,10.0
reader_anytime,anytime,sdssvep,10,2025,within,6,93.75,13.3333
reader_anytime,anytime,sdssvep,10,2025,within,7,109.375,16.6667
reader_anytime,anytime,sdssvep,10,2025,within,8,125.0,13.3333
reader_anytime,anytime,sdssvep,10,2025,within,9,140.625,25.0
reader_anytime,anytime,sdssvep,10,2025,within,10,156.25,33.3333
reader_anytime,anytime,sdssvep,10,2025,within,11,171.875,36.6667
reader_anytime,anytime,sdssvep,10,2025,within,12,187.5,38.3333
reader_anytime,anytime,sdssvep,10,2025,within,13,203.125,36.6667
reader_anytime,anytime,sdssvep,10,2025,within,14,218.75,35.0
reader_anytime,anytime,sdssvep,10,2025,within,15,234.375,38.3333
reader_anytime,anytime,sdssvep,10,2025,within,16,250.0,41.6667
reader_anytime,anytime,sdssvep,10,2025,within,17,265.625,45.0
reader_anytime,anytime,sdssvep,10,2025,within,18,281.25,45.0
reader_anytime,anytime,sdssvep,10,2025,within,19,296.875,50.0
reader_anytime,anytime,sdssvep,10,2025,within,20,312.5,50.0
reader_anytime,anytime,sdssvep,10,2025,within,21,328.125,60.0
reader_anytime,anytime,sdssvep,10,2025,within,22,343.75,58.3333
reader_anytime,anytime,sdssvep,10,2025,within,23,359.375,56.6667
reader_anytime,anytime,sdssvep,10,2025,within,24,375.0,63.3333
reader_anytime,anytime,sdssvep,10,2025,within,25,390.625,73.3333
reader_anytime,anytime,sdssvep,10,2025,within,26,406.25,68.3333
reader_anytime,anytime,sdssvep,10,2025,within,27,421.875,75.0
reader_anytime,anytime,sdssvep,10,2025,within,28,437.5,73.3333
reader_anytime,anytime,sdssvep,10,2025,within,29,453.125,76.6667
reader_anytime,anytime,sdssvep,10,2025,within,30,468.75,78.3333
reader_anytime,anytime,sdssvep,10,2025,within,31,484.375,80.0
reader_anytime,anytime,sdssvep,10,2025,within,32,500.0,78.3333
reader_anytime,anytime,sdssvep,10,2025,within,33,515.625,80.0
reader_anytime,anytime,sdssvep,10,2025,within,34,531.25,80.0
reader_anytime,anytime,sdssvep,10,2025,within,35,546.875,81.6667
reader_anytime,anytime,sdssvep,10,2025,within,36,562.5,83.3333
reader_anytime,anytime,sdssvep,10,2025,within,37,578.125,83.3333
reader_anytime,anytime,sdssvep,10,2025,within,38,593.75,85.0
reader_anytime,anytime,sdssvep,10,2025,within,39,609.375,85.0
reader_anytime,anytime,sdssvep,10,2025,within,40,625.0,83.3333
reader_anytime,anytime,sdssvep,10,2025,within,41,640.625,85.0
reader_anytime,anytime,sdssvep,10,2025,within,42,656.25,85.0
reader_anytime,anytime,sdssvep,10,2025,within,43,671.875,85.0
reader_anytime,anytime,sdssvep,10,2025,within,44,687.5,86.6667
reader_anytime,anytime,sdssvep,10,2025,within,45,703.125,85.0
reader_anytime,anytime,sdssvep,10,2025,within,46,718.75,85.0
reader_anytime,anytime,sdssvep,10,2025,within,47,734.375,86.6667
reader_anytime,anytime,sdssvep,10,2025,within,48,750.0,86.6667
reader_anytime,anytime,sdssvep,10,2025,within,49,765.625,86.6667
reader_anytime,anytime,sdssvep,10,2025,within,50,781.25,88.3333
reader_anytime,anytime,sdssvep,10,2025,within,51,796.875,86.6667
reader_anytime,anytime,sdssvep,10,2025,within,52,812.5,88.3333
reader_anytime,anytime,sdssvep,10,2025,within,53,828.125,86.6667
reader_anytime,anytime,sdssvep,10,2025,within,54,843.75,86.6667
reader_anytime,anytime,sdssvep,10,2025,within,55,859.375,88.3333
reader_anytime,anytime,sdssvep,10,2025,within,56,875.0,88.3333
reader_anytime,anytime,sdssvep,10,2025,within,57,890.625,88.3333
reader_anytime,anytime,sdssvep,10,2025,within,58,906.25,88.3333
reader_anytime,anytime,sdssvep,10,2025,within,59,921.875,88.3333
reader_anytime,anytime,sdssvep,10,2025,within,60,937.5,91.6667
reader_anytime,anytime,sdssvep,10,2025,within,61,953.125,88.3333
reader_anytime,anytime,sdssvep,10,2025,within,62,968.75,88.3333
reader_anytime,anytime,sdssvep,10,2025,within,63,984.375,88.3333
reader_anytime,anytime,sdssvep,10,2025,within,64,1000.0,98.3333
reader_anytime,anytime,sdssvep,10,2026,within,1,15.625,8.3333
reader_anytime,anytime,sdssvep,10,2026,within,2,31.25,8.3333
reader_anytime,anytime,sdssvep,10,2026,within,3,46.875,10.0
reader_anytime,anytime,sdssvep,10,2026,within,4,62.5,8.3333
reader_anytime,anytime,sdssvep,10,2026,within,5,78.125,13.3333
reader_anytime,anytime,sdssvep,10,2026,within,6,93.75,15.0
reader_anytime,anytime,sdssvep,10,2026,within,7,109.375,16.6667
reader_anytime,anytime,sdssvep,10,2026,within,8,125.0,13.3333
reader_anytime,anytime,sdssvep,10,2026,within,9,140.625,23.3333
reader_anytime,anytime,sdssvep,10,2026,within,10,156.25,20.0
reader_anytime,anytime,sdssvep,10,2026,within,11,171.875,26.6667
reader_anytime,anytime,sdssvep,10,2026,within,12,187.5,28.3333
reader_anytime,anytime,sdssvep,10,2026,within,13,203.125,30.0
reader_anytime,anytime,sdssvep,10,2026,within,14,218.75,31.6667
reader_anytime,anytime,sdssvep,10,2026,within,15,234.375,36.6667
reader_anytime,anytime,sdssvep,10,2026,within,16,250.0,38.3333
reader_anytime,anytime,sdssvep,10,2026,within,17,265.625,43.3333
reader_anytime,anytime,sdssvep,10,2026,within,18,281.25,41.6667
reader_anytime,anytime,sdssvep,10,2026,within,19,296.875,48.3333
reader_anytime,anytime,sdssvep,10,2026,within,20,312.5,55.0
reader_anytime,anytime,sdssvep,10,2026,within,21,328.125,66.6667
reader_anytime,anytime,sdssvep,10,2026,within,22,343.75,70.0
reader_anytime,anytime,sdssvep,10,2026,within,23,359.375,73.3333
reader_anytime,anytime,sdssvep,10,2026,within,24,375.0,71.6667
reader_anytime,anytime,sdssvep,10,2026,within,25,390.625,78.3333
reader_anytime,anytime,sdssvep,10,2026,within,26,406.25,76.6667
reader_anytime,anytime,sdssvep,10,2026,within,27,421.875,78.3333
reader_anytime,anytime,sdssvep,10,2026,within,28,437.5,81.6667
reader_anytime,anytime,sdssvep,10,2026,within,29,453.125,83.3333
reader_anytime,anytime,sdssvep,10,2026,within,30,468.75,83.3333
reader_anytime,anytime,sdssvep,10,2026,within,31,484.375,83.3333
reader_anytime,anytime,sdssvep,10,2026,within,32,500.0,83.3333
reader_anytime,anytime,sdssvep,10,2026,within,33,515.625,83.3333
reader_anytime,anytime,sdssvep,10,2026,within,34,531.25,83.3333
reader_anytime,anytime,sdssvep,10,2026,within,35,546.875,83.3333
reader_anytime,anytime,sdssvep,10,2026,within,36,562.5,85.0
reader_anytime,anytime,sdssvep,10,2026,within,37,578.125,83.3333
reader_anytime,anytime,sdssvep,10,2026,within,38,593.75,85.0
reader_anytime,anytime,sdssvep,10,2026,within,39,609.375,85.0
reader_anytime,anytime,sdssvep,10,2026,within,40,625.0,86.6667
reader_anytime,anytime,sdssvep,10,2026,within,41,640.625,86.6667
reader_anytime,anytime,sdssvep,10,2026,within,42,656.25,85.0
reader_anytime,anytime,sdssvep,10,2026,within,43,671.875,85.0
reader_anytime,anytime,sdssvep,10,2026,within,44,687.5,86.6667
reader_anytime,anytime,sdssvep,10,2026,within,45,703.125,88.3333
reader_anytime,anytime,sdssvep,10,2026,within,46,718.75,88.3333
reader_anytime,anytime,sdssvep,10,2026,within,47,734.375,86.6667
reader_anytime,anytime,sdssvep,10,2026,within,48,750.0,88.3333
reader_anytime,anytime,sdssvep,10,2026,within,49,765.625,88.3333
reader_anytime,anytime,sdssvep,10,2026,within,50,781.25,88.3333
reader_anytime,anytime,sdssvep,10,2026,within,51,796.875,88.3333
reader_anytime,anytime,sdssvep,10,2026,within,52,812.5,90.0
reader_anytime,anytime,sdssvep,10,2026,within,53,828.125,88.3333
reader_anytime,anytime,sdssvep,10,2026,within,54,843.75,88.3333
reader_anytime,anytime,sdssvep,10,2026,within,55,859.375,88.3333
reader_anytime,anytime,sdssvep,10,2026,within,56,875.0,90.0
reader_anytime,anytime,sdssvep,10,2026,within,57,890.625,88.3333
reader_anytime,anytime,sdssvep,10,2026,within,58,906.25,91.6667
reader_anytime,anytime,sdssvep,10,2026,within,59,921.875,93.3333
reader_anytime,anytime,sdssvep,10,2026,within,60,937.5,91.6667
reader_anytime,anytime,sdssvep,10,2026,within,61,953.125,88.3333
reader_anytime,anytime,sdssvep,10,2026,within,62,968.75,90.0
reader_anytime,anytime,sdssvep,10,2026,within,63,984.375,93.3333
reader_anytime,anytime,sdssvep,10,2026,within,64,1000.0,96.6667
reader_anytime,anytime,sdssvep,10,2027,within,1,15.625,10.0
reader_anytime,anytime,sdssvep,10,2027,within,2,31.25,8.3333
reader_anytime,anytime,sdssvep,10,2027,within,3,46.875,8.3333
reader_anytime,anytime,sdssvep,10,2027,within,4,62.5,6.6667
reader_anytime,anytime,sdssvep,10,2027,within,5,78.125,15.0
reader_anytime,anytime,sdssvep,10,2027,within,6,93.75,13.3333
reader_anytime,anytime,sdssvep,10,2027,within,7,109.375,11.6667
reader_anytime,anytime,sdssvep,10,2027,within,8,125.0,10.0
reader_anytime,anytime,sdssvep,10,2027,within,9,140.625,16.6667
reader_anytime,anytime,sdssvep,10,2027,within,10,156.25,18.3333
reader_anytime,anytime,sdssvep,10,2027,within,11,171.875,26.6667
reader_anytime,anytime,sdssvep,10,2027,within,12,187.5,26.6667
reader_anytime,anytime,sdssvep,10,2027,within,13,203.125,26.6667
reader_anytime,anytime,sdssvep,10,2027,within,14,218.75,31.6667
reader_anytime,anytime,sdssvep,10,2027,within,15,234.375,30.0
reader_anytime,anytime,sdssvep,10,2027,within,16,250.0,36.6667
reader_anytime,anytime,sdssvep,10,2027,within,17,265.625,48.3333
reader_anytime,anytime,sdssvep,10,2027,within,18,281.25,48.3333
reader_anytime,anytime,sdssvep,10,2027,within,19,296.875,53.3333
reader_anytime,anytime,sdssvep,10,2027,within,20,312.5,55.0
reader_anytime,anytime,sdssvep,10,2027,within,21,328.125,68.3333
reader_anytime,anytime,sdssvep,10,2027,within,22,343.75,70.0
reader_anytime,anytime,sdssvep,10,2027,within,23,359.375,75.0
reader_anytime,anytime,sdssvep,10,2027,within,24,375.0,78.3333
reader_anytime,anytime,sdssvep,10,2027,within,25,390.625,76.6667
reader_anytime,anytime,sdssvep,10,2027,within,26,406.25,78.3333
reader_anytime,anytime,sdssvep,10,2027,within,27,421.875,81.6667
reader_anytime,anytime,sdssvep,10,2027,within,28,437.5,85.0
reader_anytime,anytime,sdssvep,10,2027,within,29,453.125,85.0
reader_anytime,anytime,sdssvep,10,2027,within,30,468.75,85.0
reader_anytime,anytime,sdssvep,10,2027,within,31,484.375,86.6667
reader_anytime,anytime,sdssvep,10,2027,within,32,500.0,85.0
reader_anytime,anytime,sdssvep,10,2027,within,33,515.625,86.6667
reader_anytime,anytime,sdssvep,10,2027,within,34,531.25,86.6667
reader_anytime,anytime,sdssvep,10,2027,within,35,546.875,88.3333
reader_anytime,anytime,sdssvep,10,2027,within,36,562.5,85.0
reader_anytime,anytime,sdssvep,10,2027,within,37,578.125,86.6667
reader_anytime,anytime,sdssvep,10,2027,within,38,593.75,88.3333
reader_anytime,anytime,sdssvep,10,2027,within,39,609.375,86.6667
reader_anytime,anytime,sdssvep,10,2027,within,40,625.0,88.3333
reader_anytime,anytime,sdssvep,10,2027,within,41,640.625,90.0
reader_anytime,anytime,sdssvep,10,2027,within,42,656.25,88.3333
reader_anytime,anytime,sdssvep,10,2027,within,43,671.875,88.3333
reader_anytime,anytime,sdssvep,10,2027,within,44,687.5,88.3333
reader_anytime,anytime,sdssvep,10,2027,within,45,703.125,90.0
reader_anytime,anytime,sdssvep,10,2027,within,46,718.75,88.3333
reader_anytime,anytime,sdssvep,10,2027,within,47,734.375,88.3333
reader_anytime,anytime,sdssvep,10,2027,within,48,750.0,88.3333
reader_anytime,anytime,sdssvep,10,2027,within,49,765.625,88.3333
reader_anytime,anytime,sdssvep,10,2027,within,50,781.25,88.3333
reader_anytime,anytime,sdssvep,10,2027,within,51,796.875,88.3333
reader_anytime,anytime,sdssvep,10,2027,within,52,812.5,93.3333
reader_anytime,anytime,sdssvep,10,2027,within,53,828.125,91.6667
reader_anytime,anytime,sdssvep,10,2027,within,54,843.75,91.6667
reader_anytime,anytime,sdssvep,10,2027,within,55,859.375,88.3333
reader_anytime,anytime,sdssvep,10,2027,within,56,875.0,88.3333
reader_anytime,anytime,sdssvep,10,2027,within,57,890.625,90.0
reader_anytime,anytime,sdssvep,10,2027,within,58,906.25,93.3333
reader_anytime,anytime,sdssvep,10,2027,within,59,921.875,93.3333
reader_anytime,anytime,sdssvep,10,2027,within,60,937.5,93.3333
reader_anytime,anytime,sdssvep,10,2027,within,61,953.125,91.6667
reader_anytime,anytime,sdssvep,10,2027,within,62,968.75,91.6667
reader_anytime,anytime,sdssvep,10,2027,within,63,984.375,93.3333
reader_anytime,anytime,sdssvep,10,2027,within,64,1000.0,98.3333
reader_anytime,anytime,sdssvep,1,2025,within,1,15.625,10.0
reader_anytime,anytime,sdssvep,1,2025,within,2,31.25,8.3333
reader_anytime,anytime,sdssvep,1,2025,within,3,46.875,11.6667
reader_anytime,anytime,sdssvep,1,2025,within,4,62.5,8.3333
reader_anytime,anytime,sdssvep,1,2025,within,5,78.125,23.3333
reader_anytime,anytime,sdssvep,1,2025,within,6,93.75,21.6667
reader_anytime,anytime,sdssvep,1,2025,within,7,109.375,26.6667
reader_anytime,anytime,sdssvep,1,2025,within,8,125.0,35.0
reader_anytime,anytime,sdssvep,1,2025,within,9,140.625,41.6667
reader_anytime,anytime,sdssvep,1,2025,within,10,156.25,40.0
reader_anytime,anytime,sdssvep,1,2025,within,11,171.875,48.3333
reader_anytime,anytime,sdssvep,1,2025,within,12,187.5,45.0
reader_anytime,anytime,sdssvep,1,2025,within,13,203.125,50.0
reader_anytime,anytime,sdssvep,1,2025,within,14,218.75,53.3333
reader_anytime,anytime,sdssvep,1,2025,within,15,234.375,53.3333
reader_anytime,anytime,sdssvep,1,2025,within,16,250.0,55.0
reader_anytime,anytime,sdssvep,1,2025,within,17,265.625,58.3333
reader_anytime,anytime,sdssvep,1,2025,within,18,281.25,61.6667
reader_anytime,anytime,sdssvep,1,2025,within,19,296.875,61.6667
reader_anytime,anytime,sdssvep,1,2025,within,20,312.5,63.3333
reader_anytime,anytime,sdssvep,1,2025,within,21,328.125,68.3333
reader_anytime,anytime,sdssvep,1,2025,within,22,343.75,76.6667
reader_anytime,anytime,sdssvep,1,2025,within,23,359.375,78.3333
reader_anytime,anytime,sdssvep,1,2025,within,24,375.0,78.3333
reader_anytime,anytime,sdssvep,1,2025,within,25,390.625,76.6667
reader_anytime,anytime,sdssvep,1,2025,within,26,406.25,78.3333
reader_anytime,anytime,sdssvep,1,2025,within,27,421.875,81.6667
reader_anytime,anytime,sdssvep,1,2025,within,28,437.5,80.0
reader_anytime,anytime,sdssvep,1,2025,within,29,453.125,80.0
reader_anytime,anytime,sdssvep,1,2025,within,30,468.75,81.6667
reader_anytime,anytime,sdssvep,1,2025,within,31,484.375,80.0
reader_anytime,anytime,sdssvep,1,2025,within,32,500.0,83.3333
reader_anytime,anytime,sdssvep,1,2025,within,33,515.625,85.0
reader_anytime,anytime,sdssvep,1,2025,within,34,531.25,85.0
reader_anytime,anytime,sdssvep,1,2025,within,35,546.875,85.0
reader_anytime,anytime,sdssvep,1,2025,within,36,562.5,85.0
reader_anytime,anytime,sdssvep,1,2025,within,37,578.125,83.3333
reader_anytime,anytime,sdssvep,1,2025,within,38,593.75,83.3333
reader_anytime,anytime,sdssvep,1,2025,within,39,609.375,85.0
reader_anytime,anytime,sdssvep,1,2025,within,40,625.0,86.6667
reader_anytime,anytime,sdssvep,1,2025,within,41,640.625,88.3333
reader_anytime,anytime,sdssvep,1,2025,within,42,656.25,86.6667
reader_anytime,anytime,sdssvep,1,2025,within,43,671.875,86.6667
reader_anytime,anytime,sdssvep,1,2025,within,44,687.5,86.6667
reader_anytime,anytime,sdssvep,1,2025,within,45,703.125,88.3333
reader_anytime,anytime,sdssvep,1,2025,within,46,718.75,86.6667
reader_anytime,anytime,sdssvep,1,2025,within,47,734.375,86.6667
reader_anytime,anytime,sdssvep,1,2025,within,48,750.0,88.3333
reader_anytime,anytime,sdssvep,1,2025,within,49,765.625,86.6667
reader_anytime,anytime,sdssvep,1,2025,within,50,781.25,86.6667
reader_anytime,anytime,sdssvep,1,2025,within,51,796.875,86.6667
reader_anytime,anytime,sdssvep,1,2025,within,52,812.5,88.3333
reader_anytime,anytime,sdssvep,1,2025,within,53,828.125,88.3333
reader_anytime,anytime,sdssvep,1,2025,within,54,843.75,88.3333
reader_anytime,anytime,sdssvep,1,2025,within,55,859.375,86.6667
reader_anytime,anytime,sdssvep,1,2025,within,56,875.0,90.0
reader_anytime,anytime,sdssvep,1,2025,within,57,890.625,86.6667
reader_anytime,anytime,sdssvep,1,2025,within,58,906.25,90.0
reader_anytime,anytime,sdssvep,1,2025,within,59,921.875,88.3333
reader_anytime,anytime,sdssvep,1,2025,within,60,937.5,86.6667
reader_anytime,anytime,sdssvep,1,2025,within,61,953.125,90.0
reader_anytime,anytime,sdssvep,1,2025,within,62,968.75,88.3333
reader_anytime,anytime,sdssvep,1,2025,within,63,984.375,86.6667
reader_anytime,anytime,sdssvep,1,2025,within,64,1000.0,93.3333
reader_anytime,anytime,sdssvep,1,2026,within,1,15.625,8.3333
reader_anytime,anytime,sdssvep,1,2026,within,2,31.25,8.3333
reader_anytime,anytime,sdssvep,1,2026,within,3,46.875,10.0
reader_anytime,anytime,sdssvep,1,2026,within,4,62.5,8.3333
reader_anytime,anytime,sdssvep,1,2026,within,5,78.125,18.3333
reader_anytime,anytime,sdssvep,1,2026,within,6,93.75,20.0
reader_anytime,anytime,sdssvep,1,2026,within,7,109.375,38.3333
reader_anytime,anytime,sdssvep,1,2026,within,8,125.0,35.0
reader_anytime,anytime,sdssvep,1,2026,within,9,140.625,43.3333
reader_anytime,anytime,sdssvep,1,2026,within,10,156.25,45.0
reader_anytime,anytime,sdssvep,1,2026,within,11,171.875,51.6667
reader_anytime,anytime,sdssvep,1,2026,within,12,187.5,50.0
reader_anytime,anytime,sdssvep,1,2026,within,13,203.125,53.3333
reader_anytime,anytime,sdssvep,1,2026,within,14,218.75,58.3333
reader_anytime,anytime,sdssvep,1,2026,within,15,234.375,55.0
reader_anytime,anytime,sdssvep,1,2026,within,16,250.0,63.3333
reader_anytime,anytime,sdssvep,1,2026,within,17,265.625,70.0
reader_anytime,anytime,sdssvep,1,2026,within,18,281.25,71.6667
reader_anytime,anytime,sdssvep,1,2026,within,19,296.875,71.6667
reader_anytime,anytime,sdssvep,1,2026,within,20,312.5,76.6667
reader_anytime,anytime,sdssvep,1,2026,within,21,328.125,76.6667
reader_anytime,anytime,sdssvep,1,2026,within,22,343.75,75.0
reader_anytime,anytime,sdssvep,1,2026,within,23,359.375,80.0
reader_anytime,anytime,sdssvep,1,2026,within,24,375.0,80.0
reader_anytime,anytime,sdssvep,1,2026,within,25,390.625,85.0
reader_anytime,anytime,sdssvep,1,2026,within,26,406.25,85.0
reader_anytime,anytime,sdssvep,1,2026,within,27,421.875,85.0
reader_anytime,anytime,sdssvep,1,2026,within,28,437.5,85.0
reader_anytime,anytime,sdssvep,1,2026,within,29,453.125,86.6667
reader_anytime,anytime,sdssvep,1,2026,within,30,468.75,88.3333
reader_anytime,anytime,sdssvep,1,2026,within,31,484.375,88.3333
reader_anytime,anytime,sdssvep,1,2026,within,32,500.0,86.6667
reader_anytime,anytime,sdssvep,1,2026,within,33,515.625,88.3333
reader_anytime,anytime,sdssvep,1,2026,within,34,531.25,88.3333
reader_anytime,anytime,sdssvep,1,2026,within,35,546.875,88.3333
reader_anytime,anytime,sdssvep,1,2026,within,36,562.5,88.3333
reader_anytime,anytime,sdssvep,1,2026,within,37,578.125,88.3333
reader_anytime,anytime,sdssvep,1,2026,within,38,593.75,88.3333
reader_anytime,anytime,sdssvep,1,2026,within,39,609.375,90.0
reader_anytime,anytime,sdssvep,1,2026,within,40,625.0,88.3333
reader_anytime,anytime,sdssvep,1,2026,within,41,640.625,90.0
reader_anytime,anytime,sdssvep,1,2026,within,42,656.25,88.3333
reader_anytime,anytime,sdssvep,1,2026,within,43,671.875,88.3333
reader_anytime,anytime,sdssvep,1,2026,within,44,687.5,90.0
reader_anytime,anytime,sdssvep,1,2026,within,45,703.125,90.0
reader_anytime,anytime,sdssvep,1,2026,within,46,718.75,90.0
reader_anytime,anytime,sdssvep,1,2026,within,47,734.375,90.0
reader_anytime,anytime,sdssvep,1,2026,within,48,750.0,90.0
reader_anytime,anytime,sdssvep,1,2026,within,49,765.625,90.0
reader_anytime,anytime,sdssvep,1,2026,within,50,781.25,90.0
reader_anytime,anytime,sdssvep,1,2026,within,51,796.875,91.6667
reader_anytime,anytime,sdssvep,1,2026,within,52,812.5,90.0
reader_anytime,anytime,sdssvep,1,2026,within,53,828.125,90.0
reader_anytime,anytime,sdssvep,1,2026,within,54,843.75,90.0
reader_anytime,anytime,sdssvep,1,2026,within,55,859.375,90.0
reader_anytime,anytime,sdssvep,1,2026,within,56,875.0,90.0
reader_anytime,anytime,sdssvep,1,2026,within,57,890.625,90.0
reader_anytime,anytime,sdssvep,1,2026,within,58,906.25,90.0
reader_anytime,anytime,sdssvep,1,2026,within,59,921.875,90.0
reader_anytime,anytime,sdssvep,1,2026,within,60,937.5,88.3333
reader_anytime,anytime,sdssvep,1,2026,within,61,953.125,90.0
reader_anytime,anytime,sdssvep,1,2026,within,62,968.75,90.0
reader_anytime,anytime,sdssvep,1,2026,within,63,984.375,90.0
reader_anytime,anytime,sdssvep,1,2026,within,64,1000.0,91.6667
reader_anytime,anytime,sdssvep,1,2027,within,1,15.625,10.0
reader_anytime,anytime,sdssvep,1,2027,within,2,31.25,11.6667
reader_anytime,anytime,sdssvep,1,2027,within,3,46.875,8.3333
reader_anytime,anytime,sdssvep,1,2027,within,4,62.5,16.6667
reader_anytime,anytime,sdssvep,1,2027,within,5,78.125,21.6667
reader_anytime,anytime,sdssvep,1,2027,within,6,93.75,30.0
reader_anytime,anytime,sdssvep,1,2027,within,7,109.375,36.6667
reader_anytime,anytime,sdssvep,1,2027,within,8,125.0,38.3333
reader_anytime,anytime,sdssvep,1,2027,within,9,140.625,41.6667
reader_anytime,anytime,sdssvep,1,2027,within,10,156.25,45.0
reader_anytime,anytime,sdssvep,1,2027,within,11,171.875,51.6667
reader_anytime,anytime,sdssvep,1,2027,within,12,187.5,53.3333
reader_anytime,anytime,sdssvep,1,2027,within,13,203.125,55.0
reader_anytime,anytime,sdssvep,1,2027,within,14,218.75,55.0
reader_anytime,anytime,sdssvep,1,2027,within,15,234.375,61.6667
reader_anytime,anytime,sdssvep,1,2027,within,16,250.0,68.3333
reader_anytime,anytime,sdssvep,1,2027,within,17,265.625,66.6667
reader_anytime,anytime,sdssvep,1,2027,within,18,281.25,68.3333
reader_anytime,anytime,sdssvep,1,2027,within,19,296.875,71.6667
reader_anytime,anytime,sdssvep,1,2027,within,20,312.5,73.3333
reader_anytime,anytime,sdssvep,1,2027,within,21,328.125,75.0
reader_anytime,anytime,sdssvep,1,2027,within,22,343.75,73.3333
reader_anytime,anytime,sdssvep,1,2027,within,23,359.375,76.6667
reader_anytime,anytime,sdssvep,1,2027,within,24,375.0,73.3333
reader_anytime,anytime,sdssvep,1,2027,within,25,390.625,76.6667
reader_anytime,anytime,sdssvep,1,2027,within,26,406.25,73.3333
reader_anytime,anytime,sdssvep,1,2027,within,27,421.875,75.0
reader_anytime,anytime,sdssvep,1,2027,within,28,437.5,76.6667
reader_anytime,anytime,sdssvep,1,2027,within,29,453.125,78.3333
reader_anytime,anytime,sdssvep,1,2027,within,30,468.75,76.6667
reader_anytime,anytime,sdssvep,1,2027,within,31,484.375,78.3333
reader_anytime,anytime,sdssvep,1,2027,within,32,500.0,78.3333
reader_anytime,anytime,sdssvep,1,2027,within,33,515.625,81.6667
reader_anytime,anytime,sdssvep,1,2027,within,34,531.25,78.3333
reader_anytime,anytime,sdssvep,1,2027,within,35,546.875,80.0
reader_anytime,anytime,sdssvep,1,2027,within,36,562.5,83.3333
reader_anytime,anytime,sdssvep,1,2027,within,37,578.125,78.3333
reader_anytime,anytime,sdssvep,1,2027,within,38,593.75,83.3333
reader_anytime,anytime,sdssvep,1,2027,within,39,609.375,85.0
reader_anytime,anytime,sdssvep,1,2027,within,40,625.0,83.3333
reader_anytime,anytime,sdssvep,1,2027,within,41,640.625,83.3333
reader_anytime,anytime,sdssvep,1,2027,within,42,656.25,83.3333
reader_anytime,anytime,sdssvep,1,2027,within,43,671.875,83.3333
reader_anytime,anytime,sdssvep,1,2027,within,44,687.5,83.3333
reader_anytime,anytime,sdssvep,1,2027,within,45,703.125,85.0
reader_anytime,anytime,sdssvep,1,2027,within,46,718.75,86.6667
reader_anytime,anytime,sdssvep,1,2027,within,47,734.375,86.6667
reader_anytime,anytime,sdssvep,1,2027,within,48,750.0,85.0
reader_anytime,anytime,sdssvep,1,2027,within,49,765.625,85.0
reader_anytime,anytime,sdssvep,1,2027,within,50,781.25,85.0
reader_anytime,anytime,sdssvep,1,2027,within,51,796.875,85.0
reader_anytime,anytime,sdssvep,1,2027,within,52,812.5,85.0
reader_anytime,anytime,sdssvep,1,2027,within,53,828.125,88.3333
reader_anytime,anytime,sdssvep,1,2027,within,54,843.75,85.0
reader_anytime,anytime,sdssvep,1,2027,within,55,859.375,85.0
reader_anytime,anytime,sdssvep,1,2027,within,56,875.0,86.6667
reader_anytime,anytime,sdssvep,1,2027,within,57,890.625,86.6667
reader_anytime,anytime,sdssvep,1,2027,within,58,906.25,86.6667
reader_anytime,anytime,sdssvep,1,2027,within,59,921.875,90.0
reader_anytime,anytime,sdssvep,1,2027,within,60,937.5,85.0
reader_anytime,anytime,sdssvep,1,2027,within,61,953.125,88.3333
reader_anytime,anytime,sdssvep,1,2027,within,62,968.75,86.6667
reader_anytime,anytime,sdssvep,1,2027,within,63,984.375,88.3333
reader_anytime,anytime,sdssvep,1,2027,within,64,1000.0,91.6667
reader_anytime,anytime,sdssvep,2,2025,within,1,15.625,6.6667
reader_anytime,anytime,sdssvep,2,2025,within,2,31.25,8.3333
reader_anytime,anytime,sdssvep,2,2025,within,3,46.875,8.3333
reader_anytime,anytime,sdssvep,2,2025,within,4,62.5,6.6667
reader_anytime,anytime,sdssvep,2,2025,within,5,78.125,8.3333
reader_anytime,anytime,sdssvep,2,2025,within,6,93.75,13.3333
reader_anytime,anytime,sdssvep,2,2025,within,7,109.375,18.3333
reader_anytime,anytime,sdssvep,2,2025,within,8,125.0,15.0
reader_anytime,anytime,sdssvep,2,2025,within,9,140.625,21.6667
reader_anytime,anytime,sdssvep,2,2025,within,10,156.25,23.3333
reader_anytime,anytime,sdssvep,2,2025,within,11,171.875,25.0
reader_anytime,anytime,sdssvep,2,2025,within,12,187.5,25.0
reader_anytime,anytime,sdssvep,2,2025,within,13,203.125,26.6667
reader_anytime,anytime,sdssvep,2,2025,within,14,218.75,28.3333
reader_anytime,anytime,sdssvep,2,2025,within,15,234.375,31.6667
reader_anytime,anytime,sdssvep,2,2025,within,16,250.0,33.3333
reader_anytime,anytime,sdssvep,2,2025,within,17,265.625,38.3333
reader_anytime,anytime,sdssvep,2,2025,within,18,281.25,38.3333
reader_anytime,anytime,sdssvep,2,2025,within,19,296.875,45.0
reader_anytime,anytime,sdssvep,2,2025,within,20,312.5,50.0
reader_anytime,anytime,sdssvep,2,2025,within,21,328.125,45.0
reader_anytime,anytime,sdssvep,2,2025,within,22,343.75,43.3333
reader_anytime,anytime,sdssvep,2,2025,within,23,359.375,45.0
reader_anytime,anytime,sdssvep,2,2025,within,24,375.0,41.6667
reader_anytime,anytime,sdssvep,2,2025,within,25,390.625,50.0
reader_anytime,anytime,sdssvep,2,2025,within,26,406.25,51.6667
reader_anytime,anytime,sdssvep,2,2025,within,27,421.875,53.3333
reader_anytime,anytime,sdssvep,2,2025,within,28,437.5,51.6667
reader_anytime,anytime,sdssvep,2,2025,within,29,453.125,53.3333
reader_anytime,anytime,sdssvep,2,2025,within,30,468.75,55.0
reader_anytime,anytime,sdssvep,2,2025,within,31,484.375,56.6667
reader_anytime,anytime,sdssvep,2,2025,within,32,500.0,56.6667
reader_anytime,anytime,sdssvep,2,2025,within,33,515.625,56.6667
reader_anytime,anytime,sdssvep,2,2025,within,34,531.25,55.0
reader_anytime,anytime,sdssvep,2,2025,within,35,546.875,56.6667
reader_anytime,anytime,sdssvep,2,2025,within,36,562.5,60.0
reader_anytime,anytime,sdssvep,2,2025,within,37,578.125,63.3333
reader_anytime,anytime,sdssvep,2,2025,within,38,593.75,60.0
reader_anytime,anytime,sdssvep,2,2025,within,39,609.375,61.6667
reader_anytime,anytime,sdssvep,2,2025,within,40,625.0,61.6667
reader_anytime,anytime,sdssvep,2,2025,within,41,640.625,65.0
reader_anytime,anytime,sdssvep,2,2025,within,42,656.25,66.6667
reader_anytime,anytime,sdssvep,2,2025,within,43,671.875,66.6667
reader_anytime,anytime,sdssvep,2,2025,within,44,687.5,65.0
reader_anytime,anytime,sdssvep,2,2025,within,45,703.125,66.6667
reader_anytime,anytime,sdssvep,2,2025,within,46,718.75,68.3333
reader_anytime,anytime,sdssvep,2,2025,within,47,734.375,70.0
reader_anytime,anytime,sdssvep,2,2025,within,48,750.0,68.3333
reader_anytime,anytime,sdssvep,2,2025,within,49,765.625,68.3333
reader_anytime,anytime,sdssvep,2,2025,within,50,781.25,71.6667
reader_anytime,anytime,sdssvep,2,2025,within,51,796.875,75.0
reader_anytime,anytime,sdssvep,2,2025,within,52,812.5,70.0
reader_anytime,anytime,sdssvep,2,2025,within,53,828.125,71.6667
reader_anytime,anytime,sdssvep,2,2025,within,54,843.75,75.0
reader_anytime,anytime,sdssvep,2,2025,within,55,859.375,78.3333
reader_anytime,anytime,sdssvep,2,2025,within,56,875.0,76.6667
reader_anytime,anytime,sdssvep,2,2025,within,57,890.625,73.3333
reader_anytime,anytime,sdssvep,2,2025,within,58,906.25,78.3333
reader_anytime,anytime,sdssvep,2,2025,within,59,921.875,81.6667
reader_anytime,anytime,sdssvep,2,2025,within,60,937.5,83.3333
reader_anytime,anytime,sdssvep,2,2025,within,61,953.125,73.3333
reader_anytime,anytime,sdssvep,2,2025,within,62,968.75,75.0
reader_anytime,anytime,sdssvep,2,2025,within,63,984.375,83.3333
reader_anytime,anytime,sdssvep,2,2025,within,64,1000.0,88.3333
reader_anytime,anytime,sdssvep,2,2026,within,1,15.625,8.3333
reader_anytime,anytime,sdssvep,2,2026,within,2,31.25,8.3333
reader_anytime,anytime,sdssvep,2,2026,within,3,46.875,8.3333
reader_anytime,anytime,sdssvep,2,2026,within,4,62.5,6.6667
reader_anytime,anytime,sdssvep,2,2026,within,5,78.125,8.3333
reader_anytime,anytime,sdssvep,2,2026,within,6,93.75,10.0
reader_anytime,anytime,sdssvep,2,2026,within,7,109.375,10.0
reader_anytime,anytime,sdssvep,2,2026,within,8,125.0,10.0
reader_anytime,anytime,sdssvep,2,2026,within,9,140.625,15.0
reader_anytime,anytime,sdssvep,2,2026,within,10,156.25,21.6667
reader_anytime,anytime,sdssvep,2,2026,within,11,171.875,23.3333
reader_anytime,anytime,sdssvep,2,2026,within,12,187.5,21.6667
reader_anytime,anytime,sdssvep,2,2026,within,13,203.125,25.0
reader_anytime,anytime,sdssvep,2,2026,within,14,218.75,25.0
reader_anytime,anytime,sdssvep,2,2026,within,15,234.375,36.6667
reader_anytime,anytime,sdssvep,2,2026,within,16,250.0,36.6667
reader_anytime,anytime,sdssvep,2,2026,within,17,265.625,33.3333
reader_anytime,anytime,sdssvep,2,2026,within,18,281.25,35.0
reader_anytime,anytime,sdssvep,2,2026,within,19,296.875,41.6667
reader_anytime,anytime,sdssvep,2,2026,within,20,312.5,35.0
reader_anytime,anytime,sdssvep,2,2026,within,21,328.125,41.6667
reader_anytime,anytime,sdssvep,2,2026,within,22,343.75,48.3333
reader_anytime,anytime,sdssvep,2,2026,within,23,359.375,45.0
reader_anytime,anytime,sdssvep,2,2026,within,24,375.0,45.0
reader_anytime,anytime,sdssvep,2,2026,within,25,390.625,51.6667
reader_anytime,anytime,sdssvep,2,2026,within,26,406.25,45.0
reader_anytime,anytime,sdssvep,2,2026,within,27,421.875,45.0
reader_anytime,anytime,sdssvep,2,2026,within,28,437.5,43.3333
reader_anytime,anytime,sdssvep,2,2026,within,29,453.125,51.6667
reader_anytime,anytime,sdssvep,2,2026,within,30,468.75,53.3333
reader_anytime,anytime,sdssvep,2,2026,within,31,484.375,55.0
reader_anytime,anytime,sdssvep,2,2026,within,32,500.0,55.0
reader_anytime,anytime,sdssvep,2,2026,within,33,515.625,53.3333
reader_anytime,anytime,sdssvep,2,2026,within,34,531.25,56.6667
reader_anytime,anytime,sdssvep,2,2026,within,35,546.875,56.6667
reader_anytime,anytime,sdssvep,2,2026,within,36,562.5,55.0
reader_anytime,anytime,sdssvep,2,2026,within,37,578.125,60.0
reader_anytime,anytime,sdssvep,2,2026,within,38,593.75,63.3333
reader_anytime,anytime,sdssvep,2,2026,within,39,609.375,60.0
reader_anytime,anytime,sdssvep,2,2026,within,40,625.0,61.6667
reader_anytime,anytime,sdssvep,2,2026,within,41,640.625,65.0
reader_anytime,anytime,sdssvep,2,2026,within,42,656.25,65.0
reader_anytime,anytime,sdssvep,2,2026,within,43,671.875,65.0
reader_anytime,anytime,sdssvep,2,2026,within,44,687.5,68.3333
reader_anytime,anytime,sdssvep,2,2026,within,45,703.125,68.3333
reader_anytime,anytime,sdssvep,2,2026,within,46,718.75,70.0
reader_anytime,anytime,sdssvep,2,2026,within,47,734.375,71.6667
reader_anytime,anytime,sdssvep,2,2026,within,48,750.0,68.3333
reader_anytime,anytime,sdssvep,2,2026,within,49,765.625,68.3333
reader_anytime,anytime,sdssvep,2,2026,within,50,781.25,73.3333
reader_anytime,anytime,sdssvep,2,2026,within,51,796.875,71.6667
reader_anytime,anytime,sdssvep,2,2026,within,52,812.5,68.3333
reader_anytime,anytime,sdssvep,2,2026,within,53,828.125,68.3333
reader_anytime,anytime,sdssvep,2,2026,within,54,843.75,70.0
reader_anytime,anytime,sdssvep,2,2026,within,55,859.375,73.3333
reader_anytime,anytime,sdssvep,2,2026,within,56,875.0,71.6667
reader_anytime,anytime,sdssvep,2,2026,within,57,890.625,71.6667
reader_anytime,anytime,sdssvep,2,2026,within,58,906.25,71.6667
reader_anytime,anytime,sdssvep,2,2026,within,59,921.875,76.6667
reader_anytime,anytime,sdssvep,2,2026,within,60,937.5,75.0
reader_anytime,anytime,sdssvep,2,2026,within,61,953.125,71.6667
reader_anytime,anytime,sdssvep,2,2026,within,62,968.75,73.3333
reader_anytime,anytime,sdssvep,2,2026,within,63,984.375,71.6667
reader_anytime,anytime,sdssvep,2,2026,within,64,1000.0,86.6667
reader_anytime,anytime,sdssvep,2,2027,within,1,15.625,6.6667
reader_anytime,anytime,sdssvep,2,2027,within,2,31.25,8.3333
reader_anytime,anytime,sdssvep,2,2027,within,3,46.875,8.3333
reader_anytime,anytime,sdssvep,2,2027,within,4,62.5,10.0
reader_anytime,anytime,sdssvep,2,2027,within,5,78.125,8.3333
reader_anytime,anytime,sdssvep,2,2027,within,6,93.75,15.0
reader_anytime,anytime,sdssvep,2,2027,within,7,109.375,10.0
reader_anytime,anytime,sdssvep,2,2027,within,8,125.0,18.3333
reader_anytime,anytime,sdssvep,2,2027,within,9,140.625,16.6667
reader_anytime,anytime,sdssvep,2,2027,within,10,156.25,21.6667
reader_anytime,anytime,sdssvep,2,2027,within,11,171.875,21.6667
reader_anytime,anytime,sdssvep,2,2027,within,12,187.5,26.6667
reader_anytime,anytime,sdssvep,2,2027,within,13,203.125,25.0
reader_anytime,anytime,sdssvep,2,2027,within,14,218.75,26.6667
reader_anytime,anytime,sdssvep,2,2027,within,15,234.375,30.0
reader_anytime,anytime,sdssvep,2,2027,within,16,250.0,31.6667
reader_anytime,anytime,sdssvep,2,2027,within,17,265.625,33.3333
reader_anytime,anytime,sdssvep,2,2027,within,18,281.25,33.3333
reader_anytime,anytime,sdssvep,2,2027,within,19,296.875,38.3333
reader_anytime,anytime,sdssvep,2,2027,within,20,312.5,36.6667
reader_anytime,anytime,sdssvep,2,2027,within,21,328.125,35.0
reader_anytime,anytime,sdssvep,2,2027,within,22,343.75,40.0
reader_anytime,anytime,sdssvep,2,2027,within,23,359.375,35.0
reader_anytime,anytime,sdssvep,2,2027,within,24,375.0,35.0
reader_anytime,anytime,sdssvep,2,2027,within,25,390.625,38.3333
reader_anytime,anytime,sdssvep,2,2027,within,26,406.25,40.0
reader_anytime,anytime,sdssvep,2,2027,within,27,421.875,43.3333
reader_anytime,anytime,sdssvep,2,2027,within,28,437.5,41.6667
reader_anytime,anytime,sdssvep,2,2027,within,29,453.125,40.0
reader_anytime,anytime,sdssvep,2,2027,within,30,468.75,48.3333
reader_anytime,anytime,sdssvep,2,2027,within,31,484.375,50.0
reader_anytime,anytime,sdssvep,2,2027,within,32,500.0,51.6667
reader_anytime,anytime,sdssvep,2,2027,within,33,515.625,46.6667
reader_anytime,anytime,sdssvep,2,2027,within,34,531.25,43.3333
reader_anytime,anytime,sdssvep,2,2027,within,35,546.875,53.3333
reader_anytime,anytime,sdssvep,2,2027,within,36,562.5,55.0
reader_anytime,anytime,sdssvep,2,2027,within,37,578.125,61.6667
reader_anytime,anytime,sdssvep,2,2027,within,38,593.75,61.6667
reader_anytime,anytime,sdssvep,2,2027,within,39,609.375,58.3333
reader_anytime,anytime,sdssvep,2,2027,within,40,625.0,60.0
reader_anytime,anytime,sdssvep,2,2027,within,41,640.625,60.0
reader_anytime,anytime,sdssvep,2,2027,within,42,656.25,65.0
reader_anytime,anytime,sdssvep,2,2027,within,43,671.875,65.0
reader_anytime,anytime,sdssvep,2,2027,within,44,687.5,68.3333
reader_anytime,anytime,sdssvep,2,2027,within,45,703.125,63.3333
reader_anytime,anytime,sdssvep,2,2027,within,46,718.75,66.6667
reader_anytime,anytime,sdssvep,2,2027,within,47,734.375,66.6667
reader_anytime,anytime,sdssvep,2,2027,within,48,750.0,66.6667
reader_anytime,anytime,sdssvep,2,2027,within,49,765.625,70.0
reader_anytime,anytime,sdssvep,2,2027,within,50,781.25,70.0
reader_anytime,anytime,sdssvep,2,2027,within,51,796.875,75.0
reader_anytime,anytime,sdssvep,2,2027,within,52,812.5,75.0
reader_anytime,anytime,sdssvep,2,2027,within,53,828.125,71.6667
reader_anytime,anytime,sdssvep,2,2027,within,54,843.75,71.6667
reader_anytime,anytime,sdssvep,2,2027,within,55,859.375,75.0
reader_anytime,anytime,sdssvep,2,2027,within,56,875.0,73.3333
reader_anytime,anytime,sdssvep,2,2027,within,57,890.625,73.3333
reader_anytime,anytime,sdssvep,2,2027,within,58,906.25,80.0
reader_anytime,anytime,sdssvep,2,2027,within,59,921.875,80.0
reader_anytime,anytime,sdssvep,2,2027,within,60,937.5,75.0
reader_anytime,anytime,sdssvep,2,2027,within,61,953.125,75.0
reader_anytime,anytime,sdssvep,2,2027,within,62,968.75,75.0
reader_anytime,anytime,sdssvep,2,2027,within,63,984.375,78.3333
reader_anytime,anytime,sdssvep,2,2027,within,64,1000.0,93.3333
reader_anytime,anytime,sdssvep,3,2025,within,1,15.625,8.3333
reader_anytime,anytime,sdssvep,3,2025,within,2,31.25,8.3333
reader_anytime,anytime,sdssvep,3,2025,within,3,46.875,8.3333
reader_anytime,anytime,sdssvep,3,2025,within,4,62.5,10.0
reader_anytime,anytime,sdssvep,3,2025,within,5,78.125,8.3333
reader_anytime,anytime,sdssvep,3,2025,within,6,93.75,11.6667
reader_anytime,anytime,sdssvep,3,2025,within,7,109.375,26.6667
reader_anytime,anytime,sdssvep,3,2025,within,8,125.0,23.3333
reader_anytime,anytime,sdssvep,3,2025,within,9,140.625,25.0
reader_anytime,anytime,sdssvep,3,2025,within,10,156.25,28.3333
reader_anytime,anytime,sdssvep,3,2025,within,11,171.875,31.6667
reader_anytime,anytime,sdssvep,3,2025,within,12,187.5,33.3333
reader_anytime,anytime,sdssvep,3,2025,within,13,203.125,31.6667
reader_anytime,anytime,sdssvep,3,2025,within,14,218.75,36.6667
reader_anytime,anytime,sdssvep,3,2025,within,15,234.375,43.3333
reader_anytime,anytime,sdssvep,3,2025,within,16,250.0,41.6667
reader_anytime,anytime,sdssvep,3,2025,within,17,265.625,46.6667
reader_anytime,anytime,sdssvep,3,2025,within,18,281.25,46.6667
reader_anytime,anytime,sdssvep,3,2025,within,19,296.875,45.0
reader_anytime,anytime,sdssvep,3,2025,within,20,312.5,51.6667
reader_anytime,anytime,sdssvep,3,2025,within,21,328.125,56.6667
reader_anytime,anytime,sdssvep,3,2025,within,22,343.75,55.0
reader_anytime,anytime,sdssvep,3,2025,within,23,359.375,58.3333
reader_anytime,anytime,sdssvep,3,2025,within,24,375.0,56.6667
reader_anytime,anytime,sdssvep,3,2025,within,25,390.625,55.0
reader_anytime,anytime,sdssvep,3,2025,within,26,406.25,51.6667
reader_anytime,anytime,sdssvep,3,2025,within,27,421.875,55.0
reader_anytime,anytime,sdssvep,3,2025,within,28,437.5,56.6667
reader_anytime,anytime,sdssvep,3,2025,within,29,453.125,60.0
reader_anytime,anytime,sdssvep,3,2025,within,30,468.75,58.3333
reader_anytime,anytime,sdssvep,3,2025,within,31,484.375,60.0
reader_anytime,anytime,sdssvep,3,2025,within,32,500.0,56.6667
reader_anytime,anytime,sdssvep,3,2025,within,33,515.625,58.3333
reader_anytime,anytime,sdssvep,3,2025,within,34,531.25,63.3333
reader_anytime,anytime,sdssvep,3,2025,within,35,546.875,58.3333
reader_anytime,anytime,sdssvep,3,2025,within,36,562.5,55.0
reader_anytime,anytime,sdssvep,3,2025,within,37,578.125,58.3333
reader_anytime,anytime,sdssvep,3,2025,within,38,593.75,58.3333
reader_anytime,anytime,sdssvep,3,2025,within,39,609.375,60.0
reader_anytime,anytime,sdssvep,3,2025,within,40,625.0,58.3333
reader_anytime,anytime,sdssvep,3,2025,within,41,640.625,60.0
reader_anytime,anytime,sdssvep,3,2025,within,42,656.25,58.3333
reader_anytime,anytime,sdssvep,3,2025,within,43,671.875,61.6667
reader_anytime,anytime,sdssvep,3,2025,within,44,687.5,58.3333
reader_anytime,anytime,sdssvep,3,2025,within,45,703.125,60.0
reader_anytime,anytime,sdssvep,3,2025,within,46,718.75,61.6667
reader_anytime,anytime,sdssvep,3,2025,within,47,734.375,63.3333
reader_anytime,anytime,sdssvep,3,2025,within,48,750.0,60.0
reader_anytime,anytime,sdssvep,3,2025,within,49,765.625,60.0
reader_anytime,anytime,sdssvep,3,2025,within,50,781.25,63.3333
reader_anytime,anytime,sdssvep,3,2025,within,51,796.875,58.3333
reader_anytime,anytime,sdssvep,3,2025,within,52,812.5,63.3333
reader_anytime,anytime,sdssvep,3,2025,within,53,828.125,61.6667
reader_anytime,anytime,sdssvep,3,2025,within,54,843.75,63.3333
reader_anytime,anytime,sdssvep,3,2025,within,55,859.375,63.3333
reader_anytime,anytime,sdssvep,3,2025,within,56,875.0,56.6667
reader_anytime,anytime,sdssvep,3,2025,within,57,890.625,63.3333
reader_anytime,anytime,sdssvep,3,2025,within,58,906.25,63.3333
reader_anytime,anytime,sdssvep,3,2025,within,59,921.875,65.0
reader_anytime,anytime,sdssvep,3,2025,within,60,937.5,63.3333
reader_anytime,anytime,sdssvep,3,2025,within,61,953.125,60.0
reader_anytime,anytime,sdssvep,3,2025,within,62,968.75,58.3333
reader_anytime,anytime,sdssvep,3,2025,within,63,984.375,63.3333
reader_anytime,anytime,sdssvep,3,2025,within,64,1000.0,73.3333
reader_anytime,anytime,sdssvep,3,2026,within,1,15.625,8.3333
reader_anytime,anytime,sdssvep,3,2026,within,2,31.25,8.3333
reader_anytime,anytime,sdssvep,3,2026,within,3,46.875,6.6667
reader_anytime,anytime,sdssvep,3,2026,within,4,62.5,8.3333
reader_anytime,anytime,sdssvep,3,2026,within,5,78.125,13.3333
reader_anytime,anytime,sdssvep,3,2026,within,6,93.75,15.0
reader_anytime,anytime,sdssvep,3,2026,within,7,109.375,25.0
reader_anytime,anytime,sdssvep,3,2026,within,8,125.0,23.3333
reader_anytime,anytime,sdssvep,3,2026,within,9,140.625,28.3333
reader_anytime,anytime,sdssvep,3,2026,within,10,156.25,28.3333
reader_anytime,anytime,sdssvep,3,2026,within,11,171.875,28.3333
reader_anytime,anytime,sdssvep,3,2026,within,12,187.5,28.3333
reader_anytime,anytime,sdssvep,3,2026,within,13,203.125,38.3333
reader_anytime,anytime,sdssvep,3,2026,within,14,218.75,36.6667
reader_anytime,anytime,sdssvep,3,2026,within,15,234.375,38.3333
reader_anytime,anytime,sdssvep,3,2026,within,16,250.0,40.0
reader_anytime,anytime,sdssvep,3,2026,within,17,265.625,45.0
reader_anytime,anytime,sdssvep,3,2026,within,18,281.25,45.0
reader_anytime,anytime,sdssvep,3,2026,within,19,296.875,48.3333
reader_anytime,anytime,sdssvep,3,2026,within,20,312.5,43.3333
reader_anytime,anytime,sdssvep,3,2026,within,21,328.125,48.3333
reader_anytime,anytime,sdssvep,3,2026,within,22,343.75,48.3333
reader_anytime,anytime,sdssvep,3,2026,within,23,359.375,51.6667
reader_anytime,anytime,sdssvep,3,2026,within,24,375.0,51.6667
reader_anytime,anytime,sdssvep,3,2026,within,25,390.625,50.0
reader_anytime,anytime,sdssvep,3,2026,within,26,406.25,46.6667
reader_anytime,anytime,sdssvep,3,2026,within,27,421.875,53.3333
reader_anytime,anytime,sdssvep,3,2026,within,28,437.5,53.3333
reader_anytime,anytime,sdssvep,3,2026,within,29,453.125,55.0
reader_anytime,anytime,sdssvep,3,2026,within,30,468.75,55.0
reader_anytime,anytime,sdssvep,3,2026,within,31,484.375,55.0
reader_anytime,anytime,sdssvep,3,2026,within,32,500.0,56.6667
reader_anytime,anytime,sdssvep,3,2026,within,33,515.625,55.0
reader_anytime,anytime,sdssvep,3,2026,within,34,531.25,55.0
reader_anytime,anytime,sdssvep,3,2026,within,35,546.875,55.0
reader_anytime,anytime,sdssvep,3,2026,within,36,562.5,56.6667
reader_anytime,anytime,sdssvep,3,2026,within,37,578.125,60.0
reader_anytime,anytime,sdssvep,3,2026,within,38,593.75,53.3333
reader_anytime,anytime,sdssvep,3,2026,within,39,609.375,58.3333
reader_anytime,anytime,sdssvep,3,2026,within,40,625.0,60.0
reader_anytime,anytime,sdssvep,3,2026,within,41,640.625,63.3333
reader_anytime,anytime,sdssvep,3,2026,within,42,656.25,61.6667
reader_anytime,anytime,sdssvep,3,2026,within,43,671.875,63.3333
reader_anytime,anytime,sdssvep,3,2026,within,44,687.5,63.3333
reader_anytime,anytime,sdssvep,3,2026,within,45,703.125,63.3333
reader_anytime,anytime,sdssvep,3,2026,within,46,718.75,58.3333
reader_anytime,anytime,sdssvep,3,2026,within,47,734.375,61.6667
reader_anytime,anytime,sdssvep,3,2026,within,48,750.0,61.6667
reader_anytime,anytime,sdssvep,3,2026,within,49,765.625,63.3333
reader_anytime,anytime,sdssvep,3,2026,within,50,781.25,61.6667
reader_anytime,anytime,sdssvep,3,2026,within,51,796.875,63.3333
reader_anytime,anytime,sdssvep,3,2026,within,52,812.5,61.6667
reader_anytime,anytime,sdssvep,3,2026,within,53,828.125,60.0
reader_anytime,anytime,sdssvep,3,2026,within,54,843.75,60.0
reader_anytime,anytime,sdssvep,3,2026,within,55,859.375,60.0
reader_anytime,anytime,sdssvep,3,2026,within,56,875.0,61.6667
reader_anytime,anytime,sdssvep,3,2026,within,57,890.625,65.0
reader_anytime,anytime,sdssvep,3,2026,within,58,906.25,63.3333
reader_anytime,anytime,sdssvep,3,2026,within,59,921.875,65.0
reader_anytime,anytime,sdssvep,3,2026,within,60,937.5,66.6667
reader_anytime,anytime,sdssvep,3,2026,within,61,953.125,56.6667
reader_anytime,anytime,sdssvep,3,2026,within,62,968.75,61.6667
reader_anytime,anytime,sdssvep,3,2026,within,63,984.375,65.0
reader_anytime,anytime,sdssvep,3,2026,within,64,1000.0,78.3333
reader_anytime,anytime,sdssvep,3,2027,within,1,15.625,16.6667
reader_anytime,anytime,sdssvep,3,2027,within,2,31.25,11.6667
reader_anytime,anytime,sdssvep,3,2027,within,3,46.875,11.6667
reader_anytime,anytime,sdssvep,3,2027,within,4,62.5,15.0
reader_anytime,anytime,sdssvep,3,2027,within,5,78.125,20.0
reader_anytime,anytime,sdssvep,3,2027,within,6,93.75,20.0
reader_anytime,anytime,sdssvep,3,2027,within,7,109.375,16.6667
reader_anytime,anytime,sdssvep,3,2027,within,8,125.0,18.3333
reader_anytime,anytime,sdssvep,3,2027,within,9,140.625,23.3333
reader_anytime,anytime,sdssvep,3,2027,within,10,156.25,26.6667
reader_anytime,anytime,sdssvep,3,2027,within,11,171.875,30.0
reader_anytime,anytime,sdssvep,3,2027,within,12,187.5,35.0
reader_anytime,anytime,sdssvep,3,2027,within,13,203.125,28.3333
reader_anytime,anytime,sdssvep,3,2027,within,14,218.75,35.0
reader_anytime,anytime,sdssvep,3,2027,within,15,234.375,36.6667
reader_anytime,anytime,sdssvep,3,2027,within,16,250.0,33.3333
reader_anytime,anytime,sdssvep,3,2027,within,17,265.625,38.3333
reader_anytime,anytime,sdssvep,3,2027,within,18,281.25,38.3333
reader_anytime,anytime,sdssvep,3,2027,within,19,296.875,45.0
reader_anytime,anytime,sdssvep,3,2027,within,20,312.5,50.0
reader_anytime,anytime,sdssvep,3,2027,within,21,328.125,50.0
reader_anytime,anytime,sdssvep,3,2027,within,22,343.75,50.0
reader_anytime,anytime,sdssvep,3,2027,within,23,359.375,50.0
reader_anytime,anytime,sdssvep,3,2027,within,24,375.0,50.0
reader_anytime,anytime,sdssvep,3,2027,within,25,390.625,51.6667
reader_anytime,anytime,sdssvep,3,2027,within,26,406.25,51.6667
reader_anytime,anytime,sdssvep,3,2027,within,27,421.875,48.3333
reader_anytime,anytime,sdssvep,3,2027,within,28,437.5,55.0
reader_anytime,anytime,sdssvep,3,2027,within,29,453.125,55.0
reader_anytime,anytime,sdssvep,3,2027,within,30,468.75,51.6667
reader_anytime,anytime,sdssvep,3,2027,within,31,484.375,51.6667
reader_anytime,anytime,sdssvep,3,2027,within,32,500.0,51.6667
reader_anytime,anytime,sdssvep,3,2027,within,33,515.625,51.6667
reader_anytime,anytime,sdssvep,3,2027,within,34,531.25,55.0
reader_anytime,anytime,sdssvep,3,2027,within,35,546.875,55.0
reader_anytime,anytime,sdssvep,3,2027,within,36,562.5,55.0
reader_anytime,anytime,sdssvep,3,2027,within,37,578.125,51.6667
reader_anytime,anytime,sdssvep,3,2027,within,38,593.75,51.6667
reader_anytime,anytime,sdssvep,3,2027,within,39,609.375,53.3333
reader_anytime,anytime,sdssvep,3,2027,within,40,625.0,60.0
reader_anytime,anytime,sdssvep,3,2027,within,41,640.625,56.6667
reader_anytime,anytime,sdssvep,3,2027,within,42,656.25,51.6667
reader_anytime,anytime,sdssvep,3,2027,within,43,671.875,53.3333
reader_anytime,anytime,sdssvep,3,2027,within,44,687.5,53.3333
reader_anytime,anytime,sdssvep,3,2027,within,45,703.125,56.6667
reader_anytime,anytime,sdssvep,3,2027,within,46,718.75,60.0
reader_anytime,anytime,sdssvep,3,2027,within,47,734.375,58.3333
reader_anytime,anytime,sdssvep,3,2027,within,48,750.0,53.3333
reader_anytime,anytime,sdssvep,3,2027,within,49,765.625,60.0
reader_anytime,anytime,sdssvep,3,2027,within,50,781.25,60.0
reader_anytime,anytime,sdssvep,3,2027,within,51,796.875,60.0
reader_anytime,anytime,sdssvep,3,2027,within,52,812.5,58.3333
reader_anytime,anytime,sdssvep,3,2027,within,53,828.125,55.0
reader_anytime,anytime,sdssvep,3,2027,within,54,843.75,56.6667
reader_anytime,anytime,sdssvep,3,2027,within,55,859.375,58.3333
reader_anytime,anytime,sdssvep,3,2027,within,56,875.0,61.6667
reader_anytime,anytime,sdssvep,3,2027,within,57,890.625,60.0
reader_anytime,anytime,sdssvep,3,2027,within,58,906.25,58.3333
reader_anytime,anytime,sdssvep,3,2027,within,59,921.875,60.0
reader_anytime,anytime,sdssvep,3,2027,within,60,937.5,61.6667
reader_anytime,anytime,sdssvep,3,2027,within,61,953.125,56.6667
reader_anytime,anytime,sdssvep,3,2027,within,62,968.75,58.3333
reader_anytime,anytime,sdssvep,3,2027,within,63,984.375,60.0
reader_anytime,anytime,sdssvep,3,2027,within,64,1000.0,66.6667
reader_anytime,anytime,sdssvep,4,2025,within,1,15.625,8.3333
reader_anytime,anytime,sdssvep,4,2025,within,2,31.25,8.3333
reader_anytime,anytime,sdssvep,4,2025,within,3,46.875,20.0
reader_anytime,anytime,sdssvep,4,2025,within,4,62.5,13.3333
reader_anytime,anytime,sdssvep,4,2025,within,5,78.125,35.0
reader_anytime,anytime,sdssvep,4,2025,within,6,93.75,30.0
reader_anytime,anytime,sdssvep,4,2025,within,7,109.375,41.6667
reader_anytime,anytime,sdssvep,4,2025,within,8,125.0,40.0
reader_anytime,anytime,sdssvep,4,2025,within,9,140.625,60.0
reader_anytime,anytime,sdssvep,4,2025,within,10,156.25,61.6667
reader_anytime,anytime,sdssvep,4,2025,within,11,171.875,70.0
reader_anytime,anytime,sdssvep,4,2025,within,12,187.5,68.3333
reader_anytime,anytime,sdssvep,4,2025,within,13,203.125,75.0
reader_anytime,anytime,sdssvep,4,2025,within,14,218.75,71.6667
reader_anytime,anytime,sdssvep,4,2025,within,15,234.375,71.6667
reader_anytime,anytime,sdssvep,4,2025,within,16,250.0,75.0
reader_anytime,anytime,sdssvep,4,2025,within,17,265.625,80.0
reader_anytime,anytime,sdssvep,4,2025,within,18,281.25,80.0
reader_anytime,anytime,sdssvep,4,2025,within,19,296.875,80.0
reader_anytime,anytime,sdssvep,4,2025,within,20,312.5,80.0
reader_anytime,anytime,sdssvep,4,2025,within,21,328.125,81.6667
reader_anytime,anytime,sdssvep,4,2025,within,22,343.75,85.0
reader_anytime,anytime,sdssvep,4,2025,within,23,359.375,83.3333
reader_anytime,anytime,sdssvep,4,2025,within,24,375.0,83.3333
reader_anytime,anytime,sdssvep,4,2025,within,25,390.625,85.0
reader_anytime,anytime,sdssvep,4,2025,within,26,406.25,88.3333
reader_anytime,anytime,sdssvep,4,2025,within,27,421.875,86.6667
reader_anytime,anytime,sdssvep,4,2025,within,28,437.5,86.6667
reader_anytime,anytime,sdssvep,4,2025,within,29,453.125,88.3333
reader_anytime,anytime,sdssvep,4,2025,within,30,468.75,88.3333
reader_anytime,anytime,sdssvep,4,2025,within,31,484.375,88.3333
reader_anytime,anytime,sdssvep,4,2025,within,32,500.0,88.3333
reader_anytime,anytime,sdssvep,4,2025,within,33,515.625,88.3333
reader_anytime,anytime,sdssvep,4,2025,within,34,531.25,86.6667
reader_anytime,anytime,sdssvep,4,2025,within,35,546.875,90.0
reader_anytime,anytime,sdssvep,4,2025,within,36,562.5,88.3333
reader_anytime,anytime,sdssvep,4,2025,within,37,578.125,88.3333
reader_anytime,anytime,sdssvep,4,2025,within,38,593.75,86.6667
reader_anytime,anytime,sdssvep,4,2025,within,39,609.375,90.0
reader_anytime,anytime,sdssvep,4,2025,within,40,625.0,90.0
reader_anytime,anytime,sdssvep,4,2025,within,41,640.625,88.3333
reader_anytime,anytime,sdssvep,4,2025,within,42,656.25,90.0
reader_anytime,anytime,sdssvep,4,2025,within,43,671.875,90.0
reader_anytime,anytime,sdssvep,4,2025,within,44,687.5,90.0
reader_anytime,anytime,sdssvep,4,2025,within,45,703.125,91.6667
reader_anytime,anytime,sdssvep,4,2025,within,46,718.75,91.6667
reader_anytime,anytime,sdssvep,4,2025,within,47,734.375,93.3333
reader_anytime,anytime,sdssvep,4,2025,within,48,750.0,93.3333
reader_anytime,anytime,sdssvep,4,2025,within,49,765.625,90.0
reader_anytime,anytime,sdssvep,4,2025,within,50,781.25,93.3333
reader_anytime,anytime,sdssvep,4,2025,within,51,796.875,95.0
reader_anytime,anytime,sdssvep,4,2025,within,52,812.5,93.3333
reader_anytime,anytime,sdssvep,4,2025,within,53,828.125,93.3333
reader_anytime,anytime,sdssvep,4,2025,within,54,843.75,93.3333
reader_anytime,anytime,sdssvep,4,2025,within,55,859.375,93.3333
reader_anytime,anytime,sdssvep,4,2025,within,56,875.0,93.3333
reader_anytime,anytime,sdssvep,4,2025,within,57,890.625,93.3333
reader_anytime,anytime,sdssvep,4,2025,within,58,906.25,91.6667
reader_anytime,anytime,sdssvep,4,2025,within,59,921.875,95.0
reader_anytime,anytime,sdssvep,4,2025,within,60,937.5,95.0
reader_anytime,anytime,sdssvep,4,2025,within,61,953.125,90.0
reader_anytime,anytime,sdssvep,4,2025,within,62,968.75,90.0
reader_anytime,anytime,sdssvep,4,2025,within,63,984.375,93.3333
reader_anytime,anytime,sdssvep,4,2025,within,64,1000.0,95.0
reader_anytime,anytime,sdssvep,4,2026,within,1,15.625,10.0
reader_anytime,anytime,sdssvep,4,2026,within,2,31.25,8.3333
reader_anytime,anytime,sdssvep,4,2026,within,3,46.875,10.0
reader_anytime,anytime,sdssvep,4,2026,within,4,62.5,15.0
reader_anytime,anytime,sdssvep,4,2026,within,5,78.125,35.0
reader_anytime,anytime,sdssvep,4,2026,within,6,93.75,38.3333
reader_anytime,anytime,sdssvep,4,2026,within,7,109.375,43.3333
reader_anytime,anytime,sdssvep,4,2026,within,8,125.0,50.0
reader_anytime,anytime,sdssvep,4,2026,within,9,140.625,53.3333
reader_anytime,anytime,sdssvep,4,2026,within,10,156.25,53.3333
reader_anytime,anytime,sdssvep,4,2026,within,11,171.875,55.0
reader_anytime,anytime,sdssvep,4,2026,within,12,187.5,58.3333
reader_anytime,anytime,sdssvep,4,2026,within,13,203.125,65.0
reader_anytime,anytime,sdssvep,4,2026,within,14,218.75,66.6667
reader_anytime,anytime,sdssvep,4,2026,within,15,234.375,68.3333
reader_anytime,anytime,sdssvep,4,2026,within,16,250.0,70.0
reader_anytime,anytime,sdssvep,4,2026,within,17,265.625,78.3333
reader_anytime,anytime,sdssvep,4,2026,within,18,281.25,81.6667
reader_anytime,anytime,sdssvep,4,2026,within,19,296.875,85.0
reader_anytime,anytime,sdssvep,4,2026,within,20,312.5,85.0
reader_anytime,anytime,sdssvep,4,2026,within,21,328.125,86.6667
reader_anytime,anytime,sdssvep,4,2026,within,22,343.75,86.6667
reader_anytime,anytime,sdssvep,4,2026,within,23,359.375,90.0
reader_anytime,anytime,sdssvep,4,2026,within,24,375.0,88.3333
reader_anytime,anytime,sdssvep,4,2026,within,25,390.625,88.3333
reader_anytime,anytime,sdssvep,4,2026,within,26,406.25,88.3333
reader_anytime,anytime,sdssvep,4,2026,within,27,421.875,88.3333
reader_anytime,anytime,sdssvep,4,2026,within,28,437.5,88.3333
reader_anytime,anytime,sdssvep,4,2026,within,29,453.125,91.6667
reader_anytime,anytime,sdssvep,4,2026,within,30,468.75,91.6667
reader_anytime,anytime,sdssvep,4,2026,within,31,484.375,91.6667
reader_anytime,anytime,sdssvep,4,2026,within,32,500.0,93.3333
reader_anytime,anytime,sdssvep,4,2026,within,33,515.625,91.6667
reader_anytime,anytime,sdssvep,4,2026,within,34,531.25,90.0
reader_anytime,anytime,sdssvep,4,2026,within,35,546.875,93.3333
reader_anytime,anytime,sdssvep,4,2026,within,36,562.5,93.3333
reader_anytime,anytime,sdssvep,4,2026,within,37,578.125,91.6667
reader_anytime,anytime,sdssvep,4,2026,within,38,593.75,91.6667
reader_anytime,anytime,sdssvep,4,2026,within,39,609.375,91.6667
reader_anytime,anytime,sdssvep,4,2026,within,40,625.0,91.6667
reader_anytime,anytime,sdssvep,4,2026,within,41,640.625,91.6667
reader_anytime,anytime,sdssvep,4,2026,within,42,656.25,91.6667
reader_anytime,anytime,sdssvep,4,2026,within,43,671.875,91.6667
reader_anytime,anytime,sdssvep,4,2026,within,44,687.5,93.3333
reader_anytime,anytime,sdssvep,4,2026,within,45,703.125,91.6667
reader_anytime,anytime,sdssvep,4,2026,within,46,718.75,91.6667
reader_anytime,anytime,sdssvep,4,2026,within,47,734.375,91.6667
reader_anytime,anytime,sdssvep,4,2026,within,48,750.0,91.6667
reader_anytime,anytime,sdssvep,4,2026,within,49,765.625,91.6667
reader_anytime,anytime,sdssvep,4,2026,within,50,781.25,91.6667
reader_anytime,anytime,sdssvep,4,2026,within,51,796.875,91.6667
reader_anytime,anytime,sdssvep,4,2026,within,52,812.5,91.6667
reader_anytime,anytime,sdssvep,4,2026,within,53,828.125,91.6667
reader_anytime,anytime,sdssvep,4,2026,within,54,843.75,93.3333
reader_anytime,anytime,sdssvep,4,2026,within,55,859.375,93.3333
reader_anytime,anytime,sdssvep,4,2026,within,56,875.0,91.6667
reader_anytime,anytime,sdssvep,4,2026,within,57,890.625,93.3333
reader_anytime,anytime,sdssvep,4,2026,within,58,906.25,93.3333
reader_anytime,anytime,sdssvep,4,2026,within,59,921.875,93.3333
reader_anytime,anytime,sdssvep,4,2026,within,60,937.5,95.0
reader_anytime,anytime,sdssvep,4,2026,within,61,953.125,93.3333
reader_anytime,anytime,sdssvep,4,2026,within,62,968.75,93.3333
reader_anytime,anytime,sdssvep,4,2026,within,63,984.375,93.3333
reader_anytime,anytime,sdssvep,4,2026,within,64,1000.0,95.0
reader_anytime,anytime,sdssvep,4,2027,within,1,15.625,5.0
reader_anytime,anytime,sdssvep,4,2027,within,2,31.25,8.3333
reader_anytime,anytime,sdssvep,4,2027,within,3,46.875,6.6667
reader_anytime,anytime,sdssvep,4,2027,within,4,62.5,18.3333
reader_anytime,anytime,sdssvep,4,2027,within,5,78.125,26.6667
reader_anytime,anytime,sdssvep,4,2027,within,6,93.75,30.0
reader_anytime,anytime,sdssvep,4,2027,within,7,109.375,36.6667
reader_anytime,anytime,sdssvep,4,2027,within,8,125.0,41.6667
reader_anytime,anytime,sdssvep,4,2027,within,9,140.625,55.0
reader_anytime,anytime,sdssvep,4,2027,within,10,156.25,53.3333
reader_anytime,anytime,sdssvep,4,2027,within,11,171.875,65.0
reader_anytime,anytime,sdssvep,4,2027,within,12,187.5,65.0
reader_anytime,anytime,sdssvep,4,2027,within,13,203.125,70.0
reader_anytime,anytime,sdssvep,4,2027,within,14,218.75,70.0
reader_anytime,anytime,sdssvep,4,2027,within,15,234.375,75.0
reader_anytime,anytime,sdssvep,4,2027,within,16,250.0,75.0
reader_anytime,anytime,sdssvep,4,2027,within,17,265.625,80.0
reader_anytime,anytime,sdssvep,4,2027,within,18,281.25,83.3333
reader_anytime,anytime,sdssvep,4,2027,within,19,296.875,90.0
reader_anytime,anytime,sdssvep,4,2027,within,20,312.5,90.0
reader_anytime,anytime,sdssvep,4,2027,within,21,328.125,88.3333
reader_anytime,anytime,sdssvep,4,2027,within,22,343.75,90.0
reader_anytime,anytime,sdssvep,4,2027,within,23,359.375,91.6667
reader_anytime,anytime,sdssvep,4,2027,within,24,375.0,91.6667
reader_anytime,anytime,sdssvep,4,2027,within,25,390.625,91.6667
reader_anytime,anytime,sdssvep,4,2027,within,26,406.25,91.6667
reader_anytime,anytime,sdssvep,4,2027,within,27,421.875,91.6667
reader_anytime,anytime,sdssvep,4,2027,within,28,437.5,91.6667
reader_anytime,anytime,sdssvep,4,2027,within,29,453.125,91.6667
reader_anytime,anytime,sdssvep,4,2027,within,30,468.75,91.6667
reader_anytime,anytime,sdssvep,4,2027,within,31,484.375,91.6667
reader_anytime,anytime,sdssvep,4,2027,within,32,500.0,91.6667
reader_anytime,anytime,sdssvep,4,2027,within,33,515.625,91.6667
reader_anytime,anytime,sdssvep,4,2027,within,34,531.25,91.6667
reader_anytime,anytime,sdssvep,4,2027,within,35,546.875,91.6667
reader_anytime,anytime,sdssvep,4,2027,within,36,562.5,91.6667
reader_anytime,anytime,sdssvep,4,2027,within,37,578.125,91.6667
reader_anytime,anytime,sdssvep,4,2027,within,38,593.75,91.6667
reader_anytime,anytime,sdssvep,4,2027,within,39,609.375,91.6667
reader_anytime,anytime,sdssvep,4,2027,within,40,625.0,91.6667
reader_anytime,anytime,sdssvep,4,2027,within,41,640.625,91.6667
reader_anytime,anytime,sdssvep,4,2027,within,42,656.25,91.6667
reader_anytime,anytime,sdssvep,4,2027,within,43,671.875,91.6667
reader_anytime,anytime,sdssvep,4,2027,within,44,687.5,91.6667
reader_anytime,anytime,sdssvep,4,2027,within,45,703.125,91.6667
reader_anytime,anytime,sdssvep,4,2027,within,46,718.75,91.6667
reader_anytime,anytime,sdssvep,4,2027,within,47,734.375,91.6667
reader_anytime,anytime,sdssvep,4,2027,within,48,750.0,91.6667
reader_anytime,anytime,sdssvep,4,2027,within,49,765.625,91.6667
reader_anytime,anytime,sdssvep,4,2027,within,50,781.25,91.6667
reader_anytime,anytime,sdssvep,4,2027,within,51,796.875,91.6667
reader_anytime,anytime,sdssvep,4,2027,within,52,812.5,91.6667
reader_anytime,anytime,sdssvep,4,2027,within,53,828.125,91.6667
reader_anytime,anytime,sdssvep,4,2027,within,54,843.75,91.6667
reader_anytime,anytime,sdssvep,4,2027,within,55,859.375,91.6667
reader_anytime,anytime,sdssvep,4,2027,within,56,875.0,91.6667
reader_anytime,anytime,sdssvep,4,2027,within,57,890.625,91.6667
reader_anytime,anytime,sdssvep,4,2027,within,58,906.25,91.6667
reader_anytime,anytime,sdssvep,4,2027,within,59,921.875,91.6667
reader_anytime,anytime,sdssvep,4,2027,within,60,937.5,91.6667
reader_anytime,anytime,sdssvep,4,2027,within,61,953.125,91.6667
reader_anytime,anytime,sdssvep,4,2027,within,62,968.75,91.6667
reader_anytime,anytime,sdssvep,4,2027,within,63,984.375,91.6667
reader_anytime,anytime,sdssvep,4,2027,within,64,1000.0,95.0
reader_anytime,anytime,sdssvep,5,2025,within,1,15.625,15.0
reader_anytime,anytime,sdssvep,5,2025,within,2,31.25,13.3333
reader_anytime,anytime,sdssvep,5,2025,within,3,46.875,18.3333
reader_anytime,anytime,sdssvep,5,2025,within,4,62.5,25.0
reader_anytime,anytime,sdssvep,5,2025,within,5,78.125,33.3333
reader_anytime,anytime,sdssvep,5,2025,within,6,93.75,55.0
reader_anytime,anytime,sdssvep,5,2025,within,7,109.375,68.3333
reader_anytime,anytime,sdssvep,5,2025,within,8,125.0,65.0
reader_anytime,anytime,sdssvep,5,2025,within,9,140.625,68.3333
reader_anytime,anytime,sdssvep,5,2025,within,10,156.25,70.0
reader_anytime,anytime,sdssvep,5,2025,within,11,171.875,76.6667
reader_anytime,anytime,sdssvep,5,2025,within,12,187.5,76.6667
reader_anytime,anytime,sdssvep,5,2025,within,13,203.125,80.0
reader_anytime,anytime,sdssvep,5,2025,within,14,218.75,80.0
reader_anytime,anytime,sdssvep,5,2025,within,15,234.375,83.3333
reader_anytime,anytime,sdssvep,5,2025,within,16,250.0,83.3333
reader_anytime,anytime,sdssvep,5,2025,within,17,265.625,83.3333
reader_anytime,anytime,sdssvep,5,2025,within,18,281.25,83.3333
reader_anytime,anytime,sdssvep,5,2025,within,19,296.875,85.0
reader_anytime,anytime,sdssvep,5,2025,within,20,312.5,88.3333
reader_anytime,anytime,sdssvep,5,2025,within,21,328.125,95.0
reader_anytime,anytime,sdssvep,5,2025,within,22,343.75,93.3333
reader_anytime,anytime,sdssvep,5,2025,within,23,359.375,93.3333
reader_anytime,anytime,sdssvep,5,2025,within,24,375.0,93.3333
reader_anytime,anytime,sdssvep,5,2025,within,25,390.625,95.0
reader_anytime,anytime,sdssvep,5,2025,within,26,406.25,96.6667
reader_anytime,anytime,sdssvep,5,2025,within,27,421.875,96.6667
reader_anytime,anytime,sdssvep,5,2025,within,28,437.5,95.0
reader_anytime,anytime,sdssvep,5,2025,within,29,453.125,95.0
reader_anytime,anytime,sdssvep,5,2025,within,30,468.75,95.0
reader_anytime,anytime,sdssvep,5,2025,within,31,484.375,96.6667
reader_anytime,anytime,sdssvep,5,2025,within,32,500.0,95.0
reader_anytime,anytime,sdssvep,5,2025,within,33,515.625,95.0
reader_anytime,anytime,sdssvep,5,2025,within,34,531.25,95.0
reader_anytime,anytime,sdssvep,5,2025,within,35,546.875,95.0
reader_anytime,anytime,sdssvep,5,2025,within,36,562.5,96.6667
reader_anytime,anytime,sdssvep,5,2025,within,37,578.125,95.0
reader_anytime,anytime,sdssvep,5,2025,within,38,593.75,96.6667
reader_anytime,anytime,sdssvep,5,2025,within,39,609.375,96.6667
reader_anytime,anytime,sdssvep,5,2025,within,40,625.0,96.6667
reader_anytime,anytime,sdssvep,5,2025,within,41,640.625,96.6667
reader_anytime,anytime,sdssvep,5,2025,within,42,656.25,98.3333
reader_anytime,anytime,sdssvep,5,2025,within,43,671.875,98.3333
reader_anytime,anytime,sdssvep,5,2025,within,44,687.5,98.3333
reader_anytime,anytime,sdssvep,5,2025,within,45,703.125,98.3333
reader_anytime,anytime,sdssvep,5,2025,within,46,718.75,98.3333
reader_anytime,anytime,sdssvep,5,2025,within,47,734.375,98.3333
reader_anytime,anytime,sdssvep,5,2025,within,48,750.0,98.3333
reader_anytime,anytime,sdssvep,5,2025,within,49,765.625,98.3333
reader_anytime,anytime,sdssvep,5,2025,within,50,781.25,98.3333
reader_anytime,anytime,sdssvep,5,2025,within,51,796.875,98.3333
reader_anytime,anytime,sdssvep,5,2025,within,52,812.5,98.3333
reader_anytime,anytime,sdssvep,5,2025,within,53,828.125,98.3333
reader_anytime,anytime,sdssvep,5,2025,within,54,843.75,98.3333
reader_anytime,anytime,sdssvep,5,2025,within,55,859.375,98.3333
reader_anytime,anytime,sdssvep,5,2025,within,56,875.0,98.3333
reader_anytime,anytime,sdssvep,5,2025,within,57,890.625,98.3333
reader_anytime,anytime,sdssvep,5,2025,within,58,906.25,98.3333
reader_anytime,anytime,sdssvep,5,2025,within,59,921.875,100.0
reader_anytime,anytime,sdssvep,5,2025,within,60,937.5,98.3333
reader_anytime,anytime,sdssvep,5,2025,within,61,953.125,98.3333
reader_anytime,anytime,sdssvep,5,2025,within,62,968.75,98.3333
reader_anytime,anytime,sdssvep,5,2025,within,63,984.375,98.3333
reader_anytime,anytime,sdssvep,5,2025,within,64,1000.0,100.0
reader_anytime,anytime,sdssvep,5,2026,within,1,15.625,13.3333
reader_anytime,anytime,sdssvep,5,2026,within,2,31.25,16.6667
reader_anytime,anytime,sdssvep,5,2026,within,3,46.875,25.0
reader_anytime,anytime,sdssvep,5,2026,within,4,62.5,23.3333
reader_anytime,anytime,sdssvep,5,2026,within,5,78.125,36.6667
reader_anytime,anytime,sdssvep,5,2026,within,6,93.75,40.0
reader_anytime,anytime,sdssvep,5,2026,within,7,109.375,51.6667
reader_anytime,anytime,sdssvep,5,2026,within,8,125.0,55.0
reader_anytime,anytime,sdssvep,5,2026,within,9,140.625,70.0
reader_anytime,anytime,sdssvep,5,2026,within,10,156.25,70.0
reader_anytime,anytime,sdssvep,5,2026,within,11,171.875,81.6667
reader_anytime,anytime,sdssvep,5,2026,within,12,187.5,78.3333
reader_anytime,anytime,sdssvep,5,2026,within,13,203.125,80.0
reader_anytime,anytime,sdssvep,5,2026,within,14,218.75,78.3333
reader_anytime,anytime,sdssvep,5,2026,within,15,234.375,78.3333
reader_anytime,anytime,sdssvep,5,2026,within,16,250.0,81.6667
reader_anytime,anytime,sdssvep,5,2026,within,17,265.625,83.3333
reader_anytime,anytime,sdssvep,5,2026,within,18,281.25,85.0
reader_anytime,anytime,sdssvep,5,2026,within,19,296.875,83.3333
reader_anytime,anytime,sdssvep,5,2026,within,20,312.5,90.0
reader_anytime,anytime,sdssvep,5,2026,within,21,328.125,91.6667
reader_anytime,anytime,sdssvep,5,2026,within,22,343.75,91.6667
reader_anytime,anytime,sdssvep,5,2026,within,23,359.375,90.0
reader_anytime,anytime,sdssvep,5,2026,within,24,375.0,91.6667
reader_anytime,anytime,sdssvep,5,2026,within,25,390.625,91.6667
reader_anytime,anytime,sdssvep,5,2026,within,26,406.25,91.6667
reader_anytime,anytime,sdssvep,5,2026,within,27,421.875,91.6667
reader_anytime,anytime,sdssvep,5,2026,within,28,437.5,93.3333
reader_anytime,anytime,sdssvep,5,2026,within,29,453.125,93.3333
reader_anytime,anytime,sdssvep,5,2026,within,30,468.75,93.3333
reader_anytime,anytime,sdssvep,5,2026,within,31,484.375,95.0
reader_anytime,anytime,sdssvep,5,2026,within,32,500.0,93.3333
reader_anytime,anytime,sdssvep,5,2026,within,33,515.625,91.6667
reader_anytime,anytime,sdssvep,5,2026,within,34,531.25,91.6667
reader_anytime,anytime,sdssvep,5,2026,within,35,546.875,93.3333
reader_anytime,anytime,sdssvep,5,2026,within,36,562.5,95.0
reader_anytime,anytime,sdssvep,5,2026,within,37,578.125,95.0
reader_anytime,anytime,sdssvep,5,2026,within,38,593.75,91.6667
reader_anytime,anytime,sdssvep,5,2026,within,39,609.375,93.3333
reader_anytime,anytime,sdssvep,5,2026,within,40,625.0,95.0
reader_anytime,anytime,sdssvep,5,2026,within,41,640.625,95.0
reader_anytime,anytime,sdssvep,5,2026,within,42,656.25,96.6667
reader_anytime,anytime,sdssvep,5,2026,within,43,671.875,96.6667
reader_anytime,anytime,sdssvep,5,2026,within,44,687.5,95.0
reader_anytime,anytime,sdssvep,5,2026,within,45,703.125,95.0
reader_anytime,anytime,sdssvep,5,2026,within,46,718.75,96.6667
reader_anytime,anytime,sdssvep,5,2026,within,47,734.375,95.0
reader_anytime,anytime,sdssvep,5,2026,within,48,750.0,95.0
reader_anytime,anytime,sdssvep,5,2026,within,49,765.625,96.6667
reader_anytime,anytime,sdssvep,5,2026,within,50,781.25,96.6667
reader_anytime,anytime,sdssvep,5,2026,within,51,796.875,95.0
reader_anytime,anytime,sdssvep,5,2026,within,52,812.5,96.6667
reader_anytime,anytime,sdssvep,5,2026,within,53,828.125,95.0
reader_anytime,anytime,sdssvep,5,2026,within,54,843.75,96.6667
reader_anytime,anytime,sdssvep,5,2026,within,55,859.375,96.6667
reader_anytime,anytime,sdssvep,5,2026,within,56,875.0,96.6667
reader_anytime,anytime,sdssvep,5,2026,within,57,890.625,96.6667
reader_anytime,anytime,sdssvep,5,2026,within,58,906.25,98.3333
reader_anytime,anytime,sdssvep,5,2026,within,59,921.875,98.3333
reader_anytime,anytime,sdssvep,5,2026,within,60,937.5,96.6667
reader_anytime,anytime,sdssvep,5,2026,within,61,953.125,96.6667
reader_anytime,anytime,sdssvep,5,2026,within,62,968.75,96.6667
reader_anytime,anytime,sdssvep,5,2026,within,63,984.375,95.0
reader_anytime,anytime,sdssvep,5,2026,within,64,1000.0,100.0
reader_anytime,anytime,sdssvep,5,2027,within,1,15.625,15.0
reader_anytime,anytime,sdssvep,5,2027,within,2,31.25,21.6667
reader_anytime,anytime,sdssvep,5,2027,within,3,46.875,21.6667
reader_anytime,anytime,sdssvep,5,2027,within,4,62.5,28.3333
reader_anytime,anytime,sdssvep,5,2027,within,5,78.125,40.0
reader_anytime,anytime,sdssvep,5,2027,within,6,93.75,45.0
reader_anytime,anytime,sdssvep,5,2027,within,7,109.375,55.0
reader_anytime,anytime,sdssvep,5,2027,within,8,125.0,58.3333
reader_anytime,anytime,sdssvep,5,2027,within,9,140.625,65.0
reader_anytime,anytime,sdssvep,5,2027,within,10,156.25,63.3333
reader_anytime,anytime,sdssvep,5,2027,within,11,171.875,71.6667
reader_anytime,anytime,sdssvep,5,2027,within,12,187.5,68.3333
reader_anytime,anytime,sdssvep,5,2027,within,13,203.125,76.6667
reader_anytime,anytime,sdssvep,5,2027,within,14,218.75,76.6667
reader_anytime,anytime,sdssvep,5,2027,within,15,234.375,76.6667
reader_anytime,anytime,sdssvep,5,2027,within,16,250.0,81.6667
reader_anytime,anytime,sdssvep,5,2027,within,17,265.625,86.6667
reader_anytime,anytime,sdssvep,5,2027,within,18,281.25,86.6667
reader_anytime,anytime,sdssvep,5,2027,within,19,296.875,88.3333
reader_anytime,anytime,sdssvep,5,2027,within,20,312.5,88.3333
reader_anytime,anytime,sdssvep,5,2027,within,21,328.125,90.0
reader_anytime,anytime,sdssvep,5,2027,within,22,343.75,91.6667
reader_anytime,anytime,sdssvep,5,2027,within,23,359.375,93.3333
reader_anytime,anytime,sdssvep,5,2027,within,24,375.0,91.6667
reader_anytime,anytime,sdssvep,5,2027,within,25,390.625,95.0
reader_anytime,anytime,sdssvep,5,2027,within,26,406.25,93.3333
reader_anytime,anytime,sdssvep,5,2027,within,27,421.875,95.0
reader_anytime,anytime,sdssvep,5,2027,within,28,437.5,95.0
reader_anytime,anytime,sdssvep,5,2027,within,29,453.125,93.3333
reader_anytime,anytime,sdssvep,5,2027,within,30,468.75,93.3333
reader_anytime,anytime,sdssvep,5,2027,within,31,484.375,96.6667
reader_anytime,anytime,sdssvep,5,2027,within,32,500.0,96.6667
reader_anytime,anytime,sdssvep,5,2027,within,33,515.625,95.0
reader_anytime,anytime,sdssvep,5,2027,within,34,531.25,95.0
reader_anytime,anytime,sdssvep,5,2027,within,35,546.875,96.6667
reader_anytime,anytime,sdssvep,5,2027,within,36,562.5,96.6667
reader_anytime,anytime,sdssvep,5,2027,within,37,578.125,96.6667
reader_anytime,anytime,sdssvep,5,2027,within,38,593.75,96.6667
reader_anytime,anytime,sdssvep,5,2027,within,39,609.375,96.6667
reader_anytime,anytime,sdssvep,5,2027,within,40,625.0,95.0
reader_anytime,anytime,sdssvep,5,2027,within,41,640.625,96.6667
reader_anytime,anytime,sdssvep,5,2027,within,42,656.25,95.0
reader_anytime,anytime,sdssvep,5,2027,within,43,671.875,98.3333
reader_anytime,anytime,sdssvep,5,2027,within,44,687.5,96.6667
reader_anytime,anytime,sdssvep,5,2027,within,45,703.125,95.0
reader_anytime,anytime,sdssvep,5,2027,within,46,718.75,98.3333
reader_anytime,anytime,sdssvep,5,2027,within,47,734.375,98.3333
reader_anytime,anytime,sdssvep,5,2027,within,48,750.0,98.3333
reader_anytime,anytime,sdssvep,5,2027,within,49,765.625,98.3333
reader_anytime,anytime,sdssvep,5,2027,within,50,781.25,96.6667
reader_anytime,anytime,sdssvep,5,2027,within,51,796.875,98.3333
reader_anytime,anytime,sdssvep,5,2027,within,52,812.5,96.6667
reader_anytime,anytime,sdssvep,5,2027,within,53,828.125,98.3333
reader_anytime,anytime,sdssvep,5,2027,within,54,843.75,98.3333
reader_anytime,anytime,sdssvep,5,2027,within,55,859.375,96.6667
reader_anytime,anytime,sdssvep,5,2027,within,56,875.0,98.3333
reader_anytime,anytime,sdssvep,5,2027,within,57,890.625,98.3333
reader_anytime,anytime,sdssvep,5,2027,within,58,906.25,98.3333
reader_anytime,anytime,sdssvep,5,2027,within,59,921.875,100.0
reader_anytime,anytime,sdssvep,5,2027,within,60,937.5,98.3333
reader_anytime,anytime,sdssvep,5,2027,within,61,953.125,96.6667
reader_anytime,anytime,sdssvep,5,2027,within,62,968.75,98.3333
reader_anytime,anytime,sdssvep,5,2027,within,63,984.375,98.3333
reader_anytime,anytime,sdssvep,5,2027,within,64,1000.0,100.0
reader_anytime,anytime,sdssvep,6,2025,within,1,15.625,10.0
reader_anytime,anytime,sdssvep,6,2025,within,2,31.25,8.3333
reader_anytime,anytime,sdssvep,6,2025,within,3,46.875,8.3333
reader_anytime,anytime,sdssvep,6,2025,within,4,62.5,11.6667
reader_anytime,anytime,sdssvep,6,2025,within,5,78.125,16.6667
reader_anytime,anytime,sdssvep,6,2025,within,6,93.75,18.3333
reader_anytime,anytime,sdssvep,6,2025,within,7,109.375,16.6667
reader_anytime,anytime,sdssvep,6,2025,within,8,125.0,21.6667
reader_anytime,anytime,sdssvep,6,2025,within,9,140.625,36.6667
reader_anytime,anytime,sdssvep,6,2025,within,10,156.25,40.0
reader_anytime,anytime,sdssvep,6,2025,within,11,171.875,56.6667
reader_anytime,anytime,sdssvep,6,2025,within,12,187.5,50.0
reader_anytime,anytime,sdssvep,6,2025,within,13,203.125,61.6667
reader_anytime,anytime,sdssvep,6,2025,within,14,218.75,65.0
reader_anytime,anytime,sdssvep,6,2025,within,15,234.375,71.6667
reader_anytime,anytime,sdssvep,6,2025,within,16,250.0,68.3333
reader_anytime,anytime,sdssvep,6,2025,within,17,265.625,76.6667
reader_anytime,anytime,sdssvep,6,2025,within,18,281.25,73.3333
reader_anytime,anytime,sdssvep,6,2025,within,19,296.875,81.6667
reader_anytime,anytime,sdssvep,6,2025,within,20,312.5,85.0
reader_anytime,anytime,sdssvep,6,2025,within,21,328.125,88.3333
reader_anytime,anytime,sdssvep,6,2025,within,22,343.75,88.3333
reader_anytime,anytime,sdssvep,6,2025,within,23,359.375,90.0
reader_anytime,anytime,sdssvep,6,2025,within,24,375.0,90.0
reader_anytime,anytime,sdssvep,6,2025,within,25,390.625,93.3333
reader_anytime,anytime,sdssvep,6,2025,within,26,406.25,95.0
reader_anytime,anytime,sdssvep,6,2025,within,27,421.875,96.6667
reader_anytime,anytime,sdssvep,6,2025,within,28,437.5,96.6667
reader_anytime,anytime,sdssvep,6,2025,within,29,453.125,98.3333
reader_anytime,anytime,sdssvep,6,2025,within,30,468.75,98.3333
reader_anytime,anytime,sdssvep,6,2025,within,31,484.375,98.3333
reader_anytime,anytime,sdssvep,6,2025,within,32,500.0,98.3333
reader_anytime,anytime,sdssvep,6,2025,within,33,515.625,100.0
reader_anytime,anytime,sdssvep,6,2025,within,34,531.25,100.0
reader_anytime,anytime,sdssvep,6,2025,within,35,546.875,100.0
reader_anytime,anytime,sdssvep,6,2025,within,36,562.5,100.0
reader_anytime,anytime,sdssvep,6,2025,within,37,578.125,100.0
reader_anytime,anytime,sdssvep,6,2025,within,38,593.75,100.0
reader_anytime,anytime,sdssvep,6,2025,within,39,609.375,100.0
reader_anytime,anytime,sdssvep,6,2025,within,40,625.0,100.0
reader_anytime,anytime,sdssvep,6,2025,within,41,640.625,100.0
reader_anytime,anytime,sdssvep,6,2025,within,42,656.25,100.0
reader_anytime,anytime,sdssvep,6,2025,within,43,671.875,100.0
reader_anytime,anytime,sdssvep,6,2025,within,44,687.5,100.0
reader_anytime,anytime,sdssvep,6,2025,within,45,703.125,100.0
reader_anytime,anytime,sdssvep,6,2025,within,46,718.75,100.0
reader_anytime,anytime,sdssvep,6,2025,within,47,734.375,100.0
reader_anytime,anytime,sdssvep,6,2025,within,48,750.0,100.0
reader_anytime,anytime,sdssvep,6,2025,within,49,765.625,100.0
reader_anytime,anytime,sdssvep,6,2025,within,50,781.25,100.0
reader_anytime,anytime,sdssvep,6,2025,within,51,796.875,100.0
reader_anytime,anytime,sdssvep,6,2025,within,52,812.5,100.0
reader_anytime,anytime,sdssvep,6,2025,within,53,828.125,100.0
reader_anytime,anytime,sdssvep,6,2025,within,54,843.75,100.0
reader_anytime,anytime,sdssvep,6,2025,within,55,859.375,100.0
reader_anytime,anytime,sdssvep,6,2025,within,56,875.0,100.0
reader_anytime,anytime,sdssvep,6,2025,within,57,890.625,100.0
reader_anytime,anytime,sdssvep,6,2025,within,58,906.25,100.0
reader_anytime,anytime,sdssvep,6,2025,within,59,921.875,100.0
reader_anytime,anytime,sdssvep,6,2025,within,60,937.5,100.0
reader_anytime,anytime,sdssvep,6,2025,within,61,953.125,100.0
reader_anytime,anytime,sdssvep,6,2025,within,62,968.75,100.0
reader_anytime,anytime,sdssvep,6,2025,within,63,984.375,100.0
reader_anytime,anytime,sdssvep,6,2025,within,64,1000.0,100.0
reader_anytime,anytime,sdssvep,6,2026,within,1,15.625,11.6667
reader_anytime,anytime,sdssvep,6,2026,within,2,31.25,6.6667
reader_anytime,anytime,sdssvep,6,2026,within,3,46.875,13.3333
reader_anytime,anytime,sdssvep,6,2026,within,4,62.5,13.3333
reader_anytime,anytime,sdssvep,6,2026,within,5,78.125,11.6667
reader_anytime,anytime,sdssvep,6,2026,within,6,93.75,25.0
reader_anytime,anytime,sdssvep,6,2026,within,7,109.375,33.3333
reader_anytime,anytime,sdssvep,6,2026,within,8,125.0,43.3333
reader_anytime,anytime,sdssvep,6,2026,within,9,140.625,51.6667
reader_anytime,anytime,sdssvep,6,2026,within,10,156.25,53.3333
reader_anytime,anytime,sdssvep,6,2026,within,11,171.875,61.6667
reader_anytime,anytime,sdssvep,6,2026,within,12,187.5,58.3333
reader_anytime,anytime,sdssvep,6,2026,within,13,203.125,71.6667
reader_anytime,anytime,sdssvep,6,2026,within,14,218.75,71.6667
reader_anytime,anytime,sdssvep,6,2026,within,15,234.375,78.3333
reader_anytime,anytime,sdssvep,6,2026,within,16,250.0,81.6667
reader_anytime,anytime,sdssvep,6,2026,within,17,265.625,83.3333
reader_anytime,anytime,sdssvep,6,2026,within,18,281.25,86.6667
reader_anytime,anytime,sdssvep,6,2026,within,19,296.875,90.0
reader_anytime,anytime,sdssvep,6,2026,within,20,312.5,90.0
reader_anytime,anytime,sdssvep,6,2026,within,21,328.125,93.3333
reader_anytime,anytime,sdssvep,6,2026,within,22,343.75,91.6667
reader_anytime,anytime,sdssvep,6,2026,within,23,359.375,95.0
reader_anytime,anytime,sdssvep,6,2026,within,24,375.0,95.0
reader_anytime,anytime,sdssvep,6,2026,within,25,390.625,95.0
reader_anytime,anytime,sdssvep,6,2026,within,26,406.25,96.6667
reader_anytime,anytime,sdssvep,6,2026,within,27,421.875,96.6667
reader_anytime,anytime,sdssvep,6,2026,within,28,437.5,96.6667
reader_anytime,anytime,sdssvep,6,2026,within,29,453.125,96.6667
reader_anytime,anytime,sdssvep,6,2026,within,30,468.75,98.3333
reader_anytime,anytime,sdssvep,6,2026,within,31,484.375,98.3333
reader_anytime,anytime,sdssvep,6,2026,within,32,500.0,96.6667
reader_anytime,anytime,sdssvep,6,2026,within,33,515.625,100.0
reader_anytime,anytime,sdssvep,6,2026,within,34,531.25,100.0
reader_anytime,anytime,sdssvep,6,2026,within,35,546.875,96.6667
reader_anytime,anytime,sdssvep,6,2026,within,36,562.5,100.0
reader_anytime,anytime,sdssvep,6,2026,within,37,578.125,100.0
reader_anytime,anytime,sdssvep,6,2026,within,38,593.75,100.0
reader_anytime,anytime,sdssvep,6,2026,within,39,609.375,100.0
reader_anytime,anytime,sdssvep,6,2026,within,40,625.0,100.0
reader_anytime,anytime,sdssvep,6,2026,within,41,640.625,100.0
reader_anytime,anytime,sdssvep,6,2026,within,42,656.25,100.0
reader_anytime,anytime,sdssvep,6,2026,within,43,671.875,100.0
reader_anytime,anytime,sdssvep,6,2026,within,44,687.5,100.0
reader_anytime,anytime,sdssvep,6,2026,within,45,703.125,100.0
reader_anytime,anytime,sdssvep,6,2026,within,46,718.75,100.0
reader_anytime,anytime,sdssvep,6,2026,within,47,734.375,100.0
reader_anytime,anytime,sdssvep,6,2026,within,48,750.0,100.0
reader_anytime,anytime,sdssvep,6,2026,within,49,765.625,100.0
reader_anytime,anytime,sdssvep,6,2026,within,50,781.25,100.0
reader_anytime,anytime,sdssvep,6,2026,within,51,796.875,100.0
reader_anytime,anytime,sdssvep,6,2026,within,52,812.5,100.0
reader_anytime,anytime,sdssvep,6,2026,within,53,828.125,100.0
reader_anytime,anytime,sdssvep,6,2026,within,54,843.75,100.0
reader_anytime,anytime,sdssvep,6,2026,within,55,859.375,100.0
reader_anytime,anytime,sdssvep,6,2026,within,56,875.0,100.0
reader_anytime,anytime,sdssvep,6,2026,within,57,890.625,100.0
reader_anytime,anytime,sdssvep,6,2026,within,58,906.25,100.0
reader_anytime,anytime,sdssvep,6,2026,within,59,921.875,100.0
reader_anytime,anytime,sdssvep,6,2026,within,60,937.5,100.0
reader_anytime,anytime,sdssvep,6,2026,within,61,953.125,100.0
reader_anytime,anytime,sdssvep,6,2026,within,62,968.75,100.0
reader_anytime,anytime,sdssvep,6,2026,within,63,984.375,100.0
reader_anytime,anytime,sdssvep,6,2026,within,64,1000.0,100.0
reader_anytime,anytime,sdssvep,6,2027,within,1,15.625,10.0
reader_anytime,anytime,sdssvep,6,2027,within,2,31.25,10.0
reader_anytime,anytime,sdssvep,6,2027,within,3,46.875,13.3333
reader_anytime,anytime,sdssvep,6,2027,within,4,62.5,15.0
reader_anytime,anytime,sdssvep,6,2027,within,5,78.125,11.6667
reader_anytime,anytime,sdssvep,6,2027,within,6,93.75,21.6667
reader_anytime,anytime,sdssvep,6,2027,within,7,109.375,35.0
reader_anytime,anytime,sdssvep,6,2027,within,8,125.0,36.6667
reader_anytime,anytime,sdssvep,6,2027,within,9,140.625,53.3333
reader_anytime,anytime,sdssvep,6,2027,within,10,156.25,55.0
reader_anytime,anytime,sdssvep,6,2027,within,11,171.875,58.3333
reader_anytime,anytime,sdssvep,6,2027,within,12,187.5,56.6667
reader_anytime,anytime,sdssvep,6,2027,within,13,203.125,66.6667
reader_anytime,anytime,sdssvep,6,2027,within,14,218.75,68.3333
reader_anytime,anytime,sdssvep,6,2027,within,15,234.375,73.3333
reader_anytime,anytime,sdssvep,6,2027,within,16,250.0,71.6667
reader_anytime,anytime,sdssvep,6,2027,within,17,265.625,80.0
reader_anytime,anytime,sdssvep,6,2027,within,18,281.25,81.6667
reader_anytime,anytime,sdssvep,6,2027,within,19,296.875,86.6667
reader_anytime,anytime,sdssvep,6,2027,within,20,312.5,88.3333
reader_anytime,anytime,sdssvep,6,2027,within,21,328.125,90.0
reader_anytime,anytime,sdssvep,6,2027,within,22,343.75,91.6667
reader_anytime,anytime,sdssvep,6,2027,within,23,359.375,93.3333
reader_anytime,anytime,sdssvep,6,2027,within,24,375.0,91.6667
reader_anytime,anytime,sdssvep,6,2027,within,25,390.625,91.6667
reader_anytime,anytime,sdssvep,6,2027,within,26,406.25,93.3333
reader_anytime,anytime,sdssvep,6,2027,within,27,421.875,93.3333
reader_anytime,anytime,sdssvep,6,2027,within,28,437.5,95.0
reader_anytime,anytime,sdssvep,6,2027,within,29,453.125,98.3333
reader_anytime,anytime,sdssvep,6,2027,within,30,468.75,98.3333
reader_anytime,anytime,sdssvep,6,2027,within,31,484.375,98.3333
reader_anytime,anytime,sdssvep,6,2027,within,32,500.0,98.3333
reader_anytime,anytime,sdssvep,6,2027,within,33,515.625,98.3333
reader_anytime,anytime,sdssvep,6,2027,within,34,531.25,98.3333
reader_anytime,anytime,sdssvep,6,2027,within,35,546.875,98.3333
reader_anytime,anytime,sdssvep,6,2027,within,36,562.5,98.3333
reader_anytime,anytime,sdssvep,6,2027,within,37,578.125,98.3333
reader_anytime,anytime,sdssvep,6,2027,within,38,593.75,98.3333
reader_anytime,anytime,sdssvep,6,2027,within,39,609.375,98.3333
reader_anytime,anytime,sdssvep,6,2027,within,40,625.0,98.3333
reader_anytime,anytime,sdssvep,6,2027,within,41,640.625,98.3333
reader_anytime,anytime,sdssvep,6,2027,within,42,656.25,98.3333
reader_anytime,anytime,sdssvep,6,2027,within,43,671.875,100.0
reader_anytime,anytime,sdssvep,6,2027,within,44,687.5,100.0
reader_anytime,anytime,sdssvep,6,2027,within,45,703.125,98.3333
reader_anytime,anytime,sdssvep,6,2027,within,46,718.75,98.3333
reader_anytime,anytime,sdssvep,6,2027,within,47,734.375,100.0
reader_anytime,anytime,sdssvep,6,2027,within,48,750.0,100.0
reader_anytime,anytime,sdssvep,6,2027,within,49,765.625,98.3333
reader_anytime,anytime,sdssvep,6,2027,within,50,781.25,100.0
reader_anytime,anytime,sdssvep,6,2027,within,51,796.875,100.0
reader_anytime,anytime,sdssvep,6,2027,within,52,812.5,98.3333
reader_anytime,anytime,sdssvep,6,2027,within,53,828.125,98.3333
reader_anytime,anytime,sdssvep,6,2027,within,54,843.75,100.0
reader_anytime,anytime,sdssvep,6,2027,within,55,859.375,98.3333
reader_anytime,anytime,sdssvep,6,2027,within,56,875.0,98.3333
reader_anytime,anytime,sdssvep,6,2027,within,57,890.625,100.0
reader_anytime,anytime,sdssvep,6,2027,within,58,906.25,100.0
reader_anytime,anytime,sdssvep,6,2027,within,59,921.875,98.3333
reader_anytime,anytime,sdssvep,6,2027,within,60,937.5,98.3333
reader_anytime,anytime,sdssvep,6,2027,within,61,953.125,100.0
reader_anytime,anytime,sdssvep,6,2027,within,62,968.75,100.0
reader_anytime,anytime,sdssvep,6,2027,within,63,984.375,98.3333
reader_anytime,anytime,sdssvep,6,2027,within,64,1000.0,100.0
reader_anytime,anytime,sdssvep,7,2025,within,1,15.625,16.6667
reader_anytime,anytime,sdssvep,7,2025,within,2,31.25,18.3333
reader_anytime,anytime,sdssvep,7,2025,within,3,46.875,20.0
reader_anytime,anytime,sdssvep,7,2025,within,4,62.5,30.0
reader_anytime,anytime,sdssvep,7,2025,within,5,78.125,38.3333
reader_anytime,anytime,sdssvep,7,2025,within,6,93.75,36.6667
reader_anytime,anytime,sdssvep,7,2025,within,7,109.375,53.3333
reader_anytime,anytime,sdssvep,7,2025,within,8,125.0,51.6667
reader_anytime,anytime,sdssvep,7,2025,within,9,140.625,75.0
reader_anytime,anytime,sdssvep,7,2025,within,10,156.25,80.0
reader_anytime,anytime,sdssvep,7,2025,within,11,171.875,88.3333
reader_anytime,anytime,sdssvep,7,2025,within,12,187.5,88.3333
reader_anytime,anytime,sdssvep,7,2025,within,13,203.125,93.3333
reader_anytime,anytime,sdssvep,7,2025,within,14,218.75,93.3333
reader_anytime,anytime,sdssvep,7,2025,within,15,234.375,95.0
reader_anytime,anytime,sdssvep,7,2025,within,16,250.0,95.0
reader_anytime,anytime,sdssvep,7,2025,within,17,265.625,96.6667
reader_anytime,anytime,sdssvep,7,2025,within,18,281.25,96.6667
reader_anytime,anytime,sdssvep,7,2025,within,19,296.875,98.3333
reader_anytime,anytime,sdssvep,7,2025,within,20,312.5,98.3333
reader_anytime,anytime,sdssvep,7,2025,within,21,328.125,98.3333
reader_anytime,anytime,sdssvep,7,2025,within,22,343.75,98.3333
reader_anytime,anytime,sdssvep,7,2025,within,23,359.375,98.3333
reader_anytime,anytime,sdssvep,7,2025,within,24,375.0,100.0
reader_anytime,anytime,sdssvep,7,2025,within,25,390.625,100.0
reader_anytime,anytime,sdssvep,7,2025,within,26,406.25,100.0
reader_anytime,anytime,sdssvep,7,2025,within,27,421.875,100.0
reader_anytime,anytime,sdssvep,7,2025,within,28,437.5,100.0
reader_anytime,anytime,sdssvep,7,2025,within,29,453.125,100.0
reader_anytime,anytime,sdssvep,7,2025,within,30,468.75,100.0
reader_anytime,anytime,sdssvep,7,2025,within,31,484.375,100.0
reader_anytime,anytime,sdssvep,7,2025,within,32,500.0,100.0
reader_anytime,anytime,sdssvep,7,2025,within,33,515.625,100.0
reader_anytime,anytime,sdssvep,7,2025,within,34,531.25,100.0
reader_anytime,anytime,sdssvep,7,2025,within,35,546.875,100.0
reader_anytime,anytime,sdssvep,7,2025,within,36,562.5,100.0
reader_anytime,anytime,sdssvep,7,2025,within,37,578.125,100.0
reader_anytime,anytime,sdssvep,7,2025,within,38,593.75,100.0
reader_anytime,anytime,sdssvep,7,2025,within,39,609.375,100.0
reader_anytime,anytime,sdssvep,7,2025,within,40,625.0,100.0
reader_anytime,anytime,sdssvep,7,2025,within,41,640.625,100.0
reader_anytime,anytime,sdssvep,7,2025,within,42,656.25,100.0
reader_anytime,anytime,sdssvep,7,2025,within,43,671.875,100.0
reader_anytime,anytime,sdssvep,7,2025,within,44,687.5,100.0
reader_anytime,anytime,sdssvep,7,2025,within,45,703.125,100.0
reader_anytime,anytime,sdssvep,7,2025,within,46,718.75,100.0
reader_anytime,anytime,sdssvep,7,2025,within,47,734.375,100.0
reader_anytime,anytime,sdssvep,7,2025,within,48,750.0,100.0
reader_anytime,anytime,sdssvep,7,2025,within,49,765.625,100.0
reader_anytime,anytime,sdssvep,7,2025,within,50,781.25,100.0
reader_anytime,anytime,sdssvep,7,2025,within,51,796.875,100.0
reader_anytime,anytime,sdssvep,7,2025,within,52,812.5,100.0
reader_anytime,anytime,sdssvep,7,2025,within,53,828.125,100.0
reader_anytime,anytime,sdssvep,7,2025,within,54,843.75,100.0
reader_anytime,anytime,sdssvep,7,2025,within,55,859.375,100.0
reader_anytime,anytime,sdssvep,7,2025,within,56,875.0,100.0
reader_anytime,anytime,sdssvep,7,2025,within,57,890.625,100.0
reader_anytime,anytime,sdssvep,7,2025,within,58,906.25,100.0
reader_anytime,anytime,sdssvep,7,2025,within,59,921.875,100.0
reader_anytime,anytime,sdssvep,7,2025,within,60,937.5,100.0
reader_anytime,anytime,sdssvep,7,2025,within,61,953.125,100.0
reader_anytime,anytime,sdssvep,7,2025,within,62,968.75,100.0
reader_anytime,anytime,sdssvep,7,2025,within,63,984.375,100.0
reader_anytime,anytime,sdssvep,7,2025,within,64,1000.0,100.0
reader_anytime,anytime,sdssvep,7,2026,within,1,15.625,11.6667
reader_anytime,anytime,sdssvep,7,2026,within,2,31.25,13.3333
reader_anytime,anytime,sdssvep,7,2026,within,3,46.875,18.3333
reader_anytime,anytime,sdssvep,7,2026,within,4,62.5,25.0
reader_anytime,anytime,sdssvep,7,2026,within,5,78.125,35.0
reader_anytime,anytime,sdssvep,7,2026,within,6,93.75,40.0
reader_anytime,anytime,sdssvep,7,2026,within,7,109.375,63.3333
reader_anytime,anytime,sdssvep,7,2026,within,8,125.0,70.0
reader_anytime,anytime,sdssvep,7,2026,within,9,140.625,76.6667
reader_anytime,anytime,sdssvep,7,2026,within,10,156.25,78.3333
reader_anytime,anytime,sdssvep,7,2026,within,11,171.875,83.3333
reader_anytime,anytime,sdssvep,7,2026,within,12,187.5,81.6667
reader_anytime,anytime,sdssvep,7,2026,within,13,203.125,83.3333
reader_anytime,anytime,sdssvep,7,2026,within,14,218.75,90.0
reader_anytime,anytime,sdssvep,7,2026,within,15,234.375,90.0
reader_anytime,anytime,sdssvep,7,2026,within,16,250.0,93.3333
reader_anytime,anytime,sdssvep,7,2026,within,17,265.625,96.6667
reader_anytime,anytime,sdssvep,7,2026,within,18,281.25,98.3333
reader_anytime,anytime,sdssvep,7,2026,within,19,296.875,96.6667
reader_anytime,anytime,sdssvep,7,2026,within,20,312.5,98.3333
reader_anytime,anytime,sdssvep,7,2026,within,21,328.125,98.3333
reader_anytime,anytime,sdssvep,7,2026,within,22,343.75,96.6667
reader_anytime,anytime,sdssvep,7,2026,within,23,359.375,96.6667
reader_anytime,anytime,sdssvep,7,2026,within,24,375.0,98.3333
reader_anytime,anytime,sdssvep,7,2026,within,25,390.625,98.3333
reader_anytime,anytime,sdssvep,7,2026,within,26,406.25,96.6667
reader_anytime,anytime,sdssvep,7,2026,within,27,421.875,98.3333
reader_anytime,anytime,sdssvep,7,2026,within,28,437.5,98.3333
reader_anytime,anytime,sdssvep,7,2026,within,29,453.125,98.3333
reader_anytime,anytime,sdssvep,7,2026,within,30,468.75,96.6667
reader_anytime,anytime,sdssvep,7,2026,within,31,484.375,96.6667
reader_anytime,anytime,sdssvep,7,2026,within,32,500.0,96.6667
reader_anytime,anytime,sdssvep,7,2026,within,33,515.625,96.6667
reader_anytime,anytime,sdssvep,7,2026,within,34,531.25,96.6667
reader_anytime,anytime,sdssvep,7,2026,within,35,546.875,98.3333
reader_anytime,anytime,sdssvep,7,2026,within,36,562.5,98.3333
reader_anytime,anytime,sdssvep,7,2026,within,37,578.125,96.6667
reader_anytime,anytime,sdssvep,7,2026,within,38,593.75,96.6667
reader_anytime,anytime,sdssvep,7,2026,within,39,609.375,98.3333
reader_anytime,anytime,sdssvep,7,2026,within,40,625.0,98.3333
reader_anytime,anytime,sdssvep,7,2026,within,41,640.625,98.3333
reader_anytime,anytime,sdssvep,7,2026,within,42,656.25,96.6667
reader_anytime,anytime,sdssvep,7,2026,within,43,671.875,96.6667
reader_anytime,anytime,sdssvep,7,2026,within,44,687.5,98.3333
reader_anytime,anytime,sdssvep,7,2026,within,45,703.125,98.3333
reader_anytime,anytime,sdssvep,7,2026,within,46,718.75,98.3333
reader_anytime,anytime,sdssvep,7,2026,within,47,734.375,98.3333
reader_anytime,anytime,sdssvep,7,2026,within,48,750.0,98.3333
reader_anytime,anytime,sdssvep,7,2026,within,49,765.625,98.3333
reader_anytime,anytime,sdssvep,7,2026,within,50,781.25,98.3333
reader_anytime,anytime,sdssvep,7,2026,within,51,796.875,98.3333
reader_anytime,anytime,sdssvep,7,2026,within,52,812.5,98.3333
reader_anytime,anytime,sdssvep,7,2026,within,53,828.125,98.3333
reader_anytime,anytime,sdssvep,7,2026,within,54,843.75,98.3333
reader_anytime,anytime,sdssvep,7,2026,within,55,859.375,98.3333
reader_anytime,anytime,sdssvep,7,2026,within,56,875.0,100.0
reader_anytime,anytime,sdssvep,7,2026,within,57,890.625,98.3333
reader_anytime,anytime,sdssvep,7,2026,within,58,906.25,98.3333
reader_anytime,anytime,sdssvep,7,2026,within,59,921.875,98.3333
reader_anytime,anytime,sdssvep,7,2026,within,60,937.5,100.0
reader_anytime,anytime,sdssvep,7,2026,within,61,953.125,98.3333
reader_anytime,anytime,sdssvep,7,2026,within,62,968.75,98.3333
reader_anytime,anytime,sdssvep,7,2026,within,63,984.375,98.3333
reader_anytime,anytime,sdssvep,7,2026,within,64,1000.0,100.0
reader_anytime,anytime,sdssvep,7,2027,within,1,15.625,8.3333
reader_anytime,anytime,sdssvep,7,2027,within,2,31.25,11.6667
reader_anytime,anytime,sdssvep,7,2027,within,3,46.875,10.0
reader_anytime,anytime,sdssvep,7,2027,within,4,62.5,15.0
reader_anytime,anytime,sdssvep,7,2027,within,5,78.125,36.6667
reader_anytime,anytime,sdssvep,7,2027,within,6,93.75,38.3333
reader_anytime,anytime,sdssvep,7,2027,within,7,109.375,50.0
reader_anytime,anytime,sdssvep,7,2027,within,8,125.0,56.6667
reader_anytime,anytime,sdssvep,7,2027,within,9,140.625,78.3333
reader_anytime,anytime,sdssvep,7,2027,within,10,156.25,80.0
reader_anytime,anytime,sdssvep,7,2027,within,11,171.875,83.3333
reader_anytime,anytime,sdssvep,7,2027,within,12,187.5,86.6667
reader_anytime,anytime,sdssvep,7,2027,within,13,203.125,88.3333
reader_anytime,anytime,sdssvep,7,2027,within,14,218.75,86.6667
reader_anytime,anytime,sdssvep,7,2027,within,15,234.375,93.3333
reader_anytime,anytime,sdssvep,7,2027,within,16,250.0,93.3333
reader_anytime,anytime,sdssvep,7,2027,within,17,265.625,96.6667
reader_anytime,anytime,sdssvep,7,2027,within,18,281.25,98.3333
reader_anytime,anytime,sdssvep,7,2027,within,19,296.875,98.3333
reader_anytime,anytime,sdssvep,7,2027,within,20,312.5,98.3333
reader_anytime,anytime,sdssvep,7,2027,within,21,328.125,98.3333
reader_anytime,anytime,sdssvep,7,2027,within,22,343.75,98.3333
reader_anytime,anytime,sdssvep,7,2027,within,23,359.375,98.3333
reader_anytime,anytime,sdssvep,7,2027,within,24,375.0,100.0
reader_anytime,anytime,sdssvep,7,2027,within,25,390.625,100.0
reader_anytime,anytime,sdssvep,7,2027,within,26,406.25,100.0
reader_anytime,anytime,sdssvep,7,2027,within,27,421.875,100.0
reader_anytime,anytime,sdssvep,7,2027,within,28,437.5,100.0
reader_anytime,anytime,sdssvep,7,2027,within,29,453.125,100.0
reader_anytime,anytime,sdssvep,7,2027,within,30,468.75,100.0
reader_anytime,anytime,sdssvep,7,2027,within,31,484.375,100.0
reader_anytime,anytime,sdssvep,7,2027,within,32,500.0,100.0
reader_anytime,anytime,sdssvep,7,2027,within,33,515.625,100.0
reader_anytime,anytime,sdssvep,7,2027,within,34,531.25,100.0
reader_anytime,anytime,sdssvep,7,2027,within,35,546.875,100.0
reader_anytime,anytime,sdssvep,7,2027,within,36,562.5,100.0
reader_anytime,anytime,sdssvep,7,2027,within,37,578.125,98.3333
reader_anytime,anytime,sdssvep,7,2027,within,38,593.75,100.0
reader_anytime,anytime,sdssvep,7,2027,within,39,609.375,100.0
reader_anytime,anytime,sdssvep,7,2027,within,40,625.0,100.0
reader_anytime,anytime,sdssvep,7,2027,within,41,640.625,98.3333
reader_anytime,anytime,sdssvep,7,2027,within,42,656.25,100.0
reader_anytime,anytime,sdssvep,7,2027,within,43,671.875,100.0
reader_anytime,anytime,sdssvep,7,2027,within,44,687.5,100.0
reader_anytime,anytime,sdssvep,7,2027,within,45,703.125,98.3333
reader_anytime,anytime,sdssvep,7,2027,within,46,718.75,100.0
reader_anytime,anytime,sdssvep,7,2027,within,47,734.375,100.0
reader_anytime,anytime,sdssvep,7,2027,within,48,750.0,100.0
reader_anytime,anytime,sdssvep,7,2027,within,49,765.625,100.0
reader_anytime,anytime,sdssvep,7,2027,within,50,781.25,100.0
reader_anytime,anytime,sdssvep,7,2027,within,51,796.875,100.0
reader_anytime,anytime,sdssvep,7,2027,within,52,812.5,100.0
reader_anytime,anytime,sdssvep,7,2027,within,53,828.125,100.0
reader_anytime,anytime,sdssvep,7,2027,within,54,843.75,100.0
reader_anytime,anytime,sdssvep,7,2027,within,55,859.375,100.0
reader_anytime,anytime,sdssvep,7,2027,within,56,875.0,100.0
reader_anytime,anytime,sdssvep,7,2027,within,57,890.625,100.0
reader_anytime,anytime,sdssvep,7,2027,within,58,906.25,100.0
reader_anytime,anytime,sdssvep,7,2027,within,59,921.875,100.0
reader_anytime,anytime,sdssvep,7,2027,within,60,937.5,100.0
reader_anytime,anytime,sdssvep,7,2027,within,61,953.125,100.0
reader_anytime,anytime,sdssvep,7,2027,within,62,968.75,100.0
reader_anytime,anytime,sdssvep,7,2027,within,63,984.375,100.0
reader_anytime,anytime,sdssvep,7,2027,within,64,1000.0,100.0
reader_anytime,anytime,sdssvep,8,2025,within,1,15.625,11.6667
reader_anytime,anytime,sdssvep,8,2025,within,2,31.25,8.3333
reader_anytime,anytime,sdssvep,8,2025,within,3,46.875,16.6667
reader_anytime,anytime,sdssvep,8,2025,within,4,62.5,15.0
reader_anytime,anytime,sdssvep,8,2025,within,5,78.125,25.0
reader_anytime,anytime,sdssvep,8,2025,within,6,93.75,31.6667
reader_anytime,anytime,sdssvep,8,2025,within,7,109.375,40.0
reader_anytime,anytime,sdssvep,8,2025,within,8,125.0,46.6667
reader_anytime,anytime,sdssvep,8,2025,within,9,140.625,66.6667
reader_anytime,anytime,sdssvep,8,2025,within,10,156.25,71.6667
reader_anytime,anytime,sdssvep,8,2025,within,11,171.875,76.6667
reader_anytime,anytime,sdssvep,8,2025,within,12,187.5,80.0
reader_anytime,anytime,sdssvep,8,2025,within,13,203.125,80.0
reader_anytime,anytime,sdssvep,8,2025,within,14,218.75,80.0
reader_anytime,anytime,sdssvep,8,2025,within,15,234.375,86.6667
reader_anytime,anytime,sdssvep,8,2025,within,16,250.0,88.3333
reader_anytime,anytime,sdssvep,8,2025,within,17,265.625,91.6667
reader_anytime,anytime,sdssvep,8,2025,within,18,281.25,91.6667
reader_anytime,anytime,sdssvep,8,2025,within,19,296.875,93.3333
reader_anytime,anytime,sdssvep,8,2025,within,20,312.5,93.3333
reader_anytime,anytime,sdssvep,8,2025,within,21,328.125,96.6667
reader_anytime,anytime,sdssvep,8,2025,within,22,343.75,98.3333
reader_anytime,anytime,sdssvep,8,2025,within,23,359.375,96.6667
reader_anytime,anytime,sdssvep,8,2025,within,24,375.0,98.3333
reader_anytime,anytime,sdssvep,8,2025,within,25,390.625,98.3333
reader_anytime,anytime,sdssvep,8,2025,within,26,406.25,98.3333
reader_anytime,anytime,sdssvep,8,2025,within,27,421.875,98.3333
reader_anytime,anytime,sdssvep,8,2025,within,28,437.5,98.3333
reader_anytime,anytime,sdssvep,8,2025,within,29,453.125,98.3333
reader_anytime,anytime,sdssvep,8,2025,within,30,468.75,98.3333
reader_anytime,anytime,sdssvep,8,2025,within,31,484.375,98.3333
reader_anytime,anytime,sdssvep,8,2025,within,32,500.0,98.3333
reader_anytime,anytime,sdssvep,8,2025,within,33,515.625,98.3333
reader_anytime,anytime,sdssvep,8,2025,within,34,531.25,98.3333
reader_anytime,anytime,sdssvep,8,2025,within,35,546.875,98.3333
reader_anytime,anytime,sdssvep,8,2025,within,36,562.5,98.3333
reader_anytime,anytime,sdssvep,8,2025,within,37,578.125,98.3333
reader_anytime,anytime,sdssvep,8,2025,within,38,593.75,98.3333
reader_anytime,anytime,sdssvep,8,2025,within,39,609.375,98.3333
reader_anytime,anytime,sdssvep,8,2025,within,40,625.0,100.0
reader_anytime,anytime,sdssvep,8,2025,within,41,640.625,100.0
reader_anytime,anytime,sdssvep,8,2025,within,42,656.25,100.0
reader_anytime,anytime,sdssvep,8,2025,within,43,671.875,98.3333
reader_anytime,anytime,sdssvep,8,2025,within,44,687.5,98.3333
reader_anytime,anytime,sdssvep,8,2025,within,45,703.125,100.0
reader_anytime,anytime,sdssvep,8,2025,within,46,718.75,100.0
reader_anytime,anytime,sdssvep,8,2025,within,47,734.375,100.0
reader_anytime,anytime,sdssvep,8,2025,within,48,750.0,100.0
reader_anytime,anytime,sdssvep,8,2025,within,49,765.625,100.0
reader_anytime,anytime,sdssvep,8,2025,within,50,781.25,98.3333
reader_anytime,anytime,sdssvep,8,2025,within,51,796.875,100.0
reader_anytime,anytime,sdssvep,8,2025,within,52,812.5,100.0
reader_anytime,anytime,sdssvep,8,2025,within,53,828.125,100.0
reader_anytime,anytime,sdssvep,8,2025,within,54,843.75,100.0
reader_anytime,anytime,sdssvep,8,2025,within,55,859.375,100.0
reader_anytime,anytime,sdssvep,8,2025,within,56,875.0,100.0
reader_anytime,anytime,sdssvep,8,2025,within,57,890.625,98.3333
reader_anytime,anytime,sdssvep,8,2025,within,58,906.25,100.0
reader_anytime,anytime,sdssvep,8,2025,within,59,921.875,100.0
reader_anytime,anytime,sdssvep,8,2025,within,60,937.5,100.0
reader_anytime,anytime,sdssvep,8,2025,within,61,953.125,100.0
reader_anytime,anytime,sdssvep,8,2025,within,62,968.75,100.0
reader_anytime,anytime,sdssvep,8,2025,within,63,984.375,100.0
reader_anytime,anytime,sdssvep,8,2025,within,64,1000.0,100.0
reader_anytime,anytime,sdssvep,8,2026,within,1,15.625,8.3333
reader_anytime,anytime,sdssvep,8,2026,within,2,31.25,8.3333
reader_anytime,anytime,sdssvep,8,2026,within,3,46.875,10.0
reader_anytime,anytime,sdssvep,8,2026,within,4,62.5,13.3333
reader_anytime,anytime,sdssvep,8,2026,within,5,78.125,30.0
reader_anytime,anytime,sdssvep,8,2026,within,6,93.75,38.3333
reader_anytime,anytime,sdssvep,8,2026,within,7,109.375,51.6667
reader_anytime,anytime,sdssvep,8,2026,within,8,125.0,53.3333
reader_anytime,anytime,sdssvep,8,2026,within,9,140.625,60.0
reader_anytime,anytime,sdssvep,8,2026,within,10,156.25,63.3333
reader_anytime,anytime,sdssvep,8,2026,within,11,171.875,66.6667
reader_anytime,anytime,sdssvep,8,2026,within,12,187.5,71.6667
reader_anytime,anytime,sdssvep,8,2026,within,13,203.125,71.6667
reader_anytime,anytime,sdssvep,8,2026,within,14,218.75,76.6667
reader_anytime,anytime,sdssvep,8,2026,within,15,234.375,75.0
reader_anytime,anytime,sdssvep,8,2026,within,16,250.0,78.3333
reader_anytime,anytime,sdssvep,8,2026,within,17,265.625,88.3333
reader_anytime,anytime,sdssvep,8,2026,within,18,281.25,90.0
reader_anytime,anytime,sdssvep,8,2026,within,19,296.875,93.3333
reader_anytime,anytime,sdssvep,8,2026,within,20,312.5,91.6667
reader_anytime,anytime,sdssvep,8,2026,within,21,328.125,96.6667
reader_anytime,anytime,sdssvep,8,2026,within,22,343.75,96.6667
reader_anytime,anytime,sdssvep,8,2026,within,23,359.375,96.6667
reader_anytime,anytime,sdssvep,8,2026,within,24,375.0,96.6667
reader_anytime,anytime,sdssvep,8,2026,within,25,390.625,98.3333
reader_anytime,anytime,sdssvep,8,2026,within,26,406.25,98.3333
reader_anytime,anytime,sdssvep,8,2026,within,27,421.875,100.0
reader_anytime,anytime,sdssvep,8,2026,within,28,437.5,100.0
reader_anytime,anytime,sdssvep,8,2026,within,29,453.125,100.0
reader_anytime,anytime,sdssvep,8,2026,within,30,468.75,100.0
reader_anytime,anytime,sdssvep,8,2026,within,31,484.375,100.0
reader_anytime,anytime,sdssvep,8,2026,within,32,500.0,100.0
reader_anytime,anytime,sdssvep,8,2026,within,33,515.625,100.0
reader_anytime,anytime,sdssvep,8,2026,within,34,531.25,100.0
reader_anytime,anytime,sdssvep,8,2026,within,35,546.875,100.0
reader_anytime,anytime,sdssvep,8,2026,within,36,562.5,100.0
reader_anytime,anytime,sdssvep,8,2026,within,37,578.125,100.0
reader_anytime,anytime,sdssvep,8,2026,within,38,593.75,100.0
reader_anytime,anytime,sdssvep,8,2026,within,39,609.375,100.0
reader_anytime,anytime,sdssvep,8,2026,within,40,625.0,100.0
reader_anytime,anytime,sdssvep,8,2026,within,41,640.625,100.0
reader_anytime,anytime,sdssvep,8,2026,within,42,656.25,100.0
reader_anytime,anytime,sdssvep,8,2026,within,43,671.875,100.0
reader_anytime,anytime,sdssvep,8,2026,within,44,687.5,100.0
reader_anytime,anytime,sdssvep,8,2026,within,45,703.125,100.0
reader_anytime,anytime,sdssvep,8,2026,within,46,718.75,100.0
reader_anytime,anytime,sdssvep,8,2026,within,47,734.375,100.0
reader_anytime,anytime,sdssvep,8,2026,within,48,750.0,100.0
reader_anytime,anytime,sdssvep,8,2026,within,49,765.625,100.0
reader_anytime,anytime,sdssvep,8,2026,within,50,781.25,100.0
reader_anytime,anytime,sdssvep,8,2026,within,51,796.875,100.0
reader_anytime,anytime,sdssvep,8,2026,within,52,812.5,100.0
reader_anytime,anytime,sdssvep,8,2026,within,53,828.125,100.0
reader_anytime,anytime,sdssvep,8,2026,within,54,843.75,100.0
reader_anytime,anytime,sdssvep,8,2026,within,55,859.375,100.0
reader_anytime,anytime,sdssvep,8,2026,within,56,875.0,100.0
reader_anytime,anytime,sdssvep,8,2026,within,57,890.625,100.0
reader_anytime,anytime,sdssvep,8,2026,within,58,906.25,100.0
reader_anytime,anytime,sdssvep,8,2026,within,59,921.875,100.0
reader_anytime,anytime,sdssvep,8,2026,within,60,937.5,100.0
reader_anytime,anytime,sdssvep,8,2026,within,61,953.125,100.0
reader_anytime,anytime,sdssvep,8,2026,within,62,968.75,100.0
reader_anytime,anytime,sdssvep,8,2026,within,63,984.375,100.0
reader_anytime,anytime,sdssvep,8,2026,within,64,1000.0,100.0
reader_anytime,anytime,sdssvep,8,2027,within,1,15.625,16.6667
reader_anytime,anytime,sdssvep,8,2027,within,2,31.25,10.0
reader_anytime,anytime,sdssvep,8,2027,within,3,46.875,21.6667
reader_anytime,anytime,sdssvep,8,2027,within,4,62.5,26.6667
reader_anytime,anytime,sdssvep,8,2027,within,5,78.125,41.6667
reader_anytime,anytime,sdssvep,8,2027,within,6,93.75,41.6667
reader_anytime,anytime,sdssvep,8,2027,within,7,109.375,48.3333
reader_anytime,anytime,sdssvep,8,2027,within,8,125.0,48.3333
reader_anytime,anytime,sdssvep,8,2027,within,9,140.625,58.3333
reader_anytime,anytime,sdssvep,8,2027,within,10,156.25,61.6667
reader_anytime,anytime,sdssvep,8,2027,within,11,171.875,75.0
reader_anytime,anytime,sdssvep,8,2027,within,12,187.5,75.0
reader_anytime,anytime,sdssvep,8,2027,within,13,203.125,75.0
reader_anytime,anytime,sdssvep,8,2027,within,14,218.75,78.3333
reader_anytime,anytime,sdssvep,8,2027,within,15,234.375,81.6667
reader_anytime,anytime,sdssvep,8,2027,within,16,250.0,80.0
reader_anytime,anytime,sdssvep,8,2027,within,17,265.625,88.3333
reader_anytime,anytime,sdssvep,8,2027,within,18,281.25,90.0
reader_anytime,anytime,sdssvep,8,2027,within,19,296.875,91.6667
reader_anytime,anytime,sdssvep,8,2027,within,20,312.5,91.6667
reader_anytime,anytime,sdssvep,8,2027,within,21,328.125,91.6667
reader_anytime,anytime,sdssvep,8,2027,within,22,343.75,93.3333
reader_anytime,anytime,sdssvep,8,2027,within,23,359.375,93.3333
reader_anytime,anytime,sdssvep,8,2027,within,24,375.0,95.0
reader_anytime,anytime,sdssvep,8,2027,within,25,390.625,98.3333
reader_anytime,anytime,sdssvep,8,2027,within,26,406.25,98.3333
reader_anytime,anytime,sdssvep,8,2027,within,27,421.875,98.3333
reader_anytime,anytime,sdssvep,8,2027,within,28,437.5,98.3333
reader_anytime,anytime,sdssvep,8,2027,within,29,453.125,98.3333
reader_anytime,anytime,sdssvep,8,2027,within,30,468.75,98.3333
reader_anytime,anytime,sdssvep,8,2027,within,31,484.375,98.3333
reader_anytime,anytime,sdssvep,8,2027,within,32,500.0,98.3333
reader_anytime,anytime,sdssvep,8,2027,within,33,515.625,98.3333
reader_anytime,anytime,sdssvep,8,2027,within,34,531.25,98.3333
reader_anytime,anytime,sdssvep,8,2027,within,35,546.875,98.3333
reader_anytime,anytime,sdssvep,8,2027,within,36,562.5,98.3333
reader_anytime,anytime,sdssvep,8,2027,within,37,578.125,98.3333
reader_anytime,anytime,sdssvep,8,2027,within,38,593.75,98.3333
reader_anytime,anytime,sdssvep,8,2027,within,39,609.375,98.3333
reader_anytime,anytime,sdssvep,8,2027,within,40,625.0,98.3333
reader_anytime,anytime,sdssvep,8,2027,within,41,640.625,100.0
reader_anytime,anytime,sdssvep,8,2027,within,42,656.25,98.3333
reader_anytime,anytime,sdssvep,8,2027,within,43,671.875,98.3333
reader_anytime,anytime,sdssvep,8,2027,within,44,687.5,98.3333
reader_anytime,anytime,sdssvep,8,2027,within,45,703.125,100.0
reader_anytime,anytime,sdssvep,8,2027,within,46,718.75,100.0
reader_anytime,anytime,sdssvep,8,2027,within,47,734.375,98.3333
reader_anytime,anytime,sdssvep,8,2027,within,48,750.0,100.0
reader_anytime,anytime,sdssvep,8,2027,within,49,765.625,100.0
reader_anytime,anytime,sdssvep,8,2027,within,50,781.25,100.0
reader_anytime,anytime,sdssvep,8,2027,within,51,796.875,98.3333
reader_anytime,anytime,sdssvep,8,2027,within,52,812.5,98.3333
reader_anytime,anytime,sdssvep,8,2027,within,53,828.125,98.3333
reader_anytime,anytime,sdssvep,8,2027,within,54,843.75,100.0
reader_anytime,anytime,sdssvep,8,2027,within,55,859.375,100.0
reader_anytime,anytime,sdssvep,8,2027,within,56,875.0,100.0
reader_anytime,anytime,sdssvep,8,2027,within,57,890.625,100.0
reader_anytime,anytime,sdssvep,8,2027,within,58,906.25,100.0
reader_anytime,anytime,sdssvep,8,2027,within,59,921.875,100.0
reader_anytime,anytime,sdssvep,8,2027,within,60,937.5,100.0
reader_anytime,anytime,sdssvep,8,2027,within,61,953.125,100.0
reader_anytime,anytime,sdssvep,8,2027,within,62,968.75,100.0
reader_anytime,anytime,sdssvep,8,2027,within,63,984.375,100.0
reader_anytime,anytime,sdssvep,8,2027,within,64,1000.0,100.0
reader_anytime,anytime,sdssvep,9,2025,within,1,15.625,11.6667
reader_anytime,anytime,sdssvep,9,2025,within,2,31.25,13.3333
reader_anytime,anytime,sdssvep,9,2025,within,3,46.875,11.6667
reader_anytime,anytime,sdssvep,9,2025,within,4,62.5,11.6667
reader_anytime,anytime,sdssvep,9,2025,within,5,78.125,18.3333
reader_anytime,anytime,sdssvep,9,2025,within,6,93.75,28.3333
reader_anytime,anytime,sdssvep,9,2025,within,7,109.375,46.6667
reader_anytime,anytime,sdssvep,9,2025,within,8,125.0,38.3333
reader_anytime,anytime,sdssvep,9,2025,within,9,140.625,53.3333
reader_anytime,anytime,sdssvep,9,2025,within,10,156.25,58.3333
reader_anytime,anytime,sdssvep,9,2025,within,11,171.875,65.0
reader_anytime,anytime,sdssvep,9,2025,within,12,187.5,65.0
reader_anytime,anytime,sdssvep,9,2025,within,13,203.125,70.0
reader_anytime,anytime,sdssvep,9,2025,within,14,218.75,71.6667
reader_anytime,anytime,sdssvep,9,2025,within,15,234.375,76.6667
reader_anytime,anytime,sdssvep,9,2025,within,16,250.0,80.0
reader_anytime,anytime,sdssvep,9,2025,within,17,265.625,80.0
reader_anytime,anytime,sdssvep,9,2025,within,18,281.25,76.6667
reader_anytime,anytime,sdssvep,9,2025,within,19,296.875,81.6667
reader_anytime,anytime,sdssvep,9,2025,within,20,312.5,83.3333
reader_anytime,anytime,sdssvep,9,2025,within,21,328.125,81.6667
reader_anytime,anytime,sdssvep,9,2025,within,22,343.75,81.6667
reader_anytime,anytime,sdssvep,9,2025,within,23,359.375,83.3333
reader_anytime,anytime,sdssvep,9,2025,within,24,375.0,83.3333
reader_anytime,anytime,sdssvep,9,2025,within,25,390.625,83.3333
reader_anytime,anytime,sdssvep,9,2025,within,26,406.25,85.0
reader_anytime,anytime,sdssvep,9,2025,within,27,421.875,85.0
reader_anytime,anytime,sdssvep,9,2025,within,28,437.5,86.6667
reader_anytime,anytime,sdssvep,9,2025,within,29,453.125,86.6667
reader_anytime,anytime,sdssvep,9,2025,within,30,468.75,85.0
reader_anytime,anytime,sdssvep,9,2025,within,31,484.375,85.0
reader_anytime,anytime,sdssvep,9,2025,within,32,500.0,86.6667
reader_anytime,anytime,sdssvep,9,2025,within,33,515.625,86.6667
reader_anytime,anytime,sdssvep,9,2025,within,34,531.25,88.3333
reader_anytime,anytime,sdssvep,9,2025,within,35,546.875,88.3333
reader_anytime,anytime,sdssvep,9,2025,within,36,562.5,86.6667
reader_anytime,anytime,sdssvep,9,2025,within,37,578.125,86.6667
reader_anytime,anytime,sdssvep,9,2025,within,38,593.75,88.3333
reader_anytime,anytime,sdssvep,9,2025,within,39,609.375,88.3333
reader_anytime,anytime,sdssvep,9,2025,within,40,625.0,88.3333
reader_anytime,anytime,sdssvep,9,2025,within,41,640.625,88.3333
reader_anytime,anytime,sdssvep,9,2025,within,42,656.25,90.0
reader_anytime,anytime,sdssvep,9,2025,within,43,671.875,90.0
reader_anytime,anytime,sdssvep,9,2025,within,44,687.5,90.0
reader_anytime,anytime,sdssvep,9,2025,within,45,703.125,90.0
reader_anytime,anytime,sdssvep,9,2025,within,46,718.75,90.0
reader_anytime,anytime,sdssvep,9,2025,within,47,734.375,90.0
reader_anytime,anytime,sdssvep,9,2025,within,48,750.0,90.0
reader_anytime,anytime,sdssvep,9,2025,within,49,765.625,93.3333
reader_anytime,anytime,sdssvep,9,2025,within,50,781.25,93.3333
reader_anytime,anytime,sdssvep,9,2025,within,51,796.875,93.3333
reader_anytime,anytime,sdssvep,9,2025,within,52,812.5,91.6667
reader_anytime,anytime,sdssvep,9,2025,within,53,828.125,93.3333
reader_anytime,anytime,sdssvep,9,2025,within,54,843.75,93.3333
reader_anytime,anytime,sdssvep,9,2025,within,55,859.375,93.3333
reader_anytime,anytime,sdssvep,9,2025,within,56,875.0,93.3333
reader_anytime,anytime,sdssvep,9,2025,within,57,890.625,91.6667
reader_anytime,anytime,sdssvep,9,2025,within,58,906.25,95.0
reader_anytime,anytime,sdssvep,9,2025,within,59,921.875,96.6667
reader_anytime,anytime,sdssvep,9,2025,within,60,937.5,96.6667
reader_anytime,anytime,sdssvep,9,2025,within,61,953.125,91.6667
reader_anytime,anytime,sdssvep,9,2025,within,62,968.75,93.3333
reader_anytime,anytime,sdssvep,9,2025,within,63,984.375,95.0
reader_anytime,anytime,sdssvep,9,2025,within,64,1000.0,96.6667
reader_anytime,anytime,sdssvep,9,2026,within,1,15.625,8.3333
reader_anytime,anytime,sdssvep,9,2026,within,2,31.25,8.3333
reader_anytime,anytime,sdssvep,9,2026,within,3,46.875,13.3333
reader_anytime,anytime,sdssvep,9,2026,within,4,62.5,13.3333
reader_anytime,anytime,sdssvep,9,2026,within,5,78.125,16.6667
reader_anytime,anytime,sdssvep,9,2026,within,6,93.75,18.3333
reader_anytime,anytime,sdssvep,9,2026,within,7,109.375,26.6667
reader_anytime,anytime,sdssvep,9,2026,within,8,125.0,36.6667
reader_anytime,anytime,sdssvep,9,2026,within,9,140.625,45.0
reader_anytime,anytime,sdssvep,9,2026,within,10,156.25,46.6667
reader_anytime,anytime,sdssvep,9,2026,within,11,171.875,60.0
reader_anytime,anytime,sdssvep,9,2026,within,12,187.5,56.6667
reader_anytime,anytime,sdssvep,9,2026,within,13,203.125,63.3333
reader_anytime,anytime,sdssvep,9,2026,within,14,218.75,66.6667
reader_anytime,anytime,sdssvep,9,2026,within,15,234.375,71.6667
reader_anytime,anytime,sdssvep,9,2026,within,16,250.0,73.3333
reader_anytime,anytime,sdssvep,9,2026,within,17,265.625,76.6667
reader_anytime,anytime,sdssvep,9,2026,within,18,281.25,78.3333
reader_anytime,anytime,sdssvep,9,2026,within,19,296.875,81.6667
reader_anytime,anytime,sdssvep,9,2026,within,20,312.5,83.3333
reader_anytime,anytime,sdssvep,9,2026,within,21,328.125,83.3333
reader_anytime,anytime,sdssvep,9,2026,within,22,343.75,83.3333
reader_anytime,anytime,sdssvep,9,2026,within,23,359.375,83.3333
reader_anytime,anytime,sdssvep,9,2026,within,24,375.0,81.6667
reader_anytime,anytime,sdssvep,9,2026,within,25,390.625,85.0
reader_anytime,anytime,sdssvep,9,2026,within,26,406.25,85.0
reader_anytime,anytime,sdssvep,9,2026,within,27,421.875,86.6667
reader_anytime,anytime,sdssvep,9,2026,within,28,437.5,86.6667
reader_anytime,anytime,sdssvep,9,2026,within,29,453.125,85.0
reader_anytime,anytime,sdssvep,9,2026,within,30,468.75,86.6667
reader_anytime,anytime,sdssvep,9,2026,within,31,484.375,86.6667
reader_anytime,anytime,sdssvep,9,2026,within,32,500.0,86.6667
reader_anytime,anytime,sdssvep,9,2026,within,33,515.625,86.6667
reader_anytime,anytime,sdssvep,9,2026,within,34,531.25,86.6667
reader_anytime,anytime,sdssvep,9,2026,within,35,546.875,86.6667
reader_anytime,anytime,sdssvep,9,2026,within,36,562.5,86.6667
reader_anytime,anytime,sdssvep,9,2026,within,37,578.125,88.3333
reader_anytime,anytime,sdssvep,9,2026,within,38,593.75,88.3333
reader_anytime,anytime,sdssvep,9,2026,within,39,609.375,88.3333
reader_anytime,anytime,sdssvep,9,2026,within,40,625.0,88.3333
reader_anytime,anytime,sdssvep,9,2026,within,41,640.625,88.3333
reader_anytime,anytime,sdssvep,9,2026,within,42,656.25,88.3333
reader_anytime,anytime,sdssvep,9,2026,within,43,671.875,88.3333
reader_anytime,anytime,sdssvep,9,2026,within,44,687.5,88.3333
reader_anytime,anytime,sdssvep,9,2026,within,45,703.125,90.0
reader_anytime,anytime,sdssvep,9,2026,within,46,718.75,88.3333
reader_anytime,anytime,sdssvep,9,2026,within,47,734.375,88.3333
reader_anytime,anytime,sdssvep,9,2026,within,48,750.0,88.3333
reader_anytime,anytime,sdssvep,9,2026,within,49,765.625,90.0
reader_anytime,anytime,sdssvep,9,2026,within,50,781.25,91.6667
reader_anytime,anytime,sdssvep,9,2026,within,51,796.875,88.3333
reader_anytime,anytime,sdssvep,9,2026,within,52,812.5,88.3333
reader_anytime,anytime,sdssvep,9,2026,within,53,828.125,88.3333
reader_anytime,anytime,sdssvep,9,2026,within,54,843.75,91.6667
reader_anytime,anytime,sdssvep,9,2026,within,55,859.375,91.6667
reader_anytime,anytime,sdssvep,9,2026,within,56,875.0,91.6667
reader_anytime,anytime,sdssvep,9,2026,within,57,890.625,91.6667
reader_anytime,anytime,sdssvep,9,2026,within,58,906.25,93.3333
reader_anytime,anytime,sdssvep,9,2026,within,59,921.875,93.3333
reader_anytime,anytime,sdssvep,9,2026,within,60,937.5,91.6667
reader_anytime,anytime,sdssvep,9,2026,within,61,953.125,91.6667
reader_anytime,anytime,sdssvep,9,2026,within,62,968.75,93.3333
reader_anytime,anytime,sdssvep,9,2026,within,63,984.375,93.3333
reader_anytime,anytime,sdssvep,9,2026,within,64,1000.0,95.0
reader_anytime,anytime,sdssvep,9,2027,within,1,15.625,11.6667
reader_anytime,anytime,sdssvep,9,2027,within,2,31.25,13.3333
reader_anytime,anytime,sdssvep,9,2027,within,3,46.875,10.0
reader_anytime,anytime,sdssvep,9,2027,within,4,62.5,15.0
reader_anytime,anytime,sdssvep,9,2027,within,5,78.125,20.0
reader_anytime,anytime,sdssvep,9,2027,within,6,93.75,18.3333
reader_anytime,anytime,sdssvep,9,2027,within,7,109.375,26.6667
reader_anytime,anytime,sdssvep,9,2027,within,8,125.0,31.6667
reader_anytime,anytime,sdssvep,9,2027,within,9,140.625,45.0
reader_anytime,anytime,sdssvep,9,2027,within,10,156.25,45.0
reader_anytime,anytime,sdssvep,9,2027,within,11,171.875,51.6667
reader_anytime,anytime,sdssvep,9,2027,within,12,187.5,55.0
reader_anytime,anytime,sdssvep,9,2027,within,13,203.125,63.3333
reader_anytime,anytime,sdssvep,9,2027,within,14,218.75,65.0
reader_anytime,anytime,sdssvep,9,2027,within,15,234.375,68.3333
reader_anytime,anytime,sdssvep,9,2027,within,16,250.0,70.0
reader_anytime,anytime,sdssvep,9,2027,within,17,265.625,73.3333
reader_anytime,anytime,sdssvep,9,2027,within,18,281.25,75.0
reader_anytime,anytime,sdssvep,9,2027,within,19,296.875,80.0
reader_anytime,anytime,sdssvep,9,2027,within,20,312.5,80.0
reader_anytime,anytime,sdssvep,9,2027,within,21,328.125,81.6667
reader_anytime,anytime,sdssvep,9,2027,within,22,343.75,83.3333
reader_anytime,anytime,sdssvep,9,2027,within,23,359.375,83.3333
reader_anytime,anytime,sdssvep,9,2027,within,24,375.0,83.3333
reader_anytime,anytime,sdssvep,9,2027,within,25,390.625,83.3333
reader_anytime,anytime,sdssvep,9,2027,within,26,406.25,83.3333
reader_anytime,anytime,sdssvep,9,2027,within,27,421.875,85.0
reader_anytime,anytime,sdssvep,9,2027,within,28,437.5,85.0
reader_anytime,anytime,sdssvep,9,2027,within,29,453.125,85.0
reader_anytime,anytime,sdssvep,9,2027,within,30,468.75,86.6667
reader_anytime,anytime,sdssvep,9,2027,within,31,484.375,86.6667
reader_anytime,anytime,sdssvep,9,2027,within,32,500.0,86.6667
reader_anytime,anytime,sdssvep,9,2027,within,33,515.625,86.6667
reader_anytime,anytime,sdssvep,9,2027,within,34,531.25,86.6667
reader_anytime,anytime,sdssvep,9,2027,within,35,546.875,88.3333
reader_anytime,anytime,sdssvep,9,2027,within,36,562.5,90.0
reader_anytime,anytime,sdssvep,9,2027,within,37,578.125,88.3333
reader_anytime,anytime,sdssvep,9,2027,within,38,593.75,88.3333
reader_anytime,anytime,sdssvep,9,2027,within,39,609.375,88.3333
reader_anytime,anytime,sdssvep,9,2027,within,40,625.0,90.0
reader_anytime,anytime,sdssvep,9,2027,within,41,640.625,90.0
reader_anytime,anytime,sdssvep,9,2027,within,42,656.25,90.0
reader_anytime,anytime,sdssvep,9,2027,within,43,671.875,91.6667
reader_anytime,anytime,sdssvep,9,2027,within,44,687.5,90.0
reader_anytime,anytime,sdssvep,9,2027,within,45,703.125,90.0
reader_anytime,anytime,sdssvep,9,2027,within,46,718.75,91.6667
reader_anytime,anytime,sdssvep,9,2027,within,47,734.375,90.0
reader_anytime,anytime,sdssvep,9,2027,within,48,750.0,90.0
reader_anytime,anytime,sdssvep,9,2027,within,49,765.625,91.6667
reader_anytime,anytime,sdssvep,9,2027,within,50,781.25,93.3333
reader_anytime,anytime,sdssvep,9,2027,within,51,796.875,91.6667
reader_anytime,anytime,sdssvep,9,2027,within,52,812.5,91.6667
reader_anytime,anytime,sdssvep,9,2027,within,53,828.125,91.6667
reader_anytime,anytime,sdssvep,9,2027,within,54,843.75,91.6667
reader_anytime,anytime,sdssvep,9,2027,within,55,859.375,91.6667
reader_anytime,anytime,sdssvep,9,2027,within,56,875.0,91.6667
reader_anytime,anytime,sdssvep,9,2027,within,57,890.625,93.3333
reader_anytime,anytime,sdssvep,9,2027,within,58,906.25,93.3333
reader_anytime,anytime,sdssvep,9,2027,within,59,921.875,95.0
reader_anytime,anytime,sdssvep,9,2027,within,60,937.5,95.0
reader_anytime,anytime,sdssvep,9,2027,within,61,953.125,93.3333
reader_anytime,anytime,sdssvep,9,2027,within,62,968.75,93.3333
reader_anytime,anytime,sdssvep,9,2027,within,63,984.375,95.0
reader_anytime,anytime,sdssvep,9,2027,within,64,1000.0,96.6667
reader,loso,2a,1,2025,loso,1,128.0,25.0
reader,loso,2a,1,2025,loso,2,256.0,24.8264
reader,loso,2a,1,2025,loso,3,384.0,34.0278
reader,loso,2a,1,2025,loso,4,512.0,45.3125
reader,loso,2a,1,2025,loso,5,640.0,45.1389
reader,loso,2a,1,2025,loso,6,768.0,47.0486
reader,loso,2a,1,2025,loso,7,896.0,53.4722
reader,loso,2a,1,2025,loso,8,1024.0,54.5139
reader,loso,2a,1,2025,loso,9,1152.0,59.8958
reader,loso,2a,1,2025,loso,10,1280.0,60.7639
reader,loso,2a,1,2025,loso,11,1408.0,61.1111
reader,loso,2a,1,2025,loso,12,1536.0,62.5
reader,loso,2a,1,2025,loso,13,1664.0,64.2361
reader,loso,2a,1,2025,loso,14,1792.0,66.6667
reader,loso,2a,1,2025,loso,15,1920.0,68.2292
reader,loso,2a,1,2025,loso,16,2048.0,70.6597
reader,loso,2a,1,2025,loso,17,2176.0,70.4861
reader,loso,2a,1,2025,loso,18,2304.0,69.7917
reader,loso,2a,1,2025,loso,19,2432.0,69.9653
reader,loso,2a,1,2025,loso,20,2560.0,71.5278
reader,loso,2a,1,2025,loso,21,2688.0,69.4444
reader,loso,2a,1,2025,loso,22,2816.0,70.3125
reader,loso,2a,1,2025,loso,23,2944.0,71.1806
reader,loso,2a,1,2025,loso,24,3072.0,69.4444
reader,loso,2a,1,2025,loso,25,3200.0,70.3125
reader,loso,2a,1,2025,loso,26,3328.0,67.8819
reader,loso,2a,1,2025,loso,27,3456.0,68.4028
reader,loso,2a,1,2025,loso,28,3584.0,65.9722
reader,loso,2a,1,2025,loso,29,3712.0,67.0139
reader,loso,2a,1,2025,loso,30,3840.0,65.625
reader,loso,2a,1,2025,loso,31,3968.0,69.6181
reader,loso,2a,1,2025,loso,32,4096.0,71.0069
reader,loso,2a,2,2025,loso,1,128.0,25.0
reader,loso,2a,2,2025,loso,2,256.0,25.0
reader,loso,2a,2,2025,loso,3,384.0,25.1736
reader,loso,2a,2,2025,loso,4,512.0,28.4722
reader,loso,2a,2,2025,loso,5,640.0,27.9514
reader,loso,2a,2,2025,loso,6,768.0,32.9861
reader,loso,2a,2,2025,loso,7,896.0,40.4514
reader,loso,2a,2,2025,loso,8,1024.0,40.7986
reader,loso,2a,2,2025,loso,9,1152.0,46.7014
reader,loso,2a,2,2025,loso,10,1280.0,49.4792
reader,loso,2a,2,2025,loso,11,1408.0,50.0
reader,loso,2a,2,2025,loso,12,1536.0,49.8264
reader,loso,2a,2,2025,loso,13,1664.0,53.2986
reader,loso,2a,2,2025,loso,14,1792.0,50.3472
reader,loso,2a,2,2025,loso,15,1920.0,51.2153
reader,loso,2a,2,2025,loso,16,2048.0,48.9583
reader,loso,2a,2,2025,loso,17,2176.0,48.7847
reader,loso,2a,2,2025,loso,18,2304.0,47.3958
reader,loso,2a,2,2025,loso,19,2432.0,46.875
reader,loso,2a,2,2025,loso,20,2560.0,46.0069
reader,loso,2a,2,2025,loso,21,2688.0,45.3125
reader,loso,2a,2,2025,loso,22,2816.0,42.7083
reader,loso,2a,2,2025,loso,23,2944.0,43.4028
reader,loso,2a,2,2025,loso,24,3072.0,41.8403
reader,loso,2a,2,2025,loso,25,3200.0,42.3611
reader,loso,2a,2,2025,loso,26,3328.0,41.3194
reader,loso,2a,2,2025,loso,27,3456.0,39.0625
reader,loso,2a,2,2025,loso,28,3584.0,39.4097
reader,loso,2a,2,2025,loso,29,3712.0,38.3681
reader,loso,2a,2,2025,loso,30,3840.0,39.4097
reader,loso,2a,2,2025,loso,31,3968.0,39.5833
reader,loso,2a,2,2025,loso,32,4096.0,42.0139
reader,loso,2a,3,2025,loso,1,128.0,25.0
reader,loso,2a,3,2025,loso,2,256.0,27.9514
reader,loso,2a,3,2025,loso,3,384.0,31.5972
reader,loso,2a,3,2025,loso,4,512.0,31.5972
reader,loso,2a,3,2025,loso,5,640.0,40.625
reader,loso,2a,3,2025,loso,6,768.0,42.0139
reader,loso,2a,3,2025,loso,7,896.0,43.4028
reader,loso,2a,3,2025,loso,8,1024.0,49.3056
reader,loso,2a,3,2025,loso,9,1152.0,50.5208
reader,loso,2a,3,2025,loso,10,1280.0,50.3472
reader,loso,2a,3,2025,loso,11,1408.0,52.0833
reader,loso,2a,3,2025,loso,12,1536.0,53.8194
reader,loso,2a,3,2025,loso,13,1664.0,55.9028
reader,loso,2a,3,2025,loso,14,1792.0,58.1597
reader,loso,2a,3,2025,loso,15,1920.0,58.1597
reader,loso,2a,3,2025,loso,16,2048.0,60.4167
reader,loso,2a,3,2025,loso,17,2176.0,66.4931
reader,loso,2a,3,2025,loso,18,2304.0,64.9306
reader,loso,2a,3,2025,loso,19,2432.0,66.4931
reader,loso,2a,3,2025,loso,20,2560.0,66.3194
reader,loso,2a,3,2025,loso,21,2688.0,68.75
reader,loso,2a,3,2025,loso,22,2816.0,69.6181
reader,loso,2a,3,2025,loso,23,2944.0,68.75
reader,loso,2a,3,2025,loso,24,3072.0,69.9653
reader,loso,2a,3,2025,loso,25,3200.0,68.5764
reader,loso,2a,3,2025,loso,26,3328.0,69.7917
reader,loso,2a,3,2025,loso,27,3456.0,67.5347
reader,loso,2a,3,2025,loso,28,3584.0,69.2708
reader,loso,2a,3,2025,loso,29,3712.0,67.3611
reader,loso,2a,3,2025,loso,30,3840.0,68.75
reader,loso,2a,3,2025,loso,31,3968.0,66.6667
reader,loso,2a,3,2025,loso,32,4096.0,70.8333
reader,loso,2a,4,2025,loso,1,128.0,25.0
reader,loso,2a,4,2025,loso,2,256.0,25.0
reader,loso,2a,4,2025,loso,3,384.0,37.8472
reader,loso,2a,4,2025,loso,4,512.0,48.7847
reader,loso,2a,4,2025,loso,5,640.0,49.1319
reader,loso,2a,4,2025,loso,6,768.0,52.6042
reader,loso,2a,4,2025,loso,7,896.0,49.6528
reader,loso,2a,4,2025,loso,8,1024.0,52.4306
reader,loso,2a,4,2025,loso,9,1152.0,56.5972
reader,loso,2a,4,2025,loso,10,1280.0,57.2917
reader,loso,2a,4,2025,loso,11,1408.0,57.8125
reader,loso,2a,4,2025,loso,12,1536.0,57.2917
reader,loso,2a,4,2025,loso,13,1664.0,62.1528
reader,loso,2a,4,2025,loso,14,1792.0,60.9375
reader,loso,2a,4,2025,loso,15,1920.0,61.8056
reader,loso,2a,4,2025,loso,16,2048.0,58.3333
reader,loso,2a,4,2025,loso,17,2176.0,60.9375
reader,loso,2a,4,2025,loso,18,2304.0,59.7222
reader,loso,2a,4,2025,loso,19,2432.0,62.3264
reader,loso,2a,4,2025,loso,20,2560.0,62.6736
reader,loso,2a,4,2025,loso,21,2688.0,62.8472
reader,loso,2a,4,2025,loso,22,2816.0,61.1111
reader,loso,2a,4,2025,loso,23,2944.0,62.6736
reader,loso,2a,4,2025,loso,24,3072.0,60.9375
reader,loso,2a,4,2025,loso,25,3200.0,59.5486
reader,loso,2a,4,2025,loso,26,3328.0,60.2431
reader,loso,2a,4,2025,loso,27,3456.0,60.9375
reader,loso,2a,4,2025,loso,28,3584.0,58.5069
reader,loso,2a,4,2025,loso,29,3712.0,59.375
reader,loso,2a,4,2025,loso,30,3840.0,57.6389
reader,loso,2a,4,2025,loso,31,3968.0,58.6806
reader,loso,2a,4,2025,loso,32,4096.0,60.9375
reader,loso,2a,5,2025,loso,1,128.0,25.0
reader,loso,2a,5,2025,loso,2,256.0,25.0
reader,loso,2a,5,2025,loso,3,384.0,25.0
reader,loso,2a,5,2025,loso,4,512.0,26.7361
reader,loso,2a,5,2025,loso,5,640.0,31.4236
reader,loso,2a,5,2025,loso,6,768.0,37.6736
reader,loso,2a,5,2025,loso,7,896.0,44.4444
reader,loso,2a,5,2025,loso,8,1024.0,50.3472
reader,loso,2a,5,2025,loso,9,1152.0,50.6944
reader,loso,2a,5,2025,loso,10,1280.0,53.125
reader,loso,2a,5,2025,loso,11,1408.0,54.8611
reader,loso,2a,5,2025,loso,12,1536.0,55.3819
reader,loso,2a,5,2025,loso,13,1664.0,54.5139
reader,loso,2a,5,2025,loso,14,1792.0,54.6875
reader,loso,2a,5,2025,loso,15,1920.0,54.3403
reader,loso,2a,5,2025,loso,16,2048.0,53.6458
reader,loso,2a,5,2025,loso,17,2176.0,52.0833
reader,loso,2a,5,2025,loso,18,2304.0,50.5208
reader,loso,2a,5,2025,loso,19,2432.0,49.6528
reader,loso,2a,5,2025,loso,20,2560.0,48.0903
reader,loso,2a,5,2025,loso,21,2688.0,48.0903
reader,loso,2a,5,2025,loso,22,2816.0,44.7917
reader,loso,2a,5,2025,loso,23,2944.0,44.7917
reader,loso,2a,5,2025,loso,24,3072.0,44.4444
reader,loso,2a,5,2025,loso,25,3200.0,45.1389
reader,loso,2a,5,2025,loso,26,3328.0,44.2708
reader,loso,2a,5,2025,loso,27,3456.0,44.2708
reader,loso,2a,5,2025,loso,28,3584.0,42.8819
reader,loso,2a,5,2025,loso,29,3712.0,43.9236
reader,loso,2a,5,2025,loso,30,3840.0,40.4514
reader,loso,2a,5,2025,loso,31,3968.0,42.0139
reader,loso,2a,5,2025,loso,32,4096.0,44.0972
reader,loso,2a,6,2025,loso,1,128.0,24.8264
reader,loso,2a,6,2025,loso,2,256.0,26.2153
reader,loso,2a,6,2025,loso,3,384.0,34.2014
reader,loso,2a,6,2025,loso,4,512.0,42.7083
reader,loso,2a,6,2025,loso,5,640.0,43.4028
reader,loso,2a,6,2025,loso,6,768.0,46.7014
reader,loso,2a,6,2025,loso,7,896.0,47.9167
reader,loso,2a,6,2025,loso,8,1024.0,46.7014
reader,loso,2a,6,2025,loso,9,1152.0,46.3542
reader,loso,2a,6,2025,loso,10,1280.0,45.1389
reader,loso,2a,6,2025,loso,11,1408.0,44.7917
reader,loso,2a,6,2025,loso,12,1536.0,43.9236
reader,loso,2a,6,2025,loso,13,1664.0,44.6181
reader,loso,2a,6,2025,loso,14,1792.0,44.4444
reader,loso,2a,6,2025,loso,15,1920.0,44.7917
reader,loso,2a,6,2025,loso,16,2048.0,44.2708
reader,loso,2a,6,2025,loso,17,2176.0,45.6597
reader,loso,2a,6,2025,loso,18,2304.0,45.1389
reader,loso,2a,6,2025,loso,19,2432.0,44.4444
reader,loso,2a,6,2025,loso,20,2560.0,44.2708
reader,loso,2a,6,2025,loso,21,2688.0,43.9236
reader,loso,2a,6,2025,loso,22,2816.0,43.5764
reader,loso,2a,6,2025,loso,23,2944.0,43.5764
reader,loso,2a,6,2025,loso,24,3072.0,43.5764
reader,loso,2a,6,2025,loso,25,3200.0,43.9236
reader,loso,2a,6,2025,loso,26,3328.0,42.3611
reader,loso,2a,6,2025,loso,27,3456.0,42.1875
reader,loso,2a,6,2025,loso,28,3584.0,43.4028
reader,loso,2a,6,2025,loso,29,3712.0,43.0556
reader,loso,2a,6,2025,loso,30,3840.0,43.2292
reader,loso,2a,6,2025,loso,31,3968.0,42.7083
reader,loso,2a,6,2025,loso,32,4096.0,44.6181
reader,loso,2a,7,2025,loso,1,128.0,25.0
reader,loso,2a,7,2025,loso,2,256.0,25.0
reader,loso,2a,7,2025,loso,3,384.0,50.5208
reader,loso,2a,7,2025,loso,4,512.0,55.5556
reader,loso,2a,7,2025,loso,5,640.0,56.25
reader,loso,2a,7,2025,loso,6,768.0,55.2083
reader,loso,2a,7,2025,loso,7,896.0,58.8542
reader,loso,2a,7,2025,loso,8,1024.0,62.8472
reader,loso,2a,7,2025,loso,9,1152.0,67.1875
reader,loso,2a,7,2025,loso,10,1280.0,66.8403
reader,loso,2a,7,2025,loso,11,1408.0,69.9653
reader,loso,2a,7,2025,loso,12,1536.0,72.9167
reader,loso,2a,7,2025,loso,13,1664.0,71.3542
reader,loso,2a,7,2025,loso,14,1792.0,72.9167
reader,loso,2a,7,2025,loso,15,1920.0,71.875
reader,loso,2a,7,2025,loso,16,2048.0,72.9167
reader,loso,2a,7,2025,loso,17,2176.0,66.8403
reader,loso,2a,7,2025,loso,18,2304.0,72.7431
reader,loso,2a,7,2025,loso,19,2432.0,68.9236
reader,loso,2a,7,2025,loso,20,2560.0,71.875
reader,loso,2a,7,2025,loso,21,2688.0,66.4931
reader,loso,2a,7,2025,loso,22,2816.0,68.75
reader,loso,2a,7,2025,loso,23,2944.0,64.4097
reader,loso,2a,7,2025,loso,24,3072.0,63.1944
reader,loso,2a,7,2025,loso,25,3200.0,64.9306
reader,loso,2a,7,2025,loso,26,3328.0,61.8056
reader,loso,2a,7,2025,loso,27,3456.0,61.8056
reader,loso,2a,7,2025,loso,28,3584.0,63.7153
reader,loso,2a,7,2025,loso,29,3712.0,63.5417
reader,loso,2a,7,2025,loso,30,3840.0,59.375
reader,loso,2a,7,2025,loso,31,3968.0,62.3264
reader,loso,2a,7,2025,loso,32,4096.0,67.3611
reader,loso,2a,8,2025,loso,1,128.0,25.0
reader,loso,2a,8,2025,loso,2,256.0,25.0
reader,loso,2a,8,2025,loso,3,384.0,28.6458
reader,loso,2a,8,2025,loso,4,512.0,33.5069
reader,loso,2a,8,2025,loso,5,640.0,34.2014
reader,loso,2a,8,2025,loso,6,768.0,40.625
reader,loso,2a,8,2025,loso,7,896.0,48.9583
reader,loso,2a,8,2025,loso,8,1024.0,55.9028
reader,loso,2a,8,2025,loso,9,1152.0,60.0694
reader,loso,2a,8,2025,loso,10,1280.0,60.7639
reader,loso,2a,8,2025,loso,11,1408.0,62.3264
reader,loso,2a,8,2025,loso,12,1536.0,62.6736
reader,loso,2a,8,2025,loso,13,1664.0,60.9375
reader,loso,2a,8,2025,loso,14,1792.0,62.5
reader,loso,2a,8,2025,loso,15,1920.0,62.3264
reader,loso,2a,8,2025,loso,16,2048.0,65.9722
reader,loso,2a,8,2025,loso,17,2176.0,64.5833
reader,loso,2a,8,2025,loso,18,2304.0,69.7917
reader,loso,2a,8,2025,loso,19,2432.0,65.7986
reader,loso,2a,8,2025,loso,20,2560.0,70.1389
reader,loso,2a,8,2025,loso,21,2688.0,65.7986
reader,loso,2a,8,2025,loso,22,2816.0,68.75
reader,loso,2a,8,2025,loso,23,2944.0,66.3194
reader,loso,2a,8,2025,loso,24,3072.0,70.3125
reader,loso,2a,8,2025,loso,25,3200.0,68.0556
reader,loso,2a,8,2025,loso,26,3328.0,68.2292
reader,loso,2a,8,2025,loso,27,3456.0,68.2292
reader,loso,2a,8,2025,loso,28,3584.0,68.5764
reader,loso,2a,8,2025,loso,29,3712.0,71.1806
reader,loso,2a,8,2025,loso,30,3840.0,71.3542
reader,loso,2a,8,2025,loso,31,3968.0,72.2222
reader,loso,2a,8,2025,loso,32,4096.0,74.3056
reader,loso,2a,9,2025,loso,1,128.0,25.0
reader,loso,2a,9,2025,loso,2,256.0,29.1667
reader,loso,2a,9,2025,loso,3,384.0,36.2847
reader,loso,2a,9,2025,loso,4,512.0,42.7083
reader,loso,2a,9,2025,loso,5,640.0,43.75
reader,loso,2a,9,2025,loso,6,768.0,52.6042
reader,loso,2a,9,2025,loso,7,896.0,57.2917
reader,loso,2a,9,2025,loso,8,1024.0,63.3681
reader,loso,2a,9,2025,loso,9,1152.0,67.1875
reader,loso,2a,9,2025,loso,10,1280.0,70.6597
reader,loso,2a,9,2025,loso,11,1408.0,70.3125
reader,loso,2a,9,2025,loso,12,1536.0,70.3125
reader,loso,2a,9,2025,loso,13,1664.0,66.6667
reader,loso,2a,9,2025,loso,14,1792.0,67.3611
reader,loso,2a,9,2025,loso,15,1920.0,67.8819
reader,loso,2a,9,2025,loso,16,2048.0,69.2708
reader,loso,2a,9,2025,loso,17,2176.0,66.6667
reader,loso,2a,9,2025,loso,18,2304.0,67.5347
reader,loso,2a,9,2025,loso,19,2432.0,67.3611
reader,loso,2a,9,2025,loso,20,2560.0,67.8819
reader,loso,2a,9,2025,loso,21,2688.0,68.75
reader,loso,2a,9,2025,loso,22,2816.0,69.2708
reader,loso,2a,9,2025,loso,23,2944.0,68.2292
reader,loso,2a,9,2025,loso,24,3072.0,68.0556
reader,loso,2a,9,2025,loso,25,3200.0,66.4931
reader,loso,2a,9,2025,loso,26,3328.0,64.7569
reader,loso,2a,9,2025,loso,27,3456.0,64.2361
reader,loso,2a,9,2025,loso,28,3584.0,65.625
reader,loso,2a,9,2025,loso,29,3712.0,66.3194
reader,loso,2a,9,2025,loso,30,3840.0,64.2361
reader,loso,2a,9,2025,loso,31,3968.0,63.3681
reader,loso,2a,9,2025,loso,32,4096.0,68.0556
reader,loso,2b,1,2025,loso,1,128.0,49.3056
reader,loso,2b,1,2025,loso,2,256.0,50.4167
reader,loso,2b,1,2025,loso,3,384.0,50.5556
reader,loso,2b,1,2025,loso,4,512.0,62.2222
reader,loso,2b,1,2025,loso,5,640.0,67.5
reader,loso,2b,1,2025,loso,6,768.0,67.6389
reader,loso,2b,1,2025,loso,7,896.0,64.4444
reader,loso,2b,1,2025,loso,8,1024.0,64.5833
reader,loso,2b,1,2025,loso,9,1152.0,69.0278
reader,loso,2b,1,2025,loso,10,1280.0,70.2778
reader,loso,2b,1,2025,loso,11,1408.0,71.25
reader,loso,2b,1,2025,loso,12,1536.0,70.8333
reader,loso,2b,1,2025,loso,13,1664.0,71.5278
reader,loso,2b,1,2025,loso,14,1792.0,71.1111
reader,loso,2b,1,2025,loso,15,1920.0,71.6667
reader,loso,2b,1,2025,loso,16,2048.0,71.5278
reader,loso,2b,1,2025,loso,17,2176.0,71.8056
reader,loso,2b,1,2025,loso,18,2304.0,72.7778
reader,loso,2b,1,2025,loso,19,2432.0,73.4722
reader,loso,2b,1,2025,loso,20,2560.0,73.8889
reader,loso,2b,1,2025,loso,21,2688.0,72.9167
reader,loso,2b,1,2025,loso,22,2816.0,74.8611
reader,loso,2b,1,2025,loso,23,2944.0,74.3056
reader,loso,2b,1,2025,loso,24,3072.0,75.2778
reader,loso,2b,1,2025,loso,25,3200.0,74.5833
reader,loso,2b,1,2025,loso,26,3328.0,75.2778
reader,loso,2b,1,2025,loso,27,3456.0,74.8611
reader,loso,2b,1,2025,loso,28,3584.0,76.25
reader,loso,2b,1,2025,loso,29,3712.0,75.9722
reader,loso,2b,1,2025,loso,30,3840.0,77.3611
reader,loso,2b,1,2025,loso,31,3968.0,75.9722
reader,loso,2b,1,2025,loso,32,4096.0,77.6389
reader,loso,2b,2,2025,loso,1,128.0,50.0
reader,loso,2b,2,2025,loso,2,256.0,50.0
reader,loso,2b,2,2025,loso,3,384.0,50.0
reader,loso,2b,2,2025,loso,4,512.0,67.0588
reader,loso,2b,2,2025,loso,5,640.0,60.1471
reader,loso,2b,2,2025,loso,6,768.0,71.3235
reader,loso,2b,2,2025,loso,7,896.0,68.5294
reader,loso,2b,2,2025,loso,8,1024.0,70.5882
reader,loso,2b,2,2025,loso,9,1152.0,70.0
reader,loso,2b,2,2025,loso,10,1280.0,72.0588
reader,loso,2b,2,2025,loso,11,1408.0,71.1765
reader,loso,2b,2,2025,loso,12,1536.0,69.7059
reader,loso,2b,2,2025,loso,13,1664.0,68.9706
reader,loso,2b,2,2025,loso,14,1792.0,70.0
reader,loso,2b,2,2025,loso,15,1920.0,70.2941
reader,loso,2b,2,2025,loso,16,2048.0,67.7941
reader,loso,2b,2,2025,loso,17,2176.0,69.5588
reader,loso,2b,2,2025,loso,18,2304.0,71.0294
reader,loso,2b,2,2025,loso,19,2432.0,69.7059
reader,loso,2b,2,2025,loso,20,2560.0,70.2941
reader,loso,2b,2,2025,loso,21,2688.0,69.2647
reader,loso,2b,2,2025,loso,22,2816.0,69.1176
reader,loso,2b,2,2025,loso,23,2944.0,69.1176
reader,loso,2b,2,2025,loso,24,3072.0,66.9118
reader,loso,2b,2,2025,loso,25,3200.0,66.1765
reader,loso,2b,2,2025,loso,26,3328.0,66.9118
reader,loso,2b,2,2025,loso,27,3456.0,67.7941
reader,loso,2b,2,2025,loso,28,3584.0,66.0294
reader,loso,2b,2,2025,loso,29,3712.0,66.6176
reader,loso,2b,2,2025,loso,30,3840.0,66.0294
reader,loso,2b,2,2025,loso,31,3968.0,67.3529
reader,loso,2b,2,2025,loso,32,4096.0,67.5
reader,loso,2b,3,2025,loso,1,128.0,49.8611
reader,loso,2b,3,2025,loso,2,256.0,48.3333
reader,loso,2b,3,2025,loso,3,384.0,48.4722
reader,loso,2b,3,2025,loso,4,512.0,58.1944
reader,loso,2b,3,2025,loso,5,640.0,62.2222
reader,loso,2b,3,2025,loso,6,768.0,56.1111
reader,loso,2b,3,2025,loso,7,896.0,58.0556
reader,loso,2b,3,2025,loso,8,1024.0,58.0556
reader,loso,2b,3,2025,loso,9,1152.0,58.8889
reader,loso,2b,3,2025,loso,10,1280.0,60.2778
reader,loso,2b,3,2025,loso,11,1408.0,60.8333
reader,loso,2b,3,2025,loso,12,1536.0,61.3889
reader,loso,2b,3,2025,loso,13,1664.0,61.8056
reader,loso,2b,3,2025,loso,14,1792.0,62.0833
reader,loso,2b,3,2025,loso,15,1920.0,60.9722
reader,loso,2b,3,2025,loso,16,2048.0,62.7778
reader,loso,2b,3,2025,loso,17,2176.0,62.9167
reader,loso,2b,3,2025,loso,18,2304.0,61.5278
reader,loso,2b,3,2025,loso,19,2432.0,61.3889
reader,loso,2b,3,2025,loso,20,2560.0,60.9722
reader,loso,2b,3,2025,loso,21,2688.0,61.3889
reader,loso,2b,3,2025,loso,22,2816.0,60.0
reader,loso,2b,3,2025,loso,23,2944.0,60.0
reader,loso,2b,3,2025,loso,24,3072.0,60.4167
reader,loso,2b,3,2025,loso,25,3200.0,60.6944
reader,loso,2b,3,2025,loso,26,3328.0,61.5278
reader,loso,2b,3,2025,loso,27,3456.0,60.0
reader,loso,2b,3,2025,loso,28,3584.0,60.0
reader,loso,2b,3,2025,loso,29,3712.0,60.5556
reader,loso,2b,3,2025,loso,30,3840.0,60.5556
reader,loso,2b,3,2025,loso,31,3968.0,59.1667
reader,loso,2b,3,2025,loso,32,4096.0,63.0556
reader,loso,2b,4,2025,loso,1,128.0,50.1351
reader,loso,2b,4,2025,loso,2,256.0,50.0
reader,loso,2b,4,2025,loso,3,384.0,50.2703
reader,loso,2b,4,2025,loso,4,512.0,52.8378
reader,loso,2b,4,2025,loso,5,640.0,60.6757
reader,loso,2b,4,2025,loso,6,768.0,65.2703
reader,loso,2b,4,2025,loso,7,896.0,69.8649
reader,loso,2b,4,2025,loso,8,1024.0,70.9459
reader,loso,2b,4,2025,loso,9,1152.0,75.0
reader,loso,2b,4,2025,loso,10,1280.0,75.9459
reader,loso,2b,4,2025,loso,11,1408.0,78.2432
reader,loso,2b,4,2025,loso,12,1536.0,78.3784
reader,loso,2b,4,2025,loso,13,1664.0,80.9459
reader,loso,2b,4,2025,loso,14,1792.0,81.0811
reader,loso,2b,4,2025,loso,15,1920.0,82.2973
reader,loso,2b,4,2025,loso,16,2048.0,83.2432
reader,loso,2b,4,2025,loso,17,2176.0,82.973
reader,loso,2b,4,2025,loso,18,2304.0,83.3784
reader,loso,2b,4,2025,loso,19,2432.0,82.027
reader,loso,2b,4,2025,loso,20,2560.0,82.973
reader,loso,2b,4,2025,loso,21,2688.0,82.4324
reader,loso,2b,4,2025,loso,22,2816.0,82.973
reader,loso,2b,4,2025,loso,23,2944.0,82.973
reader,loso,2b,4,2025,loso,24,3072.0,83.7838
reader,loso,2b,4,2025,loso,25,3200.0,83.3784
reader,loso,2b,4,2025,loso,26,3328.0,82.973
reader,loso,2b,4,2025,loso,27,3456.0,81.7568
reader,loso,2b,4,2025,loso,28,3584.0,81.7568
reader,loso,2b,4,2025,loso,29,3712.0,81.7568
reader,loso,2b,4,2025,loso,30,3840.0,81.3514
reader,loso,2b,4,2025,loso,31,3968.0,80.4054
reader,loso,2b,4,2025,loso,32,4096.0,83.5135
reader,loso,2b,5,2025,loso,1,128.0,52.1622
reader,loso,2b,5,2025,loso,2,256.0,55.6757
reader,loso,2b,5,2025,loso,3,384.0,52.2973
reader,loso,2b,5,2025,loso,4,512.0,64.1892
reader,loso,2b,5,2025,loso,5,640.0,61.2162
reader,loso,2b,5,2025,loso,6,768.0,64.1892
reader,loso,2b,5,2025,loso,7,896.0,64.8649
reader,loso,2b,5,2025,loso,8,1024.0,67.973
reader,loso,2b,5,2025,loso,9,1152.0,71.3513
reader,loso,2b,5,2025,loso,10,1280.0,74.1892
reader,loso,2b,5,2025,loso,11,1408.0,74.7297
reader,loso,2b,5,2025,loso,12,1536.0,75.2703
reader,loso,2b,5,2025,loso,13,1664.0,77.8378
reader,loso,2b,5,2025,loso,14,1792.0,78.2432
reader,loso,2b,5,2025,loso,15,1920.0,77.973
reader,loso,2b,5,2025,loso,16,2048.0,78.9189
reader,loso,2b,5,2025,loso,17,2176.0,79.5946
reader,loso,2b,5,2025,loso,18,2304.0,79.0541
reader,loso,2b,5,2025,loso,19,2432.0,78.7838
reader,loso,2b,5,2025,loso,20,2560.0,79.3243
reader,loso,2b,5,2025,loso,21,2688.0,77.8378
reader,loso,2b,5,2025,loso,22,2816.0,79.7297
reader,loso,2b,5,2025,loso,23,2944.0,80.8108
reader,loso,2b,5,2025,loso,24,3072.0,81.0811
reader,loso,2b,5,2025,loso,25,3200.0,81.3514
reader,loso,2b,5,2025,loso,26,3328.0,82.1622
reader,loso,2b,5,2025,loso,27,3456.0,81.6216
reader,loso,2b,5,2025,loso,28,3584.0,82.5676
reader,loso,2b,5,2025,loso,29,3712.0,83.7838
reader,loso,2b,5,2025,loso,30,3840.0,82.4324
reader,loso,2b,5,2025,loso,31,3968.0,81.3514
reader,loso,2b,5,2025,loso,32,4096.0,81.2162
reader,loso,2b,6,2025,loso,1,128.0,50.1389
reader,loso,2b,6,2025,loso,2,256.0,50.1389
reader,loso,2b,6,2025,loso,3,384.0,52.3611
reader,loso,2b,6,2025,loso,4,512.0,63.3333
reader,loso,2b,6,2025,loso,5,640.0,59.8611
reader,loso,2b,6,2025,loso,6,768.0,66.1111
reader,loso,2b,6,2025,loso,7,896.0,69.1667
reader,loso,2b,6,2025,loso,8,1024.0,71.9444
reader,loso,2b,6,2025,loso,9,1152.0,73.1944
reader,loso,2b,6,2025,loso,10,1280.0,71.9444
reader,loso,2b,6,2025,loso,11,1408.0,71.1111
reader,loso,2b,6,2025,loso,12,1536.0,70.1389
reader,loso,2b,6,2025,loso,13,1664.0,72.7778
reader,loso,2b,6,2025,loso,14,1792.0,71.6667
reader,loso,2b,6,2025,loso,15,1920.0,70.6944
reader,loso,2b,6,2025,loso,16,2048.0,70.5556
reader,loso,2b,6,2025,loso,17,2176.0,72.6389
reader,loso,2b,6,2025,loso,18,2304.0,71.6667
reader,loso,2b,6,2025,loso,19,2432.0,73.3333
reader,loso,2b,6,2025,loso,20,2560.0,72.6389
reader,loso,2b,6,2025,loso,21,2688.0,74.4444
reader,loso,2b,6,2025,loso,22,2816.0,74.3056
reader,loso,2b,6,2025,loso,23,2944.0,74.0278
reader,loso,2b,6,2025,loso,24,3072.0,74.8611
reader,loso,2b,6,2025,loso,25,3200.0,75.9722
reader,loso,2b,6,2025,loso,26,3328.0,75.9722
reader,loso,2b,6,2025,loso,27,3456.0,75.4167
reader,loso,2b,6,2025,loso,28,3584.0,75.5556
reader,loso,2b,6,2025,loso,29,3712.0,74.3056
reader,loso,2b,6,2025,loso,30,3840.0,73.4722
reader,loso,2b,6,2025,loso,31,3968.0,77.3611
reader,loso,2b,6,2025,loso,32,4096.0,75.0
reader,loso,2b,7,2025,loso,1,128.0,50.0
reader,loso,2b,7,2025,loso,2,256.0,49.7222
reader,loso,2b,7,2025,loso,3,384.0,50.1389
reader,loso,2b,7,2025,loso,4,512.0,68.0556
reader,loso,2b,7,2025,loso,5,640.0,76.3889
reader,loso,2b,7,2025,loso,6,768.0,78.75
reader,loso,2b,7,2025,loso,7,896.0,80.5556
reader,loso,2b,7,2025,loso,8,1024.0,80.2778
reader,loso,2b,7,2025,loso,9,1152.0,83.4722
reader,loso,2b,7,2025,loso,10,1280.0,84.1667
reader,loso,2b,7,2025,loso,11,1408.0,84.3056
reader,loso,2b,7,2025,loso,12,1536.0,84.5833
reader,loso,2b,7,2025,loso,13,1664.0,85.0
reader,loso,2b,7,2025,loso,14,1792.0,85.6944
reader,loso,2b,7,2025,loso,15,1920.0,86.25
reader,loso,2b,7,2025,loso,16,2048.0,85.6944
reader,loso,2b,7,2025,loso,17,2176.0,85.4167
reader,loso,2b,7,2025,loso,18,2304.0,85.5556
reader,loso,2b,7,2025,loso,19,2432.0,83.6111
reader,loso,2b,7,2025,loso,20,2560.0,83.75
reader,loso,2b,7,2025,loso,21,2688.0,84.0278
reader,loso,2b,7,2025,loso,22,2816.0,82.3611
reader,loso,2b,7,2025,loso,23,2944.0,81.5278
reader,loso,2b,7,2025,loso,24,3072.0,81.6667
reader,loso,2b,7,2025,loso,25,3200.0,82.2222
reader,loso,2b,7,2025,loso,26,3328.0,81.8056
reader,loso,2b,7,2025,loso,27,3456.0,82.0833
reader,loso,2b,7,2025,loso,28,3584.0,80.6944
reader,loso,2b,7,2025,loso,29,3712.0,81.3889
reader,loso,2b,7,2025,loso,30,3840.0,80.5556
reader,loso,2b,7,2025,loso,31,3968.0,82.2222
reader,loso,2b,7,2025,loso,32,4096.0,81.8056
reader,loso,2b,8,2025,loso,1,128.0,50.6579
reader,loso,2b,8,2025,loso,2,256.0,50.0
reader,loso,2b,8,2025,loso,3,384.0,50.6579
reader,loso,2b,8,2025,loso,4,512.0,66.5789
reader,loso,2b,8,2025,loso,5,640.0,73.8158
reader,loso,2b,8,2025,loso,6,768.0,76.3158
reader,loso,2b,8,2025,loso,7,896.0,75.3947
reader,loso,2b,8,2025,loso,8,1024.0,76.9737
reader,loso,2b,8,2025,loso,9,1152.0,76.5789
reader,loso,2b,8,2025,loso,10,1280.0,77.1053
reader,loso,2b,8,2025,loso,11,1408.0,76.5789
reader,loso,2b,8,2025,loso,12,1536.0,76.9737
reader,loso,2b,8,2025,loso,13,1664.0,76.4474
reader,loso,2b,8,2025,loso,14,1792.0,77.8947
reader,loso,2b,8,2025,loso,15,1920.0,77.6316
reader,loso,2b,8,2025,loso,16,2048.0,76.7105
reader,loso,2b,8,2025,loso,17,2176.0,76.4474
reader,loso,2b,8,2025,loso,18,2304.0,77.3684
reader,loso,2b,8,2025,loso,19,2432.0,76.9737
reader,loso,2b,8,2025,loso,20,2560.0,77.3684
reader,loso,2b,8,2025,loso,21,2688.0,77.3684
reader,loso,2b,8,2025,loso,22,2816.0,77.1053
reader,loso,2b,8,2025,loso,23,2944.0,77.5
reader,loso,2b,8,2025,loso,24,3072.0,76.3158
reader,loso,2b,8,2025,loso,25,3200.0,77.3684
reader,loso,2b,8,2025,loso,26,3328.0,76.0526
reader,loso,2b,8,2025,loso,27,3456.0,76.3158
reader,loso,2b,8,2025,loso,28,3584.0,74.7368
reader,loso,2b,8,2025,loso,29,3712.0,74.4737
reader,loso,2b,8,2025,loso,30,3840.0,74.6053
reader,loso,2b,8,2025,loso,31,3968.0,73.8158
reader,loso,2b,8,2025,loso,32,4096.0,73.4211
reader,loso,2b,9,2025,loso,1,128.0,50.0
reader,loso,2b,9,2025,loso,2,256.0,50.0
reader,loso,2b,9,2025,loso,3,384.0,50.0
reader,loso,2b,9,2025,loso,4,512.0,50.0
reader,loso,2b,9,2025,loso,5,640.0,52.3611
reader,loso,2b,9,2025,loso,6,768.0,54.8611
reader,loso,2b,9,2025,loso,7,896.0,55.2778
reader,loso,2b,9,2025,loso,8,1024.0,58.75
reader,loso,2b,9,2025,loso,9,1152.0,61.3889
reader,loso,2b,9,2025,loso,10,1280.0,62.6389
reader,loso,2b,9,2025,loso,11,1408.0,63.0556
reader,loso,2b,9,2025,loso,12,1536.0,64.7222
reader,loso,2b,9,2025,loso,13,1664.0,65.5556
reader,loso,2b,9,2025,loso,14,1792.0,66.1111
reader,loso,2b,9,2025,loso,15,1920.0,67.7778
reader,loso,2b,9,2025,loso,16,2048.0,71.1111
reader,loso,2b,9,2025,loso,17,2176.0,71.25
reader,loso,2b,9,2025,loso,18,2304.0,72.5
reader,loso,2b,9,2025,loso,19,2432.0,73.8889
reader,loso,2b,9,2025,loso,20,2560.0,75.0
reader,loso,2b,9,2025,loso,21,2688.0,74.5833
reader,loso,2b,9,2025,loso,22,2816.0,76.5278
reader,loso,2b,9,2025,loso,23,2944.0,74.5833
reader,loso,2b,9,2025,loso,24,3072.0,76.9444
reader,loso,2b,9,2025,loso,25,3200.0,77.2222
reader,loso,2b,9,2025,loso,26,3328.0,77.7778
reader,loso,2b,9,2025,loso,27,3456.0,77.3611
reader,loso,2b,9,2025,loso,28,3584.0,78.1944
reader,loso,2b,9,2025,loso,29,3712.0,78.3333
reader,loso,2b,9,2025,loso,30,3840.0,79.1667
reader,loso,2b,9,2025,loso,31,3968.0,78.4722
reader,loso,2b,9,2025,loso,32,4096.0,79.3056
reader,loso,sdssvep,10,2025,loso,1,15.625,10.0
reader,loso,sdssvep,10,2025,loso,2,31.25,8.8889
reader,loso,sdssvep,10,2025,loso,3,46.875,7.7778
reader,loso,sdssvep,10,2025,loso,4,62.5,9.4444
reader,loso,sdssvep,10,2025,loso,5,78.125,8.8889
reader,loso,sdssvep,10,2025,loso,6,93.75,10.0
reader,loso,sdssvep,10,2025,loso,7,109.375,11.6667
reader,loso,sdssvep,10,2025,loso,8,125.0,9.4444
reader,loso,sdssvep,10,2025,loso,9,140.625,8.3333
reader,loso,sdssvep,10,2025,loso,10,156.25,10.5556
reader,loso,sdssvep,10,2025,loso,11,171.875,8.8889
reader,loso,sdssvep,10,2025,loso,12,187.5,15.0
reader,loso,sdssvep,10,2025,loso,13,203.125,12.2222
reader,loso,sdssvep,10,2025,loso,14,218.75,13.3333
reader,loso,sdssvep,10,2025,loso,15,234.375,10.5556
reader,loso,sdssvep,10,2025,loso,16,250.0,11.6667
reader,loso,sdssvep,10,2025,loso,17,265.625,12.7778
reader,loso,sdssvep,10,2025,loso,18,281.25,15.5556
reader,loso,sdssvep,10,2025,loso,19,296.875,16.6667
reader,loso,sdssvep,10,2025,loso,20,312.5,18.3333
reader,loso,sdssvep,10,2025,loso,21,328.125,17.2222
reader,loso,sdssvep,10,2025,loso,22,343.75,20.5556
reader,loso,sdssvep,10,2025,loso,23,359.375,18.8889
reader,loso,sdssvep,10,2025,loso,24,375.0,21.1111
reader,loso,sdssvep,10,2025,loso,25,390.625,23.8889
reader,loso,sdssvep,10,2025,loso,26,406.25,26.6667
reader,loso,sdssvep,10,2025,loso,27,421.875,26.6667
reader,loso,sdssvep,10,2025,loso,28,437.5,30.5556
reader,loso,sdssvep,10,2025,loso,29,453.125,32.2222
reader,loso,sdssvep,10,2025,loso,30,468.75,34.4444
reader,loso,sdssvep,10,2025,loso,31,484.375,30.5556
reader,loso,sdssvep,10,2025,loso,32,500.0,33.3333
reader,loso,sdssvep,10,2025,loso,33,515.625,33.8889
reader,loso,sdssvep,10,2025,loso,34,531.25,37.2222
reader,loso,sdssvep,10,2025,loso,35,546.875,33.3333
reader,loso,sdssvep,10,2025,loso,36,562.5,37.7778
reader,loso,sdssvep,10,2025,loso,37,578.125,39.4444
reader,loso,sdssvep,10,2025,loso,38,593.75,43.8889
reader,loso,sdssvep,10,2025,loso,39,609.375,41.6667
reader,loso,sdssvep,10,2025,loso,40,625.0,44.4444
reader,loso,sdssvep,10,2025,loso,41,640.625,46.6667
reader,loso,sdssvep,10,2025,loso,42,656.25,46.6667
reader,loso,sdssvep,10,2025,loso,43,671.875,44.4444
reader,loso,sdssvep,10,2025,loso,44,687.5,51.6667
reader,loso,sdssvep,10,2025,loso,45,703.125,52.7778
reader,loso,sdssvep,10,2025,loso,46,718.75,55.5556
reader,loso,sdssvep,10,2025,loso,47,734.375,51.1111
reader,loso,sdssvep,10,2025,loso,48,750.0,52.7778
reader,loso,sdssvep,10,2025,loso,49,765.625,54.4444
reader,loso,sdssvep,10,2025,loso,50,781.25,62.2222
reader,loso,sdssvep,10,2025,loso,51,796.875,59.4444
reader,loso,sdssvep,10,2025,loso,52,812.5,64.4444
reader,loso,sdssvep,10,2025,loso,53,828.125,58.3333
reader,loso,sdssvep,10,2025,loso,54,843.75,63.3333
reader,loso,sdssvep,10,2025,loso,55,859.375,65.5556
reader,loso,sdssvep,10,2025,loso,56,875.0,66.6667
reader,loso,sdssvep,10,2025,loso,57,890.625,65.0
reader,loso,sdssvep,10,2025,loso,58,906.25,77.2222
reader,loso,sdssvep,10,2025,loso,59,921.875,77.7778
reader,loso,sdssvep,10,2025,loso,60,937.5,71.1111
reader,loso,sdssvep,10,2025,loso,61,953.125,70.0
reader,loso,sdssvep,10,2025,loso,62,968.75,63.3333
reader,loso,sdssvep,10,2025,loso,63,984.375,83.3333
reader,loso,sdssvep,10,2025,loso,64,1000.0,93.3333
reader,loso,sdssvep,1,2025,loso,1,15.625,9.4444
reader,loso,sdssvep,1,2025,loso,2,31.25,10.5556
reader,loso,sdssvep,1,2025,loso,3,46.875,8.3333
reader,loso,sdssvep,1,2025,loso,4,62.5,6.1111
reader,loso,sdssvep,1,2025,loso,5,78.125,7.2222
reader,loso,sdssvep,1,2025,loso,6,93.75,8.3333
reader,loso,sdssvep,1,2025,loso,7,109.375,10.0
reader,loso,sdssvep,1,2025,loso,8,125.0,11.6667
reader,loso,sdssvep,1,2025,loso,9,140.625,9.4444
reader,loso,sdssvep,1,2025,loso,10,156.25,7.7778
reader,loso,sdssvep,1,2025,loso,11,171.875,11.6667
reader,loso,sdssvep,1,2025,loso,12,187.5,12.7778
reader,loso,sdssvep,1,2025,loso,13,203.125,10.5556
reader,loso,sdssvep,1,2025,loso,14,218.75,10.5556
reader,loso,sdssvep,1,2025,loso,15,234.375,13.8889
reader,loso,sdssvep,1,2025,loso,16,250.0,13.8889
reader,loso,sdssvep,1,2025,loso,17,265.625,15.0
reader,loso,sdssvep,1,2025,loso,18,281.25,13.3333
reader,loso,sdssvep,1,2025,loso,19,296.875,15.0
reader,loso,sdssvep,1,2025,loso,20,312.5,17.2222
reader,loso,sdssvep,1,2025,loso,21,328.125,17.2222
reader,loso,sdssvep,1,2025,loso,22,343.75,17.7778
reader,loso,sdssvep,1,2025,loso,23,359.375,17.2222
reader,loso,sdssvep,1,2025,loso,24,375.0,18.3333
reader,loso,sdssvep,1,2025,loso,25,390.625,21.6667
reader,loso,sdssvep,1,2025,loso,26,406.25,21.6667
reader,loso,sdssvep,1,2025,loso,27,421.875,21.6667
reader,loso,sdssvep,1,2025,loso,28,437.5,23.8889
reader,loso,sdssvep,1,2025,loso,29,453.125,25.0
reader,loso,sdssvep,1,2025,loso,30,468.75,29.4444
reader,loso,sdssvep,1,2025,loso,31,484.375,29.4444
reader,loso,sdssvep,1,2025,loso,32,500.0,27.2222
reader,loso,sdssvep,1,2025,loso,33,515.625,28.8889
reader,loso,sdssvep,1,2025,loso,34,531.25,27.7778
reader,loso,sdssvep,1,2025,loso,35,546.875,30.0
reader,loso,sdssvep,1,2025,loso,36,562.5,31.1111
reader,loso,sdssvep,1,2025,loso,37,578.125,28.8889
reader,loso,sdssvep,1,2025,loso,38,593.75,31.1111
reader,loso,sdssvep,1,2025,loso,39,609.375,33.8889
reader,loso,sdssvep,1,2025,loso,40,625.0,32.2222
reader,loso,sdssvep,1,2025,loso,41,640.625,32.7778
reader,loso,sdssvep,1,2025,loso,42,656.25,32.2222
reader,loso,sdssvep,1,2025,loso,43,671.875,36.1111
reader,loso,sdssvep,1,2025,loso,44,687.5,33.8889
reader,loso,sdssvep,1,2025,loso,45,703.125,30.5556
reader,loso,sdssvep,1,2025,loso,46,718.75,32.7778
reader,loso,sdssvep,1,2025,loso,47,734.375,30.0
reader,loso,sdssvep,1,2025,loso,48,750.0,32.7778
reader,loso,sdssvep,1,2025,loso,49,765.625,33.8889
reader,loso,sdssvep,1,2025,loso,50,781.25,32.7778
reader,loso,sdssvep,1,2025,loso,51,796.875,32.7778
reader,loso,sdssvep,1,2025,loso,52,812.5,37.2222
reader,loso,sdssvep,1,2025,loso,53,828.125,33.8889
reader,loso,sdssvep,1,2025,loso,54,843.75,32.2222
reader,loso,sdssvep,1,2025,loso,55,859.375,35.0
reader,loso,sdssvep,1,2025,loso,56,875.0,30.5556
reader,loso,sdssvep,1,2025,loso,57,890.625,35.5556
reader,loso,sdssvep,1,2025,loso,58,906.25,44.4444
reader,loso,sdssvep,1,2025,loso,59,921.875,43.8889
reader,loso,sdssvep,1,2025,loso,60,937.5,36.1111
reader,loso,sdssvep,1,2025,loso,61,953.125,35.0
reader,loso,sdssvep,1,2025,loso,62,968.75,30.0
reader,loso,sdssvep,1,2025,loso,63,984.375,48.8889
reader,loso,sdssvep,1,2025,loso,64,1000.0,49.4444
reader,loso,sdssvep,2,2025,loso,1,15.625,11.6667
reader,loso,sdssvep,2,2025,loso,2,31.25,8.8889
reader,loso,sdssvep,2,2025,loso,3,46.875,13.3333
reader,loso,sdssvep,2,2025,loso,4,62.5,8.8889
reader,loso,sdssvep,2,2025,loso,5,78.125,12.7778
reader,loso,sdssvep,2,2025,loso,6,93.75,16.6667
reader,loso,sdssvep,2,2025,loso,7,109.375,15.5556
reader,loso,sdssvep,2,2025,loso,8,125.0,13.3333
reader,loso,sdssvep,2,2025,loso,9,140.625,12.2222
reader,loso,sdssvep,2,2025,loso,10,156.25,13.8889
reader,loso,sdssvep,2,2025,loso,11,171.875,15.0
reader,loso,sdssvep,2,2025,loso,12,187.5,17.2222
reader,loso,sdssvep,2,2025,loso,13,203.125,15.5556
reader,loso,sdssvep,2,2025,loso,14,218.75,13.8889
reader,loso,sdssvep,2,2025,loso,15,234.375,16.1111
reader,loso,sdssvep,2,2025,loso,16,250.0,15.5556
reader,loso,sdssvep,2,2025,loso,17,265.625,17.7778
reader,loso,sdssvep,2,2025,loso,18,281.25,18.3333
reader,loso,sdssvep,2,2025,loso,19,296.875,20.0
reader,loso,sdssvep,2,2025,loso,20,312.5,18.3333
reader,loso,sdssvep,2,2025,loso,21,328.125,19.4444
reader,loso,sdssvep,2,2025,loso,22,343.75,20.5556
reader,loso,sdssvep,2,2025,loso,23,359.375,22.7778
reader,loso,sdssvep,2,2025,loso,24,375.0,24.4444
reader,loso,sdssvep,2,2025,loso,25,390.625,24.4444
reader,loso,sdssvep,2,2025,loso,26,406.25,22.7778
reader,loso,sdssvep,2,2025,loso,27,421.875,25.5556
reader,loso,sdssvep,2,2025,loso,28,437.5,31.6667
reader,loso,sdssvep,2,2025,loso,29,453.125,34.4444
reader,loso,sdssvep,2,2025,loso,30,468.75,33.8889
reader,loso,sdssvep,2,2025,loso,31,484.375,29.4444
reader,loso,sdssvep,2,2025,loso,32,500.0,32.7778
reader,loso,sdssvep,2,2025,loso,33,515.625,34.4444
reader,loso,sdssvep,2,2025,loso,34,531.25,36.1111
reader,loso,sdssvep,2,2025,loso,35,546.875,34.4444
reader,loso,sdssvep,2,2025,loso,36,562.5,36.6667
reader,loso,sdssvep,2,2025,loso,37,578.125,37.7778
reader,loso,sdssvep,2,2025,loso,38,593.75,40.0
reader,loso,sdssvep,2,2025,loso,39,609.375,41.6667
reader,loso,sdssvep,2,2025,loso,40,625.0,44.4444
reader,loso,sdssvep,2,2025,loso,41,640.625,48.8889
reader,loso,sdssvep,2,2025,loso,42,656.25,51.1111
reader,loso,sdssvep,2,2025,loso,43,671.875,52.2222
reader,loso,sdssvep,2,2025,loso,44,687.5,48.8889
reader,loso,sdssvep,2,2025,loso,45,703.125,46.6667
reader,loso,sdssvep,2,2025,loso,46,718.75,56.1111
reader,loso,sdssvep,2,2025,loso,47,734.375,57.7778
reader,loso,sdssvep,2,2025,loso,48,750.0,56.1111
reader,loso,sdssvep,2,2025,loso,49,765.625,52.2222
reader,loso,sdssvep,2,2025,loso,50,781.25,56.1111
reader,loso,sdssvep,2,2025,loso,51,796.875,57.2222
reader,loso,sdssvep,2,2025,loso,52,812.5,59.4444
reader,loso,sdssvep,2,2025,loso,53,828.125,59.4444
reader,loso,sdssvep,2,2025,loso,54,843.75,61.1111
reader,loso,sdssvep,2,2025,loso,55,859.375,58.8889
reader,loso,sdssvep,2,2025,loso,56,875.0,62.2222
reader,loso,sdssvep,2,2025,loso,57,890.625,60.5556
reader,loso,sdssvep,2,2025,loso,58,906.25,65.0
reader,loso,sdssvep,2,2025,loso,59,921.875,69.4444
reader,loso,sdssvep,2,2025,loso,60,937.5,70.5556
reader,loso,sdssvep,2,2025,loso,61,953.125,63.3333
reader,loso,sdssvep,2,2025,loso,62,968.75,53.8889
reader,loso,sdssvep,2,2025,loso,63,984.375,66.1111
reader,loso,sdssvep,2,2025,loso,64,1000.0,85.5556
reader,loso,sdssvep,3,2025,loso,1,15.625,8.3333
reader,loso,sdssvep,3,2025,loso,2,31.25,7.7778
reader,loso,sdssvep,3,2025,loso,3,46.875,6.6667
reader,loso,sdssvep,3,2025,loso,4,62.5,11.1111
reader,loso,sdssvep,3,2025,loso,5,78.125,11.1111
reader,loso,sdssvep,3,2025,loso,6,93.75,13.8889
reader,loso,sdssvep,3,2025,loso,7,109.375,10.0
reader,loso,sdssvep,3,2025,loso,8,125.0,11.1111
reader,loso,sdssvep,3,2025,loso,9,140.625,14.4444
reader,loso,sdssvep,3,2025,loso,10,156.25,12.7778
reader,loso,sdssvep,3,2025,loso,11,171.875,16.6667
reader,loso,sdssvep,3,2025,loso,12,187.5,15.5556
reader,loso,sdssvep,3,2025,loso,13,203.125,16.1111
reader,loso,sdssvep,3,2025,loso,14,218.75,15.5556
reader,loso,sdssvep,3,2025,loso,15,234.375,15.5556
reader,loso,sdssvep,3,2025,loso,16,250.0,17.2222
reader,loso,sdssvep,3,2025,loso,17,265.625,16.1111
reader,loso,sdssvep,3,2025,loso,18,281.25,13.8889
reader,loso,sdssvep,3,2025,loso,19,296.875,13.8889
reader,loso,sdssvep,3,2025,loso,20,312.5,15.0
reader,loso,sdssvep,3,2025,loso,21,328.125,15.5556
reader,loso,sdssvep,3,2025,loso,22,343.75,13.8889
reader,loso,sdssvep,3,2025,loso,23,359.375,13.8889
reader,loso,sdssvep,3,2025,loso,24,375.0,13.8889
reader,loso,sdssvep,3,2025,loso,25,390.625,14.4444
reader,loso,sdssvep,3,2025,loso,26,406.25,16.1111
reader,loso,sdssvep,3,2025,loso,27,421.875,15.0
reader,loso,sdssvep,3,2025,loso,28,437.5,18.3333
reader,loso,sdssvep,3,2025,loso,29,453.125,16.6667
reader,loso,sdssvep,3,2025,loso,30,468.75,15.5556
reader,loso,sdssvep,3,2025,loso,31,484.375,15.5556
reader,loso,sdssvep,3,2025,loso,32,500.0,15.0
reader,loso,sdssvep,3,2025,loso,33,515.625,19.4444
reader,loso,sdssvep,3,2025,loso,34,531.25,19.4444
reader,loso,sdssvep,3,2025,loso,35,546.875,18.8889
reader,loso,sdssvep,3,2025,loso,36,562.5,16.1111
reader,loso,sdssvep,3,2025,loso,37,578.125,20.0
reader,loso,sdssvep,3,2025,loso,38,593.75,21.1111
reader,loso,sdssvep,3,2025,loso,39,609.375,21.6667
reader,loso,sdssvep,3,2025,loso,40,625.0,21.1111
reader,loso,sdssvep,3,2025,loso,41,640.625,23.8889
reader,loso,sdssvep,3,2025,loso,42,656.25,21.6667
reader,loso,sdssvep,3,2025,loso,43,671.875,23.3333
reader,loso,sdssvep,3,2025,loso,44,687.5,25.0
reader,loso,sdssvep,3,2025,loso,45,703.125,25.5556
reader,loso,sdssvep,3,2025,loso,46,718.75,28.8889
reader,loso,sdssvep,3,2025,loso,47,734.375,28.8889
reader,loso,sdssvep,3,2025,loso,48,750.0,28.8889
reader,loso,sdssvep,3,2025,loso,49,765.625,31.6667
reader,loso,sdssvep,3,2025,loso,50,781.25,33.3333
reader,loso,sdssvep,3,2025,loso,51,796.875,30.5556
reader,loso,sdssvep,3,2025,loso,52,812.5,28.3333
reader,loso,sdssvep,3,2025,loso,53,828.125,28.8889
reader,loso,sdssvep,3,2025,loso,54,843.75,29.4444
reader,loso,sdssvep,3,2025,loso,55,859.375,33.8889
reader,loso,sdssvep,3,2025,loso,56,875.0,28.3333
reader,loso,sdssvep,3,2025,loso,57,890.625,30.0
reader,loso,sdssvep,3,2025,loso,58,906.25,30.0
reader,loso,sdssvep,3,2025,loso,59,921.875,31.6667
reader,loso,sdssvep,3,2025,loso,60,937.5,36.6667
reader,loso,sdssvep,3,2025,loso,61,953.125,22.7778
reader,loso,sdssvep,3,2025,loso,62,968.75,27.7778
reader,loso,sdssvep,3,2025,loso,63,984.375,34.4444
reader,loso,sdssvep,3,2025,loso,64,1000.0,44.4444
reader,loso,sdssvep,4,2025,loso,1,15.625,8.8889
reader,loso,sdssvep,4,2025,loso,2,31.25,10.5556
reader,loso,sdssvep,4,2025,loso,3,46.875,8.3333
reader,loso,sdssvep,4,2025,loso,4,62.5,6.1111
reader,loso,sdssvep,4,2025,loso,5,78.125,6.1111
reader,loso,sdssvep,4,2025,loso,6,93.75,12.2222
reader,loso,sdssvep,4,2025,loso,7,109.375,13.3333
reader,loso,sdssvep,4,2025,loso,8,125.0,13.8889
reader,loso,sdssvep,4,2025,loso,9,140.625,13.8889
reader,loso,sdssvep,4,2025,loso,10,156.25,16.1111
reader,loso,sdssvep,4,2025,loso,11,171.875,12.7778
reader,loso,sdssvep,4,2025,loso,12,187.5,12.7778
reader,loso,sdssvep,4,2025,loso,13,203.125,12.2222
reader,loso,sdssvep,4,2025,loso,14,218.75,17.7778
reader,loso,sdssvep,4,2025,loso,15,234.375,17.7778
reader,loso,sdssvep,4,2025,loso,16,250.0,16.1111
reader,loso,sdssvep,4,2025,loso,17,265.625,11.6667
reader,loso,sdssvep,4,2025,loso,18,281.25,12.7778
reader,loso,sdssvep,4,2025,loso,19,296.875,14.4444
reader,loso,sdssvep,4,2025,loso,20,312.5,17.7778
reader,loso,sdssvep,4,2025,loso,21,328.125,18.8889
reader,loso,sdssvep,4,2025,loso,22,343.75,17.2222
reader,loso,sdssvep,4,2025,loso,23,359.375,16.1111
reader,loso,sdssvep,4,2025,loso,24,375.0,17.7778
reader,loso,sdssvep,4,2025,loso,25,390.625,21.6667
reader,loso,sdssvep,4,2025,loso,26,406.25,22.7778
reader,loso,sdssvep,4,2025,loso,27,421.875,21.6667
reader,loso,sdssvep,4,2025,loso,28,437.5,25.5556
reader,loso,sdssvep,4,2025,loso,29,453.125,23.8889
reader,loso,sdssvep,4,2025,loso,30,468.75,18.3333
reader,loso,sdssvep,4,2025,loso,31,484.375,22.2222
reader,loso,sdssvep,4,2025,loso,32,500.0,22.2222
reader,loso,sdssvep,4,2025,loso,33,515.625,23.3333
reader,loso,sdssvep,4,2025,loso,34,531.25,26.6667
reader,loso,sdssvep,4,2025,loso,35,546.875,24.4444
reader,loso,sdssvep,4,2025,loso,36,562.5,25.5556
reader,loso,sdssvep,4,2025,loso,37,578.125,22.7778
reader,loso,sdssvep,4,2025,loso,38,593.75,23.8889
reader,loso,sdssvep,4,2025,loso,39,609.375,26.1111
reader,loso,sdssvep,4,2025,loso,40,625.0,26.1111
reader,loso,sdssvep,4,2025,loso,41,640.625,27.2222
reader,loso,sdssvep,4,2025,loso,42,656.25,24.4444
reader,loso,sdssvep,4,2025,loso,43,671.875,22.7778
reader,loso,sdssvep,4,2025,loso,44,687.5,35.0
reader,loso,sdssvep,4,2025,loso,45,703.125,30.0
reader,loso,sdssvep,4,2025,loso,46,718.75,29.4444
reader,loso,sdssvep,4,2025,loso,47,734.375,27.7778
reader,loso,sdssvep,4,2025,loso,48,750.0,27.7778
reader,loso,sdssvep,4,2025,loso,49,765.625,30.0
reader,loso,sdssvep,4,2025,loso,50,781.25,32.2222
reader,loso,sdssvep,4,2025,loso,51,796.875,28.3333
reader,loso,sdssvep,4,2025,loso,52,812.5,34.4444
reader,loso,sdssvep,4,2025,loso,53,828.125,34.4444
reader,loso,sdssvep,4,2025,loso,54,843.75,35.0
reader,loso,sdssvep,4,2025,loso,55,859.375,30.5556
reader,loso,sdssvep,4,2025,loso,56,875.0,33.8889
reader,loso,sdssvep,4,2025,loso,57,890.625,41.1111
reader,loso,sdssvep,4,2025,loso,58,906.25,48.3333
reader,loso,sdssvep,4,2025,loso,59,921.875,40.0
reader,loso,sdssvep,4,2025,loso,60,937.5,37.7778
reader,loso,sdssvep,4,2025,loso,61,953.125,36.1111
reader,loso,sdssvep,4,2025,loso,62,968.75,30.5556
reader,loso,sdssvep,4,2025,loso,63,984.375,46.1111
reader,loso,sdssvep,4,2025,loso,64,1000.0,57.2222
reader,loso,sdssvep,5,2025,loso,1,15.625,8.3333
reader,loso,sdssvep,5,2025,loso,2,31.25,8.8889
reader,loso,sdssvep,5,2025,loso,3,46.875,12.2222
reader,loso,sdssvep,5,2025,loso,4,62.5,13.3333
reader,loso,sdssvep,5,2025,loso,5,78.125,11.6667
reader,loso,sdssvep,5,2025,loso,6,93.75,15.0
reader,loso,sdssvep,5,2025,loso,7,109.375,16.1111
reader,loso,sdssvep,5,2025,loso,8,125.0,14.4444
reader,loso,sdssvep,5,2025,loso,9,140.625,16.1111
reader,loso,sdssvep,5,2025,loso,10,156.25,16.1111
reader,loso,sdssvep,5,2025,loso,11,171.875,18.8889
reader,loso,sdssvep,5,2025,loso,12,187.5,23.3333
reader,loso,sdssvep,5,2025,loso,13,203.125,26.6667
reader,loso,sdssvep,5,2025,loso,14,218.75,22.2222
reader,loso,sdssvep,5,2025,loso,15,234.375,30.5556
reader,loso,sdssvep,5,2025,loso,16,250.0,30.0
reader,loso,sdssvep,5,2025,loso,17,265.625,29.4444
reader,loso,sdssvep,5,2025,loso,18,281.25,25.0
reader,loso,sdssvep,5,2025,loso,19,296.875,33.3333
reader,loso,sdssvep,5,2025,loso,20,312.5,38.3333
reader,loso,sdssvep,5,2025,loso,21,328.125,41.6667
reader,loso,sdssvep,5,2025,loso,22,343.75,47.2222
reader,loso,sdssvep,5,2025,loso,23,359.375,41.1111
reader,loso,sdssvep,5,2025,loso,24,375.0,44.4444
reader,loso,sdssvep,5,2025,loso,25,390.625,48.8889
reader,loso,sdssvep,5,2025,loso,26,406.25,48.8889
reader,loso,sdssvep,5,2025,loso,27,421.875,58.3333
reader,loso,sdssvep,5,2025,loso,28,437.5,61.1111
reader,loso,sdssvep,5,2025,loso,29,453.125,57.2222
reader,loso,sdssvep,5,2025,loso,30,468.75,55.0
reader,loso,sdssvep,5,2025,loso,31,484.375,58.3333
reader,loso,sdssvep,5,2025,loso,32,500.0,65.5556
reader,loso,sdssvep,5,2025,loso,33,515.625,67.2222
reader,loso,sdssvep,5,2025,loso,34,531.25,66.1111
reader,loso,sdssvep,5,2025,loso,35,546.875,63.3333
reader,loso,sdssvep,5,2025,loso,36,562.5,77.2222
reader,loso,sdssvep,5,2025,loso,37,578.125,71.6667
reader,loso,sdssvep,5,2025,loso,38,593.75,69.4444
reader,loso,sdssvep,5,2025,loso,39,609.375,70.0
reader,loso,sdssvep,5,2025,loso,40,625.0,68.8889
reader,loso,sdssvep,5,2025,loso,41,640.625,77.7778
reader,loso,sdssvep,5,2025,loso,42,656.25,81.1111
reader,loso,sdssvep,5,2025,loso,43,671.875,75.5556
reader,loso,sdssvep,5,2025,loso,44,687.5,74.4444
reader,loso,sdssvep,5,2025,loso,45,703.125,78.3333
reader,loso,sdssvep,5,2025,loso,46,718.75,81.1111
reader,loso,sdssvep,5,2025,loso,47,734.375,78.3333
reader,loso,sdssvep,5,2025,loso,48,750.0,80.5556
reader,loso,sdssvep,5,2025,loso,49,765.625,81.6667
reader,loso,sdssvep,5,2025,loso,50,781.25,79.4444
reader,loso,sdssvep,5,2025,loso,51,796.875,78.3333
reader,loso,sdssvep,5,2025,loso,52,812.5,80.5556
reader,loso,sdssvep,5,2025,loso,53,828.125,81.1111
reader,loso,sdssvep,5,2025,loso,54,843.75,82.2222
reader,loso,sdssvep,5,2025,loso,55,859.375,84.4444
reader,loso,sdssvep,5,2025,loso,56,875.0,80.5556
reader,loso,sdssvep,5,2025,loso,57,890.625,82.7778
reader,loso,sdssvep,5,2025,loso,58,906.25,87.2222
reader,loso,sdssvep,5,2025,loso,59,921.875,91.1111
reader,loso,sdssvep,5,2025,loso,60,937.5,75.5556
reader,loso,sdssvep,5,2025,loso,61,953.125,76.1111
reader,loso,sdssvep,5,2025,loso,62,968.75,72.2222
reader,loso,sdssvep,5,2025,loso,63,984.375,90.5556
reader,loso,sdssvep,5,2025,loso,64,1000.0,97.7778
reader,loso,sdssvep,6,2025,loso,1,15.625,10.0
reader,loso,sdssvep,6,2025,loso,2,31.25,10.0
reader,loso,sdssvep,6,2025,loso,3,46.875,10.0
reader,loso,sdssvep,6,2025,loso,4,62.5,11.1111
reader,loso,sdssvep,6,2025,loso,5,78.125,11.6667
reader,loso,sdssvep,6,2025,loso,6,93.75,8.3333
reader,loso,sdssvep,6,2025,loso,7,109.375,13.3333
reader,loso,sdssvep,6,2025,loso,8,125.0,12.7778
reader,loso,sdssvep,6,2025,loso,9,140.625,16.6667
reader,loso,sdssvep,6,2025,loso,10,156.25,12.7778
reader,loso,sdssvep,6,2025,loso,11,171.875,11.1111
reader,loso,sdssvep,6,2025,loso,12,187.5,10.5556
reader,loso,sdssvep,6,2025,loso,13,203.125,18.3333
reader,loso,sdssvep,6,2025,loso,14,218.75,12.7778
reader,loso,sdssvep,6,2025,loso,15,234.375,13.8889
reader,loso,sdssvep,6,2025,loso,16,250.0,19.4444
reader,loso,sdssvep,6,2025,loso,17,265.625,17.2222
reader,loso,sdssvep,6,2025,loso,18,281.25,17.2222
reader,loso,sdssvep,6,2025,loso,19,296.875,14.4444
reader,loso,sdssvep,6,2025,loso,20,312.5,14.4444
reader,loso,sdssvep,6,2025,loso,21,328.125,28.3333
reader,loso,sdssvep,6,2025,loso,22,343.75,27.7778
reader,loso,sdssvep,6,2025,loso,23,359.375,22.7778
reader,loso,sdssvep,6,2025,loso,24,375.0,22.2222
reader,loso,sdssvep,6,2025,loso,25,390.625,36.6667
reader,loso,sdssvep,6,2025,loso,26,406.25,37.7778
reader,loso,sdssvep,6,2025,loso,27,421.875,32.7778
reader,loso,sdssvep,6,2025,loso,28,437.5,34.4444
reader,loso,sdssvep,6,2025,loso,29,453.125,34.4444
reader,loso,sdssvep,6,2025,loso,30,468.75,33.8889
reader,loso,sdssvep,6,2025,loso,31,484.375,41.6667
reader,loso,sdssvep,6,2025,loso,32,500.0,42.2222
reader,loso,sdssvep,6,2025,loso,33,515.625,39.4444
reader,loso,sdssvep,6,2025,loso,34,531.25,42.2222
reader,loso,sdssvep,6,2025,loso,35,546.875,44.4444
reader,loso,sdssvep,6,2025,loso,36,562.5,47.7778
reader,loso,sdssvep,6,2025,loso,37,578.125,41.6667
reader,loso,sdssvep,6,2025,loso,38,593.75,47.7778
reader,loso,sdssvep,6,2025,loso,39,609.375,42.7778
reader,loso,sdssvep,6,2025,loso,40,625.0,51.6667
reader,loso,sdssvep,6,2025,loso,41,640.625,58.8889
reader,loso,sdssvep,6,2025,loso,42,656.25,61.6667
reader,loso,sdssvep,6,2025,loso,43,671.875,55.5556
reader,loso,sdssvep,6,2025,loso,44,687.5,57.7778
reader,loso,sdssvep,6,2025,loso,45,703.125,63.8889
reader,loso,sdssvep,6,2025,loso,46,718.75,65.5556
reader,loso,sdssvep,6,2025,loso,47,734.375,58.8889
reader,loso,sdssvep,6,2025,loso,48,750.0,61.6667
reader,loso,sdssvep,6,2025,loso,49,765.625,57.2222
reader,loso,sdssvep,6,2025,loso,50,781.25,62.7778
reader,loso,sdssvep,6,2025,loso,51,796.875,70.5556
reader,loso,sdssvep,6,2025,loso,52,812.5,65.5556
reader,loso,sdssvep,6,2025,loso,53,828.125,67.7778
reader,loso,sdssvep,6,2025,loso,54,843.75,62.2222
reader,loso,sdssvep,6,2025,loso,55,859.375,71.1111
reader,loso,sdssvep,6,2025,loso,56,875.0,64.4444
reader,loso,sdssvep,6,2025,loso,57,890.625,70.5556
reader,loso,sdssvep,6,2025,loso,58,906.25,85.5556
reader,loso,sdssvep,6,2025,loso,59,921.875,82.2222
reader,loso,sdssvep,6,2025,loso,60,937.5,65.5556
reader,loso,sdssvep,6,2025,loso,61,953.125,57.7778
reader,loso,sdssvep,6,2025,loso,62,968.75,58.3333
reader,loso,sdssvep,6,2025,loso,63,984.375,90.0
reader,loso,sdssvep,6,2025,loso,64,1000.0,95.5556
reader,loso,sdssvep,7,2025,loso,1,15.625,8.8889
reader,loso,sdssvep,7,2025,loso,2,31.25,8.3333
reader,loso,sdssvep,7,2025,loso,3,46.875,7.7778
reader,loso,sdssvep,7,2025,loso,4,62.5,8.3333
reader,loso,sdssvep,7,2025,loso,5,78.125,12.7778
reader,loso,sdssvep,7,2025,loso,6,93.75,11.1111
reader,loso,sdssvep,7,2025,loso,7,109.375,11.1111
reader,loso,sdssvep,7,2025,loso,8,125.0,11.6667
reader,loso,sdssvep,7,2025,loso,9,140.625,14.4444
reader,loso,sdssvep,7,2025,loso,10,156.25,13.8889
reader,loso,sdssvep,7,2025,loso,11,171.875,15.0
reader,loso,sdssvep,7,2025,loso,12,187.5,16.1111
reader,loso,sdssvep,7,2025,loso,13,203.125,21.6667
reader,loso,sdssvep,7,2025,loso,14,218.75,22.7778
reader,loso,sdssvep,7,2025,loso,15,234.375,23.8889
reader,loso,sdssvep,7,2025,loso,16,250.0,21.1111
reader,loso,sdssvep,7,2025,loso,17,265.625,18.3333
reader,loso,sdssvep,7,2025,loso,18,281.25,24.4444
reader,loso,sdssvep,7,2025,loso,19,296.875,28.8889
reader,loso,sdssvep,7,2025,loso,20,312.5,28.8889
reader,loso,sdssvep,7,2025,loso,21,328.125,35.0
reader,loso,sdssvep,7,2025,loso,22,343.75,35.5556
reader,loso,sdssvep,7,2025,loso,23,359.375,37.7778
reader,loso,sdssvep,7,2025,loso,24,375.0,34.4444
reader,loso,sdssvep,7,2025,loso,25,390.625,36.6667
reader,loso,sdssvep,7,2025,loso,26,406.25,46.6667
reader,loso,sdssvep,7,2025,loso,27,421.875,46.1111
reader,loso,sdssvep,7,2025,loso,28,437.5,43.3333
reader,loso,sdssvep,7,2025,loso,29,453.125,40.0
reader,loso,sdssvep,7,2025,loso,30,468.75,42.2222
reader,loso,sdssvep,7,2025,loso,31,484.375,46.1111
reader,loso,sdssvep,7,2025,loso,32,500.0,52.7778
reader,loso,sdssvep,7,2025,loso,33,515.625,50.0
reader,loso,sdssvep,7,2025,loso,34,531.25,50.5556
reader,loso,sdssvep,7,2025,loso,35,546.875,55.5556
reader,loso,sdssvep,7,2025,loso,36,562.5,57.7778
reader,loso,sdssvep,7,2025,loso,37,578.125,62.7778
reader,loso,sdssvep,7,2025,loso,38,593.75,57.2222
reader,loso,sdssvep,7,2025,loso,39,609.375,57.2222
reader,loso,sdssvep,7,2025,loso,40,625.0,59.4444
reader,loso,sdssvep,7,2025,loso,41,640.625,68.3333
reader,loso,sdssvep,7,2025,loso,42,656.25,68.8889
reader,loso,sdssvep,7,2025,loso,43,671.875,64.4444
reader,loso,sdssvep,7,2025,loso,44,687.5,67.2222
reader,loso,sdssvep,7,2025,loso,45,703.125,68.8889
reader,loso,sdssvep,7,2025,loso,46,718.75,72.7778
reader,loso,sdssvep,7,2025,loso,47,734.375,66.6667
reader,loso,sdssvep,7,2025,loso,48,750.0,65.5556
reader,loso,sdssvep,7,2025,loso,49,765.625,68.3333
reader,loso,sdssvep,7,2025,loso,50,781.25,75.5556
reader,loso,sdssvep,7,2025,loso,51,796.875,70.5556
reader,loso,sdssvep,7,2025,loso,52,812.5,70.0
reader,loso,sdssvep,7,2025,loso,53,828.125,71.6667
reader,loso,sdssvep,7,2025,loso,54,843.75,73.8889
reader,loso,sdssvep,7,2025,loso,55,859.375,74.4444
reader,loso,sdssvep,7,2025,loso,56,875.0,69.4444
reader,loso,sdssvep,7,2025,loso,57,890.625,66.6667
reader,loso,sdssvep,7,2025,loso,58,906.25,78.3333
reader,loso,sdssvep,7,2025,loso,59,921.875,85.5556
reader,loso,sdssvep,7,2025,loso,60,937.5,78.3333
reader,loso,sdssvep,7,2025,loso,61,953.125,71.6667
reader,loso,sdssvep,7,2025,loso,62,968.75,49.4444
reader,loso,sdssvep,7,2025,loso,63,984.375,85.5556
reader,loso,sdssvep,7,2025,loso,64,1000.0,96.1111
reader,loso,sdssvep,8,2025,loso,1,15.625,9.4444
reader,loso,sdssvep,8,2025,loso,2,31.25,8.3333
reader,loso,sdssvep,8,2025,loso,3,46.875,8.3333
reader,loso,sdssvep,8,2025,loso,4,62.5,8.3333
reader,loso,sdssvep,8,2025,loso,5,78.125,8.3333
reader,loso,sdssvep,8,2025,loso,6,93.75,8.3333
reader,loso,sdssvep,8,2025,loso,7,109.375,11.6667
reader,loso,sdssvep,8,2025,loso,8,125.0,14.4444
reader,loso,sdssvep,8,2025,loso,9,140.625,13.8889
reader,loso,sdssvep,8,2025,loso,10,156.25,10.5556
reader,loso,sdssvep,8,2025,loso,11,171.875,11.1111
reader,loso,sdssvep,8,2025,loso,12,187.5,12.2222
reader,loso,sdssvep,8,2025,loso,13,203.125,13.3333
reader,loso,sdssvep,8,2025,loso,14,218.75,15.0
reader,loso,sdssvep,8,2025,loso,15,234.375,16.6667
reader,loso,sdssvep,8,2025,loso,16,250.0,12.2222
reader,loso,sdssvep,8,2025,loso,17,265.625,20.0
reader,loso,sdssvep,8,2025,loso,18,281.25,16.1111
reader,loso,sdssvep,8,2025,loso,19,296.875,21.1111
reader,loso,sdssvep,8,2025,loso,20,312.5,22.2222
reader,loso,sdssvep,8,2025,loso,21,328.125,27.2222
reader,loso,sdssvep,8,2025,loso,22,343.75,26.1111
reader,loso,sdssvep,8,2025,loso,23,359.375,25.0
reader,loso,sdssvep,8,2025,loso,24,375.0,25.5556
reader,loso,sdssvep,8,2025,loso,25,390.625,35.0
reader,loso,sdssvep,8,2025,loso,26,406.25,37.2222
reader,loso,sdssvep,8,2025,loso,27,421.875,29.4444
reader,loso,sdssvep,8,2025,loso,28,437.5,35.5556
reader,loso,sdssvep,8,2025,loso,29,453.125,36.6667
reader,loso,sdssvep,8,2025,loso,30,468.75,40.0
reader,loso,sdssvep,8,2025,loso,31,484.375,37.2222
reader,loso,sdssvep,8,2025,loso,32,500.0,38.3333
reader,loso,sdssvep,8,2025,loso,33,515.625,38.8889
reader,loso,sdssvep,8,2025,loso,34,531.25,45.0
reader,loso,sdssvep,8,2025,loso,35,546.875,43.8889
reader,loso,sdssvep,8,2025,loso,36,562.5,50.5556
reader,loso,sdssvep,8,2025,loso,37,578.125,56.1111
reader,loso,sdssvep,8,2025,loso,38,593.75,51.1111
reader,loso,sdssvep,8,2025,loso,39,609.375,47.7778
reader,loso,sdssvep,8,2025,loso,40,625.0,55.5556
reader,loso,sdssvep,8,2025,loso,41,640.625,56.6667
reader,loso,sdssvep,8,2025,loso,42,656.25,60.0
reader,loso,sdssvep,8,2025,loso,43,671.875,58.3333
reader,loso,sdssvep,8,2025,loso,44,687.5,75.0
reader,loso,sdssvep,8,2025,loso,45,703.125,67.7778
reader,loso,sdssvep,8,2025,loso,46,718.75,71.6667
reader,loso,sdssvep,8,2025,loso,47,734.375,66.1111
reader,loso,sdssvep,8,2025,loso,48,750.0,71.6667
reader,loso,sdssvep,8,2025,loso,49,765.625,67.7778
reader,loso,sdssvep,8,2025,loso,50,781.25,73.8889
reader,loso,sdssvep,8,2025,loso,51,796.875,72.2222
reader,loso,sdssvep,8,2025,loso,52,812.5,73.3333
reader,loso,sdssvep,8,2025,loso,53,828.125,71.1111
reader,loso,sdssvep,8,2025,loso,54,843.75,79.4444
reader,loso,sdssvep,8,2025,loso,55,859.375,82.2222
reader,loso,sdssvep,8,2025,loso,56,875.0,71.1111
reader,loso,sdssvep,8,2025,loso,57,890.625,76.1111
reader,loso,sdssvep,8,2025,loso,58,906.25,80.0
reader,loso,sdssvep,8,2025,loso,59,921.875,89.4444
reader,loso,sdssvep,8,2025,loso,60,937.5,86.6667
reader,loso,sdssvep,8,2025,loso,61,953.125,77.2222
reader,loso,sdssvep,8,2025,loso,62,968.75,60.0
reader,loso,sdssvep,8,2025,loso,63,984.375,81.6667
reader,loso,sdssvep,8,2025,loso,64,1000.0,95.0
reader,loso,sdssvep,9,2025,loso,1,15.625,7.7778
reader,loso,sdssvep,9,2025,loso,2,31.25,10.5556
reader,loso,sdssvep,9,2025,loso,3,46.875,11.6667
reader,loso,sdssvep,9,2025,loso,4,62.5,10.0
reader,loso,sdssvep,9,2025,loso,5,78.125,6.1111
reader,loso,sdssvep,9,2025,loso,6,93.75,6.6667
reader,loso,sdssvep,9,2025,loso,7,109.375,13.3333
reader,loso,sdssvep,9,2025,loso,8,125.0,16.1111
reader,loso,sdssvep,9,2025,loso,9,140.625,17.7778
reader,loso,sdssvep,9,2025,loso,10,156.25,16.1111
reader,loso,sdssvep,9,2025,loso,11,171.875,10.0
reader,loso,sdssvep,9,2025,loso,12,187.5,16.1111
reader,loso,sdssvep,9,2025,loso,13,203.125,25.0
reader,loso,sdssvep,9,2025,loso,14,218.75,19.4444
reader,loso,sdssvep,9,2025,loso,15,234.375,17.7778
reader,loso,sdssvep,9,2025,loso,16,250.0,20.5556
reader,loso,sdssvep,9,2025,loso,17,265.625,20.5556
reader,loso,sdssvep,9,2025,loso,18,281.25,26.6667
reader,loso,sdssvep,9,2025,loso,19,296.875,27.2222
reader,loso,sdssvep,9,2025,loso,20,312.5,28.8889
reader,loso,sdssvep,9,2025,loso,21,328.125,32.7778
reader,loso,sdssvep,9,2025,loso,22,343.75,41.6667
reader,loso,sdssvep,9,2025,loso,23,359.375,42.7778
reader,loso,sdssvep,9,2025,loso,24,375.0,35.0
reader,loso,sdssvep,9,2025,loso,25,390.625,38.8889
reader,loso,sdssvep,9,2025,loso,26,406.25,42.7778
reader,loso,sdssvep,9,2025,loso,27,421.875,42.7778
reader,loso,sdssvep,9,2025,loso,28,437.5,47.7778
reader,loso,sdssvep,9,2025,loso,29,453.125,46.6667
reader,loso,sdssvep,9,2025,loso,30,468.75,46.1111
reader,loso,sdssvep,9,2025,loso,31,484.375,46.6667
reader,loso,sdssvep,9,2025,loso,32,500.0,46.6667
reader,loso,sdssvep,9,2025,loso,33,515.625,51.6667
reader,loso,sdssvep,9,2025,loso,34,531.25,48.8889
reader,loso,sdssvep,9,2025,loso,35,546.875,53.3333
reader,loso,sdssvep,9,2025,loso,36,562.5,55.0
reader,loso,sdssvep,9,2025,loso,37,578.125,57.2222
reader,loso,sdssvep,9,2025,loso,38,593.75,55.0
reader,loso,sdssvep,9,2025,loso,39,609.375,57.2222
reader,loso,sdssvep,9,2025,loso,40,625.0,58.3333
reader,loso,sdssvep,9,2025,loso,41,640.625,59.4444
reader,loso,sdssvep,9,2025,loso,42,656.25,69.4444
reader,loso,sdssvep,9,2025,loso,43,671.875,63.8889
reader,loso,sdssvep,9,2025,loso,44,687.5,68.8889
reader,loso,sdssvep,9,2025,loso,45,703.125,65.0
reader,loso,sdssvep,9,2025,loso,46,718.75,74.4444
reader,loso,sdssvep,9,2025,loso,47,734.375,72.2222
reader,loso,sdssvep,9,2025,loso,48,750.0,69.4444
reader,loso,sdssvep,9,2025,loso,49,765.625,76.1111
reader,loso,sdssvep,9,2025,loso,50,781.25,76.1111
reader,loso,sdssvep,9,2025,loso,51,796.875,74.4444
reader,loso,sdssvep,9,2025,loso,52,812.5,66.6667
reader,loso,sdssvep,9,2025,loso,53,828.125,73.3333
reader,loso,sdssvep,9,2025,loso,54,843.75,78.8889
reader,loso,sdssvep,9,2025,loso,55,859.375,81.6667
reader,loso,sdssvep,9,2025,loso,56,875.0,77.7778
reader,loso,sdssvep,9,2025,loso,57,890.625,67.7778
reader,loso,sdssvep,9,2025,loso,58,906.25,74.4444
reader,loso,sdssvep,9,2025,loso,59,921.875,86.6667
reader,loso,sdssvep,9,2025,loso,60,937.5,92.7778
reader,loso,sdssvep,9,2025,loso,61,953.125,72.2222
reader,loso,sdssvep,9,2025,loso,62,968.75,41.6667
reader,loso,sdssvep,9,2025,loso,63,984.375,80.5556
reader,loso,sdssvep,9,2025,loso,64,1000.0,97.7778
