view,cell,source,device,status,mig_original
anytime/compact_anytime,2a_S1_seed2025,anytime_20260917/compact_anytime/2a_S1_seed2025,H200 NVL,original,
anytime/compact_anytime,2a_S1_seed2026,anytime_20260917/compact_anytime/2a_S1_seed2026,H200 NVL,original,
anytime/compact_anytime,2a_S1_seed2027,anytime_20260917/compact_anytime/2a_S1_seed2027,H200 NVL,original,
anytime/compact_anytime,2a_S2_seed2025,anytime_20260917/compact_anytime/2a_S2_seed2025,H200 NVL,original,
anytime/compact_anytime,2a_S2_seed2026,anytime_20260917/compact_anytime/2a_S2_seed2026,H200 NVL,original,
anytime/compact_anytime,2a_S2_seed2027,anytime_20260917/compact_anytime/2a_S2_seed2027,H200 NVL,original,
anytime/compact_anytime,2a_S3_seed2025,anytime_20260917/compact_anytime/2a_S3_seed2025,H200 NVL,original,
anytime/compact_anytime,2a_S3_seed2026,anytime_20260917/compact_anytime/2a_S3_seed2026,H200 NVL,original,
anytime/compact_anytime,2a_S3_seed2027,anytime_20260917/compact_anytime/2a_S3_seed2027,H200 NVL,original,
anytime/compact_anytime,2a_S4_seed2025,anytime_20260917/compact_anytime/2a_S4_seed2025,H200 NVL,original,
anytime/compact_anytime,2a_S4_seed2026,anytime_20260917/compact_anytime/2a_S4_seed2026,H200 NVL,original,
anytime/compact_anytime,2a_S4_seed2027,anytime_20260917/compact_anytime/2a_S4_seed2027,H200 NVL,original,
anytime/compact_anytime,2a_S5_seed2025,anytime_20260917/compact_anytime/2a_S5_seed2025,H200 NVL,original,
anytime/compact_anytime,2a_S5_seed2026,anytime_20260917/compact_anytime/2a_S5_seed2026,H200 NVL,original,
anytime/compact_anytime,2a_S5_seed2027,anytime_20260917/compact_anytime/2a_S5_seed2027,H200 NVL,original,
anytime/compact_anytime,2a_S6_seed2025,anytime_20260917/compact_anytime/2a_S6_seed2025,H200 NVL,original,
anytime/compact_anytime,2a_S6_seed2026,anytime_20260917/compact_anytime/2a_S6_seed2026,H200 NVL,original,
anytime/compact_anytime,2a_S6_seed2027,anytime_20260917/compact_anytime/2a_S6_seed2027,H200 NVL,original,
anytime/compact_anytime,2a_S7_seed2025,anytime_20260917/compact_anytime/2a_S7_seed2025,H200 NVL,original,
anytime/compact_anytime,2a_S7_seed2026,anytime_20260917/compact_anytime/2a_S7_seed2026,H200 NVL,original,
anytime/compact_anytime,2a_S7_seed2027,anytime_20260917/compact_anytime/2a_S7_seed2027,H200 NVL,original,
anytime/compact_anytime,2a_S8_seed2025,anytime_20260917/compact_anytime/2a_S8_seed2025,H200 NVL,original,
anytime/compact_anytime,2a_S8_seed2026,anytime_20260917/compact_anytime/2a_S8_seed2026,H200 NVL,original,
anytime/compact_anytime,2a_S8_seed2027,anytime_20260917/compact_anytime/2a_S8_seed2027,H200 NVL,original,
anytime/compact_anytime,2a_S9_seed2025,anytime_20260917/compact_anytime/2a_S9_seed2025,H200 NVL,original,
anytime/compact_anytime,2a_S9_seed2026,anytime_20260917/compact_anytime/2a_S9_seed2026,H200 NVL,original,
anytime/compact_anytime,2a_S9_seed2027,anytime_20260917/compact_anytime/2a_S9_seed2027,H200 NVL,original,
anytime/compact_anytime,2b_S1_seed2025,anytime_20260917/compact_anytime/2b_S1_seed2025,H200 NVL,original,
anytime/compact_anytime,2b_S1_seed2026,anytime_20260917/compact_anytime/2b_S1_seed2026,H200 NVL,original,
anytime/compact_anytime,2b_S1_seed2027,anytime_20260917/compact_anytime/2b_S1_seed2027,H200 NVL,original,
anytime/compact_anytime,2b_S2_seed2025,anytime_20260917/compact_anytime/2b_S2_seed2025,H200 NVL,original,
anytime/compact_anytime,2b_S2_seed2026,anytime_20260917/compact_anytime/2b_S2_seed2026,H200 NVL,original,
anytime/compact_anytime,2b_S2_seed2027,anytime_20260917/compact_anytime/2b_S2_seed2027,H200 NVL,original,
anytime/compact_anytime,2b_S3_seed2025,anytime_20260917/compact_anytime/2b_S3_seed2025,H200 NVL,original,
anytime/compact_anytime,2b_S3_seed2026,anytime_20260917/compact_anytime/2b_S3_seed2026,H200 NVL,original,
anytime/compact_anytime,2b_S3_seed2027,anytime_20260917/compact_anytime/2b_S3_seed2027,H200 NVL,original,
anytime/compact_anytime,2b_S4_seed2025,anytime_20260917/compact_anytime/2b_S4_seed2025,H200 NVL,original,
anytime/compact_anytime,2b_S4_seed2026,anytime_20260917/compact_anytime/2b_S4_seed2026,H200 NVL,original,
anytime/compact_anytime,2b_S4_seed2027,anytime_20260917/compact_anytime/2b_S4_seed2027,H200 NVL,original,
anytime/compact_anytime,2b_S5_seed2025,anytime_20260917/compact_anytime/2b_S5_seed2025,H200 NVL,original,
anytime/compact_anytime,2b_S5_seed2026,anytime_20260917/compact_anytime/2b_S5_seed2026,H200 NVL,original,
anytime/compact_anytime,2b_S5_seed2027,anytime_20260917/compact_anytime/2b_S5_seed2027,H200 NVL,original,
anytime/compact_anytime,2b_S6_seed2025,anytime_20260917/compact_anytime/2b_S6_seed2025,H200 NVL,original,
anytime/compact_anytime,2b_S6_seed2026,anytime_20260917/compact_anytime/2b_S6_seed2026,H200 NVL,original,
anytime/compact_anytime,2b_S6_seed2027,anytime_20260917/compact_anytime/2b_S6_seed2027,H200 NVL,original,
anytime/compact_anytime,2b_S7_seed2025,anytime_20260917/compact_anytime/2b_S7_seed2025,H200 NVL,original,
anytime/compact_anytime,2b_S7_seed2026,anytime_20260917/compact_anytime/2b_S7_seed2026,H200 NVL,original,
anytime/compact_anytime,2b_S7_seed2027,anytime_20260917/compact_anytime/2b_S7_seed2027,H200 NVL,original,
anytime/compact_anytime,2b_S8_seed2025,anytime_20260917/compact_anytime/2b_S8_seed2025,H200 NVL,original,
anytime/compact_anytime,2b_S8_seed2026,anytime_20260917/compact_anytime/2b_S8_seed2026,H200 NVL,original,
anytime/compact_anytime,2b_S8_seed2027,anytime_20260917/compact_anytime/2b_S8_seed2027,H200 NVL,original,
anytime/compact_anytime,2b_S9_seed2025,anytime_20260917/compact_anytime/2b_S9_seed2025,H200 NVL,original,
anytime/compact_anytime,2b_S9_seed2026,anytime_20260917/compact_anytime/2b_S9_seed2026,H200 NVL,original,
anytime/compact_anytime,2b_S9_seed2027,anytime_20260917/compact_anytime/2b_S9_seed2027,H200 NVL,original,
anytime/compact_anytime,sdssvep_S10_seed2025,anytime_20260917/compact_anytime/sdssvep_S10_seed2025,H200 NVL,original,
anytime/compact_anytime,sdssvep_S10_seed2026,anytime_20260917/compact_anytime/sdssvep_S10_seed2026,H200 NVL,original,
anytime/compact_anytime,sdssvep_S10_seed2027,anytime_20260917/compact_anytime/sdssvep_S10_seed2027,H200 NVL,original,
anytime/compact_anytime,sdssvep_S1_seed2025,anytime_20260917/compact_anytime/sdssvep_S1_seed2025,H200 NVL,original,
anytime/compact_anytime,sdssvep_S1_seed2026,anytime_20260917/compact_anytime/sdssvep_S1_seed2026,H200 NVL,original,
anytime/compact_anytime,sdssvep_S1_seed2027,anytime_20260917/compact_anytime/sdssvep_S1_seed2027,H200 NVL,original,
anytime/compact_anytime,sdssvep_S2_seed2025,anytime_20260917/compact_anytime/sdssvep_S2_seed2025,H200 NVL,original,
anytime/compact_anytime,sdssvep_S2_seed2026,anytime_20260917/compact_anytime/sdssvep_S2_seed2026,H200 NVL,original,
anytime/compact_anytime,sdssvep_S2_seed2027,anytime_20260917/compact_anytime/sdssvep_S2_seed2027,H200 NVL,original,
anytime/compact_anytime,sdssvep_S3_seed2025,anytime_20260917/compact_anytime/sdssvep_S3_seed2025,H200 NVL,original,
anytime/compact_anytime,sdssvep_S3_seed2026,anytime_20260917/compact_anytime/sdssvep_S3_seed2026,H200 NVL,original,
anytime/compact_anytime,sdssvep_S3_seed2027,anytime_20260917/compact_anytime/sdssvep_S3_seed2027,H200 NVL,original,
anytime/compact_anytime,sdssvep_S4_seed2025,anytime_20260917/compact_anytime/sdssvep_S4_seed2025,H200 NVL,original,
anytime/compact_anytime,sdssvep_S4_seed2026,anytime_20260917/compact_anytime/sdssvep_S4_seed2026,H200 NVL,original,
anytime/compact_anytime,sdssvep_S4_seed2027,anytime_20260917/compact_anytime/sdssvep_S4_seed2027,H200 NVL,original,
anytime/compact_anytime,sdssvep_S5_seed2025,anytime_20260917/compact_anytime/sdssvep_S5_seed2025,H200 NVL,original,
anytime/compact_anytime,sdssvep_S5_seed2026,anytime_20260917/compact_anytime/sdssvep_S5_seed2026,H200 NVL,original,
anytime/compact_anytime,sdssvep_S5_seed2027,anytime_20260917/compact_anytime/sdssvep_S5_seed2027,H200 NVL,original,
anytime/compact_anytime,sdssvep_S6_seed2025,anytime_20260917/compact_anytime/sdssvep_S6_seed2025,H200 NVL,original,
anytime/compact_anytime,sdssvep_S6_seed2026,anytime_20260917/compact_anytime/sdssvep_S6_seed2026,H200 NVL,original,
anytime/compact_anytime,sdssvep_S6_seed2027,anytime_20260917/compact_anytime/sdssvep_S6_seed2027,H200 NVL,original,
anytime/compact_anytime,sdssvep_S7_seed2025,anytime_20260917/compact_anytime/sdssvep_S7_seed2025,H200 NVL,original,
anytime/compact_anytime,sdssvep_S7_seed2026,anytime_20260917/compact_anytime/sdssvep_S7_seed2026,H200 NVL,original,
anytime/compact_anytime,sdssvep_S7_seed2027,anytime_20260917/compact_anytime/sdssvep_S7_seed2027,H200 NVL,original,
anytime/compact_anytime,sdssvep_S8_seed2025,anytime_20260917/compact_anytime/sdssvep_S8_seed2025,H200 NVL,original,
anytime/compact_anytime,sdssvep_S8_seed2026,anytime_20260917/compact_anytime/sdssvep_S8_seed2026,H200 NVL,original,
anytime/compact_anytime,sdssvep_S8_seed2027,anytime_20260917/compact_anytime/sdssvep_S8_seed2027,H200 NVL,original,
anytime/compact_anytime,sdssvep_S9_seed2025,anytime_20260917/compact_anytime/sdssvep_S9_seed2025,H200 NVL,original,
anytime/compact_anytime,sdssvep_S9_seed2026,anytime_20260917/compact_anytime/sdssvep_S9_seed2026,H200 NVL,original,
anytime/compact_anytime,sdssvep_S9_seed2027,anytime_20260917/compact_anytime/sdssvep_S9_seed2027,H200 NVL,original,
anytime/reader_anytime,2a_S1_seed2025,anytime_20260915/reader_anytime/2a_S1_seed2025,H100 NVL MIG 3g.47gb,mig_pending,
anytime/reader_anytime,2a_S1_seed2026,anytime_20260915/reader_anytime/2a_S1_seed2026,H100 NVL MIG 3g.47gb,mig_pending,
anytime/reader_anytime,2a_S1_seed2027,anytime_20260915/reader_anytime/2a_S1_seed2027,H100 NVL MIG 3g.47gb,mig_pending,
anytime/reader_anytime,2a_S2_seed2025,anytime_20260915/reader_anytime/2a_S2_seed2025,H100 NVL MIG 3g.47gb,mig_pending,
anytime/reader_anytime,2a_S2_seed2026,anytime_20260915/reader_anytime/2a_S2_seed2026,H100 NVL MIG 3g.47gb,mig_pending,
anytime/reader_anytime,2a_S2_seed2027,anytime_20260915/reader_anytime/2a_S2_seed2027,H100 NVL MIG 3g.47gb,mig_pending,
anytime/reader_anytime,2a_S3_seed2025,anytime_20260915/reader_anytime/2a_S3_seed2025,H100 NVL MIG 3g.47gb,mig_pending,
anytime/reader_anytime,2a_S3_seed2026,anytime_20260915/reader_anytime/2a_S3_seed2026,H100 NVL MIG 3g.47gb,mig_pending,
anytime/reader_anytime,2a_S3_seed2027,anytime_20260915/reader_anytime/2a_S3_seed2027,H100 NVL MIG 3g.47gb,mig_pending,
anytime/reader_anytime,2a_S4_seed2025,anytime_20260915/reader_anytime/2a_S4_seed2025,H100 NVL MIG 3g.47gb,mig_pending,
anytime/reader_anytime,2a_S4_seed2026,anytime_20260915/reader_anytime/2a_S4_seed2026,H100 NVL MIG 3g.47gb,mig_pending,
anytime/reader_anytime,2a_S4_seed2027,anytime_20260915/reader_anytime/2a_S4_seed2027,H100 NVL MIG 3g.47gb,mig_pending,
anytime/reader_anytime,2a_S5_seed2025,anytime_20260915/reader_anytime/2a_S5_seed2025,H100 NVL MIG 3g.47gb,mig_pending,
anytime/reader_anytime,2a_S5_seed2026,anytime_20260915/reader_anytime/2a_S5_seed2026,H100 NVL MIG 3g.47gb,mig_pending,
anytime/reader_anytime,2a_S5_seed2027,anytime_20260915/reader_anytime/2a_S5_seed2027,H100 NVL MIG 3g.47gb,mig_pending,
anytime/reader_anytime,2a_S6_seed2025,anytime_20260915/reader_anytime/2a_S6_seed2025,H100 NVL MIG 3g.47gb,mig_pending,
anytime/reader_anytime,2a_S6_seed2026,anytime_20260915/reader_anytime/2a_S6_seed2026,H100 NVL MIG 3g.47gb,mig_pending,
anytime/reader_anytime,2a_S6_seed2027,anytime_20260915/reader_anytime/2a_S6_seed2027,H100 NVL MIG 3g.47gb,mig_pending,
anytime/reader_anytime,2a_S7_seed2025,anytime_20260915/reader_anytime/2a_S7_seed2025,H100 NVL MIG 3g.47gb,mig_pending,
anytime/reader_anytime,2a_S7_seed2026,anytime_20260915/reader_anytime/2a_S7_seed2026,H200 NVL,original,
anytime/reader_anytime,2a_S7_seed2027,anytime_20260915/reader_anytime/2a_S7_seed2027,H200 NVL,original,
anytime/reader_anytime,2a_S8_seed2025,anytime_20260915/reader_anytime/2a_S8_seed2025,H200 NVL,original,
anytime/reader_anytime,2a_S8_seed2026,anytime_20260915/reader_anytime/2a_S8_seed2026,H200 NVL,original,
anytime/reader_anytime,2a_S8_seed2027,anytime_20260915/reader_anytime/2a_S8_seed2027,H200 NVL,original,
anytime/reader_anytime,2a_S9_seed2025,anytime_20260915/reader_anytime/2a_S9_seed2025,H200 NVL,original,
anytime/reader_anytime,2a_S9_seed2026,anytime_20260915/reader_anytime/2a_S9_seed2026,H200 NVL,original,
anytime/reader_anytime,2a_S9_seed2027,anytime_20260915/reader_anytime/2a_S9_seed2027,H200 NVL,original,
anytime/reader_anytime,2b_S1_seed2025,anytime_20260915/reader_anytime/2b_S1_seed2025,H100 80GB HBM3,original,
anytime/reader_anytime,2b_S1_seed2026,anytime_20260915/reader_anytime/2b_S1_seed2026,H100 80GB HBM3,original,
anytime/reader_anytime,2b_S1_seed2027,anytime_20260915/reader_anytime/2b_S1_seed2027,H100 80GB HBM3,original,
anytime/reader_anytime,2b_S2_seed2025,anytime_20260915/reader_anytime/2b_S2_seed2025,H100 80GB HBM3,original,
anytime/reader_anytime,2b_S2_seed2026,anytime_20260915/reader_anytime/2b_S2_seed2026,H100 80GB HBM3,original,
anytime/reader_anytime,2b_S2_seed2027,anytime_20260915/reader_anytime/2b_S2_seed2027,H100 80GB HBM3,original,
anytime/reader_anytime,2b_S3_seed2025,anytime_20260915/reader_anytime/2b_S3_seed2025,H100 80GB HBM3,original,
anytime/reader_anytime,2b_S3_seed2026,anytime_20260915/reader_anytime/2b_S3_seed2026,H100 80GB HBM3,original,
anytime/reader_anytime,2b_S3_seed2027,anytime_20260915/reader_anytime/2b_S3_seed2027,H100 80GB HBM3,original,
anytime/reader_anytime,2b_S4_seed2025,anytime_20260915/reader_anytime/2b_S4_seed2025,H100 80GB HBM3,original,
anytime/reader_anytime,2b_S4_seed2026,anytime_20260915/reader_anytime/2b_S4_seed2026,H100 80GB HBM3,original,
anytime/reader_anytime,2b_S4_seed2027,anytime_20260915/reader_anytime/2b_S4_seed2027,H100 80GB HBM3,original,
anytime/reader_anytime,2b_S5_seed2025,anytime_20260915/reader_anytime/2b_S5_seed2025,H200 NVL,original,
anytime/reader_anytime,2b_S5_seed2026,anytime_20260915/reader_anytime/2b_S5_seed2026,H200 NVL,original,
anytime/reader_anytime,2b_S5_seed2027,anytime_20260915/reader_anytime/2b_S5_seed2027,H200 NVL,original,
anytime/reader_anytime,2b_S6_seed2025,anytime_20260915/reader_anytime/2b_S6_seed2025,H200 NVL,original,
anytime/reader_anytime,2b_S6_seed2026,anytime_20260915/reader_anytime/2b_S6_seed2026,H200 NVL,original,
anytime/reader_anytime,2b_S6_seed2027,anytime_20260915/reader_anytime/2b_S6_seed2027,H200 NVL,original,
anytime/reader_anytime,2b_S7_seed2025,anytime_20260915/reader_anytime/2b_S7_seed2025,H200 NVL,original,
anytime/reader_anytime,2b_S7_seed2026,anytime_20260915/reader_anytime/2b_S7_seed2026,H200 NVL,original,
anytime/reader_anytime,2b_S7_seed2027,anytime_20260915/reader_anytime/2b_S7_seed2027,H100 80GB HBM3,original,
anytime/reader_anytime,2b_S8_seed2025,anytime_20260915/reader_anytime/2b_S8_seed2025,H100 80GB HBM3,original,
anytime/reader_anytime,2b_S8_seed2026,anytime_20260915/reader_anytime/2b_S8_seed2026,H100 80GB HBM3,original,
anytime/reader_anytime,2b_S8_seed2027,anytime_20260915/reader_anytime/2b_S8_seed2027,H100 80GB HBM3,original,
anytime/reader_anytime,2b_S9_seed2025,anytime_20260915/reader_anytime/2b_S9_seed2025,H100 NVL MIG 3g.47gb,mig_pending,
anytime/reader_anytime,2b_S9_seed2026,anytime_20260915/reader_anytime/2b_S9_seed2026,H100 NVL MIG 3g.47gb,mig_pending,
anytime/reader_anytime,2b_S9_seed2027,anytime_20260915/reader_anytime/2b_S9_seed2027,H100 NVL MIG 3g.47gb,mig_pending,
anytime/reader_anytime,sdssvep_S10_seed2025,anytime_20260915/reader_anytime/sdssvep_S10_seed2025,H200 NVL,original,
anytime/reader_anytime,sdssvep_S10_seed2026,anytime_20260915/reader_anytime/sdssvep_S10_seed2026,H200 NVL,original,
anytime/reader_anytime,sdssvep_S10_seed2027,anytime_20260915/reader_anytime/sdssvep_S10_seed2027,H200 NVL,original,
anytime/reader_anytime,sdssvep_S1_seed2025,anytime_20260915/reader_anytime/sdssvep_S1_seed2025,H200 NVL,original,
anytime/reader_anytime,sdssvep_S1_seed2026,anytime_20260915/reader_anytime/sdssvep_S1_seed2026,H200 NVL,original,
anytime/reader_anytime,sdssvep_S1_seed2027,anytime_20260915/reader_anytime/sdssvep_S1_seed2027,H200 NVL,original,
anytime/reader_anytime,sdssvep_S2_seed2025,anytime_20260915/reader_anytime/sdssvep_S2_seed2025,H200 NVL,original,
anytime/reader_anytime,sdssvep_S2_seed2026,anytime_20260915/reader_anytime/sdssvep_S2_seed2026,H200 NVL,original,
anytime/reader_anytime,sdssvep_S2_seed2027,anytime_20260915/reader_anytime/sdssvep_S2_seed2027,H200 NVL,original,
anytime/reader_anytime,sdssvep_S3_seed2025,anytime_20260915/reader_anytime/sdssvep_S3_seed2025,H200 NVL,original,
anytime/reader_anytime,sdssvep_S3_seed2026,anytime_20260915/reader_anytime/sdssvep_S3_seed2026,H200 NVL,original,
anytime/reader_anytime,sdssvep_S3_seed2027,anytime_20260915/reader_anytime/sdssvep_S3_seed2027,H100 NVL,original,
anytime/reader_anytime,sdssvep_S4_seed2025,anytime_20260915/reader_anytime/sdssvep_S4_seed2025,H100 NVL,original,
anytime/reader_anytime,sdssvep_S4_seed2026,anytime_20260915/reader_anytime/sdssvep_S4_seed2026,H100 NVL,original,
anytime/reader_anytime,sdssvep_S4_seed2027,anytime_20260915/reader_anytime/sdssvep_S4_seed2027,H100 NVL,original,
anytime/reader_anytime,sdssvep_S5_seed2025,anytime_20260915/reader_anytime/sdssvep_S5_seed2025,H100 NVL,original,
anytime/reader_anytime,sdssvep_S5_seed2026,anytime_20260915/reader_anytime/sdssvep_S5_seed2026,H100 NVL,original,
anytime/reader_anytime,sdssvep_S5_seed2027,anytime_20260915/reader_anytime/sdssvep_S5_seed2027,H100 NVL,original,
anytime/reader_anytime,sdssvep_S6_seed2025,anytime_20260915/reader_anytime/sdssvep_S6_seed2025,H100 NVL,original,
anytime/reader_anytime,sdssvep_S6_seed2026,anytime_20260915/reader_anytime/sdssvep_S6_seed2026,H100 NVL,original,
anytime/reader_anytime,sdssvep_S6_seed2027,anytime_20260915/reader_anytime/sdssvep_S6_seed2027,H100 NVL,original,
anytime/reader_anytime,sdssvep_S7_seed2025,anytime_20260915/reader_anytime/sdssvep_S7_seed2025,H100 NVL,original,
anytime/reader_anytime,sdssvep_S7_seed2026,anytime_20260915/reader_anytime/sdssvep_S7_seed2026,H100 NVL,original,
anytime/reader_anytime,sdssvep_S7_seed2027,anytime_20260915/reader_anytime/sdssvep_S7_seed2027,H100 NVL,original,
anytime/reader_anytime,sdssvep_S8_seed2025,anytime_20260915/reader_anytime/sdssvep_S8_seed2025,H100 NVL,original,
anytime/reader_anytime,sdssvep_S8_seed2026,anytime_20260915/reader_anytime/sdssvep_S8_seed2026,H100 NVL,original,
anytime/reader_anytime,sdssvep_S8_seed2027,anytime_20260915/reader_anytime/sdssvep_S8_seed2027,H100 NVL,original,
anytime/reader_anytime,sdssvep_S9_seed2025,anytime_20260915/reader_anytime/sdssvep_S9_seed2025,H100 NVL,original,
anytime/reader_anytime,sdssvep_S9_seed2026,anytime_20260915/reader_anytime/sdssvep_S9_seed2026,H100 NVL,original,
anytime/reader_anytime,sdssvep_S9_seed2027,anytime_20260915/reader_anytime/sdssvep_S9_seed2027,H100 NVL,original,
bank/bite_0.25s,sdssvep_S10_seed2025,bank_20260917/bite_0.25s/sdssvep_S10_seed2025,H200 NVL,original,
bank/bite_0.25s,sdssvep_S10_seed2026,bank_20260917/bite_0.25s/sdssvep_S10_seed2026,H200 NVL,original,
bank/bite_0.25s,sdssvep_S10_seed2027,bank_20260917/bite_0.25s/sdssvep_S10_seed2027,H200 NVL,original,
bank/bite_0.25s,sdssvep_S1_seed2025,bank_20260917/bite_0.25s/sdssvep_S1_seed2025,H200 NVL,original,
bank/bite_0.25s,sdssvep_S1_seed2026,bank_20260917/bite_0.25s/sdssvep_S1_seed2026,H200 NVL,original,
bank/bite_0.25s,sdssvep_S1_seed2027,bank_20260917/bite_0.25s/sdssvep_S1_seed2027,H200 NVL,original,
bank/bite_0.25s,sdssvep_S2_seed2025,bank_20260917/bite_0.25s/sdssvep_S2_seed2025,H200 NVL,original,
bank/bite_0.25s,sdssvep_S2_seed2026,bank_20260917/bite_0.25s/sdssvep_S2_seed2026,H200 NVL,original,
bank/bite_0.25s,sdssvep_S2_seed2027,bank_20260917/bite_0.25s/sdssvep_S2_seed2027,H200 NVL,original,
bank/bite_0.25s,sdssvep_S3_seed2025,bank_20260917/bite_0.25s/sdssvep_S3_seed2025,H200 NVL,original,
bank/bite_0.25s,sdssvep_S3_seed2026,bank_20260917/bite_0.25s/sdssvep_S3_seed2026,H200 NVL,original,
bank/bite_0.25s,sdssvep_S3_seed2027,bank_20260917/bite_0.25s/sdssvep_S3_seed2027,H200 NVL,original,
bank/bite_0.25s,sdssvep_S4_seed2025,bank_20260917/bite_0.25s/sdssvep_S4_seed2025,H200 NVL,original,
bank/bite_0.25s,sdssvep_S4_seed2026,bank_20260917/bite_0.25s/sdssvep_S4_seed2026,H200 NVL,original,
bank/bite_0.25s,sdssvep_S4_seed2027,bank_20260917/bite_0.25s/sdssvep_S4_seed2027,H200 NVL,original,
bank/bite_0.25s,sdssvep_S5_seed2025,bank_20260917/bite_0.25s/sdssvep_S5_seed2025,H200 NVL,original,
bank/bite_0.25s,sdssvep_S5_seed2026,bank_20260917/bite_0.25s/sdssvep_S5_seed2026,H200 NVL,original,
bank/bite_0.25s,sdssvep_S5_seed2027,bank_20260917/bite_0.25s/sdssvep_S5_seed2027,H200 NVL,original,
bank/bite_0.25s,sdssvep_S6_seed2025,bank_20260917/bite_0.25s/sdssvep_S6_seed2025,H200 NVL,original,
bank/bite_0.25s,sdssvep_S6_seed2026,bank_20260917/bite_0.25s/sdssvep_S6_seed2026,H200 NVL,original,
bank/bite_0.25s,sdssvep_S6_seed2027,bank_20260917/bite_0.25s/sdssvep_S6_seed2027,H200 NVL,original,
bank/bite_0.25s,sdssvep_S7_seed2025,bank_20260917/bite_0.25s/sdssvep_S7_seed2025,H200 NVL,original,
bank/bite_0.25s,sdssvep_S7_seed2026,bank_20260917/bite_0.25s/sdssvep_S7_seed2026,H200 NVL,original,
bank/bite_0.25s,sdssvep_S7_seed2027,bank_20260917/bite_0.25s/sdssvep_S7_seed2027,H200 NVL,original,
bank/bite_0.25s,sdssvep_S8_seed2025,bank_20260917/bite_0.25s/sdssvep_S8_seed2025,H200 NVL,original,
bank/bite_0.25s,sdssvep_S8_seed2026,bank_20260917/bite_0.25s/sdssvep_S8_seed2026,H200 NVL,original,
bank/bite_0.25s,sdssvep_S8_seed2027,bank_20260917/bite_0.25s/sdssvep_S8_seed2027,H200 NVL,original,
bank/bite_0.25s,sdssvep_S9_seed2025,bank_20260917/bite_0.25s/sdssvep_S9_seed2025,H200 NVL,original,
bank/bite_0.25s,sdssvep_S9_seed2026,bank_20260917/bite_0.25s/sdssvep_S9_seed2026,H200 NVL,original,
bank/bite_0.25s,sdssvep_S9_seed2027,bank_20260917/bite_0.25s/sdssvep_S9_seed2027,H200 NVL,original,
bank/bite_0.5s,sdssvep_S10_seed2025,bank_20260917/bite_0.5s/sdssvep_S10_seed2025,H200 NVL,original,
bank/bite_0.5s,sdssvep_S10_seed2026,bank_20260917/bite_0.5s/sdssvep_S10_seed2026,H200 NVL,original,
bank/bite_0.5s,sdssvep_S10_seed2027,bank_20260917/bite_0.5s/sdssvep_S10_seed2027,H200 NVL,original,
bank/bite_0.5s,sdssvep_S1_seed2025,bank_20260917/bite_0.5s/sdssvep_S1_seed2025,H200 NVL,original,
bank/bite_0.5s,sdssvep_S1_seed2026,bank_20260917/bite_0.5s/sdssvep_S1_seed2026,H200 NVL,original,
bank/bite_0.5s,sdssvep_S1_seed2027,bank_20260917/bite_0.5s/sdssvep_S1_seed2027,H200 NVL,original,
bank/bite_0.5s,sdssvep_S2_seed2025,bank_20260917/bite_0.5s/sdssvep_S2_seed2025,H200 NVL,original,
bank/bite_0.5s,sdssvep_S2_seed2026,bank_20260917/bite_0.5s/sdssvep_S2_seed2026,H200 NVL,original,
bank/bite_0.5s,sdssvep_S2_seed2027,bank_20260917/bite_0.5s/sdssvep_S2_seed2027,H200 NVL,original,
bank/bite_0.5s,sdssvep_S3_seed2025,bank_20260917/bite_0.5s/sdssvep_S3_seed2025,H200 NVL,original,
bank/bite_0.5s,sdssvep_S3_seed2026,bank_20260917/bite_0.5s/sdssvep_S3_seed2026,H200 NVL,original,
bank/bite_0.5s,sdssvep_S3_seed2027,bank_20260917/bite_0.5s/sdssvep_S3_seed2027,H200 NVL,original,
bank/bite_0.5s,sdssvep_S4_seed2025,bank_20260917/bite_0.5s/sdssvep_S4_seed2025,H200 NVL,original,
bank/bite_0.5s,sdssvep_S4_seed2026,bank_20260917/bite_0.5s/sdssvep_S4_seed2026,H200 NVL,original,
bank/bite_0.5s,sdssvep_S4_seed2027,bank_20260917/bite_0.5s/sdssvep_S4_seed2027,H200 NVL,original,
bank/bite_0.5s,sdssvep_S5_seed2025,bank_20260917/bite_0.5s/sdssvep_S5_seed2025,H200 NVL,original,
bank/bite_0.5s,sdssvep_S5_seed2026,bank_20260917/bite_0.5s/sdssvep_S5_seed2026,H200 NVL,original,
bank/bite_0.5s,sdssvep_S5_seed2027,bank_20260917/bite_0.5s/sdssvep_S5_seed2027,H200 NVL,original,
bank/bite_0.5s,sdssvep_S6_seed2025,bank_20260917/bite_0.5s/sdssvep_S6_seed2025,H200 NVL,original,
bank/bite_0.5s,sdssvep_S6_seed2026,bank_20260917/bite_0.5s/sdssvep_S6_seed2026,H200 NVL,original,
bank/bite_0.5s,sdssvep_S6_seed2027,bank_20260917/bite_0.5s/sdssvep_S6_seed2027,H200 NVL,original,
bank/bite_0.5s,sdssvep_S7_seed2025,bank_20260917/bite_0.5s/sdssvep_S7_seed2025,H200 NVL,original,
bank/bite_0.5s,sdssvep_S7_seed2026,bank_20260917/bite_0.5s/sdssvep_S7_seed2026,H200 NVL,original,
bank/bite_0.5s,sdssvep_S7_seed2027,bank_20260917/bite_0.5s/sdssvep_S7_seed2027,H200 NVL,original,
bank/bite_0.5s,sdssvep_S8_seed2025,bank_20260917/bite_0.5s/sdssvep_S8_seed2025,H200 NVL,original,
bank/bite_0.5s,sdssvep_S8_seed2026,bank_20260917/bite_0.5s/sdssvep_S8_seed2026,H200 NVL,original,
bank/bite_0.5s,sdssvep_S8_seed2027,bank_20260917/bite_0.5s/sdssvep_S8_seed2027,H200 NVL,original,
bank/bite_0.5s,sdssvep_S9_seed2025,bank_20260917/bite_0.5s/sdssvep_S9_seed2025,H200 NVL,original,
bank/bite_0.5s,sdssvep_S9_seed2026,bank_20260917/bite_0.5s/sdssvep_S9_seed2026,H200 NVL,original,
bank/bite_0.5s,sdssvep_S9_seed2027,bank_20260917/bite_0.5s/sdssvep_S9_seed2027,H200 NVL,original,
bank/bite_0.75s,sdssvep_S10_seed2025,bank_20260917/bite_0.75s/sdssvep_S10_seed2025,H200 NVL,original,
bank/bite_0.75s,sdssvep_S10_seed2026,bank_20260917/bite_0.75s/sdssvep_S10_seed2026,H200 NVL,original,
bank/bite_0.75s,sdssvep_S10_seed2027,bank_20260917/bite_0.75s/sdssvep_S10_seed2027,H200 NVL,original,
bank/bite_0.75s,sdssvep_S1_seed2025,bank_20260917/bite_0.75s/sdssvep_S1_seed2025,H200 NVL,original,
bank/bite_0.75s,sdssvep_S1_seed2026,bank_20260917/bite_0.75s/sdssvep_S1_seed2026,H200 NVL,original,
bank/bite_0.75s,sdssvep_S1_seed2027,bank_20260917/bite_0.75s/sdssvep_S1_seed2027,H200 NVL,original,
bank/bite_0.75s,sdssvep_S2_seed2025,bank_20260917/bite_0.75s/sdssvep_S2_seed2025,H200 NVL,original,
bank/bite_0.75s,sdssvep_S2_seed2026,bank_20260917/bite_0.75s/sdssvep_S2_seed2026,H200 NVL,original,
bank/bite_0.75s,sdssvep_S2_seed2027,bank_20260917/bite_0.75s/sdssvep_S2_seed2027,H200 NVL,original,
bank/bite_0.75s,sdssvep_S3_seed2025,bank_20260917/bite_0.75s/sdssvep_S3_seed2025,H200 NVL,original,
bank/bite_0.75s,sdssvep_S3_seed2026,bank_20260917/bite_0.75s/sdssvep_S3_seed2026,H200 NVL,original,
bank/bite_0.75s,sdssvep_S3_seed2027,bank_20260917/bite_0.75s/sdssvep_S3_seed2027,H200 NVL,original,
bank/bite_0.75s,sdssvep_S4_seed2025,bank_20260917/bite_0.75s/sdssvep_S4_seed2025,H200 NVL,original,
bank/bite_0.75s,sdssvep_S4_seed2026,bank_20260917/bite_0.75s/sdssvep_S4_seed2026,H200 NVL,original,
bank/bite_0.75s,sdssvep_S4_seed2027,bank_20260917/bite_0.75s/sdssvep_S4_seed2027,H200 NVL,original,
bank/bite_0.75s,sdssvep_S5_seed2025,bank_20260917/bite_0.75s/sdssvep_S5_seed2025,H200 NVL,original,
bank/bite_0.75s,sdssvep_S5_seed2026,bank_20260917/bite_0.75s/sdssvep_S5_seed2026,H200 NVL,original,
bank/bite_0.75s,sdssvep_S5_seed2027,bank_20260917/bite_0.75s/sdssvep_S5_seed2027,H200 NVL,original,
bank/bite_0.75s,sdssvep_S6_seed2025,bank_20260917/bite_0.75s/sdssvep_S6_seed2025,H200 NVL,original,
bank/bite_0.75s,sdssvep_S6_seed2026,bank_20260917/bite_0.75s/sdssvep_S6_seed2026,H200 NVL,original,
bank/bite_0.75s,sdssvep_S6_seed2027,bank_20260917/bite_0.75s/sdssvep_S6_seed2027,H200 NVL,original,
bank/bite_0.75s,sdssvep_S7_seed2025,bank_20260917/bite_0.75s/sdssvep_S7_seed2025,H200 NVL,original,
bank/bite_0.75s,sdssvep_S7_seed2026,bank_20260917/bite_0.75s/sdssvep_S7_seed2026,H200 NVL,original,
bank/bite_0.75s,sdssvep_S7_seed2027,bank_20260917/bite_0.75s/sdssvep_S7_seed2027,H200 NVL,original,
bank/bite_0.75s,sdssvep_S8_seed2025,bank_20260917/bite_0.75s/sdssvep_S8_seed2025,H200 NVL,original,
bank/bite_0.75s,sdssvep_S8_seed2026,bank_20260917/bite_0.75s/sdssvep_S8_seed2026,H200 NVL,original,
bank/bite_0.75s,sdssvep_S8_seed2027,bank_20260917/bite_0.75s/sdssvep_S8_seed2027,H200 NVL,original,
bank/bite_0.75s,sdssvep_S9_seed2025,bank_20260917/bite_0.75s/sdssvep_S9_seed2025,H200 NVL,original,
bank/bite_0.75s,sdssvep_S9_seed2026,bank_20260917/bite_0.75s/sdssvep_S9_seed2026,H200 NVL,original,
bank/bite_0.75s,sdssvep_S9_seed2027,bank_20260917/bite_0.75s/sdssvep_S9_seed2027,H200 NVL,original,
bank/bite_1s,2a_S1_seed2025,bank_20260915/bite_1s/2a_S1_seed2025,H100 NVL MIG 3g.47gb,mig_pending,
bank/bite_1s,2a_S1_seed2026,bank_20260915/bite_1s/2a_S1_seed2026,H100 NVL MIG 3g.47gb,mig_pending,
bank/bite_1s,2a_S1_seed2027,bank_20260915/bite_1s/2a_S1_seed2027,H100 NVL MIG 3g.47gb,mig_pending,
bank/bite_1s,2a_S2_seed2025,bank_20260915/bite_1s/2a_S2_seed2025,H100 NVL MIG 3g.47gb,mig_pending,
bank/bite_1s,2a_S2_seed2026,bank_20260915/bite_1s/2a_S2_seed2026,H100 NVL MIG 3g.47gb,mig_pending,
bank/bite_1s,2a_S2_seed2027,bank_20260915/bite_1s/2a_S2_seed2027,H100 NVL MIG 3g.47gb,mig_pending,
bank/bite_1s,2a_S3_seed2025,bank_20260915/bite_1s/2a_S3_seed2025,H100 NVL MIG 3g.47gb,mig_pending,
bank/bite_1s,2a_S3_seed2026,bank_20260915/bite_1s/2a_S3_seed2026,H100 NVL MIG 3g.47gb,mig_pending,
bank/bite_1s,2a_S3_seed2027,bank_20260915/bite_1s/2a_S3_seed2027,H100 NVL MIG 3g.47gb,mig_pending,
bank/bite_1s,2a_S4_seed2025,bank_20260915/bite_1s/2a_S4_seed2025,H100 NVL MIG 3g.47gb,mig_pending,
bank/bite_1s,2a_S4_seed2026,bank_20260915/bite_1s/2a_S4_seed2026,H100 NVL MIG 3g.47gb,mig_pending,
bank/bite_1s,2a_S4_seed2027,bank_20260915/bite_1s/2a_S4_seed2027,H100 NVL MIG 3g.47gb,mig_pending,
bank/bite_1s,2a_S5_seed2025,bank_20260915/bite_1s/2a_S5_seed2025,H100 NVL MIG 3g.47gb,mig_pending,
bank/bite_1s,2a_S5_seed2026,bank_20260915/bite_1s/2a_S5_seed2026,H100 NVL MIG 3g.47gb,mig_pending,
bank/bite_1s,2a_S5_seed2027,bank_20260915/bite_1s/2a_S5_seed2027,H200 NVL,original,
bank/bite_1s,2a_S6_seed2025,bank_20260915/bite_1s/2a_S6_seed2025,H200 NVL,original,
bank/bite_1s,2a_S6_seed2026,bank_20260915/bite_1s/2a_S6_seed2026,H200 NVL,original,
bank/bite_1s,2a_S6_seed2027,bank_20260915/bite_1s/2a_S6_seed2027,H200 NVL,original,
bank/bite_1s,2a_S7_seed2025,bank_20260915/bite_1s/2a_S7_seed2025,H200 NVL,original,
bank/bite_1s,2a_S7_seed2026,bank_20260915/bite_1s/2a_S7_seed2026,H200 NVL,original,
bank/bite_1s,2a_S7_seed2027,bank_20260915/bite_1s/2a_S7_seed2027,H200 NVL,original,
bank/bite_1s,2a_S8_seed2025,bank_20260915/bite_1s/2a_S8_seed2025,H200 NVL,original,
bank/bite_1s,2a_S8_seed2026,bank_20260915/bite_1s/2a_S8_seed2026,H200 NVL,original,
bank/bite_1s,2a_S8_seed2027,bank_20260915/bite_1s/2a_S8_seed2027,H200 NVL,original,
bank/bite_1s,2a_S9_seed2025,bank_20260915/bite_1s/2a_S9_seed2025,H200 NVL,original,
bank/bite_1s,2a_S9_seed2026,bank_20260915/bite_1s/2a_S9_seed2026,H200 NVL,original,
bank/bite_1s,2a_S9_seed2027,bank_20260915/bite_1s/2a_S9_seed2027,H200 NVL,original,
bank/bite_1s,2b_S1_seed2025,bank_20260915/bite_1s/2b_S1_seed2025,H100 NVL MIG 3g.47gb,mig_pending,
bank/bite_1s,2b_S1_seed2026,bank_20260915/bite_1s/2b_S1_seed2026,H100 NVL MIG 3g.47gb,mig_pending,
bank/bite_1s,2b_S1_seed2027,bank_20260915/bite_1s/2b_S1_seed2027,H100 80GB HBM3,original,
bank/bite_1s,2b_S2_seed2025,bank_20260915/bite_1s/2b_S2_seed2025,H100 NVL MIG 3g.47gb,mig_pending,
bank/bite_1s,2b_S2_seed2026,bank_20260915/bite_1s/2b_S2_seed2026,H100 NVL,original,
bank/bite_1s,2b_S2_seed2027,bank_20260915/bite_1s/2b_S2_seed2027,H100 NVL,original,
bank/bite_1s,2b_S3_seed2025,bank_20260915/bite_1s/2b_S3_seed2025,H200 NVL,original,
bank/bite_1s,2b_S3_seed2026,bank_20260915/bite_1s/2b_S3_seed2026,H200 NVL,original,
bank/bite_1s,2b_S3_seed2027,bank_20260915/bite_1s/2b_S3_seed2027,H100 80GB HBM3,original,
bank/bite_1s,2b_S4_seed2025,bank_20260915/bite_1s/2b_S4_seed2025,H100 80GB HBM3,original,
bank/bite_1s,2b_S4_seed2026,bank_20260915/bite_1s/2b_S4_seed2026,H100 NVL MIG 3g.47gb,mig_pending,
bank/bite_1s,2b_S4_seed2027,bank_20260915/bite_1s/2b_S4_seed2027,H100 80GB HBM3,original,
bank/bite_1s,2b_S5_seed2025,bank_20260915/bite_1s/2b_S5_seed2025,H200 NVL,original,
bank/bite_1s,2b_S5_seed2026,bank_20260915/bite_1s/2b_S5_seed2026,H200 NVL,original,
bank/bite_1s,2b_S5_seed2027,bank_20260915/bite_1s/2b_S5_seed2027,H100 NVL,original,
bank/bite_1s,2b_S6_seed2025,bank_20260915/bite_1s/2b_S6_seed2025,H100 NVL MIG 3g.47gb,mig_pending,
bank/bite_1s,2b_S6_seed2026,bank_20260915/bite_1s/2b_S6_seed2026,H100 80GB HBM3,original,
bank/bite_1s,2b_S6_seed2027,bank_20260915/bite_1s/2b_S6_seed2027,H100 80GB HBM3,original,
bank/bite_1s,2b_S7_seed2025,bank_20260915/bite_1s/2b_S7_seed2025,H200 NVL,original,
bank/bite_1s,2b_S7_seed2026,bank_20260915/bite_1s/2b_S7_seed2026,H100 80GB HBM3,original,
bank/bite_1s,2b_S7_seed2027,bank_20260915/bite_1s/2b_S7_seed2027,H100 NVL MIG 3g.47gb,mig_pending,
bank/bite_1s,2b_S8_seed2025,bank_20260915/bite_1s/2b_S8_seed2025,H100 NVL MIG 3g.47gb,mig_pending,
bank/bite_1s,2b_S8_seed2026,bank_20260915/bite_1s/2b_S8_seed2026,H100 NVL,original,
bank/bite_1s,2b_S8_seed2027,bank_20260915/bite_1s/2b_S8_seed2027,H100 NVL MIG 3g.47gb,mig_pending,
bank/bite_1s,2b_S9_seed2025,bank_20260915/bite_1s/2b_S9_seed2025,H100 80GB HBM3,original,
bank/bite_1s,2b_S9_seed2026,bank_20260915/bite_1s/2b_S9_seed2026,H100 80GB HBM3,original,
bank/bite_1s,2b_S9_seed2027,bank_20260915/bite_1s/2b_S9_seed2027,H100 NVL MIG 3g.47gb,mig_pending,
bank/bite_2s,2a_S1_seed2025,bank_20260915/bite_2s/2a_S1_seed2025,H100 NVL MIG 3g.47gb,mig_pending,
bank/bite_2s,2a_S1_seed2026,bank_20260915/bite_2s/2a_S1_seed2026,H100 NVL MIG 3g.47gb,mig_pending,
bank/bite_2s,2a_S1_seed2027,bank_20260915/bite_2s/2a_S1_seed2027,H100 NVL MIG 3g.47gb,mig_pending,
bank/bite_2s,2a_S2_seed2025,bank_20260915/bite_2s/2a_S2_seed2025,H100 NVL MIG 3g.47gb,mig_pending,
bank/bite_2s,2a_S2_seed2026,bank_20260915/bite_2s/2a_S2_seed2026,H100 NVL MIG 3g.47gb,mig_pending,
bank/bite_2s,2a_S2_seed2027,bank_20260915/bite_2s/2a_S2_seed2027,H100 NVL MIG 3g.47gb,mig_pending,
bank/bite_2s,2a_S3_seed2025,bank_20260915/bite_2s/2a_S3_seed2025,H100 NVL MIG 3g.47gb,mig_pending,
bank/bite_2s,2a_S3_seed2026,bank_20260915/bite_2s/2a_S3_seed2026,H100 NVL MIG 3g.47gb,mig_pending,
bank/bite_2s,2a_S3_seed2027,bank_20260915/bite_2s/2a_S3_seed2027,H100 NVL MIG 3g.47gb,mig_pending,
bank/bite_2s,2a_S4_seed2025,bank_20260915/bite_2s/2a_S4_seed2025,H100 NVL MIG 3g.47gb,mig_pending,
bank/bite_2s,2a_S4_seed2026,bank_20260915/bite_2s/2a_S4_seed2026,H100 NVL MIG 3g.47gb,mig_pending,
bank/bite_2s,2a_S4_seed2027,bank_20260915/bite_2s/2a_S4_seed2027,H100 NVL MIG 3g.47gb,mig_pending,
bank/bite_2s,2a_S5_seed2025,bank_20260915/bite_2s/2a_S5_seed2025,H100 NVL MIG 3g.47gb,mig_pending,
bank/bite_2s,2a_S5_seed2026,bank_20260915/bite_2s/2a_S5_seed2026,H100 NVL MIG 3g.47gb,mig_pending,
bank/bite_2s,2a_S5_seed2027,bank_20260915/bite_2s/2a_S5_seed2027,H200 NVL,original,
bank/bite_2s,2a_S6_seed2025,bank_20260915/bite_2s/2a_S6_seed2025,H200 NVL,original,
bank/bite_2s,2a_S6_seed2026,bank_20260915/bite_2s/2a_S6_seed2026,H200 NVL,original,
bank/bite_2s,2a_S6_seed2027,bank_20260915/bite_2s/2a_S6_seed2027,H200 NVL,original,
bank/bite_2s,2a_S7_seed2025,bank_20260915/bite_2s/2a_S7_seed2025,H200 NVL,original,
bank/bite_2s,2a_S7_seed2026,bank_20260915/bite_2s/2a_S7_seed2026,H200 NVL,original,
bank/bite_2s,2a_S7_seed2027,bank_20260915/bite_2s/2a_S7_seed2027,H200 NVL,original,
bank/bite_2s,2a_S8_seed2025,bank_20260915/bite_2s/2a_S8_seed2025,H200 NVL,original,
bank/bite_2s,2a_S8_seed2026,bank_20260915/bite_2s/2a_S8_seed2026,H200 NVL,original,
bank/bite_2s,2a_S8_seed2027,bank_20260915/bite_2s/2a_S8_seed2027,H200 NVL,original,
bank/bite_2s,2a_S9_seed2025,bank_20260915/bite_2s/2a_S9_seed2025,H200 NVL,original,
bank/bite_2s,2a_S9_seed2026,bank_20260915/bite_2s/2a_S9_seed2026,H200 NVL,original,
bank/bite_2s,2a_S9_seed2027,bank_20260915/bite_2s/2a_S9_seed2027,H200 NVL,original,
bank/bite_2s,2b_S1_seed2025,bank_20260915/bite_2s/2b_S1_seed2025,H100 NVL MIG 3g.47gb,mig_pending,
bank/bite_2s,2b_S1_seed2026,bank_20260915/bite_2s/2b_S1_seed2026,H100 80GB HBM3,original,
bank/bite_2s,2b_S1_seed2027,bank_20260915/bite_2s/2b_S1_seed2027,H100 80GB HBM3,original,
bank/bite_2s,2b_S2_seed2025,bank_20260915/bite_2s/2b_S2_seed2025,H100 NVL MIG 3g.47gb,mig_pending,
bank/bite_2s,2b_S2_seed2026,bank_20260915/bite_2s/2b_S2_seed2026,H100 NVL,original,
bank/bite_2s,2b_S2_seed2027,bank_20260915/bite_2s/2b_S2_seed2027,H200 NVL,original,
bank/bite_2s,2b_S3_seed2025,bank_20260915/bite_2s/2b_S3_seed2025,H200 NVL,original,
bank/bite_2s,2b_S3_seed2026,bank_20260915/bite_2s/2b_S3_seed2026,H200 NVL,original,
bank/bite_2s,2b_S3_seed2027,bank_20260915/bite_2s/2b_S3_seed2027,H100 80GB HBM3,original,
bank/bite_2s,2b_S4_seed2025,bank_20260915/bite_2s/2b_S4_seed2025,H100 NVL MIG 3g.47gb,mig_pending,
bank/bite_2s,2b_S4_seed2026,bank_20260915/bite_2s/2b_S4_seed2026,H100 NVL MIG 3g.47gb,mig_pending,
bank/bite_2s,2b_S4_seed2027,bank_20260915/bite_2s/2b_S4_seed2027,H100 80GB HBM3,original,
bank/bite_2s,2b_S5_seed2025,bank_20260915/bite_2s/2b_S5_seed2025,H200 NVL,original,
bank/bite_2s,2b_S5_seed2026,bank_20260915/bite_2s/2b_S5_seed2026,H100 NVL,original,
bank/bite_2s,2b_S5_seed2027,bank_20260915/bite_2s/2b_S5_seed2027,H100 NVL,original,
bank/bite_2s,2b_S6_seed2025,bank_20260915/bite_2s/2b_S6_seed2025,H100 NVL MIG 3g.47gb,mig_pending,
bank/bite_2s,2b_S6_seed2026,bank_20260915/bite_2s/2b_S6_seed2026,H100 80GB HBM3,original,
bank/bite_2s,2b_S6_seed2027,bank_20260915/bite_2s/2b_S6_seed2027,H200 NVL,original,
bank/bite_2s,2b_S7_seed2025,bank_20260915/bite_2s/2b_S7_seed2025,H200 NVL,original,
bank/bite_2s,2b_S7_seed2026,bank_20260915/bite_2s/2b_S7_seed2026,H100 80GB HBM3,original,
bank/bite_2s,2b_S7_seed2027,bank_20260915/bite_2s/2b_S7_seed2027,H100 NVL MIG 3g.47gb,mig_pending,
bank/bite_2s,2b_S8_seed2025,bank_20260915/bite_2s/2b_S8_seed2025,H100 NVL,original,
bank/bite_2s,2b_S8_seed2026,bank_20260915/bite_2s/2b_S8_seed2026,H100 NVL,original,
bank/bite_2s,2b_S8_seed2027,bank_20260915/bite_2s/2b_S8_seed2027,H100 NVL MIG 3g.47gb,mig_pending,
bank/bite_2s,2b_S9_seed2025,bank_20260915/bite_2s/2b_S9_seed2025,H100 80GB HBM3,original,
bank/bite_2s,2b_S9_seed2026,bank_20260915/bite_2s/2b_S9_seed2026,H100 NVL MIG 3g.47gb,mig_pending,
bank/bite_2s,2b_S9_seed2027,bank_20260915/bite_2s/2b_S9_seed2027,H100 NVL MIG 3g.47gb,mig_pending,
bank/bite_3s,2a_S1_seed2025,bank_20260915/bite_3s/2a_S1_seed2025,H100 NVL MIG 3g.47gb,mig_pending,
bank/bite_3s,2a_S1_seed2026,bank_20260915/bite_3s/2a_S1_seed2026,H100 NVL MIG 3g.47gb,mig_pending,
bank/bite_3s,2a_S1_seed2027,bank_20260915/bite_3s/2a_S1_seed2027,H100 NVL MIG 3g.47gb,mig_pending,
bank/bite_3s,2a_S2_seed2025,bank_20260915/bite_3s/2a_S2_seed2025,H100 NVL MIG 3g.47gb,mig_pending,
bank/bite_3s,2a_S2_seed2026,bank_20260915/bite_3s/2a_S2_seed2026,H100 NVL MIG 3g.47gb,mig_pending,
bank/bite_3s,2a_S2_seed2027,bank_20260915/bite_3s/2a_S2_seed2027,H100 NVL MIG 3g.47gb,mig_pending,
bank/bite_3s,2a_S3_seed2025,bank_20260915/bite_3s/2a_S3_seed2025,H100 NVL MIG 3g.47gb,mig_pending,
bank/bite_3s,2a_S3_seed2026,bank_20260915/bite_3s/2a_S3_seed2026,H100 NVL MIG 3g.47gb,mig_pending,
bank/bite_3s,2a_S3_seed2027,bank_20260915/bite_3s/2a_S3_seed2027,H100 NVL MIG 3g.47gb,mig_pending,
bank/bite_3s,2a_S4_seed2025,bank_20260915/bite_3s/2a_S4_seed2025,H100 NVL MIG 3g.47gb,mig_pending,
bank/bite_3s,2a_S4_seed2026,bank_20260915/bite_3s/2a_S4_seed2026,H100 NVL MIG 3g.47gb,mig_pending,
bank/bite_3s,2a_S4_seed2027,bank_20260915/bite_3s/2a_S4_seed2027,H100 NVL MIG 3g.47gb,mig_pending,
bank/bite_3s,2a_S5_seed2025,bank_20260915/bite_3s/2a_S5_seed2025,H100 NVL MIG 3g.47gb,mig_pending,
bank/bite_3s,2a_S5_seed2026,bank_20260915/bite_3s/2a_S5_seed2026,H200 NVL,original,
bank/bite_3s,2a_S5_seed2027,bank_20260915/bite_3s/2a_S5_seed2027,H200 NVL,original,
bank/bite_3s,2a_S6_seed2025,bank_20260915/bite_3s/2a_S6_seed2025,H200 NVL,original,
bank/bite_3s,2a_S6_seed2026,bank_20260915/bite_3s/2a_S6_seed2026,H200 NVL,original,
bank/bite_3s,2a_S6_seed2027,bank_20260915/bite_3s/2a_S6_seed2027,H200 NVL,original,
bank/bite_3s,2a_S7_seed2025,bank_20260915/bite_3s/2a_S7_seed2025,H200 NVL,original,
bank/bite_3s,2a_S7_seed2026,bank_20260915/bite_3s/2a_S7_seed2026,H200 NVL,original,
bank/bite_3s,2a_S7_seed2027,bank_20260915/bite_3s/2a_S7_seed2027,H200 NVL,original,
bank/bite_3s,2a_S8_seed2025,bank_20260915/bite_3s/2a_S8_seed2025,H200 NVL,original,
bank/bite_3s,2a_S8_seed2026,bank_20260915/bite_3s/2a_S8_seed2026,H200 NVL,original,
bank/bite_3s,2a_S8_seed2027,bank_20260915/bite_3s/2a_S8_seed2027,H200 NVL,original,
bank/bite_3s,2a_S9_seed2025,bank_20260915/bite_3s/2a_S9_seed2025,H200 NVL,original,
bank/bite_3s,2a_S9_seed2026,bank_20260915/bite_3s/2a_S9_seed2026,H200 NVL,original,
bank/bite_3s,2a_S9_seed2027,bank_20260915/bite_3s/2a_S9_seed2027,H200 NVL,original,
bank/bite_3s,2b_S1_seed2025,bank_20260915/bite_3s/2b_S1_seed2025,H100 NVL MIG 3g.47gb,mig_pending,
bank/bite_3s,2b_S1_seed2026,bank_20260915/bite_3s/2b_S1_seed2026,H100 80GB HBM3,original,
bank/bite_3s,2b_S1_seed2027,bank_20260915/bite_3s/2b_S1_seed2027,H100 NVL MIG 3g.47gb,mig_pending,
bank/bite_3s,2b_S2_seed2025,bank_20260915/bite_3s/2b_S2_seed2025,H100 NVL MIG 3g.47gb,mig_pending,
bank/bite_3s,2b_S2_seed2026,bank_20260915/bite_3s/2b_S2_seed2026,H100 NVL,original,
bank/bite_3s,2b_S2_seed2027,bank_20260915/bite_3s/2b_S2_seed2027,H200 NVL,original,
bank/bite_3s,2b_S3_seed2025,bank_20260915/bite_3s/2b_S3_seed2025,H200 NVL,original,
bank/bite_3s,2b_S3_seed2026,bank_20260915/bite_3s/2b_S3_seed2026,H200 NVL,original,
bank/bite_3s,2b_S3_seed2027,bank_20260915/bite_3s/2b_S3_seed2027,H100 80GB HBM3,original,
bank/bite_3s,2b_S4_seed2025,bank_20260915/bite_3s/2b_S4_seed2025,H100 NVL MIG 3g.47gb,mig_pending,
bank/bite_3s,2b_S4_seed2026,bank_20260915/bite_3s/2b_S4_seed2026,H100 80GB HBM3,original,
bank/bite_3s,2b_S4_seed2027,bank_20260915/bite_3s/2b_S4_seed2027,H100 80GB HBM3,original,
bank/bite_3s,2b_S5_seed2025,bank_20260915/bite_3s/2b_S5_seed2025,H200 NVL,original,
bank/bite_3s,2b_S5_seed2026,bank_20260915/bite_3s/2b_S5_seed2026,H100 NVL,original,
bank/bite_3s,2b_S5_seed2027,bank_20260915/bite_3s/2b_S5_seed2027,H100 NVL MIG 3g.47gb,mig_pending,
bank/bite_3s,2b_S6_seed2025,bank_20260915/bite_3s/2b_S6_seed2025,H100 NVL MIG 3g.47gb,mig_pending,
bank/bite_3s,2b_S6_seed2026,bank_20260915/bite_3s/2b_S6_seed2026,H100 80GB HBM3,original,
bank/bite_3s,2b_S6_seed2027,bank_20260915/bite_3s/2b_S6_seed2027,H200 NVL,original,
bank/bite_3s,2b_S7_seed2025,bank_20260915/bite_3s/2b_S7_seed2025,H100 80GB HBM3,original,
bank/bite_3s,2b_S7_seed2026,bank_20260915/bite_3s/2b_S7_seed2026,H100 80GB HBM3,original,
bank/bite_3s,2b_S7_seed2027,bank_20260915/bite_3s/2b_S7_seed2027,H100 NVL MIG 3g.47gb,mig_pending,
bank/bite_3s,2b_S8_seed2025,bank_20260915/bite_3s/2b_S8_seed2025,H100 NVL,original,
bank/bite_3s,2b_S8_seed2026,bank_20260915/bite_3s/2b_S8_seed2026,H100 NVL MIG 3g.47gb,mig_pending,
bank/bite_3s,2b_S8_seed2027,bank_20260915/bite_3s/2b_S8_seed2027,H100 NVL MIG 3g.47gb,mig_pending,
bank/bite_3s,2b_S9_seed2025,bank_20260915/bite_3s/2b_S9_seed2025,H100 80GB HBM3,original,
bank/bite_3s,2b_S9_seed2026,bank_20260915/bite_3s/2b_S9_seed2026,H100 NVL MIG 3g.47gb,mig_pending,
bank/bite_3s,2b_S9_seed2027,bank_20260915/bite_3s/2b_S9_seed2027,H100 80GB HBM3,original,
bank/compact_0.25s,sdssvep_S10_seed2025,bank_20260917/compact_0.25s/sdssvep_S10_seed2025,H200 NVL,original,
bank/compact_0.25s,sdssvep_S10_seed2026,bank_20260917/compact_0.25s/sdssvep_S10_seed2026,H200 NVL,original,
bank/compact_0.25s,sdssvep_S10_seed2027,bank_20260917/compact_0.25s/sdssvep_S10_seed2027,H200 NVL,original,
bank/compact_0.25s,sdssvep_S1_seed2025,bank_20260917/compact_0.25s/sdssvep_S1_seed2025,H200 NVL,original,
bank/compact_0.25s,sdssvep_S1_seed2026,bank_20260917/compact_0.25s/sdssvep_S1_seed2026,H200 NVL,original,
bank/compact_0.25s,sdssvep_S1_seed2027,bank_20260917/compact_0.25s/sdssvep_S1_seed2027,H200 NVL,original,
bank/compact_0.25s,sdssvep_S2_seed2025,bank_20260917/compact_0.25s/sdssvep_S2_seed2025,H200 NVL,original,
bank/compact_0.25s,sdssvep_S2_seed2026,bank_20260917/compact_0.25s/sdssvep_S2_seed2026,H200 NVL,original,
bank/compact_0.25s,sdssvep_S2_seed2027,bank_20260917/compact_0.25s/sdssvep_S2_seed2027,H200 NVL,original,
bank/compact_0.25s,sdssvep_S3_seed2025,bank_20260917/compact_0.25s/sdssvep_S3_seed2025,H200 NVL,original,
bank/compact_0.25s,sdssvep_S3_seed2026,bank_20260917/compact_0.25s/sdssvep_S3_seed2026,H200 NVL,original,
bank/compact_0.25s,sdssvep_S3_seed2027,bank_20260917/compact_0.25s/sdssvep_S3_seed2027,H200 NVL,original,
bank/compact_0.25s,sdssvep_S4_seed2025,bank_20260917/compact_0.25s/sdssvep_S4_seed2025,H200 NVL,original,
bank/compact_0.25s,sdssvep_S4_seed2026,bank_20260917/compact_0.25s/sdssvep_S4_seed2026,H200 NVL,original,
bank/compact_0.25s,sdssvep_S4_seed2027,bank_20260917/compact_0.25s/sdssvep_S4_seed2027,H200 NVL,original,
bank/compact_0.25s,sdssvep_S5_seed2025,bank_20260917/compact_0.25s/sdssvep_S5_seed2025,H200 NVL,original,
bank/compact_0.25s,sdssvep_S5_seed2026,bank_20260917/compact_0.25s/sdssvep_S5_seed2026,H200 NVL,original,
bank/compact_0.25s,sdssvep_S5_seed2027,bank_20260917/compact_0.25s/sdssvep_S5_seed2027,H200 NVL,original,
bank/compact_0.25s,sdssvep_S6_seed2025,bank_20260917/compact_0.25s/sdssvep_S6_seed2025,H200 NVL,original,
bank/compact_0.25s,sdssvep_S6_seed2026,bank_20260917/compact_0.25s/sdssvep_S6_seed2026,H200 NVL,original,
bank/compact_0.25s,sdssvep_S6_seed2027,bank_20260917/compact_0.25s/sdssvep_S6_seed2027,H200 NVL,original,
bank/compact_0.25s,sdssvep_S7_seed2025,bank_20260917/compact_0.25s/sdssvep_S7_seed2025,H200 NVL,original,
bank/compact_0.25s,sdssvep_S7_seed2026,bank_20260917/compact_0.25s/sdssvep_S7_seed2026,H200 NVL,original,
bank/compact_0.25s,sdssvep_S7_seed2027,bank_20260917/compact_0.25s/sdssvep_S7_seed2027,H200 NVL,original,
bank/compact_0.25s,sdssvep_S8_seed2025,bank_20260917/compact_0.25s/sdssvep_S8_seed2025,H200 NVL,original,
bank/compact_0.25s,sdssvep_S8_seed2026,bank_20260917/compact_0.25s/sdssvep_S8_seed2026,H200 NVL,original,
bank/compact_0.25s,sdssvep_S8_seed2027,bank_20260917/compact_0.25s/sdssvep_S8_seed2027,H200 NVL,original,
bank/compact_0.25s,sdssvep_S9_seed2025,bank_20260917/compact_0.25s/sdssvep_S9_seed2025,H200 NVL,original,
bank/compact_0.25s,sdssvep_S9_seed2026,bank_20260917/compact_0.25s/sdssvep_S9_seed2026,H200 NVL,original,
bank/compact_0.25s,sdssvep_S9_seed2027,bank_20260917/compact_0.25s/sdssvep_S9_seed2027,H200 NVL,original,
bank/compact_0.5s,sdssvep_S10_seed2025,bank_20260917/compact_0.5s/sdssvep_S10_seed2025,H200 NVL,original,
bank/compact_0.5s,sdssvep_S10_seed2026,bank_20260917/compact_0.5s/sdssvep_S10_seed2026,H200 NVL,original,
bank/compact_0.5s,sdssvep_S10_seed2027,bank_20260917/compact_0.5s/sdssvep_S10_seed2027,H200 NVL,original,
bank/compact_0.5s,sdssvep_S1_seed2025,bank_20260917/compact_0.5s/sdssvep_S1_seed2025,H200 NVL,original,
bank/compact_0.5s,sdssvep_S1_seed2026,bank_20260917/compact_0.5s/sdssvep_S1_seed2026,H200 NVL,original,
bank/compact_0.5s,sdssvep_S1_seed2027,bank_20260917/compact_0.5s/sdssvep_S1_seed2027,H200 NVL,original,
bank/compact_0.5s,sdssvep_S2_seed2025,bank_20260917/compact_0.5s/sdssvep_S2_seed2025,H200 NVL,original,
bank/compact_0.5s,sdssvep_S2_seed2026,bank_20260917/compact_0.5s/sdssvep_S2_seed2026,H200 NVL,original,
bank/compact_0.5s,sdssvep_S2_seed2027,bank_20260917/compact_0.5s/sdssvep_S2_seed2027,H200 NVL,original,
bank/compact_0.5s,sdssvep_S3_seed2025,bank_20260917/compact_0.5s/sdssvep_S3_seed2025,H200 NVL,original,
bank/compact_0.5s,sdssvep_S3_seed2026,bank_20260917/compact_0.5s/sdssvep_S3_seed2026,H200 NVL,original,
bank/compact_0.5s,sdssvep_S3_seed2027,bank_20260917/compact_0.5s/sdssvep_S3_seed2027,H200 NVL,original,
bank/compact_0.5s,sdssvep_S4_seed2025,bank_20260917/compact_0.5s/sdssvep_S4_seed2025,H200 NVL,original,
bank/compact_0.5s,sdssvep_S4_seed2026,bank_20260917/compact_0.5s/sdssvep_S4_seed2026,H200 NVL,original,
bank/compact_0.5s,sdssvep_S4_seed2027,bank_20260917/compact_0.5s/sdssvep_S4_seed2027,H200 NVL,original,
bank/compact_0.5s,sdssvep_S5_seed2025,bank_20260917/compact_0.5s/sdssvep_S5_seed2025,H200 NVL,original,
bank/compact_0.5s,sdssvep_S5_seed2026,bank_20260917/compact_0.5s/sdssvep_S5_seed2026,H200 NVL,original,
bank/compact_0.5s,sdssvep_S5_seed2027,bank_20260917/compact_0.5s/sdssvep_S5_seed2027,H200 NVL,original,
bank/compact_0.5s,sdssvep_S6_seed2025,bank_20260917/compact_0.5s/sdssvep_S6_seed2025,H200 NVL,original,
bank/compact_0.5s,sdssvep_S6_seed2026,bank_20260917/compact_0.5s/sdssvep_S6_seed2026,H200 NVL,original,
bank/compact_0.5s,sdssvep_S6_seed2027,bank_20260917/compact_0.5s/sdssvep_S6_seed2027,H200 NVL,original,
bank/compact_0.5s,sdssvep_S7_seed2025,bank_20260917/compact_0.5s/sdssvep_S7_seed2025,H200 NVL,original,
bank/compact_0.5s,sdssvep_S7_seed2026,bank_20260917/compact_0.5s/sdssvep_S7_seed2026,H200 NVL,original,
bank/compact_0.5s,sdssvep_S7_seed2027,bank_20260917/compact_0.5s/sdssvep_S7_seed2027,H200 NVL,original,
bank/compact_0.5s,sdssvep_S8_seed2025,bank_20260917/compact_0.5s/sdssvep_S8_seed2025,H200 NVL,original,
bank/compact_0.5s,sdssvep_S8_seed2026,bank_20260917/compact_0.5s/sdssvep_S8_seed2026,H200 NVL,original,
bank/compact_0.5s,sdssvep_S8_seed2027,bank_20260917/compact_0.5s/sdssvep_S8_seed2027,H200 NVL,original,
bank/compact_0.5s,sdssvep_S9_seed2025,bank_20260917/compact_0.5s/sdssvep_S9_seed2025,H200 NVL,original,
bank/compact_0.5s,sdssvep_S9_seed2026,bank_20260917/compact_0.5s/sdssvep_S9_seed2026,H200 NVL,original,
bank/compact_0.5s,sdssvep_S9_seed2027,bank_20260917/compact_0.5s/sdssvep_S9_seed2027,H200 NVL,original,
bank/compact_0.75s,sdssvep_S10_seed2025,bank_20260917/compact_0.75s/sdssvep_S10_seed2025,H200 NVL,original,
bank/compact_0.75s,sdssvep_S10_seed2026,bank_20260917/compact_0.75s/sdssvep_S10_seed2026,H200 NVL,original,
bank/compact_0.75s,sdssvep_S10_seed2027,bank_20260917/compact_0.75s/sdssvep_S10_seed2027,H200 NVL,original,
bank/compact_0.75s,sdssvep_S1_seed2025,bank_20260917/compact_0.75s/sdssvep_S1_seed2025,H200 NVL,original,
bank/compact_0.75s,sdssvep_S1_seed2026,bank_20260917/compact_0.75s/sdssvep_S1_seed2026,H200 NVL,original,
bank/compact_0.75s,sdssvep_S1_seed2027,bank_20260917/compact_0.75s/sdssvep_S1_seed2027,H200 NVL,original,
bank/compact_0.75s,sdssvep_S2_seed2025,bank_20260917/compact_0.75s/sdssvep_S2_seed2025,H200 NVL,original,
bank/compact_0.75s,sdssvep_S2_seed2026,bank_20260917/compact_0.75s/sdssvep_S2_seed2026,H200 NVL,original,
bank/compact_0.75s,sdssvep_S2_seed2027,bank_20260917/compact_0.75s/sdssvep_S2_seed2027,H200 NVL,original,
bank/compact_0.75s,sdssvep_S3_seed2025,bank_20260917/compact_0.75s/sdssvep_S3_seed2025,H200 NVL,original,
bank/compact_0.75s,sdssvep_S3_seed2026,bank_20260917/compact_0.75s/sdssvep_S3_seed2026,H200 NVL,original,
bank/compact_0.75s,sdssvep_S3_seed2027,bank_20260917/compact_0.75s/sdssvep_S3_seed2027,H200 NVL,original,
bank/compact_0.75s,sdssvep_S4_seed2025,bank_20260917/compact_0.75s/sdssvep_S4_seed2025,H200 NVL,original,
bank/compact_0.75s,sdssvep_S4_seed2026,bank_20260917/compact_0.75s/sdssvep_S4_seed2026,H200 NVL,original,
bank/compact_0.75s,sdssvep_S4_seed2027,bank_20260917/compact_0.75s/sdssvep_S4_seed2027,H200 NVL,original,
bank/compact_0.75s,sdssvep_S5_seed2025,bank_20260917/compact_0.75s/sdssvep_S5_seed2025,H200 NVL,original,
bank/compact_0.75s,sdssvep_S5_seed2026,bank_20260917/compact_0.75s/sdssvep_S5_seed2026,H200 NVL,original,
bank/compact_0.75s,sdssvep_S5_seed2027,bank_20260917/compact_0.75s/sdssvep_S5_seed2027,H200 NVL,original,
bank/compact_0.75s,sdssvep_S6_seed2025,bank_20260917/compact_0.75s/sdssvep_S6_seed2025,H200 NVL,original,
bank/compact_0.75s,sdssvep_S6_seed2026,bank_20260917/compact_0.75s/sdssvep_S6_seed2026,H200 NVL,original,
bank/compact_0.75s,sdssvep_S6_seed2027,bank_20260917/compact_0.75s/sdssvep_S6_seed2027,H200 NVL,original,
bank/compact_0.75s,sdssvep_S7_seed2025,bank_20260917/compact_0.75s/sdssvep_S7_seed2025,H200 NVL,original,
bank/compact_0.75s,sdssvep_S7_seed2026,bank_20260917/compact_0.75s/sdssvep_S7_seed2026,H200 NVL,original,
bank/compact_0.75s,sdssvep_S7_seed2027,bank_20260917/compact_0.75s/sdssvep_S7_seed2027,H200 NVL,original,
bank/compact_0.75s,sdssvep_S8_seed2025,bank_20260917/compact_0.75s/sdssvep_S8_seed2025,H200 NVL,original,
bank/compact_0.75s,sdssvep_S8_seed2026,bank_20260917/compact_0.75s/sdssvep_S8_seed2026,H200 NVL,original,
bank/compact_0.75s,sdssvep_S8_seed2027,bank_20260917/compact_0.75s/sdssvep_S8_seed2027,H200 NVL,original,
bank/compact_0.75s,sdssvep_S9_seed2025,bank_20260917/compact_0.75s/sdssvep_S9_seed2025,H200 NVL,original,
bank/compact_0.75s,sdssvep_S9_seed2026,bank_20260917/compact_0.75s/sdssvep_S9_seed2026,H200 NVL,original,
bank/compact_0.75s,sdssvep_S9_seed2027,bank_20260917/compact_0.75s/sdssvep_S9_seed2027,H200 NVL,original,
bank/compact_1s,2a_S1_seed2025,bank_20260915/compact_1s/2a_S1_seed2025,H200 NVL,original,
bank/compact_1s,2a_S1_seed2026,bank_20260915/compact_1s/2a_S1_seed2026,H100 80GB HBM3,original,
bank/compact_1s,2a_S1_seed2027,bank_20260915/compact_1s/2a_S1_seed2027,H100 80GB HBM3,original,
bank/compact_1s,2a_S2_seed2025,bank_20260915/compact_1s/2a_S2_seed2025,H100 80GB HBM3,original,
bank/compact_1s,2a_S2_seed2026,bank_20260915/compact_1s/2a_S2_seed2026,H100 80GB HBM3,original,
bank/compact_1s,2a_S2_seed2027,bank_20260915/compact_1s/2a_S2_seed2027,H100 80GB HBM3,original,
bank/compact_1s,2a_S3_seed2025,bank_20260915/compact_1s/2a_S3_seed2025,H100 80GB HBM3,original,
bank/compact_1s,2a_S3_seed2026,bank_20260915/compact_1s/2a_S3_seed2026,H100 80GB HBM3,original,
bank/compact_1s,2a_S3_seed2027,bank_20260915/compact_1s/2a_S3_seed2027,H100 80GB HBM3,original,
bank/compact_1s,2a_S4_seed2025,bank_20260915/compact_1s/2a_S4_seed2025,H100 80GB HBM3,original,
bank/compact_1s,2a_S4_seed2026,bank_20260915/compact_1s/2a_S4_seed2026,H100 80GB HBM3,original,
bank/compact_1s,2a_S4_seed2027,bank_20260915/compact_1s/2a_S4_seed2027,H100 80GB HBM3,original,
bank/compact_1s,2a_S5_seed2025,bank_20260915/compact_1s/2a_S5_seed2025,H100 80GB HBM3,original,
bank/compact_1s,2a_S5_seed2026,bank_20260915/compact_1s/2a_S5_seed2026,H100 80GB HBM3,original,
bank/compact_1s,2a_S5_seed2027,bank_20260915/compact_1s/2a_S5_seed2027,H200 NVL,original,
bank/compact_1s,2a_S6_seed2025,bank_20260915/compact_1s/2a_S6_seed2025,H200 NVL,original,
bank/compact_1s,2a_S6_seed2026,bank_20260915/compact_1s/2a_S6_seed2026,H200 NVL,original,
bank/compact_1s,2a_S6_seed2027,bank_20260915/compact_1s/2a_S6_seed2027,H200 NVL,original,
bank/compact_1s,2a_S7_seed2025,bank_20260915/compact_1s/2a_S7_seed2025,H200 NVL,original,
bank/compact_1s,2a_S7_seed2026,bank_20260915/compact_1s/2a_S7_seed2026,H200 NVL,original,
bank/compact_1s,2a_S7_seed2027,bank_20260915/compact_1s/2a_S7_seed2027,H200 NVL,original,
bank/compact_1s,2a_S8_seed2025,bank_20260915/compact_1s/2a_S8_seed2025,H200 NVL,original,
bank/compact_1s,2a_S8_seed2026,bank_20260915/compact_1s/2a_S8_seed2026,H200 NVL,original,
bank/compact_1s,2a_S8_seed2027,bank_20260915/compact_1s/2a_S8_seed2027,H200 NVL,original,
bank/compact_1s,2a_S9_seed2025,bank_20260915/compact_1s/2a_S9_seed2025,H200 NVL,original,
bank/compact_1s,2a_S9_seed2026,bank_20260915/compact_1s/2a_S9_seed2026,H200 NVL,original,
bank/compact_1s,2a_S9_seed2027,bank_20260915/compact_1s/2a_S9_seed2027,H200 NVL,original,
bank/compact_2s,2a_S1_seed2025,bank_20260915/compact_2s/2a_S1_seed2025,H100 80GB HBM3,original,
bank/compact_2s,2a_S1_seed2026,bank_20260915/compact_2s/2a_S1_seed2026,H100 80GB HBM3,original,
bank/compact_2s,2a_S1_seed2027,bank_20260915/compact_2s/2a_S1_seed2027,H100 80GB HBM3,original,
bank/compact_2s,2a_S2_seed2025,bank_20260915/compact_2s/2a_S2_seed2025,H100 80GB HBM3,original,
bank/compact_2s,2a_S2_seed2026,bank_20260915/compact_2s/2a_S2_seed2026,H100 80GB HBM3,original,
bank/compact_2s,2a_S2_seed2027,bank_20260915/compact_2s/2a_S2_seed2027,H100 80GB HBM3,original,
bank/compact_2s,2a_S3_seed2025,bank_20260915/compact_2s/2a_S3_seed2025,H100 80GB HBM3,original,
bank/compact_2s,2a_S3_seed2026,bank_20260915/compact_2s/2a_S3_seed2026,H100 80GB HBM3,original,
bank/compact_2s,2a_S3_seed2027,bank_20260915/compact_2s/2a_S3_seed2027,H100 80GB HBM3,original,
bank/compact_2s,2a_S4_seed2025,bank_20260915/compact_2s/2a_S4_seed2025,H100 80GB HBM3,original,
bank/compact_2s,2a_S4_seed2026,bank_20260915/compact_2s/2a_S4_seed2026,H100 80GB HBM3,original,
bank/compact_2s,2a_S4_seed2027,bank_20260915/compact_2s/2a_S4_seed2027,H100 80GB HBM3,original,
bank/compact_2s,2a_S5_seed2025,bank_20260915/compact_2s/2a_S5_seed2025,H100 80GB HBM3,original,
bank/compact_2s,2a_S5_seed2026,bank_20260915/compact_2s/2a_S5_seed2026,H100 80GB HBM3,original,
bank/compact_2s,2a_S5_seed2027,bank_20260915/compact_2s/2a_S5_seed2027,H200 NVL,original,
bank/compact_2s,2a_S6_seed2025,bank_20260915/compact_2s/2a_S6_seed2025,H200 NVL,original,
bank/compact_2s,2a_S6_seed2026,bank_20260915/compact_2s/2a_S6_seed2026,H200 NVL,original,
bank/compact_2s,2a_S6_seed2027,bank_20260915/compact_2s/2a_S6_seed2027,H200 NVL,original,
bank/compact_2s,2a_S7_seed2025,bank_20260915/compact_2s/2a_S7_seed2025,H200 NVL,original,
bank/compact_2s,2a_S7_seed2026,bank_20260915/compact_2s/2a_S7_seed2026,H200 NVL,original,
bank/compact_2s,2a_S7_seed2027,bank_20260915/compact_2s/2a_S7_seed2027,H200 NVL,original,
bank/compact_2s,2a_S8_seed2025,bank_20260915/compact_2s/2a_S8_seed2025,H200 NVL,original,
bank/compact_2s,2a_S8_seed2026,bank_20260915/compact_2s/2a_S8_seed2026,H200 NVL,original,
bank/compact_2s,2a_S8_seed2027,bank_20260915/compact_2s/2a_S8_seed2027,H200 NVL,original,
bank/compact_2s,2a_S9_seed2025,bank_20260915/compact_2s/2a_S9_seed2025,H200 NVL,original,
bank/compact_2s,2a_S9_seed2026,bank_20260915/compact_2s/2a_S9_seed2026,H200 NVL,original,
bank/compact_2s,2a_S9_seed2027,bank_20260915/compact_2s/2a_S9_seed2027,H200 NVL,original,
bank/compact_3s,2a_S1_seed2025,bank_20260915/compact_3s/2a_S1_seed2025,H100 80GB HBM3,original,
bank/compact_3s,2a_S1_seed2026,bank_20260915/compact_3s/2a_S1_seed2026,H100 80GB HBM3,original,
bank/compact_3s,2a_S1_seed2027,bank_20260915/compact_3s/2a_S1_seed2027,H100 80GB HBM3,original,
bank/compact_3s,2a_S2_seed2025,bank_20260915/compact_3s/2a_S2_seed2025,H100 80GB HBM3,original,
bank/compact_3s,2a_S2_seed2026,bank_20260915/compact_3s/2a_S2_seed2026,H100 80GB HBM3,original,
bank/compact_3s,2a_S2_seed2027,bank_20260915/compact_3s/2a_S2_seed2027,H100 80GB HBM3,original,
bank/compact_3s,2a_S3_seed2025,bank_20260915/compact_3s/2a_S3_seed2025,H100 80GB HBM3,original,
bank/compact_3s,2a_S3_seed2026,bank_20260915/compact_3s/2a_S3_seed2026,H100 80GB HBM3,original,
bank/compact_3s,2a_S3_seed2027,bank_20260915/compact_3s/2a_S3_seed2027,H100 80GB HBM3,original,
bank/compact_3s,2a_S4_seed2025,bank_20260915/compact_3s/2a_S4_seed2025,H100 80GB HBM3,original,
bank/compact_3s,2a_S4_seed2026,bank_20260915/compact_3s/2a_S4_seed2026,H100 80GB HBM3,original,
bank/compact_3s,2a_S4_seed2027,bank_20260915/compact_3s/2a_S4_seed2027,H100 80GB HBM3,original,
bank/compact_3s,2a_S5_seed2025,bank_20260915/compact_3s/2a_S5_seed2025,H100 80GB HBM3,original,
bank/compact_3s,2a_S5_seed2026,bank_20260915/compact_3s/2a_S5_seed2026,H100 80GB HBM3,original,
bank/compact_3s,2a_S5_seed2027,bank_20260915/compact_3s/2a_S5_seed2027,H200 NVL,original,
bank/compact_3s,2a_S6_seed2025,bank_20260915/compact_3s/2a_S6_seed2025,H200 NVL,original,
bank/compact_3s,2a_S6_seed2026,bank_20260915/compact_3s/2a_S6_seed2026,H200 NVL,original,
bank/compact_3s,2a_S6_seed2027,bank_20260915/compact_3s/2a_S6_seed2027,H200 NVL,original,
bank/compact_3s,2a_S7_seed2025,bank_20260915/compact_3s/2a_S7_seed2025,H200 NVL,original,
bank/compact_3s,2a_S7_seed2026,bank_20260915/compact_3s/2a_S7_seed2026,H200 NVL,original,
bank/compact_3s,2a_S7_seed2027,bank_20260915/compact_3s/2a_S7_seed2027,H200 NVL,original,
bank/compact_3s,2a_S8_seed2025,bank_20260915/compact_3s/2a_S8_seed2025,H200 NVL,original,
bank/compact_3s,2a_S8_seed2026,bank_20260915/compact_3s/2a_S8_seed2026,H200 NVL,original,
bank/compact_3s,2a_S8_seed2027,bank_20260915/compact_3s/2a_S8_seed2027,H200 NVL,original,
bank/compact_3s,2a_S9_seed2025,bank_20260915/compact_3s/2a_S9_seed2025,H200 NVL,original,
bank/compact_3s,2a_S9_seed2026,bank_20260915/compact_3s/2a_S9_seed2026,H200 NVL,original,
bank/compact_3s,2a_S9_seed2027,bank_20260915/compact_3s/2a_S9_seed2027,H200 NVL,original,
cohort/bite,2a_S1_seed2025,fullgpu_20260917/cohort_20260915/bite/2a_S1_seed2025,H200 NVL,full-GPU re-run replaces MIG original,cohort_20260915/bite/2a_S1_seed2025
cohort/bite,2a_S1_seed2026,fullgpu_20260917/cohort_20260915/bite/2a_S1_seed2026,H200 NVL,full-GPU re-run replaces MIG original,cohort_20260915/bite/2a_S1_seed2026
cohort/bite,2a_S1_seed2027,fullgpu_20260917/cohort_20260915/bite/2a_S1_seed2027,H200 NVL,full-GPU re-run replaces MIG original,cohort_20260915/bite/2a_S1_seed2027
cohort/bite,2a_S2_seed2025,fullgpu_20260917/cohort_20260915/bite/2a_S2_seed2025,H200 NVL,full-GPU re-run replaces MIG original,cohort_20260915/bite/2a_S2_seed2025
cohort/bite,2a_S2_seed2026,fullgpu_20260917/cohort_20260915/bite/2a_S2_seed2026,H200 NVL,full-GPU re-run replaces MIG original,cohort_20260915/bite/2a_S2_seed2026
cohort/bite,2a_S2_seed2027,fullgpu_20260917/cohort_20260915/bite/2a_S2_seed2027,H200 NVL,full-GPU re-run replaces MIG original,cohort_20260915/bite/2a_S2_seed2027
cohort/bite,2a_S3_seed2025,fullgpu_20260917/cohort_20260915/bite/2a_S3_seed2025,H200 NVL,full-GPU re-run replaces MIG original,cohort_20260915/bite/2a_S3_seed2025
cohort/bite,2a_S3_seed2026,fullgpu_20260917/cohort_20260915/bite/2a_S3_seed2026,H200 NVL,full-GPU re-run replaces MIG original,cohort_20260915/bite/2a_S3_seed2026
cohort/bite,2a_S3_seed2027,fullgpu_20260917/cohort_20260915/bite/2a_S3_seed2027,H200 NVL,full-GPU re-run replaces MIG original,cohort_20260915/bite/2a_S3_seed2027
cohort/bite,2a_S4_seed2025,fullgpu_20260917/cohort_20260915/bite/2a_S4_seed2025,H200 NVL,full-GPU re-run replaces MIG original,cohort_20260915/bite/2a_S4_seed2025
cohort/bite,2a_S4_seed2026,fullgpu_20260917/cohort_20260915/bite/2a_S4_seed2026,H200 NVL,full-GPU re-run replaces MIG original,cohort_20260915/bite/2a_S4_seed2026
cohort/bite,2a_S4_seed2027,fullgpu_20260917/cohort_20260915/bite/2a_S4_seed2027,H200 NVL,full-GPU re-run replaces MIG original,cohort_20260915/bite/2a_S4_seed2027
cohort/bite,2a_S5_seed2025,fullgpu_20260917/cohort_20260915/bite/2a_S5_seed2025,H200 NVL,full-GPU re-run replaces MIG original,cohort_20260915/bite/2a_S5_seed2025
cohort/bite,2a_S5_seed2026,fullgpu_20260917/cohort_20260915/bite/2a_S5_seed2026,H200 NVL,full-GPU re-run replaces MIG original,cohort_20260915/bite/2a_S5_seed2026
cohort/bite,2a_S5_seed2027,fullgpu_20260917/cohort_20260915/bite/2a_S5_seed2027,H200 NVL,full-GPU re-run replaces MIG original,cohort_20260915/bite/2a_S5_seed2027
cohort/bite,2a_S6_seed2025,fullgpu_20260917/cohort_20260915/bite/2a_S6_seed2025,H200 NVL,full-GPU re-run replaces MIG original,cohort_20260915/bite/2a_S6_seed2025
cohort/bite,2a_S6_seed2026,fullgpu_20260917/cohort_20260915/bite/2a_S6_seed2026,H200 NVL,full-GPU re-run replaces MIG original,cohort_20260915/bite/2a_S6_seed2026
cohort/bite,2a_S6_seed2027,fullgpu_20260917/cohort_20260915/bite/2a_S6_seed2027,H200 NVL,full-GPU re-run replaces MIG original,cohort_20260915/bite/2a_S6_seed2027
cohort/bite,2a_S7_seed2025,fullgpu_20260917/cohort_20260915/bite/2a_S7_seed2025,H200 NVL,full-GPU re-run replaces MIG original,cohort_20260915/bite/2a_S7_seed2025
cohort/bite,2a_S7_seed2026,fullgpu_20260917/cohort_20260915/bite/2a_S7_seed2026,H200 NVL,full-GPU re-run replaces MIG original,cohort_20260915/bite/2a_S7_seed2026
cohort/bite,2a_S7_seed2027,fullgpu_20260917/cohort_20260915/bite/2a_S7_seed2027,H200 NVL,full-GPU re-run replaces MIG original,cohort_20260915/bite/2a_S7_seed2027
cohort/bite,2a_S8_seed2025,fullgpu_20260917/cohort_20260915/bite/2a_S8_seed2025,H200 NVL,full-GPU re-run replaces MIG original,cohort_20260915/bite/2a_S8_seed2025
cohort/bite,2a_S8_seed2026,fullgpu_20260917/cohort_20260915/bite/2a_S8_seed2026,H200 NVL,full-GPU re-run replaces MIG original,cohort_20260915/bite/2a_S8_seed2026
cohort/bite,2a_S8_seed2027,fullgpu_20260917/cohort_20260915/bite/2a_S8_seed2027,H200 NVL,full-GPU re-run replaces MIG original,cohort_20260915/bite/2a_S8_seed2027
cohort/bite,2a_S9_seed2025,fullgpu_20260917/cohort_20260915/bite/2a_S9_seed2025,H200 NVL,full-GPU re-run replaces MIG original,cohort_20260915/bite/2a_S9_seed2025
cohort/bite,2a_S9_seed2026,fullgpu_20260917/cohort_20260915/bite/2a_S9_seed2026,H200 NVL,full-GPU re-run replaces MIG original,cohort_20260915/bite/2a_S9_seed2026
cohort/bite,2a_S9_seed2027,fullgpu_20260917/cohort_20260915/bite/2a_S9_seed2027,H200 NVL,full-GPU re-run replaces MIG original,cohort_20260915/bite/2a_S9_seed2027
cohort/bite,2b_S1_seed2025,cohort_20260915/bite/2b_S1_seed2025,H100 NVL MIG 3g.47gb,mig_pending,
cohort/bite,2b_S1_seed2026,cohort_20260915/bite/2b_S1_seed2026,H100 NVL MIG 3g.47gb,mig_pending,
cohort/bite,2b_S1_seed2027,cohort_20260915/bite/2b_S1_seed2027,H100 NVL MIG 3g.47gb,mig_pending,
cohort/bite,2b_S2_seed2025,cohort_20260915/bite/2b_S2_seed2025,H100 NVL MIG 3g.47gb,mig_pending,
cohort/bite,2b_S2_seed2026,cohort_20260915/bite/2b_S2_seed2026,H100 NVL MIG 3g.47gb,mig_pending,
cohort/bite,2b_S2_seed2027,cohort_20260915/bite/2b_S2_seed2027,H100 NVL MIG 3g.47gb,mig_pending,
cohort/bite,2b_S3_seed2025,cohort_20260915/bite/2b_S3_seed2025,H100 NVL MIG 3g.47gb,mig_pending,
cohort/bite,2b_S3_seed2026,cohort_20260915/bite/2b_S3_seed2026,H100 NVL MIG 3g.47gb,mig_pending,
cohort/bite,2b_S3_seed2027,cohort_20260915/bite/2b_S3_seed2027,H100 NVL MIG 3g.47gb,mig_pending,
cohort/bite,2b_S4_seed2025,cohort_20260915/bite/2b_S4_seed2025,H200 NVL,original,
cohort/bite,2b_S4_seed2026,cohort_20260915/bite/2b_S4_seed2026,H200 NVL,original,
cohort/bite,2b_S4_seed2027,cohort_20260915/bite/2b_S4_seed2027,H200 NVL,original,
cohort/bite,2b_S5_seed2025,cohort_20260915/bite/2b_S5_seed2025,H200 NVL,original,
cohort/bite,2b_S5_seed2026,cohort_20260915/bite/2b_S5_seed2026,H200 NVL,original,
cohort/bite,2b_S5_seed2027,cohort_20260915/bite/2b_S5_seed2027,H200 NVL,original,
cohort/bite,2b_S6_seed2025,cohort_20260915/bite/2b_S6_seed2025,H200 NVL,original,
cohort/bite,2b_S6_seed2026,cohort_20260915/bite/2b_S6_seed2026,H200 NVL,original,
cohort/bite,2b_S6_seed2027,cohort_20260915/bite/2b_S6_seed2027,H200 NVL,original,
cohort/bite,2b_S7_seed2025,cohort_20260915/bite/2b_S7_seed2025,H200 NVL,original,
cohort/bite,2b_S7_seed2026,cohort_20260915/bite/2b_S7_seed2026,H200 NVL,original,
cohort/bite,2b_S7_seed2027,cohort_20260915/bite/2b_S7_seed2027,H200 NVL,original,
cohort/bite,2b_S8_seed2025,cohort_20260915/bite/2b_S8_seed2025,H200 NVL,original,
cohort/bite,2b_S8_seed2026,cohort_20260915/bite/2b_S8_seed2026,H200 NVL,original,
cohort/bite,2b_S8_seed2027,cohort_20260915/bite/2b_S8_seed2027,H200 NVL,original,
cohort/bite,2b_S9_seed2025,cohort_20260915/bite/2b_S9_seed2025,H200 NVL,original,
cohort/bite,2b_S9_seed2026,cohort_20260915/bite/2b_S9_seed2026,H200 NVL,original,
cohort/bite,2b_S9_seed2027,cohort_20260915/bite/2b_S9_seed2027,H200 NVL,original,
cohort/bite,hgd_S10_seed2025,cohort_20260915/bite/hgd_S10_seed2025,H100 NVL MIG 3g.47gb,mig_pending,
cohort/bite,hgd_S10_seed2026,cohort_20260915/bite/hgd_S10_seed2026,H100 NVL MIG 3g.47gb,mig_pending,
cohort/bite,hgd_S10_seed2027,cohort_20260915/bite/hgd_S10_seed2027,H100 NVL MIG 3g.47gb,mig_pending,
cohort/bite,hgd_S11_seed2025,cohort_20260915/bite/hgd_S11_seed2025,H100 NVL MIG 3g.47gb,mig_pending,
cohort/bite,hgd_S11_seed2026,cohort_20260915/bite/hgd_S11_seed2026,H100 NVL MIG 3g.47gb,mig_pending,
cohort/bite,hgd_S11_seed2027,cohort_20260915/bite/hgd_S11_seed2027,H100 NVL MIG 3g.47gb,mig_pending,
cohort/bite,hgd_S12_seed2025,cohort_20260915/bite/hgd_S12_seed2025,H100 NVL MIG 3g.47gb,mig_pending,
cohort/bite,hgd_S12_seed2026,cohort_20260915/bite/hgd_S12_seed2026,H100 NVL MIG 3g.47gb,mig_pending,
cohort/bite,hgd_S12_seed2027,cohort_20260915/bite/hgd_S12_seed2027,H100 NVL MIG 3g.47gb,mig_pending,
cohort/bite,hgd_S13_seed2025,cohort_20260915/bite/hgd_S13_seed2025,H200 NVL,original,
cohort/bite,hgd_S13_seed2026,cohort_20260915/bite/hgd_S13_seed2026,H200 NVL,original,
cohort/bite,hgd_S13_seed2027,cohort_20260915/bite/hgd_S13_seed2027,H200 NVL,original,
cohort/bite,hgd_S14_seed2025,cohort_20260915/bite/hgd_S14_seed2025,H200 NVL,original,
cohort/bite,hgd_S14_seed2026,cohort_20260915/bite/hgd_S14_seed2026,H200 NVL,original,
cohort/bite,hgd_S14_seed2027,cohort_20260915/bite/hgd_S14_seed2027,H200 NVL,original,
cohort/bite,hgd_S1_seed2025,cohort_20260915/bite/hgd_S1_seed2025,H100 NVL MIG 3g.47gb,mig_pending,
cohort/bite,hgd_S1_seed2026,cohort_20260915/bite/hgd_S1_seed2026,H100 NVL MIG 3g.47gb,mig_pending,
cohort/bite,hgd_S1_seed2027,fullgpu_20260917/cohort_20260915/bite/hgd_S1_seed2027,H200 NVL,full-GPU re-run replaces MIG original,cohort_20260915/bite/hgd_S1_seed2027
cohort/bite,hgd_S2_seed2025,cohort_20260915/bite/hgd_S2_seed2025,H200 NVL,original,
cohort/bite,hgd_S2_seed2026,cohort_20260915/bite/hgd_S2_seed2026,H200 NVL,original,
cohort/bite,hgd_S2_seed2027,cohort_20260915/bite/hgd_S2_seed2027,H200 NVL,original,
cohort/bite,hgd_S3_seed2025,cohort_20260915/bite/hgd_S3_seed2025,H200 NVL,original,
cohort/bite,hgd_S3_seed2026,cohort_20260915/bite/hgd_S3_seed2026,H200 NVL,original,
cohort/bite,hgd_S3_seed2027,cohort_20260915/bite/hgd_S3_seed2027,H200 NVL,original,
cohort/bite,hgd_S4_seed2025,cohort_20260915/bite/hgd_S4_seed2025,H100 NVL,original,
cohort/bite,hgd_S4_seed2026,cohort_20260915/bite/hgd_S4_seed2026,H100 NVL,original,
cohort/bite,hgd_S4_seed2027,cohort_20260915/bite/hgd_S4_seed2027,H100 NVL,original,
cohort/bite,hgd_S5_seed2025,cohort_20260915/bite/hgd_S5_seed2025,H100 NVL,original,
cohort/bite,hgd_S5_seed2026,cohort_20260915/bite/hgd_S5_seed2026,H100 NVL,original,
cohort/bite,hgd_S5_seed2027,cohort_20260915/bite/hgd_S5_seed2027,H100 NVL,original,
cohort/bite,hgd_S6_seed2025,cohort_20260915/bite/hgd_S6_seed2025,H100 NVL,original,
cohort/bite,hgd_S6_seed2026,cohort_20260915/bite/hgd_S6_seed2026,H100 NVL,original,
cohort/bite,hgd_S6_seed2027,cohort_20260915/bite/hgd_S6_seed2027,H100 NVL,original,
cohort/bite,hgd_S7_seed2025,cohort_20260915/bite/hgd_S7_seed2025,H100 NVL,original,
cohort/bite,hgd_S7_seed2026,cohort_20260915/bite/hgd_S7_seed2026,H100 NVL,original,
cohort/bite,hgd_S7_seed2027,cohort_20260915/bite/hgd_S7_seed2027,H100 NVL,original,
cohort/bite,hgd_S8_seed2025,cohort_20260915/bite/hgd_S8_seed2025,H100 80GB HBM3,original,
cohort/bite,hgd_S8_seed2026,cohort_20260915/bite/hgd_S8_seed2026,H100 80GB HBM3,original,
cohort/bite,hgd_S8_seed2027,cohort_20260915/bite/hgd_S8_seed2027,H100 80GB HBM3,original,
cohort/bite,hgd_S9_seed2025,cohort_20260915/bite/hgd_S9_seed2025,H100 80GB HBM3,original,
cohort/bite,hgd_S9_seed2026,cohort_20260915/bite/hgd_S9_seed2026,H100 80GB HBM3,original,
cohort/bite,hgd_S9_seed2027,cohort_20260915/bite/hgd_S9_seed2027,H100 80GB HBM3,original,
cohort/bite,sdssvep_S10_seed2025,cohort_20260915/bite/sdssvep_S10_seed2025,H200 NVL,original,
cohort/bite,sdssvep_S10_seed2026,cohort_20260915/bite/sdssvep_S10_seed2026,H200 NVL,original,
cohort/bite,sdssvep_S10_seed2027,cohort_20260915/bite/sdssvep_S10_seed2027,H200 NVL,original,
cohort/bite,sdssvep_S1_seed2025,cohort_20260915/bite/sdssvep_S1_seed2025,H200 NVL,original,
cohort/bite,sdssvep_S1_seed2026,cohort_20260915/bite/sdssvep_S1_seed2026,H200 NVL,original,
cohort/bite,sdssvep_S1_seed2027,cohort_20260915/bite/sdssvep_S1_seed2027,H200 NVL,original,
cohort/bite,sdssvep_S2_seed2025,cohort_20260915/bite/sdssvep_S2_seed2025,H200 NVL,original,
cohort/bite,sdssvep_S2_seed2026,cohort_20260915/bite/sdssvep_S2_seed2026,H200 NVL,original,
cohort/bite,sdssvep_S2_seed2027,cohort_20260915/bite/sdssvep_S2_seed2027,H200 NVL,original,
cohort/bite,sdssvep_S3_seed2025,cohort_20260915/bite/sdssvep_S3_seed2025,H200 NVL,original,
cohort/bite,sdssvep_S3_seed2026,cohort_20260915/bite/sdssvep_S3_seed2026,H200 NVL,original,
cohort/bite,sdssvep_S3_seed2027,cohort_20260915/bite/sdssvep_S3_seed2027,H200 NVL,original,
cohort/bite,sdssvep_S4_seed2025,cohort_20260915/bite/sdssvep_S4_seed2025,H200 NVL,original,
cohort/bite,sdssvep_S4_seed2026,cohort_20260915/bite/sdssvep_S4_seed2026,H200 NVL,original,
cohort/bite,sdssvep_S4_seed2027,cohort_20260915/bite/sdssvep_S4_seed2027,H200 NVL,original,
cohort/bite,sdssvep_S5_seed2025,cohort_20260915/bite/sdssvep_S5_seed2025,H200 NVL,original,
cohort/bite,sdssvep_S5_seed2026,cohort_20260915/bite/sdssvep_S5_seed2026,H200 NVL,original,
cohort/bite,sdssvep_S5_seed2027,cohort_20260915/bite/sdssvep_S5_seed2027,H200 NVL,original,
cohort/bite,sdssvep_S6_seed2025,cohort_20260915/bite/sdssvep_S6_seed2025,H100 NVL,original,
cohort/bite,sdssvep_S6_seed2026,cohort_20260915/bite/sdssvep_S6_seed2026,H100 NVL,original,
cohort/bite,sdssvep_S6_seed2027,cohort_20260915/bite/sdssvep_S6_seed2027,H100 NVL,original,
cohort/bite,sdssvep_S7_seed2025,cohort_20260915/bite/sdssvep_S7_seed2025,H100 NVL,original,
cohort/bite,sdssvep_S7_seed2026,cohort_20260915/bite/sdssvep_S7_seed2026,H100 NVL,original,
cohort/bite,sdssvep_S7_seed2027,cohort_20260915/bite/sdssvep_S7_seed2027,H100 NVL,original,
cohort/bite,sdssvep_S8_seed2025,cohort_20260915/bite/sdssvep_S8_seed2025,H100 NVL,original,
cohort/bite,sdssvep_S8_seed2026,cohort_20260915/bite/sdssvep_S8_seed2026,H100 NVL,original,
cohort/bite,sdssvep_S8_seed2027,cohort_20260915/bite/sdssvep_S8_seed2027,H100 NVL,original,
cohort/bite,sdssvep_S9_seed2025,cohort_20260915/bite/sdssvep_S9_seed2025,H100 NVL,original,
cohort/bite,sdssvep_S9_seed2026,cohort_20260915/bite/sdssvep_S9_seed2026,H100 NVL,original,
cohort/bite,sdssvep_S9_seed2027,cohort_20260915/bite/sdssvep_S9_seed2027,H100 NVL,original,
cohort/compact,2a_S1_seed2025,cohort_20260915/compact/2a_S1_seed2025,H100 NVL,original,
cohort/compact,2a_S1_seed2026,cohort_20260915/compact/2a_S1_seed2026,H100 NVL,original,
cohort/compact,2a_S1_seed2027,cohort_20260915/compact/2a_S1_seed2027,H100 NVL,original,
cohort/compact,2a_S2_seed2025,cohort_20260915/compact/2a_S2_seed2025,H100 NVL,original,
cohort/compact,2a_S2_seed2026,cohort_20260915/compact/2a_S2_seed2026,H100 NVL,original,
cohort/compact,2a_S2_seed2027,cohort_20260915/compact/2a_S2_seed2027,H100 NVL,original,
cohort/compact,2a_S3_seed2025,cohort_20260915/compact/2a_S3_seed2025,H100 NVL,original,
cohort/compact,2a_S3_seed2026,cohort_20260915/compact/2a_S3_seed2026,H100 NVL,original,
cohort/compact,2a_S3_seed2027,cohort_20260915/compact/2a_S3_seed2027,H100 NVL,original,
cohort/compact,2a_S4_seed2025,cohort_20260915/compact/2a_S4_seed2025,H100 NVL,original,
cohort/compact,2a_S4_seed2026,cohort_20260915/compact/2a_S4_seed2026,H100 NVL,original,
cohort/compact,2a_S4_seed2027,cohort_20260915/compact/2a_S4_seed2027,H100 NVL,original,
cohort/compact,2a_S5_seed2025,cohort_20260915/compact/2a_S5_seed2025,H100 NVL,original,
cohort/compact,2a_S5_seed2026,cohort_20260915/compact/2a_S5_seed2026,H100 NVL,original,
cohort/compact,2a_S5_seed2027,cohort_20260915/compact/2a_S5_seed2027,H100 NVL,original,
cohort/compact,2a_S6_seed2025,cohort_20260915/compact/2a_S6_seed2025,H100 NVL,original,
cohort/compact,2a_S6_seed2026,cohort_20260915/compact/2a_S6_seed2026,H100 NVL,original,
cohort/compact,2a_S6_seed2027,cohort_20260915/compact/2a_S6_seed2027,H100 NVL,original,
cohort/compact,2a_S7_seed2025,cohort_20260915/compact/2a_S7_seed2025,H100 NVL,original,
cohort/compact,2a_S7_seed2026,cohort_20260915/compact/2a_S7_seed2026,H100 NVL,original,
cohort/compact,2a_S7_seed2027,cohort_20260915/compact/2a_S7_seed2027,H100 NVL,original,
cohort/compact,2a_S8_seed2025,cohort_20260915/compact/2a_S8_seed2025,H100 NVL,original,
cohort/compact,2a_S8_seed2026,cohort_20260915/compact/2a_S8_seed2026,H100 NVL,original,
cohort/compact,2a_S8_seed2027,cohort_20260915/compact/2a_S8_seed2027,H100 NVL,original,
cohort/compact,2a_S9_seed2025,cohort_20260915/compact/2a_S9_seed2025,H100 80GB HBM3,original,
cohort/compact,2a_S9_seed2026,cohort_20260915/compact/2a_S9_seed2026,H100 80GB HBM3,original,
cohort/compact,2a_S9_seed2027,cohort_20260915/compact/2a_S9_seed2027,H100 80GB HBM3,original,
cohort/compact,2b_S1_seed2025,cohort_20260915/compact/2b_S1_seed2025,H100 80GB HBM3,original,
cohort/compact,2b_S1_seed2026,cohort_20260915/compact/2b_S1_seed2026,H100 80GB HBM3,original,
cohort/compact,2b_S1_seed2027,cohort_20260915/compact/2b_S1_seed2027,H100 80GB HBM3,original,
cohort/compact,2b_S2_seed2025,cohort_20260915/compact/2b_S2_seed2025,H100 80GB HBM3,original,
cohort/compact,2b_S2_seed2026,cohort_20260915/compact/2b_S2_seed2026,H100 80GB HBM3,original,
cohort/compact,2b_S2_seed2027,cohort_20260915/compact/2b_S2_seed2027,H100 80GB HBM3,original,
cohort/compact,2b_S3_seed2025,cohort_20260915/compact/2b_S3_seed2025,H100 80GB HBM3,original,
cohort/compact,2b_S3_seed2026,cohort_20260915/compact/2b_S3_seed2026,H100 80GB HBM3,original,
cohort/compact,2b_S3_seed2027,cohort_20260915/compact/2b_S3_seed2027,H100 80GB HBM3,original,
cohort/compact,2b_S4_seed2025,cohort_20260915/compact/2b_S4_seed2025,H100 80GB HBM3,original,
cohort/compact,2b_S4_seed2026,cohort_20260915/compact/2b_S4_seed2026,H100 80GB HBM3,original,
cohort/compact,2b_S4_seed2027,cohort_20260915/compact/2b_S4_seed2027,H100 80GB HBM3,original,
cohort/compact,2b_S5_seed2025,cohort_20260915/compact/2b_S5_seed2025,H100 80GB HBM3,original,
cohort/compact,2b_S5_seed2026,cohort_20260915/compact/2b_S5_seed2026,H100 80GB HBM3,original,
cohort/compact,2b_S5_seed2027,cohort_20260915/compact/2b_S5_seed2027,H100 80GB HBM3,original,
cohort/compact,2b_S6_seed2025,cohort_20260915/compact/2b_S6_seed2025,H100 80GB HBM3,original,
cohort/compact,2b_S6_seed2026,cohort_20260915/compact/2b_S6_seed2026,H100 80GB HBM3,original,
cohort/compact,2b_S6_seed2027,cohort_20260915/compact/2b_S6_seed2027,H100 80GB HBM3,original,
cohort/compact,2b_S7_seed2025,cohort_20260915/compact/2b_S7_seed2025,H100 80GB HBM3,original,
cohort/compact,2b_S7_seed2026,cohort_20260915/compact/2b_S7_seed2026,H100 80GB HBM3,original,
cohort/compact,2b_S7_seed2027,cohort_20260915/compact/2b_S7_seed2027,H100 80GB HBM3,original,
cohort/compact,2b_S8_seed2025,cohort_20260915/compact/2b_S8_seed2025,H100 80GB HBM3,original,
cohort/compact,2b_S8_seed2026,cohort_20260915/compact/2b_S8_seed2026,H100 80GB HBM3,original,
cohort/compact,2b_S8_seed2027,cohort_20260915/compact/2b_S8_seed2027,H100 80GB HBM3,original,
cohort/compact,2b_S9_seed2025,cohort_20260915/compact/2b_S9_seed2025,H100 80GB HBM3,original,
cohort/compact,2b_S9_seed2026,cohort_20260915/compact/2b_S9_seed2026,H100 80GB HBM3,original,
cohort/compact,2b_S9_seed2027,cohort_20260915/compact/2b_S9_seed2027,H100 80GB HBM3,original,
cohort/compact,hgd_S10_seed2025,cohort_20260915/compact/hgd_S10_seed2025,H100 80GB HBM3,original,
cohort/compact,hgd_S10_seed2026,cohort_20260915/compact/hgd_S10_seed2026,H100 80GB HBM3,original,
cohort/compact,hgd_S10_seed2027,cohort_20260915/compact/hgd_S10_seed2027,H100 80GB HBM3,original,
cohort/compact,hgd_S11_seed2025,cohort_20260915/compact/hgd_S11_seed2025,H100 80GB HBM3,original,
cohort/compact,hgd_S11_seed2026,cohort_20260915/compact/hgd_S11_seed2026,H100 80GB HBM3,original,
cohort/compact,hgd_S11_seed2027,cohort_20260915/compact/hgd_S11_seed2027,H100 80GB HBM3,original,
cohort/compact,hgd_S12_seed2025,cohort_20260915/compact/hgd_S12_seed2025,H100 80GB HBM3,original,
cohort/compact,hgd_S12_seed2026,cohort_20260915/compact/hgd_S12_seed2026,H100 80GB HBM3,original,
cohort/compact,hgd_S12_seed2027,cohort_20260915/compact/hgd_S12_seed2027,H100 80GB HBM3,original,
cohort/compact,hgd_S13_seed2025,cohort_20260915/compact/hgd_S13_seed2025,H100 80GB HBM3,original,
cohort/compact,hgd_S13_seed2026,cohort_20260915/compact/hgd_S13_seed2026,H100 80GB HBM3,original,
cohort/compact,hgd_S13_seed2027,cohort_20260915/compact/hgd_S13_seed2027,H100 80GB HBM3,original,
cohort/compact,hgd_S14_seed2025,cohort_20260915/compact/hgd_S14_seed2025,H100 80GB HBM3,original,
cohort/compact,hgd_S14_seed2026,cohort_20260915/compact/hgd_S14_seed2026,H100 80GB HBM3,original,
cohort/compact,hgd_S14_seed2027,cohort_20260915/compact/hgd_S14_seed2027,H100 80GB HBM3,original,
cohort/compact,hgd_S1_seed2025,cohort_20260915/compact/hgd_S1_seed2025,H100 80GB HBM3,original,
cohort/compact,hgd_S1_seed2026,cohort_20260915/compact/hgd_S1_seed2026,H100 80GB HBM3,original,
cohort/compact,hgd_S1_seed2027,cohort_20260915/compact/hgd_S1_seed2027,H100 80GB HBM3,original,
cohort/compact,hgd_S2_seed2025,cohort_20260915/compact/hgd_S2_seed2025,H100 80GB HBM3,original,
cohort/compact,hgd_S2_seed2026,cohort_20260915/compact/hgd_S2_seed2026,H100 80GB HBM3,original,
cohort/compact,hgd_S2_seed2027,cohort_20260915/compact/hgd_S2_seed2027,H100 80GB HBM3,original,
cohort/compact,hgd_S3_seed2025,cohort_20260915/compact/hgd_S3_seed2025,H100 80GB HBM3,original,
cohort/compact,hgd_S3_seed2026,cohort_20260915/compact/hgd_S3_seed2026,H100 80GB HBM3,original,
cohort/compact,hgd_S3_seed2027,cohort_20260915/compact/hgd_S3_seed2027,H100 80GB HBM3,original,
cohort/compact,hgd_S4_seed2025,cohort_20260915/compact/hgd_S4_seed2025,H100 80GB HBM3,original,
cohort/compact,hgd_S4_seed2026,cohort_20260915/compact/hgd_S4_seed2026,H100 80GB HBM3,original,
cohort/compact,hgd_S4_seed2027,cohort_20260915/compact/hgd_S4_seed2027,H100 80GB HBM3,original,
cohort/compact,hgd_S5_seed2025,cohort_20260915/compact/hgd_S5_seed2025,H100 80GB HBM3,original,
cohort/compact,hgd_S5_seed2026,cohort_20260915/compact/hgd_S5_seed2026,H100 80GB HBM3,original,
cohort/compact,hgd_S5_seed2027,cohort_20260915/compact/hgd_S5_seed2027,H100 80GB HBM3,original,
cohort/compact,hgd_S6_seed2025,cohort_20260915/compact/hgd_S6_seed2025,H100 80GB HBM3,original,
cohort/compact,hgd_S6_seed2026,cohort_20260915/compact/hgd_S6_seed2026,H100 80GB HBM3,original,
cohort/compact,hgd_S6_seed2027,cohort_20260915/compact/hgd_S6_seed2027,H100 80GB HBM3,original,
cohort/compact,hgd_S7_seed2025,cohort_20260915/compact/hgd_S7_seed2025,H100 80GB HBM3,original,
cohort/compact,hgd_S7_seed2026,cohort_20260915/compact/hgd_S7_seed2026,H100 80GB HBM3,original,
cohort/compact,hgd_S7_seed2027,cohort_20260915/compact/hgd_S7_seed2027,H100 80GB HBM3,original,
cohort/compact,hgd_S8_seed2025,cohort_20260915/compact/hgd_S8_seed2025,H100 80GB HBM3,original,
cohort/compact,hgd_S8_seed2026,cohort_20260915/compact/hgd_S8_seed2026,H100 80GB HBM3,original,
cohort/compact,hgd_S8_seed2027,cohort_20260915/compact/hgd_S8_seed2027,H100 80GB HBM3,original,
cohort/compact,hgd_S9_seed2025,cohort_20260915/compact/hgd_S9_seed2025,H100 80GB HBM3,original,
cohort/compact,hgd_S9_seed2026,cohort_20260915/compact/hgd_S9_seed2026,H100 80GB HBM3,original,
cohort/compact,hgd_S9_seed2027,cohort_20260915/compact/hgd_S9_seed2027,H100 80GB HBM3,original,
cohort/compact,sdssvep_S10_seed2025,cohort_20260915/compact/sdssvep_S10_seed2025,H100 80GB HBM3,original,
cohort/compact,sdssvep_S10_seed2026,cohort_20260915/compact/sdssvep_S10_seed2026,H100 80GB HBM3,original,
cohort/compact,sdssvep_S10_seed2027,cohort_20260915/compact/sdssvep_S10_seed2027,H100 80GB HBM3,original,
cohort/compact,sdssvep_S1_seed2025,cohort_20260915/compact/sdssvep_S1_seed2025,H100 80GB HBM3,original,
cohort/compact,sdssvep_S1_seed2026,cohort_20260915/compact/sdssvep_S1_seed2026,H100 80GB HBM3,original,
cohort/compact,sdssvep_S1_seed2027,cohort_20260915/compact/sdssvep_S1_seed2027,H100 80GB HBM3,original,
cohort/compact,sdssvep_S2_seed2025,cohort_20260915/compact/sdssvep_S2_seed2025,H100 80GB HBM3,original,
cohort/compact,sdssvep_S2_seed2026,cohort_20260915/compact/sdssvep_S2_seed2026,H100 80GB HBM3,original,
cohort/compact,sdssvep_S2_seed2027,cohort_20260915/compact/sdssvep_S2_seed2027,H100 80GB HBM3,original,
cohort/compact,sdssvep_S3_seed2025,cohort_20260915/compact/sdssvep_S3_seed2025,H100 80GB HBM3,original,
cohort/compact,sdssvep_S3_seed2026,cohort_20260915/compact/sdssvep_S3_seed2026,H100 80GB HBM3,original,
cohort/compact,sdssvep_S3_seed2027,cohort_20260915/compact/sdssvep_S3_seed2027,H100 80GB HBM3,original,
cohort/compact,sdssvep_S4_seed2025,cohort_20260915/compact/sdssvep_S4_seed2025,H100 80GB HBM3,original,
cohort/compact,sdssvep_S4_seed2026,cohort_20260915/compact/sdssvep_S4_seed2026,H100 80GB HBM3,original,
cohort/compact,sdssvep_S4_seed2027,cohort_20260915/compact/sdssvep_S4_seed2027,H100 80GB HBM3,original,
cohort/compact,sdssvep_S5_seed2025,cohort_20260915/compact/sdssvep_S5_seed2025,H100 80GB HBM3,original,
cohort/compact,sdssvep_S5_seed2026,cohort_20260915/compact/sdssvep_S5_seed2026,H100 80GB HBM3,original,
cohort/compact,sdssvep_S5_seed2027,cohort_20260915/compact/sdssvep_S5_seed2027,H100 80GB HBM3,original,
cohort/compact,sdssvep_S6_seed2025,cohort_20260915/compact/sdssvep_S6_seed2025,H100 80GB HBM3,original,
cohort/compact,sdssvep_S6_seed2026,cohort_20260915/compact/sdssvep_S6_seed2026,H100 80GB HBM3,original,
cohort/compact,sdssvep_S6_seed2027,cohort_20260915/compact/sdssvep_S6_seed2027,H100 80GB HBM3,original,
cohort/compact,sdssvep_S7_seed2025,cohort_20260915/compact/sdssvep_S7_seed2025,H100 80GB HBM3,original,
cohort/compact,sdssvep_S7_seed2026,cohort_20260915/compact/sdssvep_S7_seed2026,H100 80GB HBM3,original,
cohort/compact,sdssvep_S7_seed2027,cohort_20260915/compact/sdssvep_S7_seed2027,H100 80GB HBM3,original,
cohort/compact,sdssvep_S8_seed2025,cohort_20260915/compact/sdssvep_S8_seed2025,H100 80GB HBM3,original,
cohort/compact,sdssvep_S8_seed2026,cohort_20260915/compact/sdssvep_S8_seed2026,H100 80GB HBM3,original,
cohort/compact,sdssvep_S8_seed2027,cohort_20260915/compact/sdssvep_S8_seed2027,H100 80GB HBM3,original,
cohort/compact,sdssvep_S9_seed2025,cohort_20260915/compact/sdssvep_S9_seed2025,H100 80GB HBM3,original,
cohort/compact,sdssvep_S9_seed2026,cohort_20260915/compact/sdssvep_S9_seed2026,H100 80GB HBM3,original,
cohort/compact,sdssvep_S9_seed2027,cohort_20260915/compact/sdssvep_S9_seed2027,H100 80GB HBM3,original,
cohort/reader,2a_S1_seed2025,cohort_20260915/reader/2a_S1_seed2025,H100 80GB HBM3,original,
cohort/reader,2a_S1_seed2026,cohort_20260915/reader/2a_S1_seed2026,H100 80GB HBM3,original,
cohort/reader,2a_S1_seed2027,cohort_20260915/reader/2a_S1_seed2027,H100 80GB HBM3,original,
cohort/reader,2a_S2_seed2025,cohort_20260915/reader/2a_S2_seed2025,H100 80GB HBM3,original,
cohort/reader,2a_S2_seed2026,cohort_20260915/reader/2a_S2_seed2026,H100 80GB HBM3,original,
cohort/reader,2a_S2_seed2027,cohort_20260915/reader/2a_S2_seed2027,H100 80GB HBM3,original,
cohort/reader,2a_S3_seed2025,cohort_20260915/reader/2a_S3_seed2025,H100 80GB HBM3,original,
cohort/reader,2a_S3_seed2026,cohort_20260915/reader/2a_S3_seed2026,H100 80GB HBM3,original,
cohort/reader,2a_S3_seed2027,cohort_20260915/reader/2a_S3_seed2027,H100 80GB HBM3,original,
cohort/reader,2a_S4_seed2025,cohort_20260915/reader/2a_S4_seed2025,H100 80GB HBM3,original,
cohort/reader,2a_S4_seed2026,cohort_20260915/reader/2a_S4_seed2026,H100 80GB HBM3,original,
cohort/reader,2a_S4_seed2027,cohort_20260915/reader/2a_S4_seed2027,H100 80GB HBM3,original,
cohort/reader,2a_S5_seed2025,cohort_20260915/reader/2a_S5_seed2025,H100 80GB HBM3,original,
cohort/reader,2a_S5_seed2026,cohort_20260915/reader/2a_S5_seed2026,H100 80GB HBM3,original,
cohort/reader,2a_S5_seed2027,cohort_20260915/reader/2a_S5_seed2027,H100 80GB HBM3,original,
cohort/reader,2a_S6_seed2025,cohort_20260915/reader/2a_S6_seed2025,H100 80GB HBM3,original,
cohort/reader,2a_S6_seed2026,cohort_20260915/reader/2a_S6_seed2026,H100 80GB HBM3,original,
cohort/reader,2a_S6_seed2027,cohort_20260915/reader/2a_S6_seed2027,H100 80GB HBM3,original,
cohort/reader,2a_S7_seed2025,cohort_20260915/reader/2a_S7_seed2025,H100 80GB HBM3,original,
cohort/reader,2a_S7_seed2026,cohort_20260915/reader/2a_S7_seed2026,H100 80GB HBM3,original,
cohort/reader,2a_S7_seed2027,cohort_20260915/reader/2a_S7_seed2027,H100 80GB HBM3,original,
cohort/reader,2a_S8_seed2025,cohort_20260915/reader/2a_S8_seed2025,H100 80GB HBM3,original,
cohort/reader,2a_S8_seed2026,cohort_20260915/reader/2a_S8_seed2026,H100 80GB HBM3,original,
cohort/reader,2a_S8_seed2027,cohort_20260915/reader/2a_S8_seed2027,H100 80GB HBM3,original,
cohort/reader,2a_S9_seed2025,cohort_20260915/reader/2a_S9_seed2025,H100 80GB HBM3,original,
cohort/reader,2a_S9_seed2026,cohort_20260915/reader/2a_S9_seed2026,H100 80GB HBM3,original,
cohort/reader,2a_S9_seed2027,cohort_20260915/reader/2a_S9_seed2027,H100 80GB HBM3,original,
cohort/reader,2b_S1_seed2025,cohort_20260915/reader/2b_S1_seed2025,H100 80GB HBM3,original,
cohort/reader,2b_S1_seed2026,cohort_20260915/reader/2b_S1_seed2026,H100 80GB HBM3,original,
cohort/reader,2b_S1_seed2027,cohort_20260915/reader/2b_S1_seed2027,H100 80GB HBM3,original,
cohort/reader,2b_S2_seed2025,cohort_20260915/reader/2b_S2_seed2025,H100 80GB HBM3,original,
cohort/reader,2b_S2_seed2026,cohort_20260915/reader/2b_S2_seed2026,H100 80GB HBM3,original,
cohort/reader,2b_S2_seed2027,cohort_20260915/reader/2b_S2_seed2027,H100 80GB HBM3,original,
cohort/reader,2b_S3_seed2025,cohort_20260915/reader/2b_S3_seed2025,H100 80GB HBM3,original,
cohort/reader,2b_S3_seed2026,cohort_20260915/reader/2b_S3_seed2026,H100 80GB HBM3,original,
cohort/reader,2b_S3_seed2027,cohort_20260915/reader/2b_S3_seed2027,H100 80GB HBM3,original,
cohort/reader,2b_S4_seed2025,cohort_20260915/reader/2b_S4_seed2025,H100 80GB HBM3,original,
cohort/reader,2b_S4_seed2026,cohort_20260915/reader/2b_S4_seed2026,H100 80GB HBM3,original,
cohort/reader,2b_S4_seed2027,cohort_20260915/reader/2b_S4_seed2027,H100 80GB HBM3,original,
cohort/reader,2b_S5_seed2025,cohort_20260915/reader/2b_S5_seed2025,H100 80GB HBM3,original,
cohort/reader,2b_S5_seed2026,cohort_20260915/reader/2b_S5_seed2026,H100 80GB HBM3,original,
cohort/reader,2b_S5_seed2027,cohort_20260915/reader/2b_S5_seed2027,H100 80GB HBM3,original,
cohort/reader,2b_S6_seed2025,cohort_20260915/reader/2b_S6_seed2025,H100 80GB HBM3,original,
cohort/reader,2b_S6_seed2026,cohort_20260915/reader/2b_S6_seed2026,H100 80GB HBM3,original,
cohort/reader,2b_S6_seed2027,cohort_20260915/reader/2b_S6_seed2027,H100 80GB HBM3,original,
cohort/reader,2b_S7_seed2025,cohort_20260915/reader/2b_S7_seed2025,H100 80GB HBM3,original,
cohort/reader,2b_S7_seed2026,cohort_20260915/reader/2b_S7_seed2026,H100 80GB HBM3,original,
cohort/reader,2b_S7_seed2027,cohort_20260915/reader/2b_S7_seed2027,H100 80GB HBM3,original,
cohort/reader,2b_S8_seed2025,cohort_20260915/reader/2b_S8_seed2025,H100 80GB HBM3,original,
cohort/reader,2b_S8_seed2026,cohort_20260915/reader/2b_S8_seed2026,H100 80GB HBM3,original,
cohort/reader,2b_S8_seed2027,cohort_20260915/reader/2b_S8_seed2027,H100 80GB HBM3,original,
cohort/reader,2b_S9_seed2025,cohort_20260915/reader/2b_S9_seed2025,H100 80GB HBM3,original,
cohort/reader,2b_S9_seed2026,cohort_20260915/reader/2b_S9_seed2026,H100 80GB HBM3,original,
cohort/reader,2b_S9_seed2027,cohort_20260915/reader/2b_S9_seed2027,H100 80GB HBM3,original,
cohort/reader,hgd_S10_seed2025,cohort_20260915/reader/hgd_S10_seed2025,H200 NVL,original,
cohort/reader,hgd_S10_seed2026,cohort_20260915/reader/hgd_S10_seed2026,H200 NVL,original,
cohort/reader,hgd_S10_seed2027,cohort_20260915/reader/hgd_S10_seed2027,H200 NVL,original,
cohort/reader,hgd_S11_seed2025,cohort_20260915/reader/hgd_S11_seed2025,H200 NVL,original,
cohort/reader,hgd_S11_seed2026,cohort_20260915/reader/hgd_S11_seed2026,H200 NVL,original,
cohort/reader,hgd_S11_seed2027,cohort_20260915/reader/hgd_S11_seed2027,H200 NVL,original,
cohort/reader,hgd_S12_seed2025,cohort_20260915/reader/hgd_S12_seed2025,H200 NVL,original,
cohort/reader,hgd_S12_seed2026,cohort_20260915/reader/hgd_S12_seed2026,H200 NVL,original,
cohort/reader,hgd_S12_seed2027,cohort_20260915/reader/hgd_S12_seed2027,H200 NVL,original,
cohort/reader,hgd_S13_seed2025,cohort_20260915/reader/hgd_S13_seed2025,H200 NVL,original,
cohort/reader,hgd_S13_seed2026,cohort_20260915/reader/hgd_S13_seed2026,H200 NVL,original,
cohort/reader,hgd_S13_seed2027,cohort_20260915/reader/hgd_S13_seed2027,H200 NVL,original,
cohort/reader,hgd_S14_seed2025,cohort_20260915/reader/hgd_S14_seed2025,H200 NVL,original,
cohort/reader,hgd_S14_seed2026,cohort_20260915/reader/hgd_S14_seed2026,H200 NVL,original,
cohort/reader,hgd_S14_seed2027,cohort_20260915/reader/hgd_S14_seed2027,H200 NVL,original,
cohort/reader,hgd_S1_seed2025,cohort_20260915/reader/hgd_S1_seed2025,H200 NVL,original,
cohort/reader,hgd_S1_seed2026,cohort_20260915/reader/hgd_S1_seed2026,H200 NVL,original,
cohort/reader,hgd_S1_seed2027,cohort_20260915/reader/hgd_S1_seed2027,H200 NVL,original,
cohort/reader,hgd_S2_seed2025,cohort_20260915/reader/hgd_S2_seed2025,H200 NVL,original,
cohort/reader,hgd_S2_seed2026,cohort_20260915/reader/hgd_S2_seed2026,H200 NVL,original,
cohort/reader,hgd_S2_seed2027,cohort_20260915/reader/hgd_S2_seed2027,H200 NVL,original,
cohort/reader,hgd_S3_seed2025,cohort_20260915/reader/hgd_S3_seed2025,H200 NVL,original,
cohort/reader,hgd_S3_seed2026,cohort_20260915/reader/hgd_S3_seed2026,H200 NVL,original,
cohort/reader,hgd_S3_seed2027,cohort_20260915/reader/hgd_S3_seed2027,H200 NVL,original,
cohort/reader,hgd_S4_seed2025,cohort_20260915/reader/hgd_S4_seed2025,H200 NVL,original,
cohort/reader,hgd_S4_seed2026,cohort_20260915/reader/hgd_S4_seed2026,H200 NVL,original,
cohort/reader,hgd_S4_seed2027,cohort_20260915/reader/hgd_S4_seed2027,H200 NVL,original,
cohort/reader,hgd_S5_seed2025,cohort_20260915/reader/hgd_S5_seed2025,H200 NVL,original,
cohort/reader,hgd_S5_seed2026,cohort_20260915/reader/hgd_S5_seed2026,H200 NVL,original,
cohort/reader,hgd_S5_seed2027,cohort_20260915/reader/hgd_S5_seed2027,H200 NVL,original,
cohort/reader,hgd_S6_seed2025,cohort_20260915/reader/hgd_S6_seed2025,H200 NVL,original,
cohort/reader,hgd_S6_seed2026,cohort_20260915/reader/hgd_S6_seed2026,H200 NVL,original,
cohort/reader,hgd_S6_seed2027,cohort_20260915/reader/hgd_S6_seed2027,H200 NVL,original,
cohort/reader,hgd_S7_seed2025,cohort_20260915/reader/hgd_S7_seed2025,H200 NVL,original,
cohort/reader,hgd_S7_seed2026,cohort_20260915/reader/hgd_S7_seed2026,H200 NVL,original,
cohort/reader,hgd_S7_seed2027,cohort_20260915/reader/hgd_S7_seed2027,H200 NVL,original,
cohort/reader,hgd_S8_seed2025,cohort_20260915/reader/hgd_S8_seed2025,H200 NVL,original,
cohort/reader,hgd_S8_seed2026,cohort_20260915/reader/hgd_S8_seed2026,H200 NVL,original,
cohort/reader,hgd_S8_seed2027,cohort_20260915/reader/hgd_S8_seed2027,H200 NVL,original,
cohort/reader,hgd_S9_seed2025,cohort_20260915/reader/hgd_S9_seed2025,H200 NVL,original,
cohort/reader,hgd_S9_seed2026,cohort_20260915/reader/hgd_S9_seed2026,H200 NVL,original,
cohort/reader,hgd_S9_seed2027,cohort_20260915/reader/hgd_S9_seed2027,H200 NVL,original,
cohort/reader,sdssvep_S10_seed2025,cohort_20260915/reader/sdssvep_S10_seed2025,H100 80GB HBM3,original,
cohort/reader,sdssvep_S10_seed2026,cohort_20260915/reader/sdssvep_S10_seed2026,H100 80GB HBM3,original,
cohort/reader,sdssvep_S10_seed2027,cohort_20260915/reader/sdssvep_S10_seed2027,H100 80GB HBM3,original,
cohort/reader,sdssvep_S1_seed2025,cohort_20260915/reader/sdssvep_S1_seed2025,H100 80GB HBM3,original,
cohort/reader,sdssvep_S1_seed2026,cohort_20260915/reader/sdssvep_S1_seed2026,H100 80GB HBM3,original,
cohort/reader,sdssvep_S1_seed2027,cohort_20260915/reader/sdssvep_S1_seed2027,H100 80GB HBM3,original,
cohort/reader,sdssvep_S2_seed2025,cohort_20260915/reader/sdssvep_S2_seed2025,H100 80GB HBM3,original,
cohort/reader,sdssvep_S2_seed2026,cohort_20260915/reader/sdssvep_S2_seed2026,H100 80GB HBM3,original,
cohort/reader,sdssvep_S2_seed2027,cohort_20260915/reader/sdssvep_S2_seed2027,H100 80GB HBM3,original,
cohort/reader,sdssvep_S3_seed2025,cohort_20260915/reader/sdssvep_S3_seed2025,H100 80GB HBM3,original,
cohort/reader,sdssvep_S3_seed2026,cohort_20260915/reader/sdssvep_S3_seed2026,H100 80GB HBM3,original,
cohort/reader,sdssvep_S3_seed2027,cohort_20260915/reader/sdssvep_S3_seed2027,H100 80GB HBM3,original,
cohort/reader,sdssvep_S4_seed2025,cohort_20260915/reader/sdssvep_S4_seed2025,H100 80GB HBM3,original,
cohort/reader,sdssvep_S4_seed2026,cohort_20260915/reader/sdssvep_S4_seed2026,H100 80GB HBM3,original,
cohort/reader,sdssvep_S4_seed2027,cohort_20260915/reader/sdssvep_S4_seed2027,H100 80GB HBM3,original,
cohort/reader,sdssvep_S5_seed2025,cohort_20260915/reader/sdssvep_S5_seed2025,H100 80GB HBM3,original,
cohort/reader,sdssvep_S5_seed2026,cohort_20260915/reader/sdssvep_S5_seed2026,H100 80GB HBM3,original,
cohort/reader,sdssvep_S5_seed2027,cohort_20260915/reader/sdssvep_S5_seed2027,H100 80GB HBM3,original,
cohort/reader,sdssvep_S6_seed2025,cohort_20260915/reader/sdssvep_S6_seed2025,H100 80GB HBM3,original,
cohort/reader,sdssvep_S6_seed2026,cohort_20260915/reader/sdssvep_S6_seed2026,H100 80GB HBM3,original,
cohort/reader,sdssvep_S6_seed2027,cohort_20260915/reader/sdssvep_S6_seed2027,H100 80GB HBM3,original,
cohort/reader,sdssvep_S7_seed2025,cohort_20260915/reader/sdssvep_S7_seed2025,H100 80GB HBM3,original,
cohort/reader,sdssvep_S7_seed2026,cohort_20260915/reader/sdssvep_S7_seed2026,H100 80GB HBM3,original,
cohort/reader,sdssvep_S7_seed2027,cohort_20260915/reader/sdssvep_S7_seed2027,H100 80GB HBM3,original,
cohort/reader,sdssvep_S8_seed2025,cohort_20260915/reader/sdssvep_S8_seed2025,H100 80GB HBM3,original,
cohort/reader,sdssvep_S8_seed2026,cohort_20260915/reader/sdssvep_S8_seed2026,H100 80GB HBM3,original,
cohort/reader,sdssvep_S8_seed2027,cohort_20260915/reader/sdssvep_S8_seed2027,H100 80GB HBM3,original,
cohort/reader,sdssvep_S9_seed2025,cohort_20260915/reader/sdssvep_S9_seed2025,H100 80GB HBM3,original,
cohort/reader,sdssvep_S9_seed2026,cohort_20260915/reader/sdssvep_S9_seed2026,H100 80GB HBM3,original,
cohort/reader,sdssvep_S9_seed2027,cohort_20260915/reader/sdssvep_S9_seed2027,H100 80GB HBM3,original,
controls/compact_mean,2a_S1_seed2025,controls_20260916/compact_mean/2a_S1_seed2025,H200 NVL,original,
controls/compact_mean,2a_S1_seed2026,controls_20260916/compact_mean/2a_S1_seed2026,H200 NVL,original,
controls/compact_mean,2a_S1_seed2027,controls_20260916/compact_mean/2a_S1_seed2027,H200 NVL,original,
controls/compact_mean,2a_S2_seed2025,controls_20260916/compact_mean/2a_S2_seed2025,H200 NVL,original,
controls/compact_mean,2a_S2_seed2026,controls_20260916/compact_mean/2a_S2_seed2026,H200 NVL,original,
controls/compact_mean,2a_S2_seed2027,controls_20260916/compact_mean/2a_S2_seed2027,H200 NVL,original,
controls/compact_mean,2a_S3_seed2025,controls_20260916/compact_mean/2a_S3_seed2025,H200 NVL,original,
controls/compact_mean,2a_S3_seed2026,controls_20260916/compact_mean/2a_S3_seed2026,H200 NVL,original,
controls/compact_mean,2a_S3_seed2027,controls_20260916/compact_mean/2a_S3_seed2027,H200 NVL,original,
controls/compact_mean,2a_S4_seed2025,controls_20260916/compact_mean/2a_S4_seed2025,H200 NVL,original,
controls/compact_mean,2a_S4_seed2026,controls_20260916/compact_mean/2a_S4_seed2026,H200 NVL,original,
controls/compact_mean,2a_S4_seed2027,controls_20260916/compact_mean/2a_S4_seed2027,H200 NVL,original,
controls/compact_mean,2a_S5_seed2025,controls_20260916/compact_mean/2a_S5_seed2025,H200 NVL,original,
controls/compact_mean,2a_S5_seed2026,controls_20260916/compact_mean/2a_S5_seed2026,H200 NVL,original,
controls/compact_mean,2a_S5_seed2027,controls_20260916/compact_mean/2a_S5_seed2027,H200 NVL,original,
controls/compact_mean,2a_S6_seed2025,controls_20260916/compact_mean/2a_S6_seed2025,H200 NVL,original,
controls/compact_mean,2a_S6_seed2026,controls_20260916/compact_mean/2a_S6_seed2026,H200 NVL,original,
controls/compact_mean,2a_S6_seed2027,controls_20260916/compact_mean/2a_S6_seed2027,H200 NVL,original,
controls/compact_mean,2a_S7_seed2025,controls_20260916/compact_mean/2a_S7_seed2025,H200 NVL,original,
controls/compact_mean,2a_S7_seed2026,controls_20260916/compact_mean/2a_S7_seed2026,H200 NVL,original,
controls/compact_mean,2a_S7_seed2027,controls_20260916/compact_mean/2a_S7_seed2027,H200 NVL,original,
controls/compact_mean,2a_S8_seed2025,controls_20260916/compact_mean/2a_S8_seed2025,H200 NVL,original,
controls/compact_mean,2a_S8_seed2026,controls_20260916/compact_mean/2a_S8_seed2026,H200 NVL,original,
controls/compact_mean,2a_S8_seed2027,controls_20260916/compact_mean/2a_S8_seed2027,H200 NVL,original,
controls/compact_mean,2a_S9_seed2025,controls_20260916/compact_mean/2a_S9_seed2025,H200 NVL,original,
controls/compact_mean,2a_S9_seed2026,controls_20260916/compact_mean/2a_S9_seed2026,H200 NVL,original,
controls/compact_mean,2a_S9_seed2027,controls_20260916/compact_mean/2a_S9_seed2027,H200 NVL,original,
controls/compact_mean,2b_S1_seed2025,controls_20260916/compact_mean/2b_S1_seed2025,H200 NVL,original,
controls/compact_mean,2b_S1_seed2026,controls_20260916/compact_mean/2b_S1_seed2026,H200 NVL,original,
controls/compact_mean,2b_S1_seed2027,controls_20260916/compact_mean/2b_S1_seed2027,H200 NVL,original,
controls/compact_mean,2b_S2_seed2025,controls_20260916/compact_mean/2b_S2_seed2025,H200 NVL,original,
controls/compact_mean,2b_S2_seed2026,controls_20260916/compact_mean/2b_S2_seed2026,H200 NVL,original,
controls/compact_mean,2b_S2_seed2027,controls_20260916/compact_mean/2b_S2_seed2027,H200 NVL,original,
controls/compact_mean,2b_S3_seed2025,controls_20260916/compact_mean/2b_S3_seed2025,H200 NVL,original,
controls/compact_mean,2b_S3_seed2026,controls_20260916/compact_mean/2b_S3_seed2026,H200 NVL,original,
controls/compact_mean,2b_S3_seed2027,controls_20260916/compact_mean/2b_S3_seed2027,H200 NVL,original,
controls/compact_mean,2b_S4_seed2025,controls_20260916/compact_mean/2b_S4_seed2025,H200 NVL,original,
controls/compact_mean,2b_S4_seed2026,controls_20260916/compact_mean/2b_S4_seed2026,H200 NVL,original,
controls/compact_mean,2b_S4_seed2027,controls_20260916/compact_mean/2b_S4_seed2027,H200 NVL,original,
controls/compact_mean,2b_S5_seed2025,controls_20260916/compact_mean/2b_S5_seed2025,H200 NVL,original,
controls/compact_mean,2b_S5_seed2026,controls_20260916/compact_mean/2b_S5_seed2026,H200 NVL,original,
controls/compact_mean,2b_S5_seed2027,controls_20260916/compact_mean/2b_S5_seed2027,H200 NVL,original,
controls/compact_mean,2b_S6_seed2025,controls_20260916/compact_mean/2b_S6_seed2025,H200 NVL,original,
controls/compact_mean,2b_S6_seed2026,controls_20260916/compact_mean/2b_S6_seed2026,H200 NVL,original,
controls/compact_mean,2b_S6_seed2027,controls_20260916/compact_mean/2b_S6_seed2027,H200 NVL,original,
controls/compact_mean,2b_S7_seed2025,controls_20260916/compact_mean/2b_S7_seed2025,H200 NVL,original,
controls/compact_mean,2b_S7_seed2026,controls_20260916/compact_mean/2b_S7_seed2026,H200 NVL,original,
controls/compact_mean,2b_S7_seed2027,controls_20260916/compact_mean/2b_S7_seed2027,H200 NVL,original,
controls/compact_mean,2b_S8_seed2025,controls_20260916/compact_mean/2b_S8_seed2025,H200 NVL,original,
controls/compact_mean,2b_S8_seed2026,controls_20260916/compact_mean/2b_S8_seed2026,H200 NVL,original,
controls/compact_mean,2b_S8_seed2027,controls_20260916/compact_mean/2b_S8_seed2027,H200 NVL,original,
controls/compact_mean,2b_S9_seed2025,controls_20260916/compact_mean/2b_S9_seed2025,H200 NVL,original,
controls/compact_mean,2b_S9_seed2026,controls_20260916/compact_mean/2b_S9_seed2026,H200 NVL,original,
controls/compact_mean,2b_S9_seed2027,controls_20260916/compact_mean/2b_S9_seed2027,H200 NVL,original,
controls/compact_mean,sdssvep_S10_seed2025,controls_20260916/compact_mean/sdssvep_S10_seed2025,H200 NVL,original,
controls/compact_mean,sdssvep_S10_seed2026,controls_20260916/compact_mean/sdssvep_S10_seed2026,H200 NVL,original,
controls/compact_mean,sdssvep_S10_seed2027,controls_20260916/compact_mean/sdssvep_S10_seed2027,H200 NVL,original,
controls/compact_mean,sdssvep_S1_seed2025,controls_20260916/compact_mean/sdssvep_S1_seed2025,H200 NVL,original,
controls/compact_mean,sdssvep_S1_seed2026,controls_20260916/compact_mean/sdssvep_S1_seed2026,H200 NVL,original,
controls/compact_mean,sdssvep_S1_seed2027,controls_20260916/compact_mean/sdssvep_S1_seed2027,H200 NVL,original,
controls/compact_mean,sdssvep_S2_seed2025,controls_20260916/compact_mean/sdssvep_S2_seed2025,H200 NVL,original,
controls/compact_mean,sdssvep_S2_seed2026,controls_20260916/compact_mean/sdssvep_S2_seed2026,H200 NVL,original,
controls/compact_mean,sdssvep_S2_seed2027,controls_20260916/compact_mean/sdssvep_S2_seed2027,H200 NVL,original,
controls/compact_mean,sdssvep_S3_seed2025,controls_20260916/compact_mean/sdssvep_S3_seed2025,H200 NVL,original,
controls/compact_mean,sdssvep_S3_seed2026,controls_20260916/compact_mean/sdssvep_S3_seed2026,H200 NVL,original,
controls/compact_mean,sdssvep_S3_seed2027,controls_20260916/compact_mean/sdssvep_S3_seed2027,H200 NVL,original,
controls/compact_mean,sdssvep_S4_seed2025,controls_20260916/compact_mean/sdssvep_S4_seed2025,H200 NVL,original,
controls/compact_mean,sdssvep_S4_seed2026,controls_20260916/compact_mean/sdssvep_S4_seed2026,H200 NVL,original,
controls/compact_mean,sdssvep_S4_seed2027,controls_20260916/compact_mean/sdssvep_S4_seed2027,H200 NVL,original,
controls/compact_mean,sdssvep_S5_seed2025,controls_20260916/compact_mean/sdssvep_S5_seed2025,H200 NVL,original,
controls/compact_mean,sdssvep_S5_seed2026,controls_20260916/compact_mean/sdssvep_S5_seed2026,H200 NVL,original,
controls/compact_mean,sdssvep_S5_seed2027,controls_20260916/compact_mean/sdssvep_S5_seed2027,H200 NVL,original,
controls/compact_mean,sdssvep_S6_seed2025,controls_20260916/compact_mean/sdssvep_S6_seed2025,H200 NVL,original,
controls/compact_mean,sdssvep_S6_seed2026,controls_20260916/compact_mean/sdssvep_S6_seed2026,H200 NVL,original,
controls/compact_mean,sdssvep_S6_seed2027,controls_20260916/compact_mean/sdssvep_S6_seed2027,H200 NVL,original,
controls/compact_mean,sdssvep_S7_seed2025,controls_20260916/compact_mean/sdssvep_S7_seed2025,H200 NVL,original,
controls/compact_mean,sdssvep_S7_seed2026,controls_20260916/compact_mean/sdssvep_S7_seed2026,H200 NVL,original,
controls/compact_mean,sdssvep_S7_seed2027,controls_20260916/compact_mean/sdssvep_S7_seed2027,H200 NVL,original,
controls/compact_mean,sdssvep_S8_seed2025,controls_20260916/compact_mean/sdssvep_S8_seed2025,H200 NVL,original,
controls/compact_mean,sdssvep_S8_seed2026,controls_20260916/compact_mean/sdssvep_S8_seed2026,H200 NVL,original,
controls/compact_mean,sdssvep_S8_seed2027,controls_20260916/compact_mean/sdssvep_S8_seed2027,H200 NVL,original,
controls/compact_mean,sdssvep_S9_seed2025,controls_20260916/compact_mean/sdssvep_S9_seed2025,H200 NVL,original,
controls/compact_mean,sdssvep_S9_seed2026,controls_20260916/compact_mean/sdssvep_S9_seed2026,H200 NVL,original,
controls/compact_mean,sdssvep_S9_seed2027,controls_20260916/compact_mean/sdssvep_S9_seed2027,H200 NVL,original,
controls/ff_control,2a_S1_seed2025,controls_20260916/ff_reader/2a_S1_seed2025,H200 NVL,original,
controls/ff_control,2a_S1_seed2026,controls_20260916/ff_reader/2a_S1_seed2026,H200 NVL,original,
controls/ff_control,2a_S1_seed2027,controls_20260916/ff_reader/2a_S1_seed2027,H200 NVL,original,
controls/ff_control,2a_S2_seed2025,controls_20260916/ff_reader/2a_S2_seed2025,H200 NVL,original,
controls/ff_control,2a_S2_seed2026,controls_20260916/ff_reader/2a_S2_seed2026,H200 NVL,original,
controls/ff_control,2a_S2_seed2027,controls_20260916/ff_reader/2a_S2_seed2027,H200 NVL,original,
controls/ff_control,2a_S3_seed2025,controls_20260916/ff_reader/2a_S3_seed2025,H200 NVL,original,
controls/ff_control,2a_S3_seed2026,controls_20260916/ff_reader/2a_S3_seed2026,H200 NVL,original,
controls/ff_control,2a_S3_seed2027,controls_20260916/ff_reader/2a_S3_seed2027,H200 NVL,original,
controls/ff_control,2a_S4_seed2025,controls_20260916/ff_reader/2a_S4_seed2025,H200 NVL,original,
controls/ff_control,2a_S4_seed2026,controls_20260916/ff_reader/2a_S4_seed2026,H200 NVL,original,
controls/ff_control,2a_S4_seed2027,controls_20260916/ff_reader/2a_S4_seed2027,H200 NVL,original,
controls/ff_control,2a_S5_seed2025,controls_20260916/ff_reader/2a_S5_seed2025,H200 NVL,original,
controls/ff_control,2a_S5_seed2026,controls_20260916/ff_reader/2a_S5_seed2026,H200 NVL,original,
controls/ff_control,2a_S5_seed2027,controls_20260916/ff_reader/2a_S5_seed2027,H200 NVL,original,
controls/ff_control,2a_S6_seed2025,controls_20260916/ff_reader/2a_S6_seed2025,H200 NVL,original,
controls/ff_control,2a_S6_seed2026,controls_20260916/ff_reader/2a_S6_seed2026,H200 NVL,original,
controls/ff_control,2a_S6_seed2027,controls_20260916/ff_reader/2a_S6_seed2027,H200 NVL,original,
controls/ff_control,2a_S7_seed2025,controls_20260916/ff_reader/2a_S7_seed2025,H200 NVL,original,
controls/ff_control,2a_S7_seed2026,controls_20260916/ff_reader/2a_S7_seed2026,H200 NVL,original,
controls/ff_control,2a_S7_seed2027,controls_20260916/ff_reader/2a_S7_seed2027,H200 NVL,original,
controls/ff_control,2a_S8_seed2025,controls_20260916/ff_reader/2a_S8_seed2025,H200 NVL,original,
controls/ff_control,2a_S8_seed2026,controls_20260916/ff_reader/2a_S8_seed2026,H200 NVL,original,
controls/ff_control,2a_S8_seed2027,controls_20260916/ff_reader/2a_S8_seed2027,H200 NVL,original,
controls/ff_control,2a_S9_seed2025,controls_20260916/ff_reader/2a_S9_seed2025,H200 NVL,original,
controls/ff_control,2a_S9_seed2026,controls_20260916/ff_reader/2a_S9_seed2026,H200 NVL,original,
controls/ff_control,2a_S9_seed2027,controls_20260916/ff_reader/2a_S9_seed2027,H200 NVL,original,
controls/ff_control,2b_S1_seed2025,controls_20260916/ff_reader/2b_S1_seed2025,H200 NVL,original,
controls/ff_control,2b_S1_seed2026,controls_20260916/ff_reader/2b_S1_seed2026,H200 NVL,original,
controls/ff_control,2b_S1_seed2027,controls_20260916/ff_reader/2b_S1_seed2027,H200 NVL,original,
controls/ff_control,2b_S2_seed2025,controls_20260916/ff_reader/2b_S2_seed2025,H200 NVL,original,
controls/ff_control,2b_S2_seed2026,controls_20260916/ff_reader/2b_S2_seed2026,H200 NVL,original,
controls/ff_control,2b_S2_seed2027,controls_20260916/ff_reader/2b_S2_seed2027,H200 NVL,original,
controls/ff_control,2b_S3_seed2025,controls_20260916/ff_reader/2b_S3_seed2025,H200 NVL,original,
controls/ff_control,2b_S3_seed2026,controls_20260916/ff_reader/2b_S3_seed2026,H200 NVL,original,
controls/ff_control,2b_S3_seed2027,controls_20260916/ff_reader/2b_S3_seed2027,H200 NVL,original,
controls/ff_control,2b_S4_seed2025,controls_20260916/ff_reader/2b_S4_seed2025,H200 NVL,original,
controls/ff_control,2b_S4_seed2026,controls_20260916/ff_reader/2b_S4_seed2026,H200 NVL,original,
controls/ff_control,2b_S4_seed2027,controls_20260916/ff_reader/2b_S4_seed2027,H200 NVL,original,
controls/ff_control,2b_S5_seed2025,controls_20260916/ff_reader/2b_S5_seed2025,H200 NVL,original,
controls/ff_control,2b_S5_seed2026,controls_20260916/ff_reader/2b_S5_seed2026,H200 NVL,original,
controls/ff_control,2b_S5_seed2027,controls_20260916/ff_reader/2b_S5_seed2027,H200 NVL,original,
controls/ff_control,2b_S6_seed2025,controls_20260916/ff_reader/2b_S6_seed2025,H200 NVL,original,
controls/ff_control,2b_S6_seed2026,controls_20260916/ff_reader/2b_S6_seed2026,H200 NVL,original,
controls/ff_control,2b_S6_seed2027,controls_20260916/ff_reader/2b_S6_seed2027,H200 NVL,original,
controls/ff_control,2b_S7_seed2025,controls_20260916/ff_reader/2b_S7_seed2025,H200 NVL,original,
controls/ff_control,2b_S7_seed2026,controls_20260916/ff_reader/2b_S7_seed2026,H200 NVL,original,
controls/ff_control,2b_S7_seed2027,controls_20260916/ff_reader/2b_S7_seed2027,H200 NVL,original,
controls/ff_control,2b_S8_seed2025,controls_20260916/ff_reader/2b_S8_seed2025,H200 NVL,original,
controls/ff_control,2b_S8_seed2026,controls_20260916/ff_reader/2b_S8_seed2026,H200 NVL,original,
controls/ff_control,2b_S8_seed2027,controls_20260916/ff_reader/2b_S8_seed2027,H200 NVL,original,
controls/ff_control,2b_S9_seed2025,controls_20260916/ff_reader/2b_S9_seed2025,H200 NVL,original,
controls/ff_control,2b_S9_seed2026,controls_20260916/ff_reader/2b_S9_seed2026,H200 NVL,original,
controls/ff_control,2b_S9_seed2027,controls_20260916/ff_reader/2b_S9_seed2027,H200 NVL,original,
controls/ff_control,sdssvep_S10_seed2025,controls_20260916/ff_reader/sdssvep_S10_seed2025,H200 NVL,original,
controls/ff_control,sdssvep_S10_seed2026,controls_20260916/ff_reader/sdssvep_S10_seed2026,H200 NVL,original,
controls/ff_control,sdssvep_S10_seed2027,controls_20260916/ff_reader/sdssvep_S10_seed2027,H200 NVL,original,
controls/ff_control,sdssvep_S1_seed2025,controls_20260916/ff_reader/sdssvep_S1_seed2025,H200 NVL,original,
controls/ff_control,sdssvep_S1_seed2026,controls_20260916/ff_reader/sdssvep_S1_seed2026,H200 NVL,original,
controls/ff_control,sdssvep_S1_seed2027,controls_20260916/ff_reader/sdssvep_S1_seed2027,H200 NVL,original,
controls/ff_control,sdssvep_S2_seed2025,controls_20260916/ff_reader/sdssvep_S2_seed2025,H200 NVL,original,
controls/ff_control,sdssvep_S2_seed2026,controls_20260916/ff_reader/sdssvep_S2_seed2026,H200 NVL,original,
controls/ff_control,sdssvep_S2_seed2027,controls_20260916/ff_reader/sdssvep_S2_seed2027,H200 NVL,original,
controls/ff_control,sdssvep_S3_seed2025,controls_20260916/ff_reader/sdssvep_S3_seed2025,H200 NVL,original,
controls/ff_control,sdssvep_S3_seed2026,controls_20260916/ff_reader/sdssvep_S3_seed2026,H200 NVL,original,
controls/ff_control,sdssvep_S3_seed2027,controls_20260916/ff_reader/sdssvep_S3_seed2027,H200 NVL,original,
controls/ff_control,sdssvep_S4_seed2025,controls_20260916/ff_reader/sdssvep_S4_seed2025,H200 NVL,original,
controls/ff_control,sdssvep_S4_seed2026,controls_20260916/ff_reader/sdssvep_S4_seed2026,H200 NVL,original,
controls/ff_control,sdssvep_S4_seed2027,controls_20260916/ff_reader/sdssvep_S4_seed2027,H200 NVL,original,
controls/ff_control,sdssvep_S5_seed2025,controls_20260916/ff_reader/sdssvep_S5_seed2025,H200 NVL,original,
controls/ff_control,sdssvep_S5_seed2026,controls_20260916/ff_reader/sdssvep_S5_seed2026,H200 NVL,original,
controls/ff_control,sdssvep_S5_seed2027,controls_20260916/ff_reader/sdssvep_S5_seed2027,H200 NVL,original,
controls/ff_control,sdssvep_S6_seed2025,controls_20260916/ff_reader/sdssvep_S6_seed2025,H200 NVL,original,
controls/ff_control,sdssvep_S6_seed2026,controls_20260916/ff_reader/sdssvep_S6_seed2026,H200 NVL,original,
controls/ff_control,sdssvep_S6_seed2027,controls_20260916/ff_reader/sdssvep_S6_seed2027,H200 NVL,original,
controls/ff_control,sdssvep_S7_seed2025,controls_20260916/ff_reader/sdssvep_S7_seed2025,H200 NVL,original,
controls/ff_control,sdssvep_S7_seed2026,controls_20260916/ff_reader/sdssvep_S7_seed2026,H200 NVL,original,
controls/ff_control,sdssvep_S7_seed2027,controls_20260916/ff_reader/sdssvep_S7_seed2027,H200 NVL,original,
controls/ff_control,sdssvep_S8_seed2025,controls_20260916/ff_reader/sdssvep_S8_seed2025,H200 NVL,original,
controls/ff_control,sdssvep_S8_seed2026,controls_20260916/ff_reader/sdssvep_S8_seed2026,H200 NVL,original,
controls/ff_control,sdssvep_S8_seed2027,controls_20260916/ff_reader/sdssvep_S8_seed2027,H200 NVL,original,
controls/ff_control,sdssvep_S9_seed2025,controls_20260916/ff_reader/sdssvep_S9_seed2025,H200 NVL,original,
controls/ff_control,sdssvep_S9_seed2026,controls_20260916/ff_reader/sdssvep_S9_seed2026,H200 NVL,original,
controls/ff_control,sdssvep_S9_seed2027,controls_20260916/ff_reader/sdssvep_S9_seed2027,H200 NVL,original,
loso/compact,2a_S1_seed2025,loso_20260915/compact/2a_S1_seed2025,H100 NVL MIG 3g.47gb,mig_pending,
loso/compact,2a_S2_seed2025,loso_20260915/compact/2a_S2_seed2025,H100 NVL MIG 3g.47gb,mig_pending,
loso/compact,2a_S3_seed2025,loso_20260915/compact/2a_S3_seed2025,H100 NVL MIG 3g.47gb,mig_pending,
loso/compact,2a_S4_seed2025,loso_20260915/compact/2a_S4_seed2025,H100 NVL MIG 3g.47gb,mig_pending,
loso/compact,2a_S5_seed2025,loso_20260915/compact/2a_S5_seed2025,H100 80GB HBM3,original,
loso/compact,2a_S6_seed2025,loso_20260915/compact/2a_S6_seed2025,H100 80GB HBM3,original,
loso/compact,2a_S7_seed2025,loso_20260915/compact/2a_S7_seed2025,H100 NVL,original,
loso/compact,2a_S8_seed2025,loso_20260915/compact/2a_S8_seed2025,H100 NVL,original,
loso/compact,2a_S9_seed2025,loso_20260915/compact/2a_S9_seed2025,H200 NVL,original,
loso/compact,2b_S1_seed2025,loso_20260915/compact/2b_S1_seed2025,H100 80GB HBM3,original,
loso/compact,2b_S2_seed2025,loso_20260915/compact/2b_S2_seed2025,H100 NVL MIG 3g.47gb,mig_pending,
loso/compact,2b_S3_seed2025,loso_20260915/compact/2b_S3_seed2025,H100 NVL MIG 3g.47gb,mig_pending,
loso/compact,2b_S4_seed2025,loso_20260915/compact/2b_S4_seed2025,H100 NVL MIG 3g.47gb,mig_pending,
loso/compact,2b_S5_seed2025,loso_20260915/compact/2b_S5_seed2025,H100 NVL MIG 3g.47gb,mig_pending,
loso/compact,2b_S6_seed2025,loso_20260915/compact/2b_S6_seed2025,H100 NVL,original,
loso/compact,2b_S7_seed2025,loso_20260915/compact/2b_S7_seed2025,H100 NVL,original,
loso/compact,2b_S8_seed2025,loso_20260915/compact/2b_S8_seed2025,H100 NVL,original,
loso/compact,2b_S9_seed2025,loso_20260915/compact/2b_S9_seed2025,H100 NVL,original,
loso/compact,sdssvep_S10_seed2025,loso_20260915/compact/sdssvep_S10_seed2025,H100 80GB HBM3,original,
loso/compact,sdssvep_S1_seed2025,loso_20260915/compact/sdssvep_S1_seed2025,H100 80GB HBM3,original,
loso/compact,sdssvep_S2_seed2025,loso_20260915/compact/sdssvep_S2_seed2025,H100 80GB HBM3,original,
loso/compact,sdssvep_S3_seed2025,loso_20260915/compact/sdssvep_S3_seed2025,H100 80GB HBM3,original,
loso/compact,sdssvep_S4_seed2025,loso_20260915/compact/sdssvep_S4_seed2025,H100 80GB HBM3,original,
loso/compact,sdssvep_S5_seed2025,loso_20260915/compact/sdssvep_S5_seed2025,H100 80GB HBM3,original,
loso/compact,sdssvep_S6_seed2025,loso_20260915/compact/sdssvep_S6_seed2025,H100 80GB HBM3,original,
loso/compact,sdssvep_S7_seed2025,loso_20260915/compact/sdssvep_S7_seed2025,H100 80GB HBM3,original,
loso/compact,sdssvep_S8_seed2025,loso_20260915/compact/sdssvep_S8_seed2025,H200 NVL,original,
loso/compact,sdssvep_S9_seed2025,loso_20260915/compact/sdssvep_S9_seed2025,H200 NVL,original,
loso/reader,2a_S1_seed2025,loso_20260915/reader/2a_S1_seed2025,H200 NVL,original,
loso/reader,2a_S2_seed2025,loso_20260915/reader/2a_S2_seed2025,H200 NVL,original,
loso/reader,2a_S3_seed2025,loso_20260915/reader/2a_S3_seed2025,H200 NVL,original,
loso/reader,2a_S4_seed2025,loso_20260915/reader/2a_S4_seed2025,H200 NVL,original,
loso/reader,2a_S5_seed2025,loso_20260915/reader/2a_S5_seed2025,H200 NVL,original,
loso/reader,2a_S6_seed2025,loso_20260915/reader/2a_S6_seed2025,H200 NVL,original,
loso/reader,2a_S7_seed2025,loso_20260915/reader/2a_S7_seed2025,H200 NVL,original,
loso/reader,2a_S8_seed2025,loso_20260915/reader/2a_S8_seed2025,H100 80GB HBM3,original,
loso/reader,2a_S9_seed2025,loso_20260915/reader/2a_S9_seed2025,H100 80GB HBM3,original,
loso/reader,2b_S1_seed2025,loso_20260915/reader/2b_S1_seed2025,H200 NVL,original,
loso/reader,2b_S2_seed2025,loso_20260915/reader/2b_S2_seed2025,H200 NVL,original,
loso/reader,2b_S3_seed2025,loso_20260915/reader/2b_S3_seed2025,H200 NVL,original,
loso/reader,2b_S4_seed2025,loso_20260915/reader/2b_S4_seed2025,H200 NVL,original,
loso/reader,2b_S5_seed2025,loso_20260915/reader/2b_S5_seed2025,H200 NVL,original,
loso/reader,2b_S6_seed2025,loso_20260915/reader/2b_S6_seed2025,H200 NVL,original,
loso/reader,2b_S7_seed2025,loso_20260915/reader/2b_S7_seed2025,H200 NVL,original,
loso/reader,2b_S8_seed2025,loso_20260915/reader/2b_S8_seed2025,H200 NVL,original,
loso/reader,2b_S9_seed2025,loso_20260915/reader/2b_S9_seed2025,H200 NVL,original,
loso/reader,sdssvep_S10_seed2025,loso_20260915/reader/sdssvep_S10_seed2025,H100 80GB HBM3,original,
loso/reader,sdssvep_S1_seed2025,loso_20260915/reader/sdssvep_S1_seed2025,H200 NVL,original,
loso/reader,sdssvep_S2_seed2025,loso_20260915/reader/sdssvep_S2_seed2025,H100 80GB HBM3,original,
loso/reader,sdssvep_S3_seed2025,loso_20260915/reader/sdssvep_S3_seed2025,H100 80GB HBM3,original,
loso/reader,sdssvep_S4_seed2025,loso_20260915/reader/sdssvep_S4_seed2025,H100 80GB HBM3,original,
loso/reader,sdssvep_S5_seed2025,loso_20260915/reader/sdssvep_S5_seed2025,H100 NVL,original,
loso/reader,sdssvep_S6_seed2025,loso_20260915/reader/sdssvep_S6_seed2025,H100 NVL,original,
loso/reader,sdssvep_S7_seed2025,loso_20260915/reader/sdssvep_S7_seed2025,H100 NVL,original,
loso/reader,sdssvep_S8_seed2025,loso_20260915/reader/sdssvep_S8_seed2025,H100 NVL,original,
loso/reader,sdssvep_S9_seed2025,loso_20260915/reader/sdssvep_S9_seed2025,H100 80GB HBM3,original,
superseded/loso_bite_clip5,2a_S1_seed2025,loso_20260915/bite/2a_S1_seed2025,H100 NVL,original,
superseded/loso_bite_clip5,2a_S2_seed2025,loso_20260915/bite/2a_S2_seed2025,H100 80GB HBM3,original,
superseded/loso_bite_clip5,2a_S3_seed2025,loso_20260915/bite/2a_S3_seed2025,H100 NVL MIG 3g.47gb,mig_pending,
superseded/loso_bite_clip5,2a_S4_seed2025,loso_20260915/bite/2a_S4_seed2025,H200 NVL,original,
superseded/loso_bite_clip5,2a_S5_seed2025,loso_20260915/bite/2a_S5_seed2025,H200 NVL,original,
superseded/loso_bite_clip5,2a_S6_seed2025,loso_20260915/bite/2a_S6_seed2025,H100 NVL,original,
superseded/loso_bite_clip5,2a_S7_seed2025,loso_20260915/bite/2a_S7_seed2025,H100 NVL MIG 3g.47gb,mig_pending,
superseded/loso_bite_clip5,2a_S8_seed2025,loso_20260915/bite/2a_S8_seed2025,H200 NVL,original,
superseded/loso_bite_clip5,2a_S9_seed2025,loso_20260915/bite/2a_S9_seed2025,H200 NVL,original,
superseded/loso_bite_clip5,2b_S1_seed2025,loso_20260915/bite/2b_S1_seed2025,H200 NVL,original,
superseded/loso_bite_clip5,2b_S2_seed2025,loso_20260915/bite/2b_S2_seed2025,H200 NVL,original,
superseded/loso_bite_clip5,2b_S3_seed2025,loso_20260915/bite/2b_S3_seed2025,H200 NVL,original,
superseded/loso_bite_clip5,2b_S4_seed2025,loso_20260915/bite/2b_S4_seed2025,H200 NVL,original,
superseded/loso_bite_clip5,2b_S5_seed2025,loso_20260915/bite/2b_S5_seed2025,H200 NVL,original,
superseded/loso_bite_clip5,2b_S6_seed2025,loso_20260915/bite/2b_S6_seed2025,H200 NVL,original,
superseded/loso_bite_clip5,2b_S7_seed2025,loso_20260915/bite/2b_S7_seed2025,H200 NVL,original,
superseded/loso_bite_clip5,2b_S8_seed2025,loso_20260915/bite/2b_S8_seed2025,H200 NVL,original,
superseded/loso_bite_clip5,2b_S9_seed2025,loso_20260915/bite/2b_S9_seed2025,H200 NVL,original,
superseded/loso_bite_clip5,sdssvep_S10_seed2025,loso_20260915/bite/sdssvep_S10_seed2025,H200 NVL,original,
superseded/loso_bite_clip5,sdssvep_S1_seed2025,loso_20260915/bite/sdssvep_S1_seed2025,H200 NVL,original,
superseded/loso_bite_clip5,sdssvep_S2_seed2025,loso_20260915/bite/sdssvep_S2_seed2025,H200 NVL,original,
superseded/loso_bite_clip5,sdssvep_S3_seed2025,loso_20260915/bite/sdssvep_S3_seed2025,H100 80GB HBM3,original,
superseded/loso_bite_clip5,sdssvep_S4_seed2025,loso_20260915/bite/sdssvep_S4_seed2025,H100 80GB HBM3,original,
superseded/loso_bite_clip5,sdssvep_S5_seed2025,loso_20260915/bite/sdssvep_S5_seed2025,H100 80GB HBM3,original,
superseded/loso_bite_clip5,sdssvep_S6_seed2025,loso_20260915/bite/sdssvep_S6_seed2025,H100 80GB HBM3,original,
superseded/loso_bite_clip5,sdssvep_S7_seed2025,loso_20260915/bite/sdssvep_S7_seed2025,H100 80GB HBM3,original,
superseded/loso_bite_clip5,sdssvep_S8_seed2025,loso_20260915/bite/sdssvep_S8_seed2025,H100 80GB HBM3,original,
superseded/loso_bite_clip5,sdssvep_S9_seed2025,loso_20260915/bite/sdssvep_S9_seed2025,H100 80GB HBM3,original,
zoo/ATCNet,2a_S1_seed2025,zoo_20260916/ATCNet/2a_S1_seed2025,H200 NVL,original,
zoo/ATCNet,2a_S1_seed2026,zoo_20260916/ATCNet/2a_S1_seed2026,H200 NVL,original,
zoo/ATCNet,2a_S1_seed2027,zoo_20260916/ATCNet/2a_S1_seed2027,H200 NVL,original,
zoo/ATCNet,2a_S2_seed2025,zoo_20260916/ATCNet/2a_S2_seed2025,H200 NVL,original,
zoo/ATCNet,2a_S2_seed2026,zoo_20260916/ATCNet/2a_S2_seed2026,H200 NVL,original,
zoo/ATCNet,2a_S2_seed2027,zoo_20260916/ATCNet/2a_S2_seed2027,H200 NVL,original,
zoo/ATCNet,2a_S3_seed2025,zoo_20260916/ATCNet/2a_S3_seed2025,H200 NVL,original,
zoo/ATCNet,2a_S3_seed2026,zoo_20260916/ATCNet/2a_S3_seed2026,H200 NVL,original,
zoo/ATCNet,2a_S3_seed2027,zoo_20260916/ATCNet/2a_S3_seed2027,H200 NVL,original,
zoo/ATCNet,2a_S4_seed2025,zoo_20260916/ATCNet/2a_S4_seed2025,H200 NVL,original,
zoo/ATCNet,2a_S4_seed2026,zoo_20260916/ATCNet/2a_S4_seed2026,H200 NVL,original,
zoo/ATCNet,2a_S4_seed2027,zoo_20260916/ATCNet/2a_S4_seed2027,H200 NVL,original,
zoo/ATCNet,2a_S5_seed2025,zoo_20260916/ATCNet/2a_S5_seed2025,H200 NVL,original,
zoo/ATCNet,2a_S5_seed2026,zoo_20260916/ATCNet/2a_S5_seed2026,H200 NVL,original,
zoo/ATCNet,2a_S5_seed2027,zoo_20260916/ATCNet/2a_S5_seed2027,H200 NVL,original,
zoo/ATCNet,2a_S6_seed2025,zoo_20260916/ATCNet/2a_S6_seed2025,H200 NVL,original,
zoo/ATCNet,2a_S6_seed2026,zoo_20260916/ATCNet/2a_S6_seed2026,H200 NVL,original,
zoo/ATCNet,2a_S6_seed2027,zoo_20260916/ATCNet/2a_S6_seed2027,H200 NVL,original,
zoo/ATCNet,2a_S7_seed2025,zoo_20260916/ATCNet/2a_S7_seed2025,H200 NVL,original,
zoo/ATCNet,2a_S7_seed2026,zoo_20260916/ATCNet/2a_S7_seed2026,H200 NVL,original,
zoo/ATCNet,2a_S7_seed2027,zoo_20260916/ATCNet/2a_S7_seed2027,H200 NVL,original,
zoo/ATCNet,2a_S8_seed2025,zoo_20260916/ATCNet/2a_S8_seed2025,H200 NVL,original,
zoo/ATCNet,2a_S8_seed2026,zoo_20260916/ATCNet/2a_S8_seed2026,H200 NVL,original,
zoo/ATCNet,2a_S8_seed2027,zoo_20260916/ATCNet/2a_S8_seed2027,H200 NVL,original,
zoo/ATCNet,2a_S9_seed2025,zoo_20260916/ATCNet/2a_S9_seed2025,H200 NVL,original,
zoo/ATCNet,2a_S9_seed2026,zoo_20260916/ATCNet/2a_S9_seed2026,H200 NVL,original,
zoo/ATCNet,2a_S9_seed2027,zoo_20260916/ATCNet/2a_S9_seed2027,H200 NVL,original,
zoo/ATCNet,2b_S1_seed2025,zoo_20260916/ATCNet/2b_S1_seed2025,H200 NVL,original,
zoo/ATCNet,2b_S1_seed2026,zoo_20260916/ATCNet/2b_S1_seed2026,H200 NVL,original,
zoo/ATCNet,2b_S1_seed2027,zoo_20260916/ATCNet/2b_S1_seed2027,H200 NVL,original,
zoo/ATCNet,2b_S2_seed2025,zoo_20260916/ATCNet/2b_S2_seed2025,H200 NVL,original,
zoo/ATCNet,2b_S2_seed2026,zoo_20260916/ATCNet/2b_S2_seed2026,H200 NVL,original,
zoo/ATCNet,2b_S2_seed2027,zoo_20260916/ATCNet/2b_S2_seed2027,H200 NVL,original,
zoo/ATCNet,2b_S3_seed2025,zoo_20260916/ATCNet/2b_S3_seed2025,H200 NVL,original,
zoo/ATCNet,2b_S3_seed2026,zoo_20260916/ATCNet/2b_S3_seed2026,H200 NVL,original,
zoo/ATCNet,2b_S3_seed2027,zoo_20260916/ATCNet/2b_S3_seed2027,H200 NVL,original,
zoo/ATCNet,2b_S4_seed2025,zoo_20260916/ATCNet/2b_S4_seed2025,H200 NVL,original,
zoo/ATCNet,2b_S4_seed2026,zoo_20260916/ATCNet/2b_S4_seed2026,H200 NVL,original,
zoo/ATCNet,2b_S4_seed2027,zoo_20260916/ATCNet/2b_S4_seed2027,H200 NVL,original,
zoo/ATCNet,2b_S5_seed2025,zoo_20260916/ATCNet/2b_S5_seed2025,H200 NVL,original,
zoo/ATCNet,2b_S5_seed2026,zoo_20260916/ATCNet/2b_S5_seed2026,H200 NVL,original,
zoo/ATCNet,2b_S5_seed2027,zoo_20260916/ATCNet/2b_S5_seed2027,H200 NVL,original,
zoo/ATCNet,2b_S6_seed2025,zoo_20260916/ATCNet/2b_S6_seed2025,H200 NVL,original,
zoo/ATCNet,2b_S6_seed2026,zoo_20260916/ATCNet/2b_S6_seed2026,H200 NVL,original,
zoo/ATCNet,2b_S6_seed2027,zoo_20260916/ATCNet/2b_S6_seed2027,H200 NVL,original,
zoo/ATCNet,2b_S7_seed2025,zoo_20260916/ATCNet/2b_S7_seed2025,H200 NVL,original,
zoo/ATCNet,2b_S7_seed2026,zoo_20260916/ATCNet/2b_S7_seed2026,H200 NVL,original,
zoo/ATCNet,2b_S7_seed2027,zoo_20260916/ATCNet/2b_S7_seed2027,H200 NVL,original,
zoo/ATCNet,2b_S8_seed2025,zoo_20260916/ATCNet/2b_S8_seed2025,H200 NVL,original,
zoo/ATCNet,2b_S8_seed2026,zoo_20260916/ATCNet/2b_S8_seed2026,H200 NVL,original,
zoo/ATCNet,2b_S8_seed2027,zoo_20260916/ATCNet/2b_S8_seed2027,H200 NVL,original,
zoo/ATCNet,2b_S9_seed2025,zoo_20260916/ATCNet/2b_S9_seed2025,H200 NVL,original,
zoo/ATCNet,2b_S9_seed2026,zoo_20260916/ATCNet/2b_S9_seed2026,H200 NVL,original,
zoo/ATCNet,2b_S9_seed2027,zoo_20260916/ATCNet/2b_S9_seed2027,H200 NVL,original,
zoo/ATCNet,hgd_S10_seed2025,zoo_20260916/ATCNet/hgd_S10_seed2025,H200 NVL,original,
zoo/ATCNet,hgd_S1_seed2025,zoo_20260916/ATCNet/hgd_S1_seed2025,H200 NVL,original,
zoo/ATCNet,hgd_S2_seed2025,zoo_20260916/ATCNet/hgd_S2_seed2025,H200 NVL,original,
zoo/ATCNet,hgd_S3_seed2025,zoo_20260916/ATCNet/hgd_S3_seed2025,H200 NVL,original,
zoo/ATCNet,hgd_S4_seed2025,zoo_20260916/ATCNet/hgd_S4_seed2025,H200 NVL,original,
zoo/ATCNet,hgd_S5_seed2025,zoo_20260916/ATCNet/hgd_S5_seed2025,H200 NVL,original,
zoo/ATCNet,hgd_S6_seed2025,zoo_20260916/ATCNet/hgd_S6_seed2025,H200 NVL,original,
zoo/ATCNet,hgd_S7_seed2025,zoo_20260916/ATCNet/hgd_S7_seed2025,H200 NVL,original,
zoo/ATCNet,hgd_S8_seed2025,zoo_20260916/ATCNet/hgd_S8_seed2025,H200 NVL,original,
zoo/ATCNet,hgd_S9_seed2025,zoo_20260916/ATCNet/hgd_S9_seed2025,H200 NVL,original,
zoo/ATCNet,sdssvep_S10_seed2025,zoo_20260916/ATCNet/sdssvep_S10_seed2025,H200 NVL,original,
zoo/ATCNet,sdssvep_S10_seed2026,zoo_20260916/ATCNet/sdssvep_S10_seed2026,H200 NVL,original,
zoo/ATCNet,sdssvep_S10_seed2027,zoo_20260916/ATCNet/sdssvep_S10_seed2027,H200 NVL,original,
zoo/ATCNet,sdssvep_S1_seed2025,zoo_20260916/ATCNet/sdssvep_S1_seed2025,H200 NVL,original,
zoo/ATCNet,sdssvep_S1_seed2026,zoo_20260916/ATCNet/sdssvep_S1_seed2026,H200 NVL,original,
zoo/ATCNet,sdssvep_S1_seed2027,zoo_20260916/ATCNet/sdssvep_S1_seed2027,H200 NVL,original,
zoo/ATCNet,sdssvep_S2_seed2025,zoo_20260916/ATCNet/sdssvep_S2_seed2025,H200 NVL,original,
zoo/ATCNet,sdssvep_S2_seed2026,zoo_20260916/ATCNet/sdssvep_S2_seed2026,H200 NVL,original,
zoo/ATCNet,sdssvep_S2_seed2027,zoo_20260916/ATCNet/sdssvep_S2_seed2027,H200 NVL,original,
zoo/ATCNet,sdssvep_S3_seed2025,zoo_20260916/ATCNet/sdssvep_S3_seed2025,H200 NVL,original,
zoo/ATCNet,sdssvep_S3_seed2026,zoo_20260916/ATCNet/sdssvep_S3_seed2026,H200 NVL,original,
zoo/ATCNet,sdssvep_S3_seed2027,zoo_20260916/ATCNet/sdssvep_S3_seed2027,H200 NVL,original,
zoo/ATCNet,sdssvep_S4_seed2025,zoo_20260916/ATCNet/sdssvep_S4_seed2025,H200 NVL,original,
zoo/ATCNet,sdssvep_S4_seed2026,zoo_20260916/ATCNet/sdssvep_S4_seed2026,H200 NVL,original,
zoo/ATCNet,sdssvep_S4_seed2027,zoo_20260916/ATCNet/sdssvep_S4_seed2027,H200 NVL,original,
zoo/ATCNet,sdssvep_S5_seed2025,zoo_20260916/ATCNet/sdssvep_S5_seed2025,H200 NVL,original,
zoo/ATCNet,sdssvep_S5_seed2026,zoo_20260916/ATCNet/sdssvep_S5_seed2026,H200 NVL,original,
zoo/ATCNet,sdssvep_S5_seed2027,zoo_20260916/ATCNet/sdssvep_S5_seed2027,H200 NVL,original,
zoo/ATCNet,sdssvep_S6_seed2025,zoo_20260916/ATCNet/sdssvep_S6_seed2025,H200 NVL,original,
zoo/ATCNet,sdssvep_S6_seed2026,zoo_20260916/ATCNet/sdssvep_S6_seed2026,H200 NVL,original,
zoo/ATCNet,sdssvep_S6_seed2027,zoo_20260916/ATCNet/sdssvep_S6_seed2027,H200 NVL,original,
zoo/ATCNet,sdssvep_S7_seed2025,zoo_20260916/ATCNet/sdssvep_S7_seed2025,H200 NVL,original,
zoo/ATCNet,sdssvep_S7_seed2026,zoo_20260916/ATCNet/sdssvep_S7_seed2026,H200 NVL,original,
zoo/ATCNet,sdssvep_S7_seed2027,zoo_20260916/ATCNet/sdssvep_S7_seed2027,H200 NVL,original,
zoo/ATCNet,sdssvep_S8_seed2025,zoo_20260916/ATCNet/sdssvep_S8_seed2025,H200 NVL,original,
zoo/ATCNet,sdssvep_S8_seed2026,zoo_20260916/ATCNet/sdssvep_S8_seed2026,H200 NVL,original,
zoo/ATCNet,sdssvep_S8_seed2027,zoo_20260916/ATCNet/sdssvep_S8_seed2027,H200 NVL,original,
zoo/ATCNet,sdssvep_S9_seed2025,zoo_20260916/ATCNet/sdssvep_S9_seed2025,H200 NVL,original,
zoo/ATCNet,sdssvep_S9_seed2026,zoo_20260916/ATCNet/sdssvep_S9_seed2026,H200 NVL,original,
zoo/ATCNet,sdssvep_S9_seed2027,zoo_20260916/ATCNet/sdssvep_S9_seed2027,H200 NVL,original,
zoo/DMSANet,2a_S1_seed2025,zoo_20260916/DMSANet/2a_S1_seed2025,H200 NVL,original,
zoo/DMSANet,2a_S1_seed2026,zoo_20260916/DMSANet/2a_S1_seed2026,H200 NVL,original,
zoo/DMSANet,2a_S1_seed2027,zoo_20260916/DMSANet/2a_S1_seed2027,H200 NVL,original,
zoo/DMSANet,2a_S2_seed2025,zoo_20260916/DMSANet/2a_S2_seed2025,H200 NVL,original,
zoo/DMSANet,2a_S2_seed2026,zoo_20260916/DMSANet/2a_S2_seed2026,H200 NVL,original,
zoo/DMSANet,2a_S2_seed2027,zoo_20260916/DMSANet/2a_S2_seed2027,H200 NVL,original,
zoo/DMSANet,2a_S3_seed2025,zoo_20260916/DMSANet/2a_S3_seed2025,H200 NVL,original,
zoo/DMSANet,2a_S3_seed2026,zoo_20260916/DMSANet/2a_S3_seed2026,H200 NVL,original,
zoo/DMSANet,2a_S3_seed2027,zoo_20260916/DMSANet/2a_S3_seed2027,H200 NVL,original,
zoo/DMSANet,2a_S4_seed2025,zoo_20260916/DMSANet/2a_S4_seed2025,H200 NVL,original,
zoo/DMSANet,2a_S4_seed2026,zoo_20260916/DMSANet/2a_S4_seed2026,H200 NVL,original,
zoo/DMSANet,2a_S4_seed2027,zoo_20260916/DMSANet/2a_S4_seed2027,H200 NVL,original,
zoo/DMSANet,2a_S5_seed2025,zoo_20260916/DMSANet/2a_S5_seed2025,H200 NVL,original,
zoo/DMSANet,2a_S5_seed2026,zoo_20260916/DMSANet/2a_S5_seed2026,H200 NVL,original,
zoo/DMSANet,2a_S5_seed2027,zoo_20260916/DMSANet/2a_S5_seed2027,H200 NVL,original,
zoo/DMSANet,2a_S6_seed2025,zoo_20260916/DMSANet/2a_S6_seed2025,H200 NVL,original,
zoo/DMSANet,2a_S6_seed2026,zoo_20260916/DMSANet/2a_S6_seed2026,H200 NVL,original,
zoo/DMSANet,2a_S6_seed2027,zoo_20260916/DMSANet/2a_S6_seed2027,H200 NVL,original,
zoo/DMSANet,2a_S7_seed2025,zoo_20260916/DMSANet/2a_S7_seed2025,H200 NVL,original,
zoo/DMSANet,2a_S7_seed2026,zoo_20260916/DMSANet/2a_S7_seed2026,H200 NVL,original,
zoo/DMSANet,2a_S7_seed2027,zoo_20260916/DMSANet/2a_S7_seed2027,H200 NVL,original,
zoo/DMSANet,2a_S8_seed2025,zoo_20260916/DMSANet/2a_S8_seed2025,H200 NVL,original,
zoo/DMSANet,2a_S8_seed2026,zoo_20260916/DMSANet/2a_S8_seed2026,H200 NVL,original,
zoo/DMSANet,2a_S8_seed2027,zoo_20260916/DMSANet/2a_S8_seed2027,H200 NVL,original,
zoo/DMSANet,2a_S9_seed2025,zoo_20260916/DMSANet/2a_S9_seed2025,H200 NVL,original,
zoo/DMSANet,2a_S9_seed2026,zoo_20260916/DMSANet/2a_S9_seed2026,H200 NVL,original,
zoo/DMSANet,2a_S9_seed2027,zoo_20260916/DMSANet/2a_S9_seed2027,H200 NVL,original,
zoo/DMSANet,2b_S1_seed2025,zoo_20260916/DMSANet/2b_S1_seed2025,H200 NVL,original,
zoo/DMSANet,2b_S1_seed2026,zoo_20260916/DMSANet/2b_S1_seed2026,H200 NVL,original,
zoo/DMSANet,2b_S1_seed2027,zoo_20260916/DMSANet/2b_S1_seed2027,H200 NVL,original,
zoo/DMSANet,2b_S2_seed2025,zoo_20260916/DMSANet/2b_S2_seed2025,H200 NVL,original,
zoo/DMSANet,2b_S2_seed2026,zoo_20260916/DMSANet/2b_S2_seed2026,H200 NVL,original,
zoo/DMSANet,2b_S2_seed2027,zoo_20260916/DMSANet/2b_S2_seed2027,H200 NVL,original,
zoo/DMSANet,2b_S3_seed2025,zoo_20260916/DMSANet/2b_S3_seed2025,H200 NVL,original,
zoo/DMSANet,2b_S3_seed2026,zoo_20260916/DMSANet/2b_S3_seed2026,H200 NVL,original,
zoo/DMSANet,2b_S3_seed2027,zoo_20260916/DMSANet/2b_S3_seed2027,H200 NVL,original,
zoo/DMSANet,2b_S4_seed2025,zoo_20260916/DMSANet/2b_S4_seed2025,H200 NVL,original,
zoo/DMSANet,2b_S4_seed2026,zoo_20260916/DMSANet/2b_S4_seed2026,H200 NVL,original,
zoo/DMSANet,2b_S4_seed2027,zoo_20260916/DMSANet/2b_S4_seed2027,H200 NVL,original,
zoo/DMSANet,2b_S5_seed2025,zoo_20260916/DMSANet/2b_S5_seed2025,H200 NVL,original,
zoo/DMSANet,2b_S5_seed2026,zoo_20260916/DMSANet/2b_S5_seed2026,H200 NVL,original,
zoo/DMSANet,2b_S5_seed2027,zoo_20260916/DMSANet/2b_S5_seed2027,H200 NVL,original,
zoo/DMSANet,2b_S6_seed2025,zoo_20260916/DMSANet/2b_S6_seed2025,H200 NVL,original,
zoo/DMSANet,2b_S6_seed2026,zoo_20260916/DMSANet/2b_S6_seed2026,H200 NVL,original,
zoo/DMSANet,2b_S6_seed2027,zoo_20260916/DMSANet/2b_S6_seed2027,H200 NVL,original,
zoo/DMSANet,2b_S7_seed2025,zoo_20260916/DMSANet/2b_S7_seed2025,H200 NVL,original,
zoo/DMSANet,2b_S7_seed2026,zoo_20260916/DMSANet/2b_S7_seed2026,H200 NVL,original,
zoo/DMSANet,2b_S7_seed2027,zoo_20260916/DMSANet/2b_S7_seed2027,H200 NVL,original,
zoo/DMSANet,2b_S8_seed2025,zoo_20260916/DMSANet/2b_S8_seed2025,H200 NVL,original,
zoo/DMSANet,2b_S8_seed2026,zoo_20260916/DMSANet/2b_S8_seed2026,H200 NVL,original,
zoo/DMSANet,2b_S8_seed2027,zoo_20260916/DMSANet/2b_S8_seed2027,H200 NVL,original,
zoo/DMSANet,2b_S9_seed2025,zoo_20260916/DMSANet/2b_S9_seed2025,H200 NVL,original,
zoo/DMSANet,2b_S9_seed2026,zoo_20260916/DMSANet/2b_S9_seed2026,H200 NVL,original,
zoo/DMSANet,2b_S9_seed2027,zoo_20260916/DMSANet/2b_S9_seed2027,H200 NVL,original,
zoo/DMSANet,hgd_S10_seed2025,zoo_20260916/DMSANet/hgd_S10_seed2025,H200 NVL,original,
zoo/DMSANet,hgd_S1_seed2025,zoo_20260916/DMSANet/hgd_S1_seed2025,H200 NVL,original,
zoo/DMSANet,hgd_S2_seed2025,zoo_20260916/DMSANet/hgd_S2_seed2025,H200 NVL,original,
zoo/DMSANet,hgd_S3_seed2025,zoo_20260916/DMSANet/hgd_S3_seed2025,H200 NVL,original,
zoo/DMSANet,hgd_S4_seed2025,zoo_20260916/DMSANet/hgd_S4_seed2025,H200 NVL,original,
zoo/DMSANet,hgd_S5_seed2025,zoo_20260916/DMSANet/hgd_S5_seed2025,H200 NVL,original,
zoo/DMSANet,hgd_S6_seed2025,zoo_20260916/DMSANet/hgd_S6_seed2025,H200 NVL,original,
zoo/DMSANet,hgd_S7_seed2025,zoo_20260916/DMSANet/hgd_S7_seed2025,H200 NVL,original,
zoo/DMSANet,hgd_S8_seed2025,zoo_20260916/DMSANet/hgd_S8_seed2025,H200 NVL,original,
zoo/DMSANet,hgd_S9_seed2025,zoo_20260916/DMSANet/hgd_S9_seed2025,H200 NVL,original,
zoo/DMSANet,sdssvep_S10_seed2025,zoo_20260916/DMSANet/sdssvep_S10_seed2025,H200 NVL,original,
zoo/DMSANet,sdssvep_S10_seed2026,zoo_20260916/DMSANet/sdssvep_S10_seed2026,H200 NVL,original,
zoo/DMSANet,sdssvep_S10_seed2027,zoo_20260916/DMSANet/sdssvep_S10_seed2027,H200 NVL,original,
zoo/DMSANet,sdssvep_S1_seed2025,zoo_20260916/DMSANet/sdssvep_S1_seed2025,H200 NVL,original,
zoo/DMSANet,sdssvep_S1_seed2026,zoo_20260916/DMSANet/sdssvep_S1_seed2026,H200 NVL,original,
zoo/DMSANet,sdssvep_S1_seed2027,zoo_20260916/DMSANet/sdssvep_S1_seed2027,H200 NVL,original,
zoo/DMSANet,sdssvep_S2_seed2025,zoo_20260916/DMSANet/sdssvep_S2_seed2025,H200 NVL,original,
zoo/DMSANet,sdssvep_S2_seed2026,zoo_20260916/DMSANet/sdssvep_S2_seed2026,H200 NVL,original,
zoo/DMSANet,sdssvep_S2_seed2027,zoo_20260916/DMSANet/sdssvep_S2_seed2027,H200 NVL,original,
zoo/DMSANet,sdssvep_S3_seed2025,zoo_20260916/DMSANet/sdssvep_S3_seed2025,H200 NVL,original,
zoo/DMSANet,sdssvep_S3_seed2026,zoo_20260916/DMSANet/sdssvep_S3_seed2026,H200 NVL,original,
zoo/DMSANet,sdssvep_S3_seed2027,zoo_20260916/DMSANet/sdssvep_S3_seed2027,H200 NVL,original,
zoo/DMSANet,sdssvep_S4_seed2025,zoo_20260916/DMSANet/sdssvep_S4_seed2025,H200 NVL,original,
zoo/DMSANet,sdssvep_S4_seed2026,zoo_20260916/DMSANet/sdssvep_S4_seed2026,H200 NVL,original,
zoo/DMSANet,sdssvep_S4_seed2027,zoo_20260916/DMSANet/sdssvep_S4_seed2027,H200 NVL,original,
zoo/DMSANet,sdssvep_S5_seed2025,zoo_20260916/DMSANet/sdssvep_S5_seed2025,H200 NVL,original,
zoo/DMSANet,sdssvep_S5_seed2026,zoo_20260916/DMSANet/sdssvep_S5_seed2026,H200 NVL,original,
zoo/DMSANet,sdssvep_S5_seed2027,zoo_20260916/DMSANet/sdssvep_S5_seed2027,H200 NVL,original,
zoo/DMSANet,sdssvep_S6_seed2025,zoo_20260916/DMSANet/sdssvep_S6_seed2025,H200 NVL,original,
zoo/DMSANet,sdssvep_S6_seed2026,zoo_20260916/DMSANet/sdssvep_S6_seed2026,H200 NVL,original,
zoo/DMSANet,sdssvep_S6_seed2027,zoo_20260916/DMSANet/sdssvep_S6_seed2027,H200 NVL,original,
zoo/DMSANet,sdssvep_S7_seed2025,zoo_20260916/DMSANet/sdssvep_S7_seed2025,H200 NVL,original,
zoo/DMSANet,sdssvep_S7_seed2026,zoo_20260916/DMSANet/sdssvep_S7_seed2026,H200 NVL,original,
zoo/DMSANet,sdssvep_S7_seed2027,zoo_20260916/DMSANet/sdssvep_S7_seed2027,H200 NVL,original,
zoo/DMSANet,sdssvep_S8_seed2025,zoo_20260916/DMSANet/sdssvep_S8_seed2025,H200 NVL,original,
zoo/DMSANet,sdssvep_S8_seed2026,zoo_20260916/DMSANet/sdssvep_S8_seed2026,H200 NVL,original,
zoo/DMSANet,sdssvep_S8_seed2027,zoo_20260916/DMSANet/sdssvep_S8_seed2027,H200 NVL,original,
zoo/DMSANet,sdssvep_S9_seed2025,zoo_20260916/DMSANet/sdssvep_S9_seed2025,H200 NVL,original,
zoo/DMSANet,sdssvep_S9_seed2026,zoo_20260916/DMSANet/sdssvep_S9_seed2026,H200 NVL,original,
zoo/DMSANet,sdssvep_S9_seed2027,zoo_20260916/DMSANet/sdssvep_S9_seed2027,H200 NVL,original,
zoo/DeepConvNet,2a_S1_seed2025,zoo_20260916/DeepConvNet/2a_S1_seed2025,H200 NVL,original,
zoo/DeepConvNet,2a_S1_seed2026,zoo_20260916/DeepConvNet/2a_S1_seed2026,H200 NVL,original,
zoo/DeepConvNet,2a_S1_seed2027,zoo_20260916/DeepConvNet/2a_S1_seed2027,H200 NVL,original,
zoo/DeepConvNet,2a_S2_seed2025,zoo_20260916/DeepConvNet/2a_S2_seed2025,H200 NVL,original,
zoo/DeepConvNet,2a_S2_seed2026,zoo_20260916/DeepConvNet/2a_S2_seed2026,H200 NVL,original,
zoo/DeepConvNet,2a_S2_seed2027,zoo_20260916/DeepConvNet/2a_S2_seed2027,H200 NVL,original,
zoo/DeepConvNet,2a_S3_seed2025,zoo_20260916/DeepConvNet/2a_S3_seed2025,H200 NVL,original,
zoo/DeepConvNet,2a_S3_seed2026,zoo_20260916/DeepConvNet/2a_S3_seed2026,H200 NVL,original,
zoo/DeepConvNet,2a_S3_seed2027,zoo_20260916/DeepConvNet/2a_S3_seed2027,H200 NVL,original,
zoo/DeepConvNet,2a_S4_seed2025,zoo_20260916/DeepConvNet/2a_S4_seed2025,H200 NVL,original,
zoo/DeepConvNet,2a_S4_seed2026,zoo_20260916/DeepConvNet/2a_S4_seed2026,H200 NVL,original,
zoo/DeepConvNet,2a_S4_seed2027,zoo_20260916/DeepConvNet/2a_S4_seed2027,H200 NVL,original,
zoo/DeepConvNet,2a_S5_seed2025,zoo_20260916/DeepConvNet/2a_S5_seed2025,H200 NVL,original,
zoo/DeepConvNet,2a_S5_seed2026,zoo_20260916/DeepConvNet/2a_S5_seed2026,H200 NVL,original,
zoo/DeepConvNet,2a_S5_seed2027,zoo_20260916/DeepConvNet/2a_S5_seed2027,H200 NVL,original,
zoo/DeepConvNet,2a_S6_seed2025,zoo_20260916/DeepConvNet/2a_S6_seed2025,H200 NVL,original,
zoo/DeepConvNet,2a_S6_seed2026,zoo_20260916/DeepConvNet/2a_S6_seed2026,H200 NVL,original,
zoo/DeepConvNet,2a_S6_seed2027,zoo_20260916/DeepConvNet/2a_S6_seed2027,H200 NVL,original,
zoo/DeepConvNet,2a_S7_seed2025,zoo_20260916/DeepConvNet/2a_S7_seed2025,H200 NVL,original,
zoo/DeepConvNet,2a_S7_seed2026,zoo_20260916/DeepConvNet/2a_S7_seed2026,H200 NVL,original,
zoo/DeepConvNet,2a_S7_seed2027,zoo_20260916/DeepConvNet/2a_S7_seed2027,H200 NVL,original,
zoo/DeepConvNet,2a_S8_seed2025,zoo_20260916/DeepConvNet/2a_S8_seed2025,H200 NVL,original,
zoo/DeepConvNet,2a_S8_seed2026,zoo_20260916/DeepConvNet/2a_S8_seed2026,H200 NVL,original,
zoo/DeepConvNet,2a_S8_seed2027,zoo_20260916/DeepConvNet/2a_S8_seed2027,H200 NVL,original,
zoo/DeepConvNet,2a_S9_seed2025,zoo_20260916/DeepConvNet/2a_S9_seed2025,H200 NVL,original,
zoo/DeepConvNet,2a_S9_seed2026,zoo_20260916/DeepConvNet/2a_S9_seed2026,H200 NVL,original,
zoo/DeepConvNet,2a_S9_seed2027,zoo_20260916/DeepConvNet/2a_S9_seed2027,H200 NVL,original,
zoo/DeepConvNet,2b_S1_seed2025,zoo_20260916/DeepConvNet/2b_S1_seed2025,H200 NVL,original,
zoo/DeepConvNet,2b_S1_seed2026,zoo_20260916/DeepConvNet/2b_S1_seed2026,H200 NVL,original,
zoo/DeepConvNet,2b_S1_seed2027,zoo_20260916/DeepConvNet/2b_S1_seed2027,H200 NVL,original,
zoo/DeepConvNet,2b_S2_seed2025,zoo_20260916/DeepConvNet/2b_S2_seed2025,H200 NVL,original,
zoo/DeepConvNet,2b_S2_seed2026,zoo_20260916/DeepConvNet/2b_S2_seed2026,H200 NVL,original,
zoo/DeepConvNet,2b_S2_seed2027,zoo_20260916/DeepConvNet/2b_S2_seed2027,H200 NVL,original,
zoo/DeepConvNet,2b_S3_seed2025,zoo_20260916/DeepConvNet/2b_S3_seed2025,H200 NVL,original,
zoo/DeepConvNet,2b_S3_seed2026,zoo_20260916/DeepConvNet/2b_S3_seed2026,H200 NVL,original,
zoo/DeepConvNet,2b_S3_seed2027,zoo_20260916/DeepConvNet/2b_S3_seed2027,H200 NVL,original,
zoo/DeepConvNet,2b_S4_seed2025,zoo_20260916/DeepConvNet/2b_S4_seed2025,H200 NVL,original,
zoo/DeepConvNet,2b_S4_seed2026,zoo_20260916/DeepConvNet/2b_S4_seed2026,H200 NVL,original,
zoo/DeepConvNet,2b_S4_seed2027,zoo_20260916/DeepConvNet/2b_S4_seed2027,H200 NVL,original,
zoo/DeepConvNet,2b_S5_seed2025,zoo_20260916/DeepConvNet/2b_S5_seed2025,H200 NVL,original,
zoo/DeepConvNet,2b_S5_seed2026,zoo_20260916/DeepConvNet/2b_S5_seed2026,H200 NVL,original,
zoo/DeepConvNet,2b_S5_seed2027,zoo_20260916/DeepConvNet/2b_S5_seed2027,H200 NVL,original,
zoo/DeepConvNet,2b_S6_seed2025,zoo_20260916/DeepConvNet/2b_S6_seed2025,H200 NVL,original,
zoo/DeepConvNet,2b_S6_seed2026,zoo_20260916/DeepConvNet/2b_S6_seed2026,H200 NVL,original,
zoo/DeepConvNet,2b_S6_seed2027,zoo_20260916/DeepConvNet/2b_S6_seed2027,H200 NVL,original,
zoo/DeepConvNet,2b_S7_seed2025,zoo_20260916/DeepConvNet/2b_S7_seed2025,H200 NVL,original,
zoo/DeepConvNet,2b_S7_seed2026,zoo_20260916/DeepConvNet/2b_S7_seed2026,H200 NVL,original,
zoo/DeepConvNet,2b_S7_seed2027,zoo_20260916/DeepConvNet/2b_S7_seed2027,H200 NVL,original,
zoo/DeepConvNet,2b_S8_seed2025,zoo_20260916/DeepConvNet/2b_S8_seed2025,H200 NVL,original,
zoo/DeepConvNet,2b_S8_seed2026,zoo_20260916/DeepConvNet/2b_S8_seed2026,H200 NVL,original,
zoo/DeepConvNet,2b_S8_seed2027,zoo_20260916/DeepConvNet/2b_S8_seed2027,H200 NVL,original,
zoo/DeepConvNet,2b_S9_seed2025,zoo_20260916/DeepConvNet/2b_S9_seed2025,H200 NVL,original,
zoo/DeepConvNet,2b_S9_seed2026,zoo_20260916/DeepConvNet/2b_S9_seed2026,H200 NVL,original,
zoo/DeepConvNet,2b_S9_seed2027,zoo_20260916/DeepConvNet/2b_S9_seed2027,H200 NVL,original,
zoo/DeepConvNet,hgd_S10_seed2025,zoo_20260916/DeepConvNet/hgd_S10_seed2025,H200 NVL,original,
zoo/DeepConvNet,hgd_S11_seed2025,zoo_20260916/DeepConvNet/hgd_S11_seed2025,H200 NVL,original,
zoo/DeepConvNet,hgd_S1_seed2025,zoo_20260916/DeepConvNet/hgd_S1_seed2025,H200 NVL,original,
zoo/DeepConvNet,hgd_S2_seed2025,zoo_20260916/DeepConvNet/hgd_S2_seed2025,H200 NVL,original,
zoo/DeepConvNet,hgd_S3_seed2025,zoo_20260916/DeepConvNet/hgd_S3_seed2025,H200 NVL,original,
zoo/DeepConvNet,hgd_S4_seed2025,zoo_20260916/DeepConvNet/hgd_S4_seed2025,H200 NVL,original,
zoo/DeepConvNet,hgd_S5_seed2025,zoo_20260916/DeepConvNet/hgd_S5_seed2025,H200 NVL,original,
zoo/DeepConvNet,hgd_S6_seed2025,zoo_20260916/DeepConvNet/hgd_S6_seed2025,H200 NVL,original,
zoo/DeepConvNet,hgd_S7_seed2025,zoo_20260916/DeepConvNet/hgd_S7_seed2025,H200 NVL,original,
zoo/DeepConvNet,hgd_S8_seed2025,zoo_20260916/DeepConvNet/hgd_S8_seed2025,H200 NVL,original,
zoo/DeepConvNet,hgd_S9_seed2025,zoo_20260916/DeepConvNet/hgd_S9_seed2025,H200 NVL,original,
zoo/DeepConvNet,sdssvep_S10_seed2025,zoo_20260916/DeepConvNet/sdssvep_S10_seed2025,H200 NVL,original,
zoo/DeepConvNet,sdssvep_S10_seed2026,zoo_20260916/DeepConvNet/sdssvep_S10_seed2026,H200 NVL,original,
zoo/DeepConvNet,sdssvep_S10_seed2027,zoo_20260916/DeepConvNet/sdssvep_S10_seed2027,H200 NVL,original,
zoo/DeepConvNet,sdssvep_S1_seed2025,zoo_20260916/DeepConvNet/sdssvep_S1_seed2025,H200 NVL,original,
zoo/DeepConvNet,sdssvep_S1_seed2026,zoo_20260916/DeepConvNet/sdssvep_S1_seed2026,H200 NVL,original,
zoo/DeepConvNet,sdssvep_S1_seed2027,zoo_20260916/DeepConvNet/sdssvep_S1_seed2027,H200 NVL,original,
zoo/DeepConvNet,sdssvep_S2_seed2025,zoo_20260916/DeepConvNet/sdssvep_S2_seed2025,H200 NVL,original,
zoo/DeepConvNet,sdssvep_S2_seed2026,zoo_20260916/DeepConvNet/sdssvep_S2_seed2026,H200 NVL,original,
zoo/DeepConvNet,sdssvep_S2_seed2027,zoo_20260916/DeepConvNet/sdssvep_S2_seed2027,H200 NVL,original,
zoo/DeepConvNet,sdssvep_S3_seed2025,zoo_20260916/DeepConvNet/sdssvep_S3_seed2025,H200 NVL,original,
zoo/DeepConvNet,sdssvep_S3_seed2026,zoo_20260916/DeepConvNet/sdssvep_S3_seed2026,H200 NVL,original,
zoo/DeepConvNet,sdssvep_S3_seed2027,zoo_20260916/DeepConvNet/sdssvep_S3_seed2027,H200 NVL,original,
zoo/DeepConvNet,sdssvep_S4_seed2025,zoo_20260916/DeepConvNet/sdssvep_S4_seed2025,H200 NVL,original,
zoo/DeepConvNet,sdssvep_S4_seed2026,zoo_20260916/DeepConvNet/sdssvep_S4_seed2026,H200 NVL,original,
zoo/DeepConvNet,sdssvep_S4_seed2027,zoo_20260916/DeepConvNet/sdssvep_S4_seed2027,H200 NVL,original,
zoo/DeepConvNet,sdssvep_S5_seed2025,zoo_20260916/DeepConvNet/sdssvep_S5_seed2025,H200 NVL,original,
zoo/DeepConvNet,sdssvep_S5_seed2026,zoo_20260916/DeepConvNet/sdssvep_S5_seed2026,H200 NVL,original,
zoo/DeepConvNet,sdssvep_S5_seed2027,zoo_20260916/DeepConvNet/sdssvep_S5_seed2027,H200 NVL,original,
zoo/DeepConvNet,sdssvep_S6_seed2025,zoo_20260916/DeepConvNet/sdssvep_S6_seed2025,H200 NVL,original,
zoo/DeepConvNet,sdssvep_S6_seed2026,zoo_20260916/DeepConvNet/sdssvep_S6_seed2026,H200 NVL,original,
zoo/DeepConvNet,sdssvep_S6_seed2027,zoo_20260916/DeepConvNet/sdssvep_S6_seed2027,H200 NVL,original,
zoo/DeepConvNet,sdssvep_S7_seed2025,zoo_20260916/DeepConvNet/sdssvep_S7_seed2025,H200 NVL,original,
zoo/DeepConvNet,sdssvep_S7_seed2026,zoo_20260916/DeepConvNet/sdssvep_S7_seed2026,H200 NVL,original,
zoo/DeepConvNet,sdssvep_S7_seed2027,zoo_20260916/DeepConvNet/sdssvep_S7_seed2027,H200 NVL,original,
zoo/DeepConvNet,sdssvep_S8_seed2025,zoo_20260916/DeepConvNet/sdssvep_S8_seed2025,H200 NVL,original,
zoo/DeepConvNet,sdssvep_S8_seed2026,zoo_20260916/DeepConvNet/sdssvep_S8_seed2026,H200 NVL,original,
zoo/DeepConvNet,sdssvep_S8_seed2027,zoo_20260916/DeepConvNet/sdssvep_S8_seed2027,H200 NVL,original,
zoo/DeepConvNet,sdssvep_S9_seed2025,zoo_20260916/DeepConvNet/sdssvep_S9_seed2025,H200 NVL,original,
zoo/DeepConvNet,sdssvep_S9_seed2026,zoo_20260916/DeepConvNet/sdssvep_S9_seed2026,H200 NVL,original,
zoo/DeepConvNet,sdssvep_S9_seed2027,zoo_20260916/DeepConvNet/sdssvep_S9_seed2027,H200 NVL,original,
zoo/EEGNeX,2a_S1_seed2025,zoo_20260916/EEGNeX/2a_S1_seed2025,H200 NVL,original,
zoo/EEGNeX,2a_S1_seed2026,zoo_20260916/EEGNeX/2a_S1_seed2026,H200 NVL,original,
zoo/EEGNeX,2a_S1_seed2027,zoo_20260916/EEGNeX/2a_S1_seed2027,H200 NVL,original,
zoo/EEGNeX,2a_S2_seed2025,zoo_20260916/EEGNeX/2a_S2_seed2025,H200 NVL,original,
zoo/EEGNeX,2a_S2_seed2026,zoo_20260916/EEGNeX/2a_S2_seed2026,H200 NVL,original,
zoo/EEGNeX,2a_S2_seed2027,zoo_20260916/EEGNeX/2a_S2_seed2027,H200 NVL,original,
zoo/EEGNeX,2a_S3_seed2025,zoo_20260916/EEGNeX/2a_S3_seed2025,H200 NVL,original,
zoo/EEGNeX,2a_S3_seed2026,zoo_20260916/EEGNeX/2a_S3_seed2026,H200 NVL,original,
zoo/EEGNeX,2a_S3_seed2027,zoo_20260916/EEGNeX/2a_S3_seed2027,H200 NVL,original,
zoo/EEGNeX,2a_S4_seed2025,zoo_20260916/EEGNeX/2a_S4_seed2025,H200 NVL,original,
zoo/EEGNeX,2a_S4_seed2026,zoo_20260916/EEGNeX/2a_S4_seed2026,H200 NVL,original,
zoo/EEGNeX,2a_S4_seed2027,zoo_20260916/EEGNeX/2a_S4_seed2027,H200 NVL,original,
zoo/EEGNeX,2a_S5_seed2025,zoo_20260916/EEGNeX/2a_S5_seed2025,H200 NVL,original,
zoo/EEGNeX,2a_S5_seed2026,zoo_20260916/EEGNeX/2a_S5_seed2026,H200 NVL,original,
zoo/EEGNeX,2a_S5_seed2027,zoo_20260916/EEGNeX/2a_S5_seed2027,H200 NVL,original,
zoo/EEGNeX,2a_S6_seed2025,zoo_20260916/EEGNeX/2a_S6_seed2025,H200 NVL,original,
zoo/EEGNeX,2a_S6_seed2026,zoo_20260916/EEGNeX/2a_S6_seed2026,H200 NVL,original,
zoo/EEGNeX,2a_S6_seed2027,zoo_20260916/EEGNeX/2a_S6_seed2027,H200 NVL,original,
zoo/EEGNeX,2a_S7_seed2025,zoo_20260916/EEGNeX/2a_S7_seed2025,H200 NVL,original,
zoo/EEGNeX,2a_S7_seed2026,zoo_20260916/EEGNeX/2a_S7_seed2026,H200 NVL,original,
zoo/EEGNeX,2a_S7_seed2027,zoo_20260916/EEGNeX/2a_S7_seed2027,H200 NVL,original,
zoo/EEGNeX,2a_S8_seed2025,zoo_20260916/EEGNeX/2a_S8_seed2025,H200 NVL,original,
zoo/EEGNeX,2a_S8_seed2026,zoo_20260916/EEGNeX/2a_S8_seed2026,H200 NVL,original,
zoo/EEGNeX,2a_S8_seed2027,zoo_20260916/EEGNeX/2a_S8_seed2027,H200 NVL,original,
zoo/EEGNeX,2a_S9_seed2025,zoo_20260916/EEGNeX/2a_S9_seed2025,H200 NVL,original,
zoo/EEGNeX,2a_S9_seed2026,zoo_20260916/EEGNeX/2a_S9_seed2026,H200 NVL,original,
zoo/EEGNeX,2a_S9_seed2027,zoo_20260916/EEGNeX/2a_S9_seed2027,H200 NVL,original,
zoo/EEGNeX,2b_S1_seed2025,zoo_20260916/EEGNeX/2b_S1_seed2025,H200 NVL,original,
zoo/EEGNeX,2b_S1_seed2026,zoo_20260916/EEGNeX/2b_S1_seed2026,H200 NVL,original,
zoo/EEGNeX,2b_S1_seed2027,zoo_20260916/EEGNeX/2b_S1_seed2027,H200 NVL,original,
zoo/EEGNeX,2b_S2_seed2025,zoo_20260916/EEGNeX/2b_S2_seed2025,H200 NVL,original,
zoo/EEGNeX,2b_S2_seed2026,zoo_20260916/EEGNeX/2b_S2_seed2026,H200 NVL,original,
zoo/EEGNeX,2b_S2_seed2027,zoo_20260916/EEGNeX/2b_S2_seed2027,H200 NVL,original,
zoo/EEGNeX,2b_S3_seed2025,zoo_20260916/EEGNeX/2b_S3_seed2025,H200 NVL,original,
zoo/EEGNeX,2b_S3_seed2026,zoo_20260916/EEGNeX/2b_S3_seed2026,H200 NVL,original,
zoo/EEGNeX,2b_S3_seed2027,zoo_20260916/EEGNeX/2b_S3_seed2027,H200 NVL,original,
zoo/EEGNeX,2b_S4_seed2025,zoo_20260916/EEGNeX/2b_S4_seed2025,H200 NVL,original,
zoo/EEGNeX,2b_S4_seed2026,zoo_20260916/EEGNeX/2b_S4_seed2026,H200 NVL,original,
zoo/EEGNeX,2b_S4_seed2027,zoo_20260916/EEGNeX/2b_S4_seed2027,H200 NVL,original,
zoo/EEGNeX,2b_S5_seed2025,zoo_20260916/EEGNeX/2b_S5_seed2025,H200 NVL,original,
zoo/EEGNeX,2b_S5_seed2026,zoo_20260916/EEGNeX/2b_S5_seed2026,H200 NVL,original,
zoo/EEGNeX,2b_S5_seed2027,zoo_20260916/EEGNeX/2b_S5_seed2027,H200 NVL,original,
zoo/EEGNeX,2b_S6_seed2025,zoo_20260916/EEGNeX/2b_S6_seed2025,H200 NVL,original,
zoo/EEGNeX,2b_S6_seed2026,zoo_20260916/EEGNeX/2b_S6_seed2026,H200 NVL,original,
zoo/EEGNeX,2b_S6_seed2027,zoo_20260916/EEGNeX/2b_S6_seed2027,H200 NVL,original,
zoo/EEGNeX,2b_S7_seed2025,zoo_20260916/EEGNeX/2b_S7_seed2025,H200 NVL,original,
zoo/EEGNeX,2b_S7_seed2026,zoo_20260916/EEGNeX/2b_S7_seed2026,H200 NVL,original,
zoo/EEGNeX,2b_S7_seed2027,zoo_20260916/EEGNeX/2b_S7_seed2027,H200 NVL,original,
zoo/EEGNeX,2b_S8_seed2025,zoo_20260916/EEGNeX/2b_S8_seed2025,H200 NVL,original,
zoo/EEGNeX,2b_S8_seed2026,zoo_20260916/EEGNeX/2b_S8_seed2026,H200 NVL,original,
zoo/EEGNeX,2b_S8_seed2027,zoo_20260916/EEGNeX/2b_S8_seed2027,H200 NVL,original,
zoo/EEGNeX,2b_S9_seed2025,zoo_20260916/EEGNeX/2b_S9_seed2025,H200 NVL,original,
zoo/EEGNeX,2b_S9_seed2026,zoo_20260916/EEGNeX/2b_S9_seed2026,H200 NVL,original,
zoo/EEGNeX,2b_S9_seed2027,zoo_20260916/EEGNeX/2b_S9_seed2027,H200 NVL,original,
zoo/EEGNeX,hgd_S10_seed2025,zoo_20260916/EEGNeX/hgd_S10_seed2025,H200 NVL,original,
zoo/EEGNeX,hgd_S1_seed2025,zoo_20260916/EEGNeX/hgd_S1_seed2025,H200 NVL,original,
zoo/EEGNeX,hgd_S2_seed2025,zoo_20260916/EEGNeX/hgd_S2_seed2025,H200 NVL,original,
zoo/EEGNeX,hgd_S3_seed2025,zoo_20260916/EEGNeX/hgd_S3_seed2025,H200 NVL,original,
zoo/EEGNeX,hgd_S4_seed2025,zoo_20260916/EEGNeX/hgd_S4_seed2025,H200 NVL,original,
zoo/EEGNeX,hgd_S5_seed2025,zoo_20260916/EEGNeX/hgd_S5_seed2025,H200 NVL,original,
zoo/EEGNeX,hgd_S6_seed2025,zoo_20260916/EEGNeX/hgd_S6_seed2025,H200 NVL,original,
zoo/EEGNeX,hgd_S7_seed2025,zoo_20260916/EEGNeX/hgd_S7_seed2025,H200 NVL,original,
zoo/EEGNeX,hgd_S8_seed2025,zoo_20260916/EEGNeX/hgd_S8_seed2025,H200 NVL,original,
zoo/EEGNeX,hgd_S9_seed2025,zoo_20260916/EEGNeX/hgd_S9_seed2025,H200 NVL,original,
zoo/EEGNeX,sdssvep_S10_seed2025,zoo_20260916/EEGNeX/sdssvep_S10_seed2025,H200 NVL,original,
zoo/EEGNeX,sdssvep_S10_seed2026,zoo_20260916/EEGNeX/sdssvep_S10_seed2026,H200 NVL,original,
zoo/EEGNeX,sdssvep_S10_seed2027,zoo_20260916/EEGNeX/sdssvep_S10_seed2027,H200 NVL,original,
zoo/EEGNeX,sdssvep_S1_seed2025,zoo_20260916/EEGNeX/sdssvep_S1_seed2025,H200 NVL,original,
zoo/EEGNeX,sdssvep_S1_seed2026,zoo_20260916/EEGNeX/sdssvep_S1_seed2026,H200 NVL,original,
zoo/EEGNeX,sdssvep_S1_seed2027,zoo_20260916/EEGNeX/sdssvep_S1_seed2027,H200 NVL,original,
zoo/EEGNeX,sdssvep_S2_seed2025,zoo_20260916/EEGNeX/sdssvep_S2_seed2025,H200 NVL,original,
zoo/EEGNeX,sdssvep_S2_seed2026,zoo_20260916/EEGNeX/sdssvep_S2_seed2026,H200 NVL,original,
zoo/EEGNeX,sdssvep_S2_seed2027,zoo_20260916/EEGNeX/sdssvep_S2_seed2027,H200 NVL,original,
zoo/EEGNeX,sdssvep_S3_seed2025,zoo_20260916/EEGNeX/sdssvep_S3_seed2025,H200 NVL,original,
zoo/EEGNeX,sdssvep_S3_seed2026,zoo_20260916/EEGNeX/sdssvep_S3_seed2026,H200 NVL,original,
zoo/EEGNeX,sdssvep_S3_seed2027,zoo_20260916/EEGNeX/sdssvep_S3_seed2027,H200 NVL,original,
zoo/EEGNeX,sdssvep_S4_seed2025,zoo_20260916/EEGNeX/sdssvep_S4_seed2025,H200 NVL,original,
zoo/EEGNeX,sdssvep_S4_seed2026,zoo_20260916/EEGNeX/sdssvep_S4_seed2026,H200 NVL,original,
zoo/EEGNeX,sdssvep_S4_seed2027,zoo_20260916/EEGNeX/sdssvep_S4_seed2027,H200 NVL,original,
zoo/EEGNeX,sdssvep_S5_seed2025,zoo_20260916/EEGNeX/sdssvep_S5_seed2025,H200 NVL,original,
zoo/EEGNeX,sdssvep_S5_seed2026,zoo_20260916/EEGNeX/sdssvep_S5_seed2026,H200 NVL,original,
zoo/EEGNeX,sdssvep_S5_seed2027,zoo_20260916/EEGNeX/sdssvep_S5_seed2027,H200 NVL,original,
zoo/EEGNeX,sdssvep_S6_seed2025,zoo_20260916/EEGNeX/sdssvep_S6_seed2025,H200 NVL,original,
zoo/EEGNeX,sdssvep_S6_seed2026,zoo_20260916/EEGNeX/sdssvep_S6_seed2026,H200 NVL,original,
zoo/EEGNeX,sdssvep_S6_seed2027,zoo_20260916/EEGNeX/sdssvep_S6_seed2027,H200 NVL,original,
zoo/EEGNeX,sdssvep_S7_seed2025,zoo_20260916/EEGNeX/sdssvep_S7_seed2025,H200 NVL,original,
zoo/EEGNeX,sdssvep_S7_seed2026,zoo_20260916/EEGNeX/sdssvep_S7_seed2026,H200 NVL,original,
zoo/EEGNeX,sdssvep_S7_seed2027,zoo_20260916/EEGNeX/sdssvep_S7_seed2027,H200 NVL,original,
zoo/EEGNeX,sdssvep_S8_seed2025,zoo_20260916/EEGNeX/sdssvep_S8_seed2025,H200 NVL,original,
zoo/EEGNeX,sdssvep_S8_seed2026,zoo_20260916/EEGNeX/sdssvep_S8_seed2026,H200 NVL,original,
zoo/EEGNeX,sdssvep_S8_seed2027,zoo_20260916/EEGNeX/sdssvep_S8_seed2027,H200 NVL,original,
zoo/EEGNeX,sdssvep_S9_seed2025,zoo_20260916/EEGNeX/sdssvep_S9_seed2025,H200 NVL,original,
zoo/EEGNeX,sdssvep_S9_seed2026,zoo_20260916/EEGNeX/sdssvep_S9_seed2026,H200 NVL,original,
zoo/EEGNeX,sdssvep_S9_seed2027,zoo_20260916/EEGNeX/sdssvep_S9_seed2027,H200 NVL,original,
zoo/EEGNet,2a_S1_seed2025,zoo_20260916/EEGNet/2a_S1_seed2025,H200 NVL,original,
zoo/EEGNet,2a_S1_seed2026,zoo_20260916/EEGNet/2a_S1_seed2026,H200 NVL,original,
zoo/EEGNet,2a_S1_seed2027,zoo_20260916/EEGNet/2a_S1_seed2027,H200 NVL,original,
zoo/EEGNet,2a_S2_seed2025,zoo_20260916/EEGNet/2a_S2_seed2025,H200 NVL,original,
zoo/EEGNet,2a_S2_seed2026,zoo_20260916/EEGNet/2a_S2_seed2026,H200 NVL,original,
zoo/EEGNet,2a_S2_seed2027,zoo_20260916/EEGNet/2a_S2_seed2027,H200 NVL,original,
zoo/EEGNet,2a_S3_seed2025,zoo_20260916/EEGNet/2a_S3_seed2025,H200 NVL,original,
zoo/EEGNet,2a_S3_seed2026,zoo_20260916/EEGNet/2a_S3_seed2026,H200 NVL,original,
zoo/EEGNet,2a_S3_seed2027,zoo_20260916/EEGNet/2a_S3_seed2027,H200 NVL,original,
zoo/EEGNet,2a_S4_seed2025,zoo_20260916/EEGNet/2a_S4_seed2025,H200 NVL,original,
zoo/EEGNet,2a_S4_seed2026,zoo_20260916/EEGNet/2a_S4_seed2026,H200 NVL,original,
zoo/EEGNet,2a_S4_seed2027,zoo_20260916/EEGNet/2a_S4_seed2027,H200 NVL,original,
zoo/EEGNet,2a_S5_seed2025,zoo_20260916/EEGNet/2a_S5_seed2025,H200 NVL,original,
zoo/EEGNet,2a_S5_seed2026,zoo_20260916/EEGNet/2a_S5_seed2026,H200 NVL,original,
zoo/EEGNet,2a_S5_seed2027,zoo_20260916/EEGNet/2a_S5_seed2027,H200 NVL,original,
zoo/EEGNet,2a_S6_seed2025,zoo_20260916/EEGNet/2a_S6_seed2025,H200 NVL,original,
zoo/EEGNet,2a_S6_seed2026,zoo_20260916/EEGNet/2a_S6_seed2026,H200 NVL,original,
zoo/EEGNet,2a_S6_seed2027,zoo_20260916/EEGNet/2a_S6_seed2027,H200 NVL,original,
zoo/EEGNet,2a_S7_seed2025,zoo_20260916/EEGNet/2a_S7_seed2025,H200 NVL,original,
zoo/EEGNet,2a_S7_seed2026,zoo_20260916/EEGNet/2a_S7_seed2026,H200 NVL,original,
zoo/EEGNet,2a_S7_seed2027,zoo_20260916/EEGNet/2a_S7_seed2027,H200 NVL,original,
zoo/EEGNet,2a_S8_seed2025,zoo_20260916/EEGNet/2a_S8_seed2025,H200 NVL,original,
zoo/EEGNet,2a_S8_seed2026,zoo_20260916/EEGNet/2a_S8_seed2026,H200 NVL,original,
zoo/EEGNet,2a_S8_seed2027,zoo_20260916/EEGNet/2a_S8_seed2027,H200 NVL,original,
zoo/EEGNet,2a_S9_seed2025,zoo_20260916/EEGNet/2a_S9_seed2025,H200 NVL,original,
zoo/EEGNet,2a_S9_seed2026,zoo_20260916/EEGNet/2a_S9_seed2026,H200 NVL,original,
zoo/EEGNet,2a_S9_seed2027,zoo_20260916/EEGNet/2a_S9_seed2027,H200 NVL,original,
zoo/EEGNet,2b_S1_seed2025,zoo_20260916/EEGNet/2b_S1_seed2025,H200 NVL,original,
zoo/EEGNet,2b_S1_seed2026,zoo_20260916/EEGNet/2b_S1_seed2026,H200 NVL,original,
zoo/EEGNet,2b_S1_seed2027,zoo_20260916/EEGNet/2b_S1_seed2027,H200 NVL,original,
zoo/EEGNet,2b_S2_seed2025,zoo_20260916/EEGNet/2b_S2_seed2025,H200 NVL,original,
zoo/EEGNet,2b_S2_seed2026,zoo_20260916/EEGNet/2b_S2_seed2026,H200 NVL,original,
zoo/EEGNet,2b_S2_seed2027,zoo_20260916/EEGNet/2b_S2_seed2027,H200 NVL,original,
zoo/EEGNet,2b_S3_seed2025,zoo_20260916/EEGNet/2b_S3_seed2025,H200 NVL,original,
zoo/EEGNet,2b_S3_seed2026,zoo_20260916/EEGNet/2b_S3_seed2026,H200 NVL,original,
zoo/EEGNet,2b_S3_seed2027,zoo_20260916/EEGNet/2b_S3_seed2027,H200 NVL,original,
zoo/EEGNet,2b_S4_seed2025,zoo_20260916/EEGNet/2b_S4_seed2025,H200 NVL,original,
zoo/EEGNet,2b_S4_seed2026,zoo_20260916/EEGNet/2b_S4_seed2026,H200 NVL,original,
zoo/EEGNet,2b_S4_seed2027,zoo_20260916/EEGNet/2b_S4_seed2027,H200 NVL,original,
zoo/EEGNet,2b_S5_seed2025,zoo_20260916/EEGNet/2b_S5_seed2025,H200 NVL,original,
zoo/EEGNet,2b_S5_seed2026,zoo_20260916/EEGNet/2b_S5_seed2026,H200 NVL,original,
zoo/EEGNet,2b_S5_seed2027,zoo_20260916/EEGNet/2b_S5_seed2027,H200 NVL,original,
zoo/EEGNet,2b_S6_seed2025,zoo_20260916/EEGNet/2b_S6_seed2025,H200 NVL,original,
zoo/EEGNet,2b_S6_seed2026,zoo_20260916/EEGNet/2b_S6_seed2026,H200 NVL,original,
zoo/EEGNet,2b_S6_seed2027,zoo_20260916/EEGNet/2b_S6_seed2027,H200 NVL,original,
zoo/EEGNet,2b_S7_seed2025,zoo_20260916/EEGNet/2b_S7_seed2025,H200 NVL,original,
zoo/EEGNet,2b_S7_seed2026,zoo_20260916/EEGNet/2b_S7_seed2026,H200 NVL,original,
zoo/EEGNet,2b_S7_seed2027,zoo_20260916/EEGNet/2b_S7_seed2027,H200 NVL,original,
zoo/EEGNet,2b_S8_seed2025,zoo_20260916/EEGNet/2b_S8_seed2025,H200 NVL,original,
zoo/EEGNet,2b_S8_seed2026,zoo_20260916/EEGNet/2b_S8_seed2026,H200 NVL,original,
zoo/EEGNet,2b_S8_seed2027,zoo_20260916/EEGNet/2b_S8_seed2027,H200 NVL,original,
zoo/EEGNet,2b_S9_seed2025,zoo_20260916/EEGNet/2b_S9_seed2025,H200 NVL,original,
zoo/EEGNet,2b_S9_seed2026,zoo_20260916/EEGNet/2b_S9_seed2026,H200 NVL,original,
zoo/EEGNet,2b_S9_seed2027,zoo_20260916/EEGNet/2b_S9_seed2027,H200 NVL,original,
zoo/EEGNet,hgd_S10_seed2025,zoo_20260916/EEGNet/hgd_S10_seed2025,H200 NVL,original,
zoo/EEGNet,hgd_S1_seed2025,zoo_20260916/EEGNet/hgd_S1_seed2025,H200 NVL,original,
zoo/EEGNet,hgd_S2_seed2025,zoo_20260916/EEGNet/hgd_S2_seed2025,H200 NVL,original,
zoo/EEGNet,hgd_S3_seed2025,zoo_20260916/EEGNet/hgd_S3_seed2025,H200 NVL,original,
zoo/EEGNet,hgd_S4_seed2025,zoo_20260916/EEGNet/hgd_S4_seed2025,H200 NVL,original,
zoo/EEGNet,hgd_S5_seed2025,zoo_20260916/EEGNet/hgd_S5_seed2025,H200 NVL,original,
zoo/EEGNet,hgd_S6_seed2025,zoo_20260916/EEGNet/hgd_S6_seed2025,H200 NVL,original,
zoo/EEGNet,hgd_S7_seed2025,zoo_20260916/EEGNet/hgd_S7_seed2025,H200 NVL,original,
zoo/EEGNet,hgd_S8_seed2025,zoo_20260916/EEGNet/hgd_S8_seed2025,H200 NVL,original,
zoo/EEGNet,hgd_S9_seed2025,zoo_20260916/EEGNet/hgd_S9_seed2025,H200 NVL,original,
zoo/EEGNet,sdssvep_S10_seed2025,zoo_20260916/EEGNet/sdssvep_S10_seed2025,H200 NVL,original,
zoo/EEGNet,sdssvep_S10_seed2026,zoo_20260916/EEGNet/sdssvep_S10_seed2026,H200 NVL,original,
zoo/EEGNet,sdssvep_S10_seed2027,zoo_20260916/EEGNet/sdssvep_S10_seed2027,H200 NVL,original,
zoo/EEGNet,sdssvep_S1_seed2025,zoo_20260916/EEGNet/sdssvep_S1_seed2025,H200 NVL,original,
zoo/EEGNet,sdssvep_S1_seed2026,zoo_20260916/EEGNet/sdssvep_S1_seed2026,H200 NVL,original,
zoo/EEGNet,sdssvep_S1_seed2027,zoo_20260916/EEGNet/sdssvep_S1_seed2027,H200 NVL,original,
zoo/EEGNet,sdssvep_S2_seed2025,zoo_20260916/EEGNet/sdssvep_S2_seed2025,H200 NVL,original,
zoo/EEGNet,sdssvep_S2_seed2026,zoo_20260916/EEGNet/sdssvep_S2_seed2026,H200 NVL,original,
zoo/EEGNet,sdssvep_S2_seed2027,zoo_20260916/EEGNet/sdssvep_S2_seed2027,H200 NVL,original,
zoo/EEGNet,sdssvep_S3_seed2025,zoo_20260916/EEGNet/sdssvep_S3_seed2025,H200 NVL,original,
zoo/EEGNet,sdssvep_S3_seed2026,zoo_20260916/EEGNet/sdssvep_S3_seed2026,H200 NVL,original,
zoo/EEGNet,sdssvep_S3_seed2027,zoo_20260916/EEGNet/sdssvep_S3_seed2027,H200 NVL,original,
zoo/EEGNet,sdssvep_S4_seed2025,zoo_20260916/EEGNet/sdssvep_S4_seed2025,H200 NVL,original,
zoo/EEGNet,sdssvep_S4_seed2026,zoo_20260916/EEGNet/sdssvep_S4_seed2026,H200 NVL,original,
zoo/EEGNet,sdssvep_S4_seed2027,zoo_20260916/EEGNet/sdssvep_S4_seed2027,H200 NVL,original,
zoo/EEGNet,sdssvep_S5_seed2025,zoo_20260916/EEGNet/sdssvep_S5_seed2025,H200 NVL,original,
zoo/EEGNet,sdssvep_S5_seed2026,zoo_20260916/EEGNet/sdssvep_S5_seed2026,H200 NVL,original,
zoo/EEGNet,sdssvep_S5_seed2027,zoo_20260916/EEGNet/sdssvep_S5_seed2027,H200 NVL,original,
zoo/EEGNet,sdssvep_S6_seed2025,zoo_20260916/EEGNet/sdssvep_S6_seed2025,H200 NVL,original,
zoo/EEGNet,sdssvep_S6_seed2026,zoo_20260916/EEGNet/sdssvep_S6_seed2026,H200 NVL,original,
zoo/EEGNet,sdssvep_S6_seed2027,zoo_20260916/EEGNet/sdssvep_S6_seed2027,H200 NVL,original,
zoo/EEGNet,sdssvep_S7_seed2025,zoo_20260916/EEGNet/sdssvep_S7_seed2025,H200 NVL,original,
zoo/EEGNet,sdssvep_S7_seed2026,zoo_20260916/EEGNet/sdssvep_S7_seed2026,H200 NVL,original,
zoo/EEGNet,sdssvep_S7_seed2027,zoo_20260916/EEGNet/sdssvep_S7_seed2027,H200 NVL,original,
zoo/EEGNet,sdssvep_S8_seed2025,zoo_20260916/EEGNet/sdssvep_S8_seed2025,H200 NVL,original,
zoo/EEGNet,sdssvep_S8_seed2026,zoo_20260916/EEGNet/sdssvep_S8_seed2026,H200 NVL,original,
zoo/EEGNet,sdssvep_S8_seed2027,zoo_20260916/EEGNet/sdssvep_S8_seed2027,H200 NVL,original,
zoo/EEGNet,sdssvep_S9_seed2025,zoo_20260916/EEGNet/sdssvep_S9_seed2025,H200 NVL,original,
zoo/EEGNet,sdssvep_S9_seed2026,zoo_20260916/EEGNet/sdssvep_S9_seed2026,H200 NVL,original,
zoo/EEGNet,sdssvep_S9_seed2027,zoo_20260916/EEGNet/sdssvep_S9_seed2027,H200 NVL,original,
zoo/EEGTCNet,2a_S1_seed2025,zoo_20260916/EEGTCNet/2a_S1_seed2025,H200 NVL,original,
zoo/EEGTCNet,2a_S1_seed2026,zoo_20260916/EEGTCNet/2a_S1_seed2026,H200 NVL,original,
zoo/EEGTCNet,2a_S1_seed2027,zoo_20260916/EEGTCNet/2a_S1_seed2027,H200 NVL,original,
zoo/EEGTCNet,2a_S2_seed2025,zoo_20260916/EEGTCNet/2a_S2_seed2025,H200 NVL,original,
zoo/EEGTCNet,2a_S2_seed2026,zoo_20260916/EEGTCNet/2a_S2_seed2026,H200 NVL,original,
zoo/EEGTCNet,2a_S2_seed2027,zoo_20260916/EEGTCNet/2a_S2_seed2027,H200 NVL,original,
zoo/EEGTCNet,2a_S3_seed2025,zoo_20260916/EEGTCNet/2a_S3_seed2025,H200 NVL,original,
zoo/EEGTCNet,2a_S3_seed2026,zoo_20260916/EEGTCNet/2a_S3_seed2026,H200 NVL,original,
zoo/EEGTCNet,2a_S3_seed2027,zoo_20260916/EEGTCNet/2a_S3_seed2027,H200 NVL,original,
zoo/EEGTCNet,2a_S4_seed2025,zoo_20260916/EEGTCNet/2a_S4_seed2025,H200 NVL,original,
zoo/EEGTCNet,2a_S4_seed2026,zoo_20260916/EEGTCNet/2a_S4_seed2026,H200 NVL,original,
zoo/EEGTCNet,2a_S4_seed2027,zoo_20260916/EEGTCNet/2a_S4_seed2027,H200 NVL,original,
zoo/EEGTCNet,2a_S5_seed2025,zoo_20260916/EEGTCNet/2a_S5_seed2025,H200 NVL,original,
zoo/EEGTCNet,2a_S5_seed2026,zoo_20260916/EEGTCNet/2a_S5_seed2026,H200 NVL,original,
zoo/EEGTCNet,2a_S5_seed2027,zoo_20260916/EEGTCNet/2a_S5_seed2027,H200 NVL,original,
zoo/EEGTCNet,2a_S6_seed2025,zoo_20260916/EEGTCNet/2a_S6_seed2025,H200 NVL,original,
zoo/EEGTCNet,2a_S6_seed2026,zoo_20260916/EEGTCNet/2a_S6_seed2026,H200 NVL,original,
zoo/EEGTCNet,2a_S6_seed2027,zoo_20260916/EEGTCNet/2a_S6_seed2027,H200 NVL,original,
zoo/EEGTCNet,2a_S7_seed2025,zoo_20260916/EEGTCNet/2a_S7_seed2025,H200 NVL,original,
zoo/EEGTCNet,2a_S7_seed2026,zoo_20260916/EEGTCNet/2a_S7_seed2026,H200 NVL,original,
zoo/EEGTCNet,2a_S7_seed2027,zoo_20260916/EEGTCNet/2a_S7_seed2027,H200 NVL,original,
zoo/EEGTCNet,2a_S8_seed2025,zoo_20260916/EEGTCNet/2a_S8_seed2025,H200 NVL,original,
zoo/EEGTCNet,2a_S8_seed2026,zoo_20260916/EEGTCNet/2a_S8_seed2026,H200 NVL,original,
zoo/EEGTCNet,2a_S8_seed2027,zoo_20260916/EEGTCNet/2a_S8_seed2027,H200 NVL,original,
zoo/EEGTCNet,2a_S9_seed2025,zoo_20260916/EEGTCNet/2a_S9_seed2025,H200 NVL,original,
zoo/EEGTCNet,2a_S9_seed2026,zoo_20260916/EEGTCNet/2a_S9_seed2026,H200 NVL,original,
zoo/EEGTCNet,2a_S9_seed2027,zoo_20260916/EEGTCNet/2a_S9_seed2027,H200 NVL,original,
zoo/EEGTCNet,2b_S1_seed2025,zoo_20260916/EEGTCNet/2b_S1_seed2025,H200 NVL,original,
zoo/EEGTCNet,2b_S1_seed2026,zoo_20260916/EEGTCNet/2b_S1_seed2026,H200 NVL,original,
zoo/EEGTCNet,2b_S1_seed2027,zoo_20260916/EEGTCNet/2b_S1_seed2027,H200 NVL,original,
zoo/EEGTCNet,2b_S2_seed2025,zoo_20260916/EEGTCNet/2b_S2_seed2025,H200 NVL,original,
zoo/EEGTCNet,2b_S2_seed2026,zoo_20260916/EEGTCNet/2b_S2_seed2026,H200 NVL,original,
zoo/EEGTCNet,2b_S2_seed2027,zoo_20260916/EEGTCNet/2b_S2_seed2027,H200 NVL,original,
zoo/EEGTCNet,2b_S3_seed2025,zoo_20260916/EEGTCNet/2b_S3_seed2025,H200 NVL,original,
zoo/EEGTCNet,2b_S3_seed2026,zoo_20260916/EEGTCNet/2b_S3_seed2026,H200 NVL,original,
zoo/EEGTCNet,2b_S3_seed2027,zoo_20260916/EEGTCNet/2b_S3_seed2027,H200 NVL,original,
zoo/EEGTCNet,2b_S4_seed2025,zoo_20260916/EEGTCNet/2b_S4_seed2025,H200 NVL,original,
zoo/EEGTCNet,2b_S4_seed2026,zoo_20260916/EEGTCNet/2b_S4_seed2026,H200 NVL,original,
zoo/EEGTCNet,2b_S4_seed2027,zoo_20260916/EEGTCNet/2b_S4_seed2027,H200 NVL,original,
zoo/EEGTCNet,2b_S5_seed2025,zoo_20260916/EEGTCNet/2b_S5_seed2025,H200 NVL,original,
zoo/EEGTCNet,2b_S5_seed2026,zoo_20260916/EEGTCNet/2b_S5_seed2026,H200 NVL,original,
zoo/EEGTCNet,2b_S5_seed2027,zoo_20260916/EEGTCNet/2b_S5_seed2027,H200 NVL,original,
zoo/EEGTCNet,2b_S6_seed2025,zoo_20260916/EEGTCNet/2b_S6_seed2025,H200 NVL,original,
zoo/EEGTCNet,2b_S6_seed2026,zoo_20260916/EEGTCNet/2b_S6_seed2026,H200 NVL,original,
zoo/EEGTCNet,2b_S6_seed2027,zoo_20260916/EEGTCNet/2b_S6_seed2027,H200 NVL,original,
zoo/EEGTCNet,2b_S7_seed2025,zoo_20260916/EEGTCNet/2b_S7_seed2025,H200 NVL,original,
zoo/EEGTCNet,2b_S7_seed2026,zoo_20260916/EEGTCNet/2b_S7_seed2026,H200 NVL,original,
zoo/EEGTCNet,2b_S7_seed2027,zoo_20260916/EEGTCNet/2b_S7_seed2027,H200 NVL,original,
zoo/EEGTCNet,2b_S8_seed2025,zoo_20260916/EEGTCNet/2b_S8_seed2025,H200 NVL,original,
zoo/EEGTCNet,2b_S8_seed2026,zoo_20260916/EEGTCNet/2b_S8_seed2026,H200 NVL,original,
zoo/EEGTCNet,2b_S8_seed2027,zoo_20260916/EEGTCNet/2b_S8_seed2027,H200 NVL,original,
zoo/EEGTCNet,2b_S9_seed2025,zoo_20260916/EEGTCNet/2b_S9_seed2025,H200 NVL,original,
zoo/EEGTCNet,2b_S9_seed2026,zoo_20260916/EEGTCNet/2b_S9_seed2026,H200 NVL,original,
zoo/EEGTCNet,2b_S9_seed2027,zoo_20260916/EEGTCNet/2b_S9_seed2027,H200 NVL,original,
zoo/EEGTCNet,hgd_S10_seed2025,zoo_20260916/EEGTCNet/hgd_S10_seed2025,H200 NVL,original,
zoo/EEGTCNet,hgd_S1_seed2025,zoo_20260916/EEGTCNet/hgd_S1_seed2025,H200 NVL,original,
zoo/EEGTCNet,hgd_S2_seed2025,zoo_20260916/EEGTCNet/hgd_S2_seed2025,H200 NVL,original,
zoo/EEGTCNet,hgd_S3_seed2025,zoo_20260916/EEGTCNet/hgd_S3_seed2025,H200 NVL,original,
zoo/EEGTCNet,hgd_S4_seed2025,zoo_20260916/EEGTCNet/hgd_S4_seed2025,H200 NVL,original,
zoo/EEGTCNet,hgd_S5_seed2025,zoo_20260916/EEGTCNet/hgd_S5_seed2025,H200 NVL,original,
zoo/EEGTCNet,hgd_S6_seed2025,zoo_20260916/EEGTCNet/hgd_S6_seed2025,H200 NVL,original,
zoo/EEGTCNet,hgd_S7_seed2025,zoo_20260916/EEGTCNet/hgd_S7_seed2025,H200 NVL,original,
zoo/EEGTCNet,hgd_S8_seed2025,zoo_20260916/EEGTCNet/hgd_S8_seed2025,H200 NVL,original,
zoo/EEGTCNet,hgd_S9_seed2025,zoo_20260916/EEGTCNet/hgd_S9_seed2025,H200 NVL,original,
zoo/EEGTCNet,sdssvep_S10_seed2025,zoo_20260916/EEGTCNet/sdssvep_S10_seed2025,H200 NVL,original,
zoo/EEGTCNet,sdssvep_S10_seed2026,zoo_20260916/EEGTCNet/sdssvep_S10_seed2026,H200 NVL,original,
zoo/EEGTCNet,sdssvep_S10_seed2027,zoo_20260916/EEGTCNet/sdssvep_S10_seed2027,H200 NVL,original,
zoo/EEGTCNet,sdssvep_S1_seed2025,zoo_20260916/EEGTCNet/sdssvep_S1_seed2025,H200 NVL,original,
zoo/EEGTCNet,sdssvep_S1_seed2026,zoo_20260916/EEGTCNet/sdssvep_S1_seed2026,H200 NVL,original,
zoo/EEGTCNet,sdssvep_S1_seed2027,zoo_20260916/EEGTCNet/sdssvep_S1_seed2027,H200 NVL,original,
zoo/EEGTCNet,sdssvep_S2_seed2025,zoo_20260916/EEGTCNet/sdssvep_S2_seed2025,H200 NVL,original,
zoo/EEGTCNet,sdssvep_S2_seed2026,zoo_20260916/EEGTCNet/sdssvep_S2_seed2026,H200 NVL,original,
zoo/EEGTCNet,sdssvep_S2_seed2027,zoo_20260916/EEGTCNet/sdssvep_S2_seed2027,H200 NVL,original,
zoo/EEGTCNet,sdssvep_S3_seed2025,zoo_20260916/EEGTCNet/sdssvep_S3_seed2025,H200 NVL,original,
zoo/EEGTCNet,sdssvep_S3_seed2026,zoo_20260916/EEGTCNet/sdssvep_S3_seed2026,H200 NVL,original,
zoo/EEGTCNet,sdssvep_S3_seed2027,zoo_20260916/EEGTCNet/sdssvep_S3_seed2027,H200 NVL,original,
zoo/EEGTCNet,sdssvep_S4_seed2025,zoo_20260916/EEGTCNet/sdssvep_S4_seed2025,H200 NVL,original,
zoo/EEGTCNet,sdssvep_S4_seed2026,zoo_20260916/EEGTCNet/sdssvep_S4_seed2026,H200 NVL,original,
zoo/EEGTCNet,sdssvep_S4_seed2027,zoo_20260916/EEGTCNet/sdssvep_S4_seed2027,H200 NVL,original,
zoo/EEGTCNet,sdssvep_S5_seed2025,zoo_20260916/EEGTCNet/sdssvep_S5_seed2025,H200 NVL,original,
zoo/EEGTCNet,sdssvep_S5_seed2026,zoo_20260916/EEGTCNet/sdssvep_S5_seed2026,H200 NVL,original,
zoo/EEGTCNet,sdssvep_S5_seed2027,zoo_20260916/EEGTCNet/sdssvep_S5_seed2027,H200 NVL,original,
zoo/EEGTCNet,sdssvep_S6_seed2025,zoo_20260916/EEGTCNet/sdssvep_S6_seed2025,H200 NVL,original,
zoo/EEGTCNet,sdssvep_S6_seed2026,zoo_20260916/EEGTCNet/sdssvep_S6_seed2026,H200 NVL,original,
zoo/EEGTCNet,sdssvep_S6_seed2027,zoo_20260916/EEGTCNet/sdssvep_S6_seed2027,H200 NVL,original,
zoo/EEGTCNet,sdssvep_S7_seed2025,zoo_20260916/EEGTCNet/sdssvep_S7_seed2025,H200 NVL,original,
zoo/EEGTCNet,sdssvep_S7_seed2026,zoo_20260916/EEGTCNet/sdssvep_S7_seed2026,H200 NVL,original,
zoo/EEGTCNet,sdssvep_S7_seed2027,zoo_20260916/EEGTCNet/sdssvep_S7_seed2027,H200 NVL,original,
zoo/EEGTCNet,sdssvep_S8_seed2025,zoo_20260916/EEGTCNet/sdssvep_S8_seed2025,H200 NVL,original,
zoo/EEGTCNet,sdssvep_S8_seed2026,zoo_20260916/EEGTCNet/sdssvep_S8_seed2026,H200 NVL,original,
zoo/EEGTCNet,sdssvep_S8_seed2027,zoo_20260916/EEGTCNet/sdssvep_S8_seed2027,H200 NVL,original,
zoo/EEGTCNet,sdssvep_S9_seed2025,zoo_20260916/EEGTCNet/sdssvep_S9_seed2025,H200 NVL,original,
zoo/EEGTCNet,sdssvep_S9_seed2026,zoo_20260916/EEGTCNet/sdssvep_S9_seed2026,H200 NVL,original,
zoo/EEGTCNet,sdssvep_S9_seed2027,zoo_20260916/EEGTCNet/sdssvep_S9_seed2027,H200 NVL,original,
zoo/EISATC,2a_S1_seed2025,zoo_20260916/EISATC/2a_S1_seed2025,H200 NVL,original,
zoo/EISATC,2a_S1_seed2026,zoo_20260916/EISATC/2a_S1_seed2026,H200 NVL,original,
zoo/EISATC,2a_S1_seed2027,zoo_20260916/EISATC/2a_S1_seed2027,H200 NVL,original,
zoo/EISATC,2a_S2_seed2025,zoo_20260916/EISATC/2a_S2_seed2025,H200 NVL,original,
zoo/EISATC,2a_S2_seed2026,zoo_20260916/EISATC/2a_S2_seed2026,H200 NVL,original,
zoo/EISATC,2a_S2_seed2027,zoo_20260916/EISATC/2a_S2_seed2027,H200 NVL,original,
zoo/EISATC,2a_S3_seed2025,zoo_20260916/EISATC/2a_S3_seed2025,H200 NVL,original,
zoo/EISATC,2a_S3_seed2026,zoo_20260916/EISATC/2a_S3_seed2026,H200 NVL,original,
zoo/EISATC,2a_S3_seed2027,zoo_20260916/EISATC/2a_S3_seed2027,H200 NVL,original,
zoo/EISATC,2a_S4_seed2025,zoo_20260916/EISATC/2a_S4_seed2025,H200 NVL,original,
zoo/EISATC,2a_S4_seed2026,zoo_20260916/EISATC/2a_S4_seed2026,H200 NVL,original,
zoo/EISATC,2a_S4_seed2027,zoo_20260916/EISATC/2a_S4_seed2027,H200 NVL,original,
zoo/EISATC,2a_S5_seed2025,zoo_20260916/EISATC/2a_S5_seed2025,H200 NVL,original,
zoo/EISATC,2a_S5_seed2026,zoo_20260916/EISATC/2a_S5_seed2026,H200 NVL,original,
zoo/EISATC,2a_S5_seed2027,zoo_20260916/EISATC/2a_S5_seed2027,H200 NVL,original,
zoo/EISATC,2a_S6_seed2025,zoo_20260916/EISATC/2a_S6_seed2025,H200 NVL,original,
zoo/EISATC,2a_S6_seed2026,zoo_20260916/EISATC/2a_S6_seed2026,H200 NVL,original,
zoo/EISATC,2a_S6_seed2027,zoo_20260916/EISATC/2a_S6_seed2027,H200 NVL,original,
zoo/EISATC,2a_S7_seed2025,zoo_20260916/EISATC/2a_S7_seed2025,H200 NVL,original,
zoo/EISATC,2a_S7_seed2026,zoo_20260916/EISATC/2a_S7_seed2026,H200 NVL,original,
zoo/EISATC,2a_S7_seed2027,zoo_20260916/EISATC/2a_S7_seed2027,H200 NVL,original,
zoo/EISATC,2a_S8_seed2025,zoo_20260916/EISATC/2a_S8_seed2025,H200 NVL,original,
zoo/EISATC,2a_S8_seed2026,zoo_20260916/EISATC/2a_S8_seed2026,H200 NVL,original,
zoo/EISATC,2a_S8_seed2027,zoo_20260916/EISATC/2a_S8_seed2027,H200 NVL,original,
zoo/EISATC,2a_S9_seed2025,zoo_20260916/EISATC/2a_S9_seed2025,H200 NVL,original,
zoo/EISATC,2a_S9_seed2026,zoo_20260916/EISATC/2a_S9_seed2026,H200 NVL,original,
zoo/EISATC,2a_S9_seed2027,zoo_20260916/EISATC/2a_S9_seed2027,H200 NVL,original,
zoo/EISATC,2b_S1_seed2025,zoo_20260916/EISATC/2b_S1_seed2025,H200 NVL,original,
zoo/EISATC,2b_S1_seed2026,zoo_20260916/EISATC/2b_S1_seed2026,H200 NVL,original,
zoo/EISATC,2b_S1_seed2027,zoo_20260916/EISATC/2b_S1_seed2027,H200 NVL,original,
zoo/EISATC,2b_S2_seed2025,zoo_20260916/EISATC/2b_S2_seed2025,H200 NVL,original,
zoo/EISATC,2b_S2_seed2026,zoo_20260916/EISATC/2b_S2_seed2026,H200 NVL,original,
zoo/EISATC,2b_S2_seed2027,zoo_20260916/EISATC/2b_S2_seed2027,H200 NVL,original,
zoo/EISATC,2b_S3_seed2025,zoo_20260916/EISATC/2b_S3_seed2025,H200 NVL,original,
zoo/EISATC,2b_S3_seed2026,zoo_20260916/EISATC/2b_S3_seed2026,H200 NVL,original,
zoo/EISATC,2b_S3_seed2027,zoo_20260916/EISATC/2b_S3_seed2027,H200 NVL,original,
zoo/EISATC,2b_S4_seed2025,zoo_20260916/EISATC/2b_S4_seed2025,H200 NVL,original,
zoo/EISATC,2b_S4_seed2026,zoo_20260916/EISATC/2b_S4_seed2026,H200 NVL,original,
zoo/EISATC,2b_S4_seed2027,zoo_20260916/EISATC/2b_S4_seed2027,H200 NVL,original,
zoo/EISATC,2b_S5_seed2025,zoo_20260916/EISATC/2b_S5_seed2025,H200 NVL,original,
zoo/EISATC,2b_S5_seed2026,zoo_20260916/EISATC/2b_S5_seed2026,H200 NVL,original,
zoo/EISATC,2b_S5_seed2027,zoo_20260916/EISATC/2b_S5_seed2027,H200 NVL,original,
zoo/EISATC,2b_S6_seed2025,zoo_20260916/EISATC/2b_S6_seed2025,H200 NVL,original,
zoo/EISATC,2b_S6_seed2026,zoo_20260916/EISATC/2b_S6_seed2026,H200 NVL,original,
zoo/EISATC,2b_S6_seed2027,zoo_20260916/EISATC/2b_S6_seed2027,H200 NVL,original,
zoo/EISATC,2b_S7_seed2025,zoo_20260916/EISATC/2b_S7_seed2025,H200 NVL,original,
zoo/EISATC,2b_S7_seed2026,zoo_20260916/EISATC/2b_S7_seed2026,H200 NVL,original,
zoo/EISATC,2b_S7_seed2027,zoo_20260916/EISATC/2b_S7_seed2027,H200 NVL,original,
zoo/EISATC,2b_S8_seed2025,zoo_20260916/EISATC/2b_S8_seed2025,H200 NVL,original,
zoo/EISATC,2b_S8_seed2026,zoo_20260916/EISATC/2b_S8_seed2026,H200 NVL,original,
zoo/EISATC,2b_S8_seed2027,zoo_20260916/EISATC/2b_S8_seed2027,H200 NVL,original,
zoo/EISATC,2b_S9_seed2025,zoo_20260916/EISATC/2b_S9_seed2025,H200 NVL,original,
zoo/EISATC,2b_S9_seed2026,zoo_20260916/EISATC/2b_S9_seed2026,H200 NVL,original,
zoo/EISATC,2b_S9_seed2027,zoo_20260916/EISATC/2b_S9_seed2027,H200 NVL,original,
zoo/EISATC,hgd_S10_seed2025,zoo_20260916/EISATC/hgd_S10_seed2025,H200 NVL,original,
zoo/EISATC,hgd_S1_seed2025,zoo_20260916/EISATC/hgd_S1_seed2025,H200 NVL,original,
zoo/EISATC,hgd_S2_seed2025,zoo_20260916/EISATC/hgd_S2_seed2025,H200 NVL,original,
zoo/EISATC,hgd_S3_seed2025,zoo_20260916/EISATC/hgd_S3_seed2025,H200 NVL,original,
zoo/EISATC,hgd_S4_seed2025,zoo_20260916/EISATC/hgd_S4_seed2025,H200 NVL,original,
zoo/EISATC,hgd_S5_seed2025,zoo_20260916/EISATC/hgd_S5_seed2025,H200 NVL,original,
zoo/EISATC,hgd_S6_seed2025,zoo_20260916/EISATC/hgd_S6_seed2025,H200 NVL,original,
zoo/EISATC,hgd_S7_seed2025,zoo_20260916/EISATC/hgd_S7_seed2025,H200 NVL,original,
zoo/EISATC,hgd_S8_seed2025,zoo_20260916/EISATC/hgd_S8_seed2025,H200 NVL,original,
zoo/EISATC,hgd_S9_seed2025,zoo_20260916/EISATC/hgd_S9_seed2025,H200 NVL,original,
zoo/EISATC,sdssvep_S10_seed2025,zoo_20260916/EISATC/sdssvep_S10_seed2025,H200 NVL,original,
zoo/EISATC,sdssvep_S10_seed2026,zoo_20260916/EISATC/sdssvep_S10_seed2026,H200 NVL,original,
zoo/EISATC,sdssvep_S10_seed2027,zoo_20260916/EISATC/sdssvep_S10_seed2027,H200 NVL,original,
zoo/EISATC,sdssvep_S1_seed2025,zoo_20260916/EISATC/sdssvep_S1_seed2025,H200 NVL,original,
zoo/EISATC,sdssvep_S1_seed2026,zoo_20260916/EISATC/sdssvep_S1_seed2026,H200 NVL,original,
zoo/EISATC,sdssvep_S1_seed2027,zoo_20260916/EISATC/sdssvep_S1_seed2027,H200 NVL,original,
zoo/EISATC,sdssvep_S2_seed2025,zoo_20260916/EISATC/sdssvep_S2_seed2025,H200 NVL,original,
zoo/EISATC,sdssvep_S2_seed2026,zoo_20260916/EISATC/sdssvep_S2_seed2026,H200 NVL,original,
zoo/EISATC,sdssvep_S2_seed2027,zoo_20260916/EISATC/sdssvep_S2_seed2027,H200 NVL,original,
zoo/EISATC,sdssvep_S3_seed2025,zoo_20260916/EISATC/sdssvep_S3_seed2025,H200 NVL,original,
zoo/EISATC,sdssvep_S3_seed2026,zoo_20260916/EISATC/sdssvep_S3_seed2026,H200 NVL,original,
zoo/EISATC,sdssvep_S3_seed2027,zoo_20260916/EISATC/sdssvep_S3_seed2027,H200 NVL,original,
zoo/EISATC,sdssvep_S4_seed2025,zoo_20260916/EISATC/sdssvep_S4_seed2025,H200 NVL,original,
zoo/EISATC,sdssvep_S4_seed2026,zoo_20260916/EISATC/sdssvep_S4_seed2026,H200 NVL,original,
zoo/EISATC,sdssvep_S4_seed2027,zoo_20260916/EISATC/sdssvep_S4_seed2027,H200 NVL,original,
zoo/EISATC,sdssvep_S5_seed2025,zoo_20260916/EISATC/sdssvep_S5_seed2025,H200 NVL,original,
zoo/EISATC,sdssvep_S5_seed2026,zoo_20260916/EISATC/sdssvep_S5_seed2026,H200 NVL,original,
zoo/EISATC,sdssvep_S5_seed2027,zoo_20260916/EISATC/sdssvep_S5_seed2027,H200 NVL,original,
zoo/EISATC,sdssvep_S6_seed2025,zoo_20260916/EISATC/sdssvep_S6_seed2025,H200 NVL,original,
zoo/EISATC,sdssvep_S6_seed2026,zoo_20260916/EISATC/sdssvep_S6_seed2026,H200 NVL,original,
zoo/EISATC,sdssvep_S6_seed2027,zoo_20260916/EISATC/sdssvep_S6_seed2027,H200 NVL,original,
zoo/EISATC,sdssvep_S7_seed2025,zoo_20260916/EISATC/sdssvep_S7_seed2025,H200 NVL,original,
zoo/EISATC,sdssvep_S7_seed2026,zoo_20260916/EISATC/sdssvep_S7_seed2026,H200 NVL,original,
zoo/EISATC,sdssvep_S7_seed2027,zoo_20260916/EISATC/sdssvep_S7_seed2027,H200 NVL,original,
zoo/EISATC,sdssvep_S8_seed2025,zoo_20260916/EISATC/sdssvep_S8_seed2025,H200 NVL,original,
zoo/EISATC,sdssvep_S8_seed2026,zoo_20260916/EISATC/sdssvep_S8_seed2026,H200 NVL,original,
zoo/EISATC,sdssvep_S8_seed2027,zoo_20260916/EISATC/sdssvep_S8_seed2027,H200 NVL,original,
zoo/EISATC,sdssvep_S9_seed2025,zoo_20260916/EISATC/sdssvep_S9_seed2025,H200 NVL,original,
zoo/EISATC,sdssvep_S9_seed2026,zoo_20260916/EISATC/sdssvep_S9_seed2026,H200 NVL,original,
zoo/EISATC,sdssvep_S9_seed2027,zoo_20260916/EISATC/sdssvep_S9_seed2027,H200 NVL,original,
zoo/FACTNet,2a_S1_seed2025,zoo_20260916/FACTNet/2a_S1_seed2025,H200 NVL,original,
zoo/FACTNet,2a_S1_seed2026,zoo_20260916/FACTNet/2a_S1_seed2026,H200 NVL,original,
zoo/FACTNet,2a_S1_seed2027,zoo_20260916/FACTNet/2a_S1_seed2027,H200 NVL,original,
zoo/FACTNet,2a_S2_seed2025,zoo_20260916/FACTNet/2a_S2_seed2025,H200 NVL,original,
zoo/FACTNet,2a_S2_seed2026,zoo_20260916/FACTNet/2a_S2_seed2026,H200 NVL,original,
zoo/FACTNet,2a_S2_seed2027,zoo_20260916/FACTNet/2a_S2_seed2027,H200 NVL,original,
zoo/FACTNet,2a_S3_seed2025,zoo_20260916/FACTNet/2a_S3_seed2025,H200 NVL,original,
zoo/FACTNet,2a_S3_seed2026,zoo_20260916/FACTNet/2a_S3_seed2026,H200 NVL,original,
zoo/FACTNet,2a_S3_seed2027,zoo_20260916/FACTNet/2a_S3_seed2027,H200 NVL,original,
zoo/FACTNet,2a_S4_seed2025,zoo_20260916/FACTNet/2a_S4_seed2025,H200 NVL,original,
zoo/FACTNet,2a_S4_seed2026,zoo_20260916/FACTNet/2a_S4_seed2026,H200 NVL,original,
zoo/FACTNet,2a_S4_seed2027,zoo_20260916/FACTNet/2a_S4_seed2027,H200 NVL,original,
zoo/FACTNet,2a_S5_seed2025,zoo_20260916/FACTNet/2a_S5_seed2025,H200 NVL,original,
zoo/FACTNet,2a_S5_seed2026,zoo_20260916/FACTNet/2a_S5_seed2026,H200 NVL,original,
zoo/FACTNet,2a_S5_seed2027,zoo_20260916/FACTNet/2a_S5_seed2027,H200 NVL,original,
zoo/FACTNet,2a_S6_seed2025,zoo_20260916/FACTNet/2a_S6_seed2025,H200 NVL,original,
zoo/FACTNet,2a_S6_seed2026,zoo_20260916/FACTNet/2a_S6_seed2026,H200 NVL,original,
zoo/FACTNet,2a_S6_seed2027,zoo_20260916/FACTNet/2a_S6_seed2027,H200 NVL,original,
zoo/FACTNet,2a_S7_seed2025,zoo_20260916/FACTNet/2a_S7_seed2025,H200 NVL,original,
zoo/FACTNet,2a_S7_seed2026,zoo_20260916/FACTNet/2a_S7_seed2026,H200 NVL,original,
zoo/FACTNet,2a_S7_seed2027,zoo_20260916/FACTNet/2a_S7_seed2027,H200 NVL,original,
zoo/FACTNet,2a_S8_seed2025,zoo_20260916/FACTNet/2a_S8_seed2025,H200 NVL,original,
zoo/FACTNet,2a_S8_seed2026,zoo_20260916/FACTNet/2a_S8_seed2026,H200 NVL,original,
zoo/FACTNet,2a_S8_seed2027,zoo_20260916/FACTNet/2a_S8_seed2027,H200 NVL,original,
zoo/FACTNet,2a_S9_seed2025,zoo_20260916/FACTNet/2a_S9_seed2025,H200 NVL,original,
zoo/FACTNet,2a_S9_seed2026,zoo_20260916/FACTNet/2a_S9_seed2026,H200 NVL,original,
zoo/FACTNet,2a_S9_seed2027,zoo_20260916/FACTNet/2a_S9_seed2027,H200 NVL,original,
zoo/FACTNet,2b_S1_seed2025,zoo_20260916/FACTNet/2b_S1_seed2025,H200 NVL,original,
zoo/FACTNet,2b_S1_seed2026,zoo_20260916/FACTNet/2b_S1_seed2026,H200 NVL,original,
zoo/FACTNet,2b_S1_seed2027,zoo_20260916/FACTNet/2b_S1_seed2027,H200 NVL,original,
zoo/FACTNet,2b_S2_seed2025,zoo_20260916/FACTNet/2b_S2_seed2025,H200 NVL,original,
zoo/FACTNet,2b_S2_seed2026,zoo_20260916/FACTNet/2b_S2_seed2026,H200 NVL,original,
zoo/FACTNet,2b_S2_seed2027,zoo_20260916/FACTNet/2b_S2_seed2027,H200 NVL,original,
zoo/FACTNet,2b_S3_seed2025,zoo_20260916/FACTNet/2b_S3_seed2025,H200 NVL,original,
zoo/FACTNet,2b_S3_seed2026,zoo_20260916/FACTNet/2b_S3_seed2026,H200 NVL,original,
zoo/FACTNet,2b_S3_seed2027,zoo_20260916/FACTNet/2b_S3_seed2027,H200 NVL,original,
zoo/FACTNet,2b_S4_seed2025,zoo_20260916/FACTNet/2b_S4_seed2025,H200 NVL,original,
zoo/FACTNet,2b_S4_seed2026,zoo_20260916/FACTNet/2b_S4_seed2026,H200 NVL,original,
zoo/FACTNet,2b_S4_seed2027,zoo_20260916/FACTNet/2b_S4_seed2027,H200 NVL,original,
zoo/FACTNet,2b_S5_seed2025,zoo_20260916/FACTNet/2b_S5_seed2025,H200 NVL,original,
zoo/FACTNet,2b_S5_seed2026,zoo_20260916/FACTNet/2b_S5_seed2026,H200 NVL,original,
zoo/FACTNet,2b_S5_seed2027,zoo_20260916/FACTNet/2b_S5_seed2027,H200 NVL,original,
zoo/FACTNet,2b_S6_seed2025,zoo_20260916/FACTNet/2b_S6_seed2025,H200 NVL,original,
zoo/FACTNet,2b_S6_seed2026,zoo_20260916/FACTNet/2b_S6_seed2026,H200 NVL,original,
zoo/FACTNet,2b_S6_seed2027,zoo_20260916/FACTNet/2b_S6_seed2027,H200 NVL,original,
zoo/FACTNet,2b_S7_seed2025,zoo_20260916/FACTNet/2b_S7_seed2025,H200 NVL,original,
zoo/FACTNet,2b_S7_seed2026,zoo_20260916/FACTNet/2b_S7_seed2026,H200 NVL,original,
zoo/FACTNet,2b_S7_seed2027,zoo_20260916/FACTNet/2b_S7_seed2027,H200 NVL,original,
zoo/FACTNet,2b_S8_seed2025,zoo_20260916/FACTNet/2b_S8_seed2025,H200 NVL,original,
zoo/FACTNet,2b_S8_seed2026,zoo_20260916/FACTNet/2b_S8_seed2026,H200 NVL,original,
zoo/FACTNet,2b_S8_seed2027,zoo_20260916/FACTNet/2b_S8_seed2027,H200 NVL,original,
zoo/FACTNet,2b_S9_seed2025,zoo_20260916/FACTNet/2b_S9_seed2025,H200 NVL,original,
zoo/FACTNet,2b_S9_seed2026,zoo_20260916/FACTNet/2b_S9_seed2026,H200 NVL,original,
zoo/FACTNet,2b_S9_seed2027,zoo_20260916/FACTNet/2b_S9_seed2027,H200 NVL,original,
zoo/FACTNet,hgd_S10_seed2025,zoo_20260916/FACTNet/hgd_S10_seed2025,H200 NVL,original,
zoo/FACTNet,hgd_S1_seed2025,zoo_20260916/FACTNet/hgd_S1_seed2025,H200 NVL,original,
zoo/FACTNet,hgd_S2_seed2025,zoo_20260916/FACTNet/hgd_S2_seed2025,H200 NVL,original,
zoo/FACTNet,hgd_S3_seed2025,zoo_20260916/FACTNet/hgd_S3_seed2025,H200 NVL,original,
zoo/FACTNet,hgd_S4_seed2025,zoo_20260916/FACTNet/hgd_S4_seed2025,H200 NVL,original,
zoo/FACTNet,hgd_S5_seed2025,zoo_20260916/FACTNet/hgd_S5_seed2025,H200 NVL,original,
zoo/FACTNet,hgd_S6_seed2025,zoo_20260916/FACTNet/hgd_S6_seed2025,H200 NVL,original,
zoo/FACTNet,hgd_S7_seed2025,zoo_20260916/FACTNet/hgd_S7_seed2025,H200 NVL,original,
zoo/FACTNet,hgd_S8_seed2025,zoo_20260916/FACTNet/hgd_S8_seed2025,H200 NVL,original,
zoo/FACTNet,hgd_S9_seed2025,zoo_20260916/FACTNet/hgd_S9_seed2025,H200 NVL,original,
zoo/MBCNNEATCFNet,2a_S1_seed2025,zoo_20260916/MBCNNEATCFNet/2a_S1_seed2025,H200 NVL,original,
zoo/MBCNNEATCFNet,2a_S1_seed2026,zoo_20260916/MBCNNEATCFNet/2a_S1_seed2026,H200 NVL,original,
zoo/MBCNNEATCFNet,2a_S1_seed2027,zoo_20260916/MBCNNEATCFNet/2a_S1_seed2027,H200 NVL,original,
zoo/MBCNNEATCFNet,2a_S2_seed2025,zoo_20260916/MBCNNEATCFNet/2a_S2_seed2025,H200 NVL,original,
zoo/MBCNNEATCFNet,2a_S2_seed2026,zoo_20260916/MBCNNEATCFNet/2a_S2_seed2026,H200 NVL,original,
zoo/MBCNNEATCFNet,2a_S2_seed2027,zoo_20260916/MBCNNEATCFNet/2a_S2_seed2027,H200 NVL,original,
zoo/MBCNNEATCFNet,2a_S3_seed2025,zoo_20260916/MBCNNEATCFNet/2a_S3_seed2025,H200 NVL,original,
zoo/MBCNNEATCFNet,2a_S3_seed2026,zoo_20260916/MBCNNEATCFNet/2a_S3_seed2026,H200 NVL,original,
zoo/MBCNNEATCFNet,2a_S3_seed2027,zoo_20260916/MBCNNEATCFNet/2a_S3_seed2027,H200 NVL,original,
zoo/MBCNNEATCFNet,2a_S4_seed2025,zoo_20260916/MBCNNEATCFNet/2a_S4_seed2025,H200 NVL,original,
zoo/MBCNNEATCFNet,2a_S4_seed2026,zoo_20260916/MBCNNEATCFNet/2a_S4_seed2026,H200 NVL,original,
zoo/MBCNNEATCFNet,2a_S4_seed2027,zoo_20260916/MBCNNEATCFNet/2a_S4_seed2027,H200 NVL,original,
zoo/MBCNNEATCFNet,2a_S5_seed2025,zoo_20260916/MBCNNEATCFNet/2a_S5_seed2025,H200 NVL,original,
zoo/MBCNNEATCFNet,2a_S5_seed2026,zoo_20260916/MBCNNEATCFNet/2a_S5_seed2026,H200 NVL,original,
zoo/MBCNNEATCFNet,2a_S5_seed2027,zoo_20260916/MBCNNEATCFNet/2a_S5_seed2027,H200 NVL,original,
zoo/MBCNNEATCFNet,2a_S6_seed2025,zoo_20260916/MBCNNEATCFNet/2a_S6_seed2025,H200 NVL,original,
zoo/MBCNNEATCFNet,2a_S6_seed2026,zoo_20260916/MBCNNEATCFNet/2a_S6_seed2026,H200 NVL,original,
zoo/MBCNNEATCFNet,2a_S6_seed2027,zoo_20260916/MBCNNEATCFNet/2a_S6_seed2027,H200 NVL,original,
zoo/MBCNNEATCFNet,2a_S7_seed2025,zoo_20260916/MBCNNEATCFNet/2a_S7_seed2025,H200 NVL,original,
zoo/MBCNNEATCFNet,2a_S7_seed2026,zoo_20260916/MBCNNEATCFNet/2a_S7_seed2026,H200 NVL,original,
zoo/MBCNNEATCFNet,2a_S7_seed2027,zoo_20260916/MBCNNEATCFNet/2a_S7_seed2027,H200 NVL,original,
zoo/MBCNNEATCFNet,2a_S8_seed2025,zoo_20260916/MBCNNEATCFNet/2a_S8_seed2025,H200 NVL,original,
zoo/MBCNNEATCFNet,2a_S8_seed2026,zoo_20260916/MBCNNEATCFNet/2a_S8_seed2026,H200 NVL,original,
zoo/MBCNNEATCFNet,2a_S8_seed2027,zoo_20260916/MBCNNEATCFNet/2a_S8_seed2027,H200 NVL,original,
zoo/MBCNNEATCFNet,2a_S9_seed2025,zoo_20260916/MBCNNEATCFNet/2a_S9_seed2025,H200 NVL,original,
zoo/MBCNNEATCFNet,2a_S9_seed2026,zoo_20260916/MBCNNEATCFNet/2a_S9_seed2026,H200 NVL,original,
zoo/MBCNNEATCFNet,2a_S9_seed2027,zoo_20260916/MBCNNEATCFNet/2a_S9_seed2027,H200 NVL,original,
zoo/MBCNNEATCFNet,2b_S1_seed2025,zoo_20260916/MBCNNEATCFNet/2b_S1_seed2025,H200 NVL,original,
zoo/MBCNNEATCFNet,2b_S1_seed2026,zoo_20260916/MBCNNEATCFNet/2b_S1_seed2026,H200 NVL,original,
zoo/MBCNNEATCFNet,2b_S1_seed2027,zoo_20260916/MBCNNEATCFNet/2b_S1_seed2027,H200 NVL,original,
zoo/MBCNNEATCFNet,2b_S2_seed2025,zoo_20260916/MBCNNEATCFNet/2b_S2_seed2025,H200 NVL,original,
zoo/MBCNNEATCFNet,2b_S2_seed2026,zoo_20260916/MBCNNEATCFNet/2b_S2_seed2026,H200 NVL,original,
zoo/MBCNNEATCFNet,2b_S2_seed2027,zoo_20260916/MBCNNEATCFNet/2b_S2_seed2027,H200 NVL,original,
zoo/MBCNNEATCFNet,2b_S3_seed2025,zoo_20260916/MBCNNEATCFNet/2b_S3_seed2025,H200 NVL,original,
zoo/MBCNNEATCFNet,2b_S3_seed2026,zoo_20260916/MBCNNEATCFNet/2b_S3_seed2026,H200 NVL,original,
zoo/MBCNNEATCFNet,2b_S3_seed2027,zoo_20260916/MBCNNEATCFNet/2b_S3_seed2027,H200 NVL,original,
zoo/MBCNNEATCFNet,2b_S4_seed2025,zoo_20260916/MBCNNEATCFNet/2b_S4_seed2025,H200 NVL,original,
zoo/MBCNNEATCFNet,2b_S4_seed2026,zoo_20260916/MBCNNEATCFNet/2b_S4_seed2026,H200 NVL,original,
zoo/MBCNNEATCFNet,2b_S4_seed2027,zoo_20260916/MBCNNEATCFNet/2b_S4_seed2027,H200 NVL,original,
zoo/MBCNNEATCFNet,2b_S5_seed2025,zoo_20260916/MBCNNEATCFNet/2b_S5_seed2025,H200 NVL,original,
zoo/MBCNNEATCFNet,2b_S5_seed2026,zoo_20260916/MBCNNEATCFNet/2b_S5_seed2026,H200 NVL,original,
zoo/MBCNNEATCFNet,2b_S5_seed2027,zoo_20260916/MBCNNEATCFNet/2b_S5_seed2027,H200 NVL,original,
zoo/MBCNNEATCFNet,2b_S6_seed2025,zoo_20260916/MBCNNEATCFNet/2b_S6_seed2025,H200 NVL,original,
zoo/MBCNNEATCFNet,2b_S6_seed2026,zoo_20260916/MBCNNEATCFNet/2b_S6_seed2026,H200 NVL,original,
zoo/MBCNNEATCFNet,2b_S6_seed2027,zoo_20260916/MBCNNEATCFNet/2b_S6_seed2027,H200 NVL,original,
zoo/MBCNNEATCFNet,2b_S7_seed2025,zoo_20260916/MBCNNEATCFNet/2b_S7_seed2025,H200 NVL,original,
zoo/MBCNNEATCFNet,2b_S7_seed2026,zoo_20260916/MBCNNEATCFNet/2b_S7_seed2026,H200 NVL,original,
zoo/MBCNNEATCFNet,2b_S7_seed2027,zoo_20260916/MBCNNEATCFNet/2b_S7_seed2027,H200 NVL,original,
zoo/MBCNNEATCFNet,2b_S8_seed2025,zoo_20260916/MBCNNEATCFNet/2b_S8_seed2025,H200 NVL,original,
zoo/MBCNNEATCFNet,2b_S8_seed2026,zoo_20260916/MBCNNEATCFNet/2b_S8_seed2026,H200 NVL,original,
zoo/MBCNNEATCFNet,2b_S8_seed2027,zoo_20260916/MBCNNEATCFNet/2b_S8_seed2027,H200 NVL,original,
zoo/MBCNNEATCFNet,2b_S9_seed2025,zoo_20260916/MBCNNEATCFNet/2b_S9_seed2025,H200 NVL,original,
zoo/MBCNNEATCFNet,2b_S9_seed2026,zoo_20260916/MBCNNEATCFNet/2b_S9_seed2026,H200 NVL,original,
zoo/MBCNNEATCFNet,2b_S9_seed2027,zoo_20260916/MBCNNEATCFNet/2b_S9_seed2027,H200 NVL,original,
zoo/MBCNNEATCFNet,hgd_S10_seed2025,zoo_20260916/MBCNNEATCFNet/hgd_S10_seed2025,H200 NVL,original,
zoo/MBCNNEATCFNet,hgd_S1_seed2025,zoo_20260916/MBCNNEATCFNet/hgd_S1_seed2025,H200 NVL,original,
zoo/MBCNNEATCFNet,hgd_S2_seed2025,zoo_20260916/MBCNNEATCFNet/hgd_S2_seed2025,H200 NVL,original,
zoo/MBCNNEATCFNet,hgd_S3_seed2025,zoo_20260916/MBCNNEATCFNet/hgd_S3_seed2025,H200 NVL,original,
zoo/MBCNNEATCFNet,hgd_S4_seed2025,zoo_20260916/MBCNNEATCFNet/hgd_S4_seed2025,H200 NVL,original,
zoo/MBCNNEATCFNet,hgd_S5_seed2025,zoo_20260916/MBCNNEATCFNet/hgd_S5_seed2025,H200 NVL,original,
zoo/MBCNNEATCFNet,hgd_S6_seed2025,zoo_20260916/MBCNNEATCFNet/hgd_S6_seed2025,H200 NVL,original,
zoo/MBCNNEATCFNet,hgd_S7_seed2025,zoo_20260916/MBCNNEATCFNet/hgd_S7_seed2025,H200 NVL,original,
zoo/MBCNNEATCFNet,hgd_S8_seed2025,zoo_20260916/MBCNNEATCFNet/hgd_S8_seed2025,H200 NVL,original,
zoo/MBCNNEATCFNet,hgd_S9_seed2025,zoo_20260916/MBCNNEATCFNet/hgd_S9_seed2025,H200 NVL,original,
zoo/MBCNNEATCFNet,sdssvep_S10_seed2025,zoo_20260916/MBCNNEATCFNet/sdssvep_S10_seed2025,H200 NVL,original,
zoo/MBCNNEATCFNet,sdssvep_S10_seed2026,zoo_20260916/MBCNNEATCFNet/sdssvep_S10_seed2026,H200 NVL,original,
zoo/MBCNNEATCFNet,sdssvep_S10_seed2027,zoo_20260916/MBCNNEATCFNet/sdssvep_S10_seed2027,H200 NVL,original,
zoo/MBCNNEATCFNet,sdssvep_S1_seed2025,zoo_20260916/MBCNNEATCFNet/sdssvep_S1_seed2025,H200 NVL,original,
zoo/MBCNNEATCFNet,sdssvep_S1_seed2026,zoo_20260916/MBCNNEATCFNet/sdssvep_S1_seed2026,H200 NVL,original,
zoo/MBCNNEATCFNet,sdssvep_S1_seed2027,zoo_20260916/MBCNNEATCFNet/sdssvep_S1_seed2027,H200 NVL,original,
zoo/MBCNNEATCFNet,sdssvep_S2_seed2025,zoo_20260916/MBCNNEATCFNet/sdssvep_S2_seed2025,H200 NVL,original,
zoo/MBCNNEATCFNet,sdssvep_S2_seed2026,zoo_20260916/MBCNNEATCFNet/sdssvep_S2_seed2026,H200 NVL,original,
zoo/MBCNNEATCFNet,sdssvep_S2_seed2027,zoo_20260916/MBCNNEATCFNet/sdssvep_S2_seed2027,H200 NVL,original,
zoo/MBCNNEATCFNet,sdssvep_S3_seed2025,zoo_20260916/MBCNNEATCFNet/sdssvep_S3_seed2025,H200 NVL,original,
zoo/MBCNNEATCFNet,sdssvep_S3_seed2026,zoo_20260916/MBCNNEATCFNet/sdssvep_S3_seed2026,H200 NVL,original,
zoo/MBCNNEATCFNet,sdssvep_S3_seed2027,zoo_20260916/MBCNNEATCFNet/sdssvep_S3_seed2027,H200 NVL,original,
zoo/MBCNNEATCFNet,sdssvep_S4_seed2025,zoo_20260916/MBCNNEATCFNet/sdssvep_S4_seed2025,H200 NVL,original,
zoo/MBCNNEATCFNet,sdssvep_S4_seed2026,zoo_20260916/MBCNNEATCFNet/sdssvep_S4_seed2026,H200 NVL,original,
zoo/MBCNNEATCFNet,sdssvep_S4_seed2027,zoo_20260916/MBCNNEATCFNet/sdssvep_S4_seed2027,H200 NVL,original,
zoo/MBCNNEATCFNet,sdssvep_S5_seed2025,zoo_20260916/MBCNNEATCFNet/sdssvep_S5_seed2025,H200 NVL,original,
zoo/MBCNNEATCFNet,sdssvep_S5_seed2026,zoo_20260916/MBCNNEATCFNet/sdssvep_S5_seed2026,H200 NVL,original,
zoo/MBCNNEATCFNet,sdssvep_S5_seed2027,zoo_20260916/MBCNNEATCFNet/sdssvep_S5_seed2027,H200 NVL,original,
zoo/MBCNNEATCFNet,sdssvep_S6_seed2025,zoo_20260916/MBCNNEATCFNet/sdssvep_S6_seed2025,H200 NVL,original,
zoo/MBCNNEATCFNet,sdssvep_S6_seed2026,zoo_20260916/MBCNNEATCFNet/sdssvep_S6_seed2026,H200 NVL,original,
zoo/MBCNNEATCFNet,sdssvep_S6_seed2027,zoo_20260916/MBCNNEATCFNet/sdssvep_S6_seed2027,H200 NVL,original,
zoo/MBCNNEATCFNet,sdssvep_S7_seed2025,zoo_20260916/MBCNNEATCFNet/sdssvep_S7_seed2025,H200 NVL,original,
zoo/MBCNNEATCFNet,sdssvep_S7_seed2026,zoo_20260916/MBCNNEATCFNet/sdssvep_S7_seed2026,H200 NVL,original,
zoo/MBCNNEATCFNet,sdssvep_S7_seed2027,zoo_20260916/MBCNNEATCFNet/sdssvep_S7_seed2027,H200 NVL,original,
zoo/MBCNNEATCFNet,sdssvep_S8_seed2025,zoo_20260916/MBCNNEATCFNet/sdssvep_S8_seed2025,H200 NVL,original,
zoo/MBCNNEATCFNet,sdssvep_S8_seed2026,zoo_20260916/MBCNNEATCFNet/sdssvep_S8_seed2026,H200 NVL,original,
zoo/MBCNNEATCFNet,sdssvep_S8_seed2027,zoo_20260916/MBCNNEATCFNet/sdssvep_S8_seed2027,H200 NVL,original,
zoo/MBCNNEATCFNet,sdssvep_S9_seed2025,zoo_20260916/MBCNNEATCFNet/sdssvep_S9_seed2025,H200 NVL,original,
zoo/MBCNNEATCFNet,sdssvep_S9_seed2026,zoo_20260916/MBCNNEATCFNet/sdssvep_S9_seed2026,H200 NVL,original,
zoo/MBCNNEATCFNet,sdssvep_S9_seed2027,zoo_20260916/MBCNNEATCFNet/sdssvep_S9_seed2027,H200 NVL,original,
zoo/ShallowConvNet,2a_S1_seed2025,zoo_20260916/ShallowConvNet/2a_S1_seed2025,H200 NVL,original,
zoo/ShallowConvNet,2a_S1_seed2026,zoo_20260916/ShallowConvNet/2a_S1_seed2026,H200 NVL,original,
zoo/ShallowConvNet,2a_S1_seed2027,zoo_20260916/ShallowConvNet/2a_S1_seed2027,H200 NVL,original,
zoo/ShallowConvNet,2a_S2_seed2025,zoo_20260916/ShallowConvNet/2a_S2_seed2025,H200 NVL,original,
zoo/ShallowConvNet,2a_S2_seed2026,zoo_20260916/ShallowConvNet/2a_S2_seed2026,H200 NVL,original,
zoo/ShallowConvNet,2a_S2_seed2027,zoo_20260916/ShallowConvNet/2a_S2_seed2027,H200 NVL,original,
zoo/ShallowConvNet,2a_S3_seed2025,zoo_20260916/ShallowConvNet/2a_S3_seed2025,H200 NVL,original,
zoo/ShallowConvNet,2a_S3_seed2026,zoo_20260916/ShallowConvNet/2a_S3_seed2026,H200 NVL,original,
zoo/ShallowConvNet,2a_S3_seed2027,zoo_20260916/ShallowConvNet/2a_S3_seed2027,H200 NVL,original,
zoo/ShallowConvNet,2a_S4_seed2025,zoo_20260916/ShallowConvNet/2a_S4_seed2025,H200 NVL,original,
zoo/ShallowConvNet,2a_S4_seed2026,zoo_20260916/ShallowConvNet/2a_S4_seed2026,H200 NVL,original,
zoo/ShallowConvNet,2a_S4_seed2027,zoo_20260916/ShallowConvNet/2a_S4_seed2027,H200 NVL,original,
zoo/ShallowConvNet,2a_S5_seed2025,zoo_20260916/ShallowConvNet/2a_S5_seed2025,H200 NVL,original,
zoo/ShallowConvNet,2a_S5_seed2026,zoo_20260916/ShallowConvNet/2a_S5_seed2026,H200 NVL,original,
zoo/ShallowConvNet,2a_S5_seed2027,zoo_20260916/ShallowConvNet/2a_S5_seed2027,H200 NVL,original,
zoo/ShallowConvNet,2a_S6_seed2025,zoo_20260916/ShallowConvNet/2a_S6_seed2025,H200 NVL,original,
zoo/ShallowConvNet,2a_S6_seed2026,zoo_20260916/ShallowConvNet/2a_S6_seed2026,H200 NVL,original,
zoo/ShallowConvNet,2a_S6_seed2027,zoo_20260916/ShallowConvNet/2a_S6_seed2027,H200 NVL,original,
zoo/ShallowConvNet,2a_S7_seed2025,zoo_20260916/ShallowConvNet/2a_S7_seed2025,H200 NVL,original,
zoo/ShallowConvNet,2a_S7_seed2026,zoo_20260916/ShallowConvNet/2a_S7_seed2026,H200 NVL,original,
zoo/ShallowConvNet,2a_S7_seed2027,zoo_20260916/ShallowConvNet/2a_S7_seed2027,H200 NVL,original,
zoo/ShallowConvNet,2a_S8_seed2025,zoo_20260916/ShallowConvNet/2a_S8_seed2025,H200 NVL,original,
zoo/ShallowConvNet,2a_S8_seed2026,zoo_20260916/ShallowConvNet/2a_S8_seed2026,H200 NVL,original,
zoo/ShallowConvNet,2a_S8_seed2027,zoo_20260916/ShallowConvNet/2a_S8_seed2027,H200 NVL,original,
zoo/ShallowConvNet,2a_S9_seed2025,zoo_20260916/ShallowConvNet/2a_S9_seed2025,H200 NVL,original,
zoo/ShallowConvNet,2a_S9_seed2026,zoo_20260916/ShallowConvNet/2a_S9_seed2026,H200 NVL,original,
zoo/ShallowConvNet,2a_S9_seed2027,zoo_20260916/ShallowConvNet/2a_S9_seed2027,H200 NVL,original,
zoo/ShallowConvNet,2b_S1_seed2025,zoo_20260916/ShallowConvNet/2b_S1_seed2025,H200 NVL,original,
zoo/ShallowConvNet,2b_S1_seed2026,zoo_20260916/ShallowConvNet/2b_S1_seed2026,H200 NVL,original,
zoo/ShallowConvNet,2b_S1_seed2027,zoo_20260916/ShallowConvNet/2b_S1_seed2027,H200 NVL,original,
zoo/ShallowConvNet,2b_S2_seed2025,zoo_20260916/ShallowConvNet/2b_S2_seed2025,H200 NVL,original,
zoo/ShallowConvNet,2b_S2_seed2026,zoo_20260916/ShallowConvNet/2b_S2_seed2026,H200 NVL,original,
zoo/ShallowConvNet,2b_S2_seed2027,zoo_20260916/ShallowConvNet/2b_S2_seed2027,H200 NVL,original,
zoo/ShallowConvNet,2b_S3_seed2025,zoo_20260916/ShallowConvNet/2b_S3_seed2025,H200 NVL,original,
zoo/ShallowConvNet,2b_S3_seed2026,zoo_20260916/ShallowConvNet/2b_S3_seed2026,H200 NVL,original,
zoo/ShallowConvNet,2b_S3_seed2027,zoo_20260916/ShallowConvNet/2b_S3_seed2027,H200 NVL,original,
zoo/ShallowConvNet,2b_S4_seed2025,zoo_20260916/ShallowConvNet/2b_S4_seed2025,H200 NVL,original,
zoo/ShallowConvNet,2b_S4_seed2026,zoo_20260916/ShallowConvNet/2b_S4_seed2026,H200 NVL,original,
zoo/ShallowConvNet,2b_S4_seed2027,zoo_20260916/ShallowConvNet/2b_S4_seed2027,H200 NVL,original,
zoo/ShallowConvNet,2b_S5_seed2025,zoo_20260916/ShallowConvNet/2b_S5_seed2025,H200 NVL,original,
zoo/ShallowConvNet,2b_S5_seed2026,zoo_20260916/ShallowConvNet/2b_S5_seed2026,H200 NVL,original,
zoo/ShallowConvNet,2b_S5_seed2027,zoo_20260916/ShallowConvNet/2b_S5_seed2027,H200 NVL,original,
zoo/ShallowConvNet,2b_S6_seed2025,zoo_20260916/ShallowConvNet/2b_S6_seed2025,H200 NVL,original,
zoo/ShallowConvNet,2b_S6_seed2026,zoo_20260916/ShallowConvNet/2b_S6_seed2026,H200 NVL,original,
zoo/ShallowConvNet,2b_S6_seed2027,zoo_20260916/ShallowConvNet/2b_S6_seed2027,H200 NVL,original,
zoo/ShallowConvNet,2b_S7_seed2025,zoo_20260916/ShallowConvNet/2b_S7_seed2025,H200 NVL,original,
zoo/ShallowConvNet,2b_S7_seed2026,zoo_20260916/ShallowConvNet/2b_S7_seed2026,H200 NVL,original,
zoo/ShallowConvNet,2b_S7_seed2027,zoo_20260916/ShallowConvNet/2b_S7_seed2027,H200 NVL,original,
zoo/ShallowConvNet,2b_S8_seed2025,zoo_20260916/ShallowConvNet/2b_S8_seed2025,H200 NVL,original,
zoo/ShallowConvNet,2b_S8_seed2026,zoo_20260916/ShallowConvNet/2b_S8_seed2026,H200 NVL,original,
zoo/ShallowConvNet,2b_S8_seed2027,zoo_20260916/ShallowConvNet/2b_S8_seed2027,H200 NVL,original,
zoo/ShallowConvNet,2b_S9_seed2025,zoo_20260916/ShallowConvNet/2b_S9_seed2025,H200 NVL,original,
zoo/ShallowConvNet,2b_S9_seed2026,zoo_20260916/ShallowConvNet/2b_S9_seed2026,H200 NVL,original,
zoo/ShallowConvNet,2b_S9_seed2027,zoo_20260916/ShallowConvNet/2b_S9_seed2027,H200 NVL,original,
zoo/ShallowConvNet,hgd_S10_seed2025,zoo_20260916/ShallowConvNet/hgd_S10_seed2025,H200 NVL,original,
zoo/ShallowConvNet,hgd_S11_seed2025,zoo_20260916/ShallowConvNet/hgd_S11_seed2025,H200 NVL,original,
zoo/ShallowConvNet,hgd_S1_seed2025,zoo_20260916/ShallowConvNet/hgd_S1_seed2025,H200 NVL,original,
zoo/ShallowConvNet,hgd_S2_seed2025,zoo_20260916/ShallowConvNet/hgd_S2_seed2025,H200 NVL,original,
zoo/ShallowConvNet,hgd_S3_seed2025,zoo_20260916/ShallowConvNet/hgd_S3_seed2025,H200 NVL,original,
zoo/ShallowConvNet,hgd_S4_seed2025,zoo_20260916/ShallowConvNet/hgd_S4_seed2025,H200 NVL,original,
zoo/ShallowConvNet,hgd_S5_seed2025,zoo_20260916/ShallowConvNet/hgd_S5_seed2025,H200 NVL,original,
zoo/ShallowConvNet,hgd_S6_seed2025,zoo_20260916/ShallowConvNet/hgd_S6_seed2025,H200 NVL,original,
zoo/ShallowConvNet,hgd_S7_seed2025,zoo_20260916/ShallowConvNet/hgd_S7_seed2025,H200 NVL,original,
zoo/ShallowConvNet,hgd_S8_seed2025,zoo_20260916/ShallowConvNet/hgd_S8_seed2025,H200 NVL,original,
zoo/ShallowConvNet,hgd_S9_seed2025,zoo_20260916/ShallowConvNet/hgd_S9_seed2025,H200 NVL,original,
zoo/ShallowConvNet,sdssvep_S10_seed2025,zoo_20260916/ShallowConvNet/sdssvep_S10_seed2025,H200 NVL,original,
zoo/ShallowConvNet,sdssvep_S10_seed2026,zoo_20260916/ShallowConvNet/sdssvep_S10_seed2026,H200 NVL,original,
zoo/ShallowConvNet,sdssvep_S10_seed2027,zoo_20260916/ShallowConvNet/sdssvep_S10_seed2027,H200 NVL,original,
zoo/ShallowConvNet,sdssvep_S1_seed2025,zoo_20260916/ShallowConvNet/sdssvep_S1_seed2025,H200 NVL,original,
zoo/ShallowConvNet,sdssvep_S1_seed2026,zoo_20260916/ShallowConvNet/sdssvep_S1_seed2026,H200 NVL,original,
zoo/ShallowConvNet,sdssvep_S1_seed2027,zoo_20260916/ShallowConvNet/sdssvep_S1_seed2027,H200 NVL,original,
zoo/ShallowConvNet,sdssvep_S2_seed2025,zoo_20260916/ShallowConvNet/sdssvep_S2_seed2025,H200 NVL,original,
zoo/ShallowConvNet,sdssvep_S2_seed2026,zoo_20260916/ShallowConvNet/sdssvep_S2_seed2026,H200 NVL,original,
zoo/ShallowConvNet,sdssvep_S2_seed2027,zoo_20260916/ShallowConvNet/sdssvep_S2_seed2027,H200 NVL,original,
zoo/ShallowConvNet,sdssvep_S3_seed2025,zoo_20260916/ShallowConvNet/sdssvep_S3_seed2025,H200 NVL,original,
zoo/ShallowConvNet,sdssvep_S3_seed2026,zoo_20260916/ShallowConvNet/sdssvep_S3_seed2026,H200 NVL,original,
zoo/ShallowConvNet,sdssvep_S3_seed2027,zoo_20260916/ShallowConvNet/sdssvep_S3_seed2027,H200 NVL,original,
zoo/ShallowConvNet,sdssvep_S4_seed2025,zoo_20260916/ShallowConvNet/sdssvep_S4_seed2025,H200 NVL,original,
zoo/ShallowConvNet,sdssvep_S4_seed2026,zoo_20260916/ShallowConvNet/sdssvep_S4_seed2026,H200 NVL,original,
zoo/ShallowConvNet,sdssvep_S4_seed2027,zoo_20260916/ShallowConvNet/sdssvep_S4_seed2027,H200 NVL,original,
zoo/ShallowConvNet,sdssvep_S5_seed2025,zoo_20260916/ShallowConvNet/sdssvep_S5_seed2025,H200 NVL,original,
zoo/ShallowConvNet,sdssvep_S5_seed2026,zoo_20260916/ShallowConvNet/sdssvep_S5_seed2026,H200 NVL,original,
zoo/ShallowConvNet,sdssvep_S5_seed2027,zoo_20260916/ShallowConvNet/sdssvep_S5_seed2027,H200 NVL,original,
zoo/ShallowConvNet,sdssvep_S6_seed2025,zoo_20260916/ShallowConvNet/sdssvep_S6_seed2025,H200 NVL,original,
zoo/ShallowConvNet,sdssvep_S6_seed2026,zoo_20260916/ShallowConvNet/sdssvep_S6_seed2026,H200 NVL,original,
zoo/ShallowConvNet,sdssvep_S6_seed2027,zoo_20260916/ShallowConvNet/sdssvep_S6_seed2027,H200 NVL,original,
zoo/ShallowConvNet,sdssvep_S7_seed2025,zoo_20260916/ShallowConvNet/sdssvep_S7_seed2025,H200 NVL,original,
zoo/ShallowConvNet,sdssvep_S7_seed2026,zoo_20260916/ShallowConvNet/sdssvep_S7_seed2026,H200 NVL,original,
zoo/ShallowConvNet,sdssvep_S7_seed2027,zoo_20260916/ShallowConvNet/sdssvep_S7_seed2027,H200 NVL,original,
zoo/ShallowConvNet,sdssvep_S8_seed2025,zoo_20260916/ShallowConvNet/sdssvep_S8_seed2025,H200 NVL,original,
zoo/ShallowConvNet,sdssvep_S8_seed2026,zoo_20260916/ShallowConvNet/sdssvep_S8_seed2026,H200 NVL,original,
zoo/ShallowConvNet,sdssvep_S8_seed2027,zoo_20260916/ShallowConvNet/sdssvep_S8_seed2027,H200 NVL,original,
zoo/ShallowConvNet,sdssvep_S9_seed2025,zoo_20260916/ShallowConvNet/sdssvep_S9_seed2025,H200 NVL,original,
zoo/ShallowConvNet,sdssvep_S9_seed2026,zoo_20260916/ShallowConvNet/sdssvep_S9_seed2026,H200 NVL,original,
zoo/ShallowConvNet,sdssvep_S9_seed2027,zoo_20260916/ShallowConvNet/sdssvep_S9_seed2027,H200 NVL,original,
