group,arm,dataset,subject,seed,protocol,window_seconds,prefix_weight,model,parameters,epochs,test_acc,test_balanced_acc,test_kappa,test_nll,test_ece,train_acc,test_peak_acc_diagnostic,test_peak_epoch_diagnostic,device,hours,record_status,harness_source
cohort,bite,2a,1,2025,within,,0.0,bite,16294,600,89.9306,89.9306,0.8657,0.4228,0.1833,100.0,91.3194,241,H200 NVL,0.234,full-GPU re-run replaces MIG original,fullgpu_20260917/cohort_20260915/bite/2a_S1_seed2025
cohort,bite,2a,1,2026,within,,0.0,bite,16294,600,87.5,87.5,0.8333,0.4289,0.1689,100.0,89.9306,349,H200 NVL,0.235,full-GPU re-run replaces MIG original,fullgpu_20260917/cohort_20260915/bite/2a_S1_seed2026
cohort,bite,2a,1,2027,within,,0.0,bite,16294,600,88.8889,88.8889,0.8519,0.4458,0.1807,100.0,90.625,277,H200 NVL,0.235,full-GPU re-run replaces MIG original,fullgpu_20260917/cohort_20260915/bite/2a_S1_seed2027
cohort,bite,2a,2,2025,within,,0.0,bite,16294,600,72.2222,72.2222,0.6296,0.7422,0.0744,100.0,76.0417,215,H200 NVL,0.241,full-GPU re-run replaces MIG original,fullgpu_20260917/cohort_20260915/bite/2a_S2_seed2025
cohort,bite,2a,2,2026,within,,0.0,bite,16294,600,69.0972,69.0972,0.588,0.9603,0.0934,100.0,74.3056,274,H200 NVL,0.243,full-GPU re-run replaces MIG original,fullgpu_20260917/cohort_20260915/bite/2a_S2_seed2026
cohort,bite,2a,2,2027,within,,0.0,bite,16294,600,74.3056,74.3056,0.6574,0.7091,0.103,100.0,77.7778,358,H200 NVL,0.243,full-GPU re-run replaces MIG original,fullgpu_20260917/cohort_20260915/bite/2a_S2_seed2027
cohort,bite,2a,3,2025,within,,0.0,bite,16294,600,95.8333,95.8333,0.9444,0.2812,0.1633,100.0,97.9167,289,H200 NVL,0.234,full-GPU re-run replaces MIG original,fullgpu_20260917/cohort_20260915/bite/2a_S3_seed2025
cohort,bite,2a,3,2026,within,,0.0,bite,16294,600,96.875,96.875,0.9583,0.2623,0.1659,100.0,98.2639,415,H200 NVL,0.235,full-GPU re-run replaces MIG original,fullgpu_20260917/cohort_20260915/bite/2a_S3_seed2026
cohort,bite,2a,3,2027,within,,0.0,bite,16294,600,96.1806,96.1806,0.9491,0.2808,0.1598,100.0,96.875,155,H200 NVL,0.234,full-GPU re-run replaces MIG original,fullgpu_20260917/cohort_20260915/bite/2a_S3_seed2027
cohort,bite,2a,4,2025,within,,0.0,bite,16294,600,81.25,81.25,0.75,0.5486,0.1407,100.0,84.0278,374,H200 NVL,0.241,full-GPU re-run replaces MIG original,fullgpu_20260917/cohort_20260915/bite/2a_S4_seed2025
cohort,bite,2a,4,2026,within,,0.0,bite,16294,600,83.3333,83.3333,0.7778,0.527,0.1298,100.0,85.4167,296,H200 NVL,0.243,full-GPU re-run replaces MIG original,fullgpu_20260917/cohort_20260915/bite/2a_S4_seed2026
cohort,bite,2a,4,2027,within,,0.0,bite,16294,600,87.5,87.5,0.8333,0.4747,0.1665,100.0,88.1944,438,H200 NVL,0.248,full-GPU re-run replaces MIG original,fullgpu_20260917/cohort_20260915/bite/2a_S4_seed2027
cohort,bite,2a,5,2025,within,,0.0,bite,16294,600,78.125,78.125,0.7083,0.5927,0.0968,100.0,80.5556,199,H200 NVL,0.234,full-GPU re-run replaces MIG original,fullgpu_20260917/cohort_20260915/bite/2a_S5_seed2025
cohort,bite,2a,5,2026,within,,0.0,bite,16294,600,78.4722,78.4722,0.713,0.5966,0.1014,100.0,82.9861,173,H200 NVL,0.235,full-GPU re-run replaces MIG original,fullgpu_20260917/cohort_20260915/bite/2a_S5_seed2026
cohort,bite,2a,5,2027,within,,0.0,bite,16294,600,79.1667,79.1667,0.7222,0.5744,0.0975,100.0,83.6806,269,H200 NVL,0.234,full-GPU re-run replaces MIG original,fullgpu_20260917/cohort_20260915/bite/2a_S5_seed2027
cohort,bite,2a,6,2025,within,,0.0,bite,16294,600,76.3889,76.3889,0.6852,0.7266,0.1076,100.0,79.1667,455,H200 NVL,0.241,full-GPU re-run replaces MIG original,fullgpu_20260917/cohort_20260915/bite/2a_S6_seed2025
cohort,bite,2a,6,2026,within,,0.0,bite,16294,600,73.6111,73.6111,0.6481,0.7262,0.093,100.0,77.7778,208,H200 NVL,0.248,full-GPU re-run replaces MIG original,fullgpu_20260917/cohort_20260915/bite/2a_S6_seed2026
cohort,bite,2a,6,2027,within,,0.0,bite,16294,600,72.5694,72.5694,0.6343,0.7307,0.0938,100.0,76.3889,243,H200 NVL,0.244,full-GPU re-run replaces MIG original,fullgpu_20260917/cohort_20260915/bite/2a_S6_seed2027
cohort,bite,2a,7,2025,within,,0.0,bite,16294,600,92.7083,92.7083,0.9028,0.3575,0.1667,100.0,95.4861,429,H200 NVL,0.234,full-GPU re-run replaces MIG original,fullgpu_20260917/cohort_20260915/bite/2a_S7_seed2025
cohort,bite,2a,7,2026,within,,0.0,bite,16294,600,91.6667,91.6667,0.8889,0.3785,0.1734,100.0,94.4444,408,H200 NVL,0.235,full-GPU re-run replaces MIG original,fullgpu_20260917/cohort_20260915/bite/2a_S7_seed2026
cohort,bite,2a,7,2027,within,,0.0,bite,16294,600,91.3194,91.3194,0.8843,0.3674,0.17,100.0,94.4444,457,H200 NVL,0.235,full-GPU re-run replaces MIG original,fullgpu_20260917/cohort_20260915/bite/2a_S7_seed2027
cohort,bite,2a,8,2025,within,,0.0,bite,16294,600,84.0278,84.0278,0.787,0.5107,0.1618,100.0,87.1528,320,H200 NVL,0.241,full-GPU re-run replaces MIG original,fullgpu_20260917/cohort_20260915/bite/2a_S8_seed2025
cohort,bite,2a,8,2026,within,,0.0,bite,16294,600,83.6806,83.6806,0.7824,0.5246,0.1541,100.0,87.1528,246,H200 NVL,0.243,full-GPU re-run replaces MIG original,fullgpu_20260917/cohort_20260915/bite/2a_S8_seed2026
cohort,bite,2a,8,2027,within,,0.0,bite,16294,600,85.4167,85.4167,0.8056,0.5184,0.1614,100.0,87.1528,305,H200 NVL,0.243,full-GPU re-run replaces MIG original,fullgpu_20260917/cohort_20260915/bite/2a_S8_seed2027
cohort,bite,2a,9,2025,within,,0.0,bite,16294,600,87.1528,87.1528,0.8287,0.4571,0.133,100.0,89.5833,206,H200 NVL,0.234,full-GPU re-run replaces MIG original,fullgpu_20260917/cohort_20260915/bite/2a_S9_seed2025
cohort,bite,2a,9,2026,within,,0.0,bite,16294,600,87.1528,87.1528,0.8287,0.4622,0.1509,100.0,88.8889,432,H200 NVL,0.235,full-GPU re-run replaces MIG original,fullgpu_20260917/cohort_20260915/bite/2a_S9_seed2026
cohort,bite,2a,9,2027,within,,0.0,bite,16294,600,86.4583,86.4583,0.8194,0.473,0.1492,100.0,90.2778,379,H200 NVL,0.235,full-GPU re-run replaces MIG original,fullgpu_20260917/cohort_20260915/bite/2a_S9_seed2027
cohort,bite,2b,1,2025,within,,0.0,bite,14738,600,76.875,76.875,0.5375,0.4948,0.096,100.0,81.875,142,H200 NVL,0.197,full-GPU re-run replaces MIG original,fullgpu_20260917/cohort_20260915/bite/2b_S1_seed2025
cohort,bite,2b,1,2026,within,,0.0,bite,14738,600,78.75,78.75,0.575,0.4922,0.0611,100.0,82.1875,94,H200 NVL,0.201,full-GPU re-run replaces MIG original,fullgpu_20260917/cohort_20260915/bite/2b_S1_seed2026
cohort,bite,2b,1,2027,within,,0.0,bite,14738,600,79.6875,79.6875,0.5938,0.4843,0.0472,100.0,82.5,131,H200 NVL,0.197,full-GPU re-run replaces MIG original,fullgpu_20260917/cohort_20260915/bite/2b_S1_seed2027
cohort,bite,2b,2,2025,within,,0.0,bite,14738,600,74.6429,74.6429,0.4929,0.5183,0.0537,99.25,78.5714,318,H200 NVL,0.156,full-GPU re-run replaces MIG original,fullgpu_20260917/cohort_20260915/bite/2b_S2_seed2025
cohort,bite,2b,2,2026,within,,0.0,bite,14738,600,75.7143,75.7143,0.5143,0.5134,0.0408,99.25,78.2143,285,H200 NVL,0.184,full-GPU re-run replaces MIG original,fullgpu_20260917/cohort_20260915/bite/2b_S2_seed2026
cohort,bite,2b,2,2027,within,,0.0,bite,14738,600,73.2143,73.2143,0.4643,0.5304,0.0712,99.0,76.7857,270,H200 NVL,0.197,full-GPU re-run replaces MIG original,fullgpu_20260917/cohort_20260915/bite/2b_S2_seed2027
cohort,bite,2b,3,2025,within,,0.0,bite,14738,600,85.3125,85.3125,0.7063,0.3368,0.0449,98.75,87.8125,18,H200 NVL,0.198,full-GPU re-run replaces MIG original,fullgpu_20260917/cohort_20260915/bite/2b_S3_seed2025
cohort,bite,2b,3,2026,within,,0.0,bite,14738,600,85.9375,85.9375,0.7188,0.3315,0.0333,98.75,88.125,193,H200 NVL,0.191,full-GPU re-run replaces MIG original,fullgpu_20260917/cohort_20260915/bite/2b_S3_seed2026
cohort,bite,2b,3,2027,within,,0.0,bite,14738,600,84.6875,84.6875,0.6938,0.3454,0.0406,98.75,87.8125,21,H200 NVL,0.146,full-GPU re-run replaces MIG original,fullgpu_20260917/cohort_20260915/bite/2b_S3_seed2027
cohort,bite,2b,4,2025,within,,0.0,bite,14738,600,97.1875,97.1875,0.9438,0.1383,0.0798,100.0,98.75,108,H200 NVL,0.157,original,cohort_20260915/bite/2b_S4_seed2025
cohort,bite,2b,4,2026,within,,0.0,bite,14738,600,96.875,96.875,0.9375,0.1384,0.0771,100.0,98.75,104,H200 NVL,0.157,original,cohort_20260915/bite/2b_S4_seed2026
cohort,bite,2b,4,2027,within,,0.0,bite,14738,600,95.9375,95.9375,0.9187,0.1395,0.0745,100.0,97.8125,47,H200 NVL,0.157,original,cohort_20260915/bite/2b_S4_seed2027
cohort,bite,2b,5,2025,within,,0.0,bite,14738,600,89.0625,89.0625,0.7812,0.2853,0.0784,100.0,95.3125,86,H200 NVL,0.157,original,cohort_20260915/bite/2b_S5_seed2025
cohort,bite,2b,5,2026,within,,0.0,bite,14738,600,89.375,89.375,0.7875,0.2893,0.0772,100.0,94.375,241,H200 NVL,0.157,original,cohort_20260915/bite/2b_S5_seed2026
cohort,bite,2b,5,2027,within,,0.0,bite,14738,600,90.3125,90.3125,0.8062,0.266,0.0859,100.0,94.6875,51,H200 NVL,0.157,original,cohort_20260915/bite/2b_S5_seed2027
cohort,bite,2b,6,2025,within,,0.0,bite,14738,600,88.75,88.75,0.775,0.2838,0.0647,99.5,90.9375,171,H200 NVL,0.23,original,cohort_20260915/bite/2b_S6_seed2025
cohort,bite,2b,6,2026,within,,0.0,bite,14738,600,89.6875,89.6875,0.7937,0.2762,0.065,99.25,91.5625,369,H200 NVL,0.23,original,cohort_20260915/bite/2b_S6_seed2026
cohort,bite,2b,6,2027,within,,0.0,bite,14738,600,88.75,88.75,0.775,0.2866,0.0732,99.25,91.875,301,H200 NVL,0.23,original,cohort_20260915/bite/2b_S6_seed2027
cohort,bite,2b,7,2025,within,,0.0,bite,14738,600,91.875,91.875,0.8375,0.2337,0.0529,99.25,93.125,47,H200 NVL,0.23,original,cohort_20260915/bite/2b_S7_seed2025
cohort,bite,2b,7,2026,within,,0.0,bite,14738,600,91.5625,91.5625,0.8313,0.2495,0.0559,99.75,93.125,182,H200 NVL,0.188,original,cohort_20260915/bite/2b_S7_seed2026
cohort,bite,2b,7,2027,within,,0.0,bite,14738,600,91.25,91.25,0.825,0.2575,0.0371,98.75,91.875,381,H200 NVL,0.202,original,cohort_20260915/bite/2b_S7_seed2027
cohort,bite,2b,8,2025,within,,0.0,bite,14738,600,94.375,94.375,0.8875,0.195,0.0727,99.3182,95.9375,50,H200 NVL,0.202,original,cohort_20260915/bite/2b_S8_seed2025
cohort,bite,2b,8,2026,within,,0.0,bite,14738,600,94.375,94.375,0.8875,0.1914,0.0726,99.0909,97.1875,162,H200 NVL,0.202,original,cohort_20260915/bite/2b_S8_seed2026
cohort,bite,2b,8,2027,within,,0.0,bite,14738,600,95.3125,95.3125,0.9062,0.1738,0.0776,99.0909,96.5625,229,H200 NVL,0.202,original,cohort_20260915/bite/2b_S8_seed2027
cohort,bite,2b,9,2025,within,,0.0,bite,14738,600,85.625,85.625,0.7125,0.3187,0.0864,99.75,90.0,70,H200 NVL,0.186,original,cohort_20260915/bite/2b_S9_seed2025
cohort,bite,2b,9,2026,within,,0.0,bite,14738,600,85.0,85.0,0.7,0.3511,0.0824,99.75,90.3125,91,H200 NVL,0.197,original,cohort_20260915/bite/2b_S9_seed2026
cohort,bite,2b,9,2027,within,,0.0,bite,14738,600,86.875,86.875,0.7375,0.3356,0.1094,99.25,90.625,112,H200 NVL,0.197,original,cohort_20260915/bite/2b_S9_seed2027
cohort,bite,hgd,10,2025,within,,0.0,bite,17922,600,93.75,93.2992,0.9163,0.2849,0.1268,100.0,96.0227,228,H200 NVL,0.543,full-GPU re-run replaces MIG original,fullgpu_20260917/cohort_20260915/bite/hgd_S10_seed2025
cohort,bite,hgd,10,2026,within,,0.0,bite,17922,600,91.4773,90.8153,0.8859,0.3038,0.1258,100.0,94.3182,348,H200 NVL,0.617,full-GPU re-run replaces MIG original,fullgpu_20260917/cohort_20260915/bite/hgd_S10_seed2026
cohort,bite,hgd,10,2027,within,,0.0,bite,17922,600,93.75,93.203,0.9163,0.2841,0.1373,100.0,96.0227,382,H200 NVL,0.61,full-GPU re-run replaces MIG original,fullgpu_20260917/cohort_20260915/bite/hgd_S10_seed2027
cohort,bite,hgd,11,2025,within,,0.0,bite,17922,600,89.2045,89.8498,0.8556,0.3989,0.1409,99.858,91.4773,219,H200 NVL,0.609,full-GPU re-run replaces MIG original,fullgpu_20260917/cohort_20260915/bite/hgd_S11_seed2025
cohort,bite,hgd,11,2026,within,,0.0,bite,17922,600,88.0682,88.7628,0.8404,0.4149,0.1309,99.858,90.3409,462,H200 NVL,0.565,full-GPU re-run replaces MIG original,fullgpu_20260917/cohort_20260915/bite/hgd_S11_seed2026
cohort,bite,hgd,11,2027,within,,0.0,bite,17922,600,86.9318,87.5769,0.8252,0.4086,0.1301,99.858,90.3409,155,H200 NVL,0.546,full-GPU re-run replaces MIG original,fullgpu_20260917/cohort_20260915/bite/hgd_S11_seed2027
cohort,bite,hgd,12,2025,within,,0.0,bite,17922,600,95.4545,95.3625,0.9392,0.2725,0.1408,100.0,97.1591,385,H200 NVL,0.627,full-GPU re-run replaces MIG original,fullgpu_20260917/cohort_20260915/bite/hgd_S12_seed2025
cohort,bite,hgd,12,2026,within,,0.0,bite,17922,600,98.2955,98.3829,0.9772,0.2592,0.1333,100.0,98.8636,211,H200 NVL,0.61,full-GPU re-run replaces MIG original,fullgpu_20260917/cohort_20260915/bite/hgd_S12_seed2026
cohort,bite,hgd,12,2027,within,,0.0,bite,17922,600,97.7273,97.8147,0.9696,0.2485,0.1387,100.0,97.7273,151,H200 NVL,0.618,full-GPU re-run replaces MIG original,fullgpu_20260917/cohort_20260915/bite/hgd_S12_seed2027
cohort,bite,hgd,13,2025,within,,0.0,bite,17922,600,93.75,93.7102,0.9166,0.2399,0.1067,100.0,95.625,217,H200 NVL,0.386,original,cohort_20260915/bite/hgd_S13_seed2025
cohort,bite,hgd,13,2026,within,,0.0,bite,17922,600,94.375,94.3222,0.9249,0.236,0.1184,100.0,96.25,329,H200 NVL,0.392,original,cohort_20260915/bite/hgd_S13_seed2026
cohort,bite,hgd,13,2027,within,,0.0,bite,17922,600,94.375,94.3994,0.9249,0.2436,0.1198,100.0,96.875,204,H200 NVL,0.427,original,cohort_20260915/bite/hgd_S13_seed2027
cohort,bite,hgd,14,2025,within,,0.0,bite,17922,600,100.0,100.0,1.0,0.192,0.161,100.0,100.0,54,H200 NVL,0.464,original,cohort_20260915/bite/hgd_S14_seed2025
cohort,bite,hgd,14,2026,within,,0.0,bite,17922,600,98.2955,98.4149,0.9772,0.2025,0.145,100.0,99.4318,402,H200 NVL,0.439,original,cohort_20260915/bite/hgd_S14_seed2026
cohort,bite,hgd,14,2027,within,,0.0,bite,17922,600,97.1591,97.3732,0.9621,0.2126,0.1464,100.0,99.4318,79,H200 NVL,0.472,original,cohort_20260915/bite/hgd_S14_seed2027
cohort,bite,hgd,1,2025,within,,0.0,bite,17922,600,100.0,100.0,1.0,0.2034,0.1716,100.0,100.0,114,H200 NVL,0.26,full-GPU re-run replaces MIG original,fullgpu_20260917/cohort_20260915/bite/hgd_S1_seed2025
cohort,bite,hgd,1,2026,within,,0.0,bite,17922,600,100.0,100.0,1.0,0.1934,0.167,100.0,100.0,36,H200 NVL,0.24,full-GPU re-run replaces MIG original,fullgpu_20260917/cohort_20260915/bite/hgd_S1_seed2026
cohort,bite,hgd,1,2027,within,,0.0,bite,17922,600,100.0,100.0,1.0,0.1917,0.1628,100.0,100.0,40,H200 NVL,0.278,full-GPU re-run replaces MIG original,fullgpu_20260917/cohort_20260915/bite/hgd_S1_seed2027
cohort,bite,hgd,2,2025,within,,0.0,bite,17922,600,93.2515,93.2626,0.9099,0.3018,0.1333,99.8462,94.4785,297,H200 NVL,0.453,original,cohort_20260915/bite/hgd_S2_seed2025
cohort,bite,hgd,2,2026,within,,0.0,bite,17922,600,92.0245,92.0633,0.8935,0.3101,0.1604,100.0,95.092,390,H200 NVL,0.497,original,cohort_20260915/bite/hgd_S2_seed2026
cohort,bite,hgd,2,2027,within,,0.0,bite,17922,600,92.638,92.6883,0.9017,0.3049,0.1417,99.8462,94.4785,417,H200 NVL,0.486,original,cohort_20260915/bite/hgd_S2_seed2027
cohort,bite,hgd,3,2025,within,,0.0,bite,17922,600,98.8636,98.88,0.9848,0.193,0.1517,100.0,99.4318,38,H200 NVL,0.476,original,cohort_20260915/bite/hgd_S3_seed2025
cohort,bite,hgd,3,2026,within,,0.0,bite,17922,600,98.8636,98.88,0.9848,0.1836,0.1388,100.0,99.4318,89,H200 NVL,0.389,original,cohort_20260915/bite/hgd_S3_seed2026
cohort,bite,hgd,3,2027,within,,0.0,bite,17922,600,98.8636,98.88,0.9848,0.1875,0.1436,100.0,100.0,166,H200 NVL,0.359,original,cohort_20260915/bite/hgd_S3_seed2027
cohort,bite,hgd,4,2025,within,,0.0,bite,17922,600,98.8889,99.0196,0.9851,0.1923,0.1437,100.0,99.4444,229,H100 NVL,0.618,original,cohort_20260915/bite/hgd_S4_seed2025
cohort,bite,hgd,4,2026,within,,0.0,bite,17922,600,98.3333,98.3053,0.9776,0.1835,0.1274,100.0,98.8889,152,H100 NVL,0.618,original,cohort_20260915/bite/hgd_S4_seed2026
cohort,bite,hgd,4,2027,within,,0.0,bite,17922,600,97.7778,97.7371,0.9702,0.208,0.1376,100.0,98.8889,378,H100 NVL,0.704,original,cohort_20260915/bite/hgd_S4_seed2027
cohort,bite,hgd,5,2025,within,,0.0,bite,17922,600,97.9167,98.1395,0.9721,0.1876,0.1311,100.0,99.3056,287,H100 NVL,0.585,original,cohort_20260915/bite/hgd_S5_seed2025
cohort,bite,hgd,5,2026,within,,0.0,bite,17922,600,97.9167,98.1395,0.9721,0.1926,0.1283,100.0,98.6111,99,H100 NVL,0.635,original,cohort_20260915/bite/hgd_S5_seed2026
cohort,bite,hgd,5,2027,within,,0.0,bite,17922,600,97.9167,98.1395,0.9721,0.1981,0.1282,100.0,98.6111,101,H100 NVL,0.656,original,cohort_20260915/bite/hgd_S5_seed2027
cohort,bite,hgd,6,2025,within,,0.0,bite,17922,600,93.1818,93.4524,0.9089,0.3256,0.1545,99.858,94.8864,422,H100 NVL,0.761,original,cohort_20260915/bite/hgd_S6_seed2025
cohort,bite,hgd,6,2026,within,,0.0,bite,17922,600,92.0455,92.2064,0.8936,0.3299,0.155,100.0,94.3182,442,H100 NVL,0.778,original,cohort_20260915/bite/hgd_S6_seed2026
cohort,bite,hgd,6,2027,within,,0.0,bite,17922,600,93.1818,93.6429,0.909,0.3207,0.18,99.858,94.8864,368,H100 NVL,0.781,original,cohort_20260915/bite/hgd_S6_seed2027
cohort,bite,hgd,7,2025,within,,0.0,bite,17922,600,92.0455,91.7674,0.8938,0.267,0.1089,99.858,94.8864,126,H100 NVL,0.734,original,cohort_20260915/bite/hgd_S7_seed2025
cohort,bite,hgd,7,2026,within,,0.0,bite,17922,600,92.0455,91.7674,0.8937,0.2682,0.1187,100.0,95.4545,416,H100 NVL,0.639,original,cohort_20260915/bite/hgd_S7_seed2026
cohort,bite,hgd,7,2027,within,,0.0,bite,17922,600,93.1818,92.9738,0.909,0.2668,0.129,99.858,96.0227,68,H100 NVL,0.461,original,cohort_20260915/bite/hgd_S7_seed2027
cohort,bite,hgd,8,2025,within,,0.0,bite,17922,600,95.4198,95.6053,0.9388,0.2593,0.1112,99.8088,96.1832,207,H100 80GB HBM3,0.405,original,cohort_20260915/bite/hgd_S8_seed2025
cohort,bite,hgd,8,2026,within,,0.0,bite,17922,600,96.1832,96.2632,0.949,0.2411,0.1203,99.8088,96.9466,433,H100 80GB HBM3,0.405,original,cohort_20260915/bite/hgd_S8_seed2026
cohort,bite,hgd,8,2027,within,,0.0,bite,17922,600,95.4198,95.4298,0.9387,0.2442,0.115,99.8088,96.9466,325,H100 80GB HBM3,0.409,original,cohort_20260915/bite/hgd_S8_seed2027
cohort,bite,hgd,9,2025,within,,0.0,bite,17922,600,98.2955,98.4149,0.9772,0.1823,0.1366,99.858,100.0,262,H100 80GB HBM3,0.534,original,cohort_20260915/bite/hgd_S9_seed2025
cohort,bite,hgd,9,2026,within,,0.0,bite,17922,600,98.2955,98.3543,0.9772,0.1728,0.1265,99.858,99.4318,66,H100 80GB HBM3,0.565,original,cohort_20260915/bite/hgd_S9_seed2026
cohort,bite,hgd,9,2027,within,,0.0,bite,17922,600,97.1591,97.2521,0.9621,0.1965,0.1338,99.858,99.4318,37,H100 80GB HBM3,0.561,original,cohort_20260915/bite/hgd_S9_seed2027
cohort,bite,sdssvep,10,2025,within,,0.0,bite,14548,600,96.6667,96.6667,0.9636,0.5043,0.3216,100.0,98.3333,306,H200 NVL,0.084,original,cohort_20260915/bite/sdssvep_S10_seed2025
cohort,bite,sdssvep,10,2026,within,,0.0,bite,14548,600,96.6667,96.6667,0.9636,0.5045,0.3196,100.0,98.3333,117,H200 NVL,0.081,original,cohort_20260915/bite/sdssvep_S10_seed2026
cohort,bite,sdssvep,10,2027,within,,0.0,bite,14548,600,98.3333,98.3333,0.9818,0.4411,0.306,100.0,100.0,310,H200 NVL,0.081,original,cohort_20260915/bite/sdssvep_S10_seed2027
cohort,bite,sdssvep,1,2025,within,,0.0,bite,14548,600,86.6667,86.6667,0.8545,1.0355,0.4543,100.0,86.6667,390,H200 NVL,0.059,original,cohort_20260915/bite/sdssvep_S1_seed2025
cohort,bite,sdssvep,1,2026,within,,0.0,bite,14548,600,91.6667,91.6667,0.9091,0.9658,0.4937,100.0,95.0,139,H200 NVL,0.068,original,cohort_20260915/bite/sdssvep_S1_seed2026
cohort,bite,sdssvep,1,2027,within,,0.0,bite,14548,600,93.3333,93.3333,0.9273,0.9629,0.5066,100.0,95.0,318,H200 NVL,0.079,original,cohort_20260915/bite/sdssvep_S1_seed2027
cohort,bite,sdssvep,2,2025,within,,0.0,bite,14548,600,91.6667,91.6667,0.9091,0.7149,0.3649,100.0,91.6667,143,H200 NVL,0.08,original,cohort_20260915/bite/sdssvep_S2_seed2025
cohort,bite,sdssvep,2,2026,within,,0.0,bite,14548,600,93.3333,93.3333,0.9273,0.7311,0.3981,100.0,96.6667,107,H200 NVL,0.081,original,cohort_20260915/bite/sdssvep_S2_seed2026
cohort,bite,sdssvep,2,2027,within,,0.0,bite,14548,600,95.0,95.0,0.9455,0.6828,0.3906,100.0,98.3333,198,H200 NVL,0.086,original,cohort_20260915/bite/sdssvep_S2_seed2027
cohort,bite,sdssvep,3,2025,within,,0.0,bite,14548,600,73.3333,73.3333,0.7091,1.313,0.3892,100.0,78.3333,179,H200 NVL,0.094,original,cohort_20260915/bite/sdssvep_S3_seed2025
cohort,bite,sdssvep,3,2026,within,,0.0,bite,14548,600,70.0,70.0,0.6727,1.3527,0.3469,100.0,76.6667,189,H200 NVL,0.096,original,cohort_20260915/bite/sdssvep_S3_seed2026
cohort,bite,sdssvep,3,2027,within,,0.0,bite,14548,600,73.3333,73.3333,0.7091,1.2371,0.3704,100.0,80.0,267,H200 NVL,0.098,original,cohort_20260915/bite/sdssvep_S3_seed2027
cohort,bite,sdssvep,4,2025,within,,0.0,bite,14548,600,90.0,90.0,0.8909,0.7393,0.3571,100.0,93.3333,132,H200 NVL,0.08,original,cohort_20260915/bite/sdssvep_S4_seed2025
cohort,bite,sdssvep,4,2026,within,,0.0,bite,14548,600,93.3333,93.3333,0.9273,0.7463,0.3921,100.0,96.6667,139,H200 NVL,0.081,original,cohort_20260915/bite/sdssvep_S4_seed2026
cohort,bite,sdssvep,4,2027,within,,0.0,bite,14548,600,86.6667,86.6667,0.8545,0.8069,0.3667,100.0,90.0,176,H200 NVL,0.081,original,cohort_20260915/bite/sdssvep_S4_seed2027
cohort,bite,sdssvep,5,2025,within,,0.0,bite,14548,600,100.0,100.0,1.0,0.416,0.3219,100.0,100.0,58,H200 NVL,0.094,original,cohort_20260915/bite/sdssvep_S5_seed2025
cohort,bite,sdssvep,5,2026,within,,0.0,bite,14548,600,100.0,100.0,1.0,0.4107,0.3161,100.0,100.0,54,H200 NVL,0.093,original,cohort_20260915/bite/sdssvep_S5_seed2026
cohort,bite,sdssvep,5,2027,within,,0.0,bite,14548,600,100.0,100.0,1.0,0.4329,0.3308,100.0,100.0,53,H200 NVL,0.093,original,cohort_20260915/bite/sdssvep_S5_seed2027
cohort,bite,sdssvep,6,2025,within,,0.0,bite,14548,600,100.0,100.0,1.0,0.2387,0.2054,100.0,100.0,50,H100 NVL,0.04,original,cohort_20260915/bite/sdssvep_S6_seed2025
cohort,bite,sdssvep,6,2026,within,,0.0,bite,14548,600,100.0,100.0,1.0,0.2283,0.2002,100.0,100.0,49,H100 NVL,0.041,original,cohort_20260915/bite/sdssvep_S6_seed2026
cohort,bite,sdssvep,6,2027,within,,0.0,bite,14548,600,100.0,100.0,1.0,0.243,0.2097,100.0,100.0,57,H100 NVL,0.04,original,cohort_20260915/bite/sdssvep_S6_seed2027
cohort,bite,sdssvep,7,2025,within,,0.0,bite,14548,600,100.0,100.0,1.0,0.3954,0.3068,100.0,100.0,39,H100 NVL,0.04,original,cohort_20260915/bite/sdssvep_S7_seed2025
cohort,bite,sdssvep,7,2026,within,,0.0,bite,14548,600,100.0,100.0,1.0,0.3382,0.2752,100.0,100.0,46,H100 NVL,0.04,original,cohort_20260915/bite/sdssvep_S7_seed2026
cohort,bite,sdssvep,7,2027,within,,0.0,bite,14548,600,100.0,100.0,1.0,0.3564,0.2888,100.0,100.0,111,H100 NVL,0.04,original,cohort_20260915/bite/sdssvep_S7_seed2027
cohort,bite,sdssvep,8,2025,within,,0.0,bite,14548,600,98.3333,98.3333,0.9818,0.5572,0.3821,100.0,98.3333,198,H100 NVL,0.06,original,cohort_20260915/bite/sdssvep_S8_seed2025
cohort,bite,sdssvep,8,2026,within,,0.0,bite,14548,600,100.0,100.0,1.0,0.5039,0.3771,100.0,100.0,107,H100 NVL,0.06,original,cohort_20260915/bite/sdssvep_S8_seed2026
cohort,bite,sdssvep,8,2027,within,,0.0,bite,14548,600,100.0,100.0,1.0,0.5114,0.3788,100.0,100.0,284,H100 NVL,0.06,original,cohort_20260915/bite/sdssvep_S8_seed2027
cohort,bite,sdssvep,9,2025,within,,0.0,bite,14548,600,98.3333,98.3333,0.9818,0.322,0.235,100.0,100.0,98,H100 NVL,0.06,original,cohort_20260915/bite/sdssvep_S9_seed2025
cohort,bite,sdssvep,9,2026,within,,0.0,bite,14548,600,100.0,100.0,1.0,0.3166,0.2488,100.0,100.0,65,H100 NVL,0.098,original,cohort_20260915/bite/sdssvep_S9_seed2026
cohort,bite,sdssvep,9,2027,within,,0.0,bite,14548,600,100.0,100.0,1.0,0.3024,0.2374,100.0,100.0,126,H100 NVL,0.098,original,cohort_20260915/bite/sdssvep_S9_seed2027
cohort,compact,2a,1,2025,within,,0.0,compact,17828,600,87.1528,87.1528,0.8287,0.4644,0.1738,100.0,88.1944,336,H100 NVL,0.203,original,cohort_20260915/compact/2a_S1_seed2025
cohort,compact,2a,1,2026,within,,0.0,compact,17828,600,84.0278,84.0278,0.787,0.5181,0.1603,100.0,86.1111,356,H100 NVL,0.245,original,cohort_20260915/compact/2a_S1_seed2026
cohort,compact,2a,1,2027,within,,0.0,compact,17828,600,86.4583,86.4583,0.8194,0.4605,0.1683,100.0,88.1944,434,H100 NVL,0.245,original,cohort_20260915/compact/2a_S1_seed2027
cohort,compact,2a,2,2025,within,,0.0,compact,17828,600,70.1389,70.1389,0.6019,0.7517,0.073,100.0,73.9583,430,H100 NVL,0.235,original,cohort_20260915/compact/2a_S2_seed2025
cohort,compact,2a,2,2026,within,,0.0,compact,17828,600,65.9722,65.9722,0.5463,0.8596,0.0842,100.0,68.75,446,H100 NVL,0.235,original,cohort_20260915/compact/2a_S2_seed2026
cohort,compact,2a,2,2027,within,,0.0,compact,17828,600,72.5694,72.5694,0.6343,0.7527,0.1383,100.0,76.0417,445,H100 NVL,0.217,original,cohort_20260915/compact/2a_S2_seed2027
cohort,compact,2a,3,2025,within,,0.0,compact,17828,600,95.4861,95.4861,0.9398,0.3162,0.1547,100.0,97.2222,289,H100 NVL,0.223,original,cohort_20260915/compact/2a_S3_seed2025
cohort,compact,2a,3,2026,within,,0.0,compact,17828,600,96.5278,96.5278,0.9537,0.3186,0.1721,100.0,96.875,355,H100 NVL,0.226,original,cohort_20260915/compact/2a_S3_seed2026
cohort,compact,2a,3,2027,within,,0.0,compact,17828,600,96.1806,96.1806,0.9491,0.3036,0.1661,100.0,97.5694,371,H100 NVL,0.226,original,cohort_20260915/compact/2a_S3_seed2027
cohort,compact,2a,4,2025,within,,0.0,compact,17828,600,80.5556,80.5556,0.7407,0.6582,0.1845,100.0,82.6389,531,H100 NVL,0.227,original,cohort_20260915/compact/2a_S4_seed2025
cohort,compact,2a,4,2026,within,,0.0,compact,17828,600,76.3889,76.3889,0.6852,0.6687,0.1327,100.0,78.4722,409,H100 NVL,0.231,original,cohort_20260915/compact/2a_S4_seed2026
cohort,compact,2a,4,2027,within,,0.0,compact,17828,600,78.125,78.125,0.7083,0.6309,0.1331,100.0,79.1667,417,H100 NVL,0.229,original,cohort_20260915/compact/2a_S4_seed2027
cohort,compact,2a,5,2025,within,,0.0,compact,17828,600,77.4306,77.4306,0.6991,0.6285,0.1115,100.0,81.25,337,H100 NVL,0.229,original,cohort_20260915/compact/2a_S5_seed2025
cohort,compact,2a,5,2026,within,,0.0,compact,17828,600,78.4722,78.4722,0.713,0.6455,0.1161,100.0,80.9028,319,H100 NVL,0.232,original,cohort_20260915/compact/2a_S5_seed2026
cohort,compact,2a,5,2027,within,,0.0,compact,17828,600,77.4306,77.4306,0.6991,0.6241,0.0984,100.0,78.8194,272,H100 NVL,0.233,original,cohort_20260915/compact/2a_S5_seed2027
cohort,compact,2a,6,2025,within,,0.0,compact,17828,600,67.0139,67.0139,0.5602,0.8568,0.0605,100.0,68.75,431,H100 NVL,0.232,original,cohort_20260915/compact/2a_S6_seed2025
cohort,compact,2a,6,2026,within,,0.0,compact,17828,600,65.9722,65.9722,0.5463,0.8287,0.1327,100.0,68.0556,302,H100 NVL,0.233,original,cohort_20260915/compact/2a_S6_seed2026
cohort,compact,2a,6,2027,within,,0.0,compact,17828,600,65.2778,65.2778,0.537,0.8748,0.0559,100.0,68.0556,444,H100 NVL,0.23,original,cohort_20260915/compact/2a_S6_seed2027
cohort,compact,2a,7,2025,within,,0.0,compact,17828,600,90.9722,90.9722,0.8796,0.3838,0.156,100.0,93.4028,330,H100 NVL,0.235,original,cohort_20260915/compact/2a_S7_seed2025
cohort,compact,2a,7,2026,within,,0.0,compact,17828,600,91.6667,91.6667,0.8889,0.3568,0.1473,100.0,93.4028,370,H100 NVL,0.235,original,cohort_20260915/compact/2a_S7_seed2026
cohort,compact,2a,7,2027,within,,0.0,compact,17828,600,90.2778,90.2778,0.8704,0.3787,0.1645,100.0,92.3611,310,H100 NVL,0.234,original,cohort_20260915/compact/2a_S7_seed2027
cohort,compact,2a,8,2025,within,,0.0,compact,17828,600,89.5833,89.5833,0.8611,0.4578,0.1837,100.0,91.3194,306,H100 NVL,0.221,original,cohort_20260915/compact/2a_S8_seed2025
cohort,compact,2a,8,2026,within,,0.0,compact,17828,600,88.1944,88.1944,0.8426,0.4544,0.1847,100.0,90.2778,391,H100 NVL,0.211,original,cohort_20260915/compact/2a_S8_seed2026
cohort,compact,2a,8,2027,within,,0.0,compact,17828,600,89.9306,89.9306,0.8657,0.477,0.2036,100.0,90.2778,458,H100 NVL,0.181,original,cohort_20260915/compact/2a_S8_seed2027
cohort,compact,2a,9,2025,within,,0.0,compact,17828,600,86.4583,86.4583,0.8194,0.4532,0.1658,100.0,88.8889,455,H100 80GB HBM3,0.156,original,cohort_20260915/compact/2a_S9_seed2025
cohort,compact,2a,9,2026,within,,0.0,compact,17828,600,86.8056,86.8056,0.8241,0.447,0.1482,100.0,88.5417,534,H100 80GB HBM3,0.156,original,cohort_20260915/compact/2a_S9_seed2026
cohort,compact,2a,9,2027,within,,0.0,compact,17828,600,87.8472,87.8472,0.838,0.4408,0.1465,100.0,89.5833,408,H100 80GB HBM3,0.156,original,cohort_20260915/compact/2a_S9_seed2027
cohort,compact,2b,1,2025,within,,0.0,compact,15874,600,75.3125,75.3125,0.5063,0.5627,0.0943,100.0,79.6875,225,H100 80GB HBM3,0.118,original,cohort_20260915/compact/2b_S1_seed2025
cohort,compact,2b,1,2026,within,,0.0,compact,15874,600,74.0625,74.0625,0.4812,0.5687,0.0701,100.0,80.3125,96,H100 80GB HBM3,0.118,original,cohort_20260915/compact/2b_S1_seed2026
cohort,compact,2b,1,2027,within,,0.0,compact,15874,600,75.0,75.0,0.5,0.5481,0.0674,100.0,81.25,114,H100 80GB HBM3,0.118,original,cohort_20260915/compact/2b_S1_seed2027
cohort,compact,2b,2,2025,within,,0.0,compact,15874,600,71.4286,71.4286,0.4286,0.5839,0.1003,100.0,73.5714,177,H100 80GB HBM3,0.11,original,cohort_20260915/compact/2b_S2_seed2025
cohort,compact,2b,2,2026,within,,0.0,compact,15874,600,70.7143,70.7143,0.4143,0.5753,0.0797,100.0,73.5714,224,H100 80GB HBM3,0.11,original,cohort_20260915/compact/2b_S2_seed2026
cohort,compact,2b,2,2027,within,,0.0,compact,15874,600,71.0714,71.0714,0.4214,0.5829,0.0777,100.0,73.2143,55,H100 80GB HBM3,0.11,original,cohort_20260915/compact/2b_S2_seed2027
cohort,compact,2b,3,2025,within,,0.0,compact,15874,600,82.5,82.5,0.65,0.3697,0.028,100.0,86.875,92,H100 80GB HBM3,0.11,original,cohort_20260915/compact/2b_S3_seed2025
cohort,compact,2b,3,2026,within,,0.0,compact,15874,600,85.9375,85.9375,0.7188,0.3755,0.0714,100.0,86.5625,207,H100 80GB HBM3,0.128,original,cohort_20260915/compact/2b_S3_seed2026
cohort,compact,2b,3,2027,within,,0.0,compact,15874,600,84.375,84.375,0.6875,0.3525,0.0285,100.0,86.5625,172,H100 80GB HBM3,0.128,original,cohort_20260915/compact/2b_S3_seed2027
cohort,compact,2b,4,2025,within,,0.0,compact,15874,600,94.0625,94.0625,0.8813,0.1925,0.0364,100.0,98.75,67,H100 80GB HBM3,0.133,original,cohort_20260915/compact/2b_S4_seed2025
cohort,compact,2b,4,2026,within,,0.0,compact,15874,600,90.3125,90.3125,0.8062,0.2248,0.0312,100.0,98.4375,102,H100 80GB HBM3,0.121,original,cohort_20260915/compact/2b_S4_seed2026
cohort,compact,2b,4,2027,within,,0.0,compact,15874,600,95.3125,95.3125,0.9062,0.1486,0.054,100.0,98.4375,81,H100 80GB HBM3,0.121,original,cohort_20260915/compact/2b_S4_seed2027
cohort,compact,2b,5,2025,within,,0.0,compact,15874,600,92.1875,92.1875,0.8438,0.2512,0.1063,100.0,94.0625,405,H100 80GB HBM3,0.126,original,cohort_20260915/compact/2b_S5_seed2025
cohort,compact,2b,5,2026,within,,0.0,compact,15874,600,90.625,90.625,0.8125,0.2858,0.1025,100.0,94.375,168,H100 80GB HBM3,0.128,original,cohort_20260915/compact/2b_S5_seed2026
cohort,compact,2b,5,2027,within,,0.0,compact,15874,600,91.5625,91.5625,0.8313,0.2496,0.1008,100.0,95.9375,181,H100 80GB HBM3,0.149,original,cohort_20260915/compact/2b_S5_seed2027
cohort,compact,2b,6,2025,within,,0.0,compact,15874,600,84.375,84.375,0.6875,0.3636,0.0424,100.0,85.9375,319,H100 80GB HBM3,0.155,original,cohort_20260915/compact/2b_S6_seed2025
cohort,compact,2b,6,2026,within,,0.0,compact,15874,600,85.0,85.0,0.7,0.3381,0.0256,100.0,88.4375,305,H100 80GB HBM3,0.159,original,cohort_20260915/compact/2b_S6_seed2026
cohort,compact,2b,6,2027,within,,0.0,compact,15874,600,85.625,85.625,0.7125,0.342,0.0612,100.0,87.8125,375,H100 80GB HBM3,0.159,original,cohort_20260915/compact/2b_S6_seed2027
cohort,compact,2b,7,2025,within,,0.0,compact,15874,600,89.375,89.375,0.7875,0.2399,0.0605,100.0,92.1875,260,H100 80GB HBM3,0.154,original,cohort_20260915/compact/2b_S7_seed2025
cohort,compact,2b,7,2026,within,,0.0,compact,15874,600,90.625,90.625,0.8125,0.2569,0.0416,100.0,93.125,101,H100 80GB HBM3,0.155,original,cohort_20260915/compact/2b_S7_seed2026
cohort,compact,2b,7,2027,within,,0.0,compact,15874,600,90.0,90.0,0.8,0.2397,0.0431,100.0,92.5,80,H100 80GB HBM3,0.158,original,cohort_20260915/compact/2b_S7_seed2027
cohort,compact,2b,8,2025,within,,0.0,compact,15874,600,93.75,93.75,0.875,0.1887,0.0753,100.0,96.25,270,H100 80GB HBM3,0.158,original,cohort_20260915/compact/2b_S8_seed2025
cohort,compact,2b,8,2026,within,,0.0,compact,15874,600,94.375,94.375,0.8875,0.1747,0.0689,100.0,95.3125,336,H100 80GB HBM3,0.127,original,cohort_20260915/compact/2b_S8_seed2026
cohort,compact,2b,8,2027,within,,0.0,compact,15874,600,94.6875,94.6875,0.8938,0.1793,0.0652,100.0,95.9375,166,H100 80GB HBM3,0.126,original,cohort_20260915/compact/2b_S8_seed2027
cohort,compact,2b,9,2025,within,,0.0,compact,15874,600,84.375,84.375,0.6875,0.3654,0.0565,100.0,86.5625,136,H100 80GB HBM3,0.128,original,cohort_20260915/compact/2b_S9_seed2025
cohort,compact,2b,9,2026,within,,0.0,compact,15874,600,85.0,85.0,0.7,0.3652,0.0779,100.0,88.125,81,H100 80GB HBM3,0.128,original,cohort_20260915/compact/2b_S9_seed2026
cohort,compact,2b,9,2027,within,,0.0,compact,15874,600,81.875,81.875,0.6375,0.3902,0.0376,100.0,85.9375,64,H100 80GB HBM3,0.128,original,cohort_20260915/compact/2b_S9_seed2027
cohort,compact,hgd,10,2025,within,,0.0,compact,19940,600,94.8864,94.5187,0.9316,0.2305,0.1149,100.0,97.1591,352,H100 80GB HBM3,0.433,original,cohort_20260915/compact/hgd_S10_seed2025
cohort,compact,hgd,10,2026,within,,0.0,compact,19940,600,96.0227,95.7864,0.9468,0.2272,0.1162,100.0,97.7273,406,H100 80GB HBM3,0.413,original,cohort_20260915/compact/hgd_S10_seed2026
cohort,compact,hgd,10,2027,within,,0.0,compact,19940,600,93.75,93.1515,0.9164,0.245,0.1126,100.0,96.0227,307,H100 80GB HBM3,0.352,original,cohort_20260915/compact/hgd_S10_seed2027
cohort,compact,hgd,11,2025,within,,0.0,compact,19940,600,89.2045,90.0067,0.8556,0.3901,0.132,100.0,92.0455,394,H100 80GB HBM3,0.784,original,cohort_20260915/compact/hgd_S11_seed2025
cohort,compact,hgd,11,2026,within,,0.0,compact,19940,600,86.3636,87.2655,0.8178,0.3938,0.1078,100.0,90.3409,125,H100 80GB HBM3,0.784,original,cohort_20260915/compact/hgd_S11_seed2026
cohort,compact,hgd,11,2027,within,,0.0,compact,19940,600,90.3409,91.0936,0.871,0.3704,0.1197,100.0,91.4773,582,H100 80GB HBM3,0.848,original,cohort_20260915/compact/hgd_S11_seed2027
cohort,compact,hgd,12,2025,within,,0.0,compact,19940,600,96.0227,95.9934,0.9468,0.1964,0.1086,100.0,98.8636,167,H100 80GB HBM3,0.846,original,cohort_20260915/compact/hgd_S12_seed2025
cohort,compact,hgd,12,2026,within,,0.0,compact,19940,600,96.5909,96.5886,0.9544,0.2495,0.1013,100.0,98.2955,439,H100 80GB HBM3,0.87,original,cohort_20260915/compact/hgd_S12_seed2026
cohort,compact,hgd,12,2027,within,,0.0,compact,19940,600,97.1591,97.1568,0.962,0.2102,0.1121,100.0,98.2955,405,H100 80GB HBM3,0.886,original,cohort_20260915/compact/hgd_S12_seed2027
cohort,compact,hgd,13,2025,within,,0.0,compact,19940,600,91.25,91.1171,0.8831,0.2666,0.0816,100.0,95.625,51,H100 80GB HBM3,0.807,original,cohort_20260915/compact/hgd_S13_seed2025
cohort,compact,hgd,13,2026,within,,0.0,compact,19940,600,93.125,93.0402,0.9082,0.2472,0.1014,100.0,96.25,201,H100 80GB HBM3,0.717,original,cohort_20260915/compact/hgd_S13_seed2026
cohort,compact,hgd,13,2027,within,,0.0,compact,19940,600,94.375,94.3391,0.9249,0.2424,0.0973,100.0,96.25,441,H100 80GB HBM3,0.7,original,cohort_20260915/compact/hgd_S13_seed2027
cohort,compact,hgd,14,2025,within,,0.0,compact,19940,600,98.8636,98.9357,0.9848,0.1385,0.1124,100.0,100.0,363,H100 80GB HBM3,0.76,original,cohort_20260915/compact/hgd_S14_seed2025
cohort,compact,hgd,14,2026,within,,0.0,compact,19940,600,98.2955,98.2947,0.9772,0.1429,0.1147,100.0,99.4318,268,H100 80GB HBM3,0.665,original,cohort_20260915/compact/hgd_S14_seed2026
cohort,compact,hgd,14,2027,within,,0.0,compact,19940,600,99.4318,99.359,0.9924,0.1381,0.1159,100.0,100.0,343,H100 80GB HBM3,0.447,original,cohort_20260915/compact/hgd_S14_seed2027
cohort,compact,hgd,1,2025,within,,0.0,compact,19940,600,98.4375,98.0769,0.9786,0.1942,0.1441,100.0,100.0,56,H100 80GB HBM3,0.207,original,cohort_20260915/compact/hgd_S1_seed2025
cohort,compact,hgd,1,2026,within,,0.0,compact,19940,600,96.875,97.4747,0.9575,0.1994,0.1617,100.0,100.0,44,H100 80GB HBM3,0.215,original,cohort_20260915/compact/hgd_S1_seed2026
cohort,compact,hgd,1,2027,within,,0.0,compact,19940,600,98.4375,98.8636,0.9787,0.1692,0.1437,100.0,100.0,38,H100 80GB HBM3,0.2,original,cohort_20260915/compact/hgd_S1_seed2027
cohort,compact,hgd,2,2025,within,,0.0,compact,19940,600,92.638,92.8987,0.9018,0.2969,0.1188,100.0,95.092,368,H100 80GB HBM3,0.653,original,cohort_20260915/compact/hgd_S2_seed2025
cohort,compact,hgd,2,2026,within,,0.0,compact,19940,600,92.638,92.8987,0.9018,0.3073,0.1284,100.0,95.7055,443,H100 80GB HBM3,0.653,original,cohort_20260915/compact/hgd_S2_seed2026
cohort,compact,hgd,2,2027,within,,0.0,compact,19940,600,95.092,95.3217,0.9345,0.2772,0.1333,100.0,96.319,321,H100 80GB HBM3,0.696,original,cohort_20260915/compact/hgd_S2_seed2027
cohort,compact,hgd,3,2025,within,,0.0,compact,19940,600,97.7273,97.6453,0.9696,0.1617,0.1214,100.0,99.4318,166,H100 80GB HBM3,0.723,original,cohort_20260915/compact/hgd_S3_seed2025
cohort,compact,hgd,3,2026,within,,0.0,compact,19940,600,97.1591,97.0355,0.962,0.1811,0.119,100.0,98.2955,446,H100 80GB HBM3,0.621,original,cohort_20260915/compact/hgd_S3_seed2026
cohort,compact,hgd,3,2027,within,,0.0,compact,19940,600,97.1591,97.0355,0.962,0.1837,0.117,100.0,98.8636,86,H100 80GB HBM3,0.59,original,cohort_20260915/compact/hgd_S3_seed2027
cohort,compact,hgd,4,2025,within,,0.0,compact,19940,600,98.3333,98.0812,0.9776,0.1627,0.1158,100.0,98.8889,201,H100 80GB HBM3,0.606,original,cohort_20260915/compact/hgd_S4_seed2025
cohort,compact,hgd,4,2026,within,,0.0,compact,19940,600,97.2222,97.1008,0.9627,0.1641,0.1051,100.0,98.8889,379,H100 80GB HBM3,0.625,original,cohort_20260915/compact/hgd_S4_seed2026
cohort,compact,hgd,4,2027,within,,0.0,compact,19940,600,97.2222,97.3151,0.9628,0.1928,0.1131,100.0,98.3333,456,H100 80GB HBM3,0.622,original,cohort_20260915/compact/hgd_S4_seed2027
cohort,compact,hgd,5,2025,within,,0.0,compact,19940,600,97.2222,97.3582,0.9628,0.1693,0.1003,100.0,99.3056,78,H100 80GB HBM3,0.471,original,cohort_20260915/compact/hgd_S5_seed2025
cohort,compact,hgd,5,2026,within,,0.0,compact,19940,600,95.8333,96.1074,0.9443,0.1756,0.0975,100.0,99.3056,32,H100 80GB HBM3,0.39,original,cohort_20260915/compact/hgd_S5_seed2026
cohort,compact,hgd,5,2027,within,,0.0,compact,19940,600,97.2222,97.3582,0.9628,0.1771,0.1118,100.0,98.6111,67,H100 80GB HBM3,0.323,original,cohort_20260915/compact/hgd_S5_seed2027
cohort,compact,hgd,6,2025,within,,0.0,compact,19940,600,96.0227,96.0671,0.9469,0.2911,0.1765,100.0,97.7273,489,H100 80GB HBM3,0.599,original,cohort_20260915/compact/hgd_S6_seed2025
cohort,compact,hgd,6,2026,within,,0.0,compact,19940,600,93.75,93.9463,0.9165,0.2802,0.1591,100.0,96.0227,363,H100 80GB HBM3,0.599,original,cohort_20260915/compact/hgd_S6_seed2026
cohort,compact,hgd,6,2027,within,,0.0,compact,19940,600,96.0227,96.1984,0.9469,0.2804,0.1643,100.0,97.1591,347,H100 80GB HBM3,0.725,original,cohort_20260915/compact/hgd_S6_seed2027
cohort,compact,hgd,7,2025,within,,0.0,compact,19940,600,96.0227,95.9244,0.9469,0.2171,0.1316,100.0,96.5909,217,H100 80GB HBM3,0.734,original,cohort_20260915/compact/hgd_S7_seed2025
cohort,compact,hgd,7,2026,within,,0.0,compact,19940,600,94.3182,94.1366,0.9241,0.2292,0.1115,100.0,96.5909,224,H100 80GB HBM3,0.76,original,cohort_20260915/compact/hgd_S7_seed2026
cohort,compact,hgd,7,2027,within,,0.0,compact,19940,600,96.0227,95.8808,0.9469,0.2097,0.1265,100.0,97.7273,487,H100 80GB HBM3,0.754,original,cohort_20260915/compact/hgd_S7_seed2027
cohort,compact,hgd,8,2025,within,,0.0,compact,19940,600,93.8931,93.7884,0.9182,0.2471,0.1071,100.0,96.1832,299,H100 80GB HBM3,0.561,original,cohort_20260915/compact/hgd_S8_seed2025
cohort,compact,hgd,8,2026,within,,0.0,compact,19940,600,95.4198,95.5784,0.9388,0.2458,0.1206,100.0,96.9466,388,H100 80GB HBM3,0.536,original,cohort_20260915/compact/hgd_S8_seed2026
cohort,compact,hgd,8,2027,within,,0.0,compact,19940,600,96.1832,96.2363,0.949,0.2311,0.1178,100.0,97.7099,470,H100 80GB HBM3,0.503,original,cohort_20260915/compact/hgd_S8_seed2027
cohort,compact,hgd,9,2025,within,,0.0,compact,19940,600,98.2955,98.3543,0.9772,0.1559,0.1174,100.0,100.0,118,H100 80GB HBM3,0.55,original,cohort_20260915/compact/hgd_S9_seed2025
cohort,compact,hgd,9,2026,within,,0.0,compact,19940,600,98.2955,98.4149,0.9772,0.1625,0.1164,100.0,100.0,202,H100 80GB HBM3,0.48,original,cohort_20260915/compact/hgd_S9_seed2026
cohort,compact,hgd,9,2027,within,,0.0,compact,19940,600,100.0,100.0,1.0,0.1416,0.1239,100.0,100.0,115,H100 80GB HBM3,0.415,original,cohort_20260915/compact/hgd_S9_seed2027
cohort,compact,sdssvep,10,2025,within,,0.0,compact,29292,600,98.3333,98.3333,0.9818,0.3503,0.2601,100.0,100.0,172,H100 80GB HBM3,0.047,original,cohort_20260915/compact/sdssvep_S10_seed2025
cohort,compact,sdssvep,10,2026,within,,0.0,compact,29292,600,98.3333,98.3333,0.9818,0.3837,0.2666,100.0,98.3333,169,H100 80GB HBM3,0.048,original,cohort_20260915/compact/sdssvep_S10_seed2026
cohort,compact,sdssvep,10,2027,within,,0.0,compact,29292,600,98.3333,98.3333,0.9818,0.3724,0.272,100.0,98.3333,114,H100 80GB HBM3,0.047,original,cohort_20260915/compact/sdssvep_S10_seed2027
cohort,compact,sdssvep,1,2025,within,,0.0,compact,29292,600,86.6667,86.6667,0.8545,1.048,0.4573,100.0,88.3333,318,H100 80GB HBM3,0.044,original,cohort_20260915/compact/sdssvep_S1_seed2025
cohort,compact,sdssvep,1,2026,within,,0.0,compact,29292,600,86.6667,86.6667,0.8545,1.0513,0.466,100.0,91.6667,169,H100 80GB HBM3,0.044,original,cohort_20260915/compact/sdssvep_S1_seed2026
cohort,compact,sdssvep,1,2027,within,,0.0,compact,29292,600,88.3333,88.3333,0.8727,0.9644,0.459,100.0,93.3333,459,H100 80GB HBM3,0.046,original,cohort_20260915/compact/sdssvep_S1_seed2027
cohort,compact,sdssvep,2,2025,within,,0.0,compact,29292,600,96.6667,96.6667,0.9636,0.5518,0.3487,100.0,98.3333,394,H100 80GB HBM3,0.028,original,cohort_20260915/compact/sdssvep_S2_seed2025
cohort,compact,sdssvep,2,2026,within,,0.0,compact,29292,600,95.0,95.0,0.9455,0.5942,0.3303,100.0,98.3333,68,H100 80GB HBM3,0.027,original,cohort_20260915/compact/sdssvep_S2_seed2026
cohort,compact,sdssvep,2,2027,within,,0.0,compact,29292,600,96.6667,96.6667,0.9636,0.5605,0.3411,100.0,96.6667,164,H100 80GB HBM3,0.029,original,cohort_20260915/compact/sdssvep_S2_seed2027
cohort,compact,sdssvep,3,2025,within,,0.0,compact,29292,600,66.6667,66.6667,0.6364,1.4116,0.3317,100.0,73.3333,286,H100 80GB HBM3,0.029,original,cohort_20260915/compact/sdssvep_S3_seed2025
cohort,compact,sdssvep,3,2026,within,,0.0,compact,29292,600,63.3333,63.3333,0.6,1.4297,0.2758,100.0,65.0,319,H100 80GB HBM3,0.029,original,cohort_20260915/compact/sdssvep_S3_seed2026
cohort,compact,sdssvep,3,2027,within,,0.0,compact,29292,600,63.3333,63.3333,0.6,1.457,0.2764,100.0,66.6667,346,H100 80GB HBM3,0.029,original,cohort_20260915/compact/sdssvep_S3_seed2027
cohort,compact,sdssvep,4,2025,within,,0.0,compact,29292,600,95.0,95.0,0.9455,0.6835,0.4091,100.0,96.6667,316,H100 80GB HBM3,0.051,original,cohort_20260915/compact/sdssvep_S4_seed2025
cohort,compact,sdssvep,4,2026,within,,0.0,compact,29292,600,95.0,95.0,0.9455,0.6774,0.3858,100.0,96.6667,62,H100 80GB HBM3,0.052,original,cohort_20260915/compact/sdssvep_S4_seed2026
cohort,compact,sdssvep,4,2027,within,,0.0,compact,29292,600,98.3333,98.3333,0.9818,0.7017,0.4481,100.0,100.0,481,H100 80GB HBM3,0.052,original,cohort_20260915/compact/sdssvep_S4_seed2027
cohort,compact,sdssvep,5,2025,within,,0.0,compact,29292,600,100.0,100.0,1.0,0.4161,0.3103,100.0,100.0,203,H100 80GB HBM3,0.052,original,cohort_20260915/compact/sdssvep_S5_seed2025
cohort,compact,sdssvep,5,2026,within,,0.0,compact,29292,600,100.0,100.0,1.0,0.4518,0.3316,100.0,100.0,154,H100 80GB HBM3,0.067,original,cohort_20260915/compact/sdssvep_S5_seed2026
cohort,compact,sdssvep,5,2027,within,,0.0,compact,29292,600,100.0,100.0,1.0,0.4619,0.337,100.0,100.0,208,H100 80GB HBM3,0.071,original,cohort_20260915/compact/sdssvep_S5_seed2027
cohort,compact,sdssvep,6,2025,within,,0.0,compact,29292,600,100.0,100.0,1.0,0.2202,0.1885,100.0,100.0,40,H100 80GB HBM3,0.071,original,cohort_20260915/compact/sdssvep_S6_seed2025
cohort,compact,sdssvep,6,2026,within,,0.0,compact,29292,600,100.0,100.0,1.0,0.2269,0.1915,100.0,100.0,36,H100 80GB HBM3,0.079,original,cohort_20260915/compact/sdssvep_S6_seed2026
cohort,compact,sdssvep,6,2027,within,,0.0,compact,29292,600,100.0,100.0,1.0,0.2263,0.1929,100.0,100.0,33,H100 80GB HBM3,0.083,original,cohort_20260915/compact/sdssvep_S6_seed2027
cohort,compact,sdssvep,7,2025,within,,0.0,compact,29292,600,100.0,100.0,1.0,0.3535,0.2843,100.0,100.0,36,H100 80GB HBM3,0.088,original,cohort_20260915/compact/sdssvep_S7_seed2025
cohort,compact,sdssvep,7,2026,within,,0.0,compact,29292,600,100.0,100.0,1.0,0.3725,0.2957,100.0,100.0,32,H100 80GB HBM3,0.087,original,cohort_20260915/compact/sdssvep_S7_seed2026
cohort,compact,sdssvep,7,2027,within,,0.0,compact,29292,600,100.0,100.0,1.0,0.3543,0.2843,100.0,100.0,33,H100 80GB HBM3,0.098,original,cohort_20260915/compact/sdssvep_S7_seed2027
cohort,compact,sdssvep,8,2025,within,,0.0,compact,29292,600,100.0,100.0,1.0,0.4734,0.3448,100.0,100.0,148,H100 80GB HBM3,0.104,original,cohort_20260915/compact/sdssvep_S8_seed2025
cohort,compact,sdssvep,8,2026,within,,0.0,compact,29292,600,100.0,100.0,1.0,0.5209,0.376,100.0,100.0,143,H100 80GB HBM3,0.1,original,cohort_20260915/compact/sdssvep_S8_seed2026
cohort,compact,sdssvep,8,2027,within,,0.0,compact,29292,600,100.0,100.0,1.0,0.4492,0.3328,100.0,100.0,233,H100 80GB HBM3,0.1,original,cohort_20260915/compact/sdssvep_S8_seed2027
cohort,compact,sdssvep,9,2025,within,,0.0,compact,29292,600,98.3333,98.3333,0.9818,0.2494,0.1831,100.0,100.0,48,H100 80GB HBM3,0.089,original,cohort_20260915/compact/sdssvep_S9_seed2025
cohort,compact,sdssvep,9,2026,within,,0.0,compact,29292,600,98.3333,98.3333,0.9818,0.2407,0.1785,100.0,100.0,96,H100 80GB HBM3,0.089,original,cohort_20260915/compact/sdssvep_S9_seed2026
cohort,compact,sdssvep,9,2027,within,,0.0,compact,29292,600,100.0,100.0,1.0,0.2465,0.1946,100.0,100.0,134,H100 80GB HBM3,0.074,original,cohort_20260915/compact/sdssvep_S9_seed2027
cohort,reader,2a,1,2025,within,,0.0,reader,20964,600,91.3194,91.3194,0.8843,0.4234,0.1907,100.0,92.3611,321,H100 80GB HBM3,0.368,original,cohort_20260915/reader/2a_S1_seed2025
cohort,reader,2a,1,2026,within,,0.0,reader,20964,600,90.625,90.625,0.875,0.4342,0.2087,100.0,92.3611,331,H100 80GB HBM3,0.368,original,cohort_20260915/reader/2a_S1_seed2026
cohort,reader,2a,1,2027,within,,0.0,reader,20964,600,90.2778,90.2778,0.8704,0.4267,0.1949,100.0,91.6667,393,H100 80GB HBM3,0.372,original,cohort_20260915/reader/2a_S1_seed2027
cohort,reader,2a,2,2025,within,,0.0,reader,20964,600,75.0,75.0,0.6667,0.7311,0.1144,100.0,78.125,387,H100 80GB HBM3,0.374,original,cohort_20260915/reader/2a_S2_seed2025
cohort,reader,2a,2,2026,within,,0.0,reader,20964,600,70.4861,70.4861,0.6065,0.816,0.1069,100.0,73.2639,414,H100 80GB HBM3,0.37,original,cohort_20260915/reader/2a_S2_seed2026
cohort,reader,2a,2,2027,within,,0.0,reader,20964,600,76.3889,76.3889,0.6852,0.7277,0.1334,100.0,78.125,248,H100 80GB HBM3,0.365,original,cohort_20260915/reader/2a_S2_seed2027
cohort,reader,2a,3,2025,within,,0.0,reader,20964,600,94.4444,94.4444,0.9259,0.3705,0.1685,100.0,96.875,256,H100 80GB HBM3,0.362,original,cohort_20260915/reader/2a_S3_seed2025
cohort,reader,2a,3,2026,within,,0.0,reader,20964,600,96.875,96.875,0.9583,0.3341,0.1785,100.0,97.5694,189,H100 80GB HBM3,0.343,original,cohort_20260915/reader/2a_S3_seed2026
cohort,reader,2a,3,2027,within,,0.0,reader,20964,600,95.1389,95.1389,0.9352,0.3157,0.176,100.0,97.9167,239,H100 80GB HBM3,0.334,original,cohort_20260915/reader/2a_S3_seed2027
cohort,reader,2a,4,2025,within,,0.0,reader,20964,600,78.4722,78.4722,0.713,0.6297,0.1363,100.0,81.5972,349,H100 80GB HBM3,0.302,original,cohort_20260915/reader/2a_S4_seed2025
cohort,reader,2a,4,2026,within,,0.0,reader,20964,600,85.0694,85.0694,0.8009,0.5596,0.1898,100.0,85.7639,273,H100 80GB HBM3,0.286,original,cohort_20260915/reader/2a_S4_seed2026
cohort,reader,2a,4,2027,within,,0.0,reader,20964,600,85.4167,85.4167,0.8056,0.5684,0.204,100.0,86.1111,376,H100 80GB HBM3,0.233,original,cohort_20260915/reader/2a_S4_seed2027
cohort,reader,2a,5,2025,within,,0.0,reader,20964,600,68.75,68.75,0.5833,0.7731,0.0454,100.0,77.0833,181,H100 80GB HBM3,0.306,original,cohort_20260915/reader/2a_S5_seed2025
cohort,reader,2a,5,2026,within,,0.0,reader,20964,600,77.7778,77.7778,0.7037,0.6353,0.1166,100.0,83.6806,296,H100 80GB HBM3,0.306,original,cohort_20260915/reader/2a_S5_seed2026
cohort,reader,2a,5,2027,within,,0.0,reader,20964,600,78.8194,78.8194,0.7176,0.6364,0.1341,100.0,82.2917,216,H100 80GB HBM3,0.306,original,cohort_20260915/reader/2a_S5_seed2027
cohort,reader,2a,6,2025,within,,0.0,reader,20964,600,72.5694,72.5694,0.6343,0.7616,0.1217,100.0,73.9583,494,H100 80GB HBM3,0.306,original,cohort_20260915/reader/2a_S6_seed2025
cohort,reader,2a,6,2026,within,,0.0,reader,20964,600,76.0417,76.0417,0.6806,0.7232,0.163,100.0,78.8194,379,H100 80GB HBM3,0.306,original,cohort_20260915/reader/2a_S6_seed2026
cohort,reader,2a,6,2027,within,,0.0,reader,20964,600,76.0417,76.0417,0.6806,0.7798,0.1262,100.0,77.4306,501,H100 80GB HBM3,0.306,original,cohort_20260915/reader/2a_S6_seed2027
cohort,reader,2a,7,2025,within,,0.0,reader,20964,600,92.3611,92.3611,0.8981,0.3722,0.1758,100.0,96.1806,254,H100 80GB HBM3,0.365,original,cohort_20260915/reader/2a_S7_seed2025
cohort,reader,2a,7,2026,within,,0.0,reader,20964,600,93.0556,93.0556,0.9074,0.3469,0.1825,100.0,95.8333,361,H100 80GB HBM3,0.365,original,cohort_20260915/reader/2a_S7_seed2026
cohort,reader,2a,7,2027,within,,0.0,reader,20964,600,92.0139,92.0139,0.8935,0.3849,0.1753,100.0,95.1389,306,H100 80GB HBM3,0.365,original,cohort_20260915/reader/2a_S7_seed2027
cohort,reader,2a,8,2025,within,,0.0,reader,20964,600,88.5417,88.5417,0.8472,0.4764,0.1999,100.0,90.9722,249,H100 80GB HBM3,0.365,original,cohort_20260915/reader/2a_S8_seed2025
cohort,reader,2a,8,2026,within,,0.0,reader,20964,600,88.5417,88.5417,0.8472,0.477,0.1971,100.0,90.9722,183,H100 80GB HBM3,0.341,original,cohort_20260915/reader/2a_S8_seed2026
cohort,reader,2a,8,2027,within,,0.0,reader,20964,600,88.5417,88.5417,0.8472,0.486,0.206,100.0,91.6667,362,H100 80GB HBM3,0.341,original,cohort_20260915/reader/2a_S8_seed2027
cohort,reader,2a,9,2025,within,,0.0,reader,20964,600,88.1944,88.1944,0.8426,0.4572,0.1524,100.0,89.9306,338,H100 80GB HBM3,0.348,original,cohort_20260915/reader/2a_S9_seed2025
cohort,reader,2a,9,2026,within,,0.0,reader,20964,600,88.5417,88.5417,0.8472,0.4545,0.1631,100.0,90.2778,442,H100 80GB HBM3,0.348,original,cohort_20260915/reader/2a_S9_seed2026
cohort,reader,2a,9,2027,within,,0.0,reader,20964,600,87.8472,87.8472,0.838,0.4481,0.1537,100.0,90.2778,338,H100 80GB HBM3,0.348,original,cohort_20260915/reader/2a_S9_seed2027
cohort,reader,2b,1,2025,within,,0.0,reader,19010,600,77.8125,77.8125,0.5562,0.516,0.0559,100.0,80.625,97,H100 80GB HBM3,0.231,original,cohort_20260915/reader/2b_S1_seed2025
cohort,reader,2b,1,2026,within,,0.0,reader,19010,600,77.5,77.5,0.55,0.4893,0.0532,100.0,81.5625,93,H100 80GB HBM3,0.224,original,cohort_20260915/reader/2b_S1_seed2026
cohort,reader,2b,1,2027,within,,0.0,reader,19010,600,75.9375,75.9375,0.5188,0.5153,0.0495,100.0,81.5625,80,H100 80GB HBM3,0.233,original,cohort_20260915/reader/2b_S1_seed2027
cohort,reader,2b,2,2025,within,,0.0,reader,19010,600,74.2857,74.2857,0.4857,0.5698,0.0764,100.0,75.3571,572,H100 80GB HBM3,0.24,original,cohort_20260915/reader/2b_S2_seed2025
cohort,reader,2b,2,2026,within,,0.0,reader,19010,600,72.8571,72.8571,0.4571,0.5805,0.0682,100.0,75.3571,191,H100 80GB HBM3,0.237,original,cohort_20260915/reader/2b_S2_seed2026
cohort,reader,2b,2,2027,within,,0.0,reader,19010,600,72.5,72.5,0.45,0.554,0.0992,100.0,74.6429,328,H100 80GB HBM3,0.277,original,cohort_20260915/reader/2b_S2_seed2027
cohort,reader,2b,3,2025,within,,0.0,reader,19010,600,84.375,84.375,0.6875,0.3648,0.0358,100.0,87.1875,13,H100 80GB HBM3,0.283,original,cohort_20260915/reader/2b_S3_seed2025
cohort,reader,2b,3,2026,within,,0.0,reader,19010,600,84.0625,84.0625,0.6812,0.3666,0.0502,100.0,86.25,200,H100 80GB HBM3,0.286,original,cohort_20260915/reader/2b_S3_seed2026
cohort,reader,2b,3,2027,within,,0.0,reader,19010,600,83.75,83.75,0.675,0.3737,0.0587,100.0,87.1875,381,H100 80GB HBM3,0.285,original,cohort_20260915/reader/2b_S3_seed2027
cohort,reader,2b,4,2025,within,,0.0,reader,19010,600,96.25,96.25,0.925,0.217,0.1381,100.0,98.4375,47,H100 80GB HBM3,0.265,original,cohort_20260915/reader/2b_S4_seed2025
cohort,reader,2b,4,2026,within,,0.0,reader,19010,600,94.0625,94.0625,0.8813,0.2193,0.1046,100.0,98.4375,62,H100 80GB HBM3,0.252,original,cohort_20260915/reader/2b_S4_seed2026
cohort,reader,2b,4,2027,within,,0.0,reader,19010,600,88.4375,88.4375,0.7688,0.2597,0.0591,100.0,98.4375,79,H100 80GB HBM3,0.254,original,cohort_20260915/reader/2b_S4_seed2027
cohort,reader,2b,5,2025,within,,0.0,reader,19010,600,92.5,92.5,0.85,0.2385,0.1036,100.0,95.3125,194,H100 80GB HBM3,0.252,original,cohort_20260915/reader/2b_S5_seed2025
cohort,reader,2b,5,2026,within,,0.0,reader,19010,600,90.3125,90.3125,0.8062,0.2477,0.0905,100.0,94.6875,253,H100 80GB HBM3,0.254,original,cohort_20260915/reader/2b_S5_seed2026
cohort,reader,2b,5,2027,within,,0.0,reader,19010,600,92.1875,92.1875,0.8438,0.2517,0.1235,100.0,95.625,181,H100 80GB HBM3,0.246,original,cohort_20260915/reader/2b_S5_seed2027
cohort,reader,2b,6,2025,within,,0.0,reader,19010,600,88.125,88.125,0.7625,0.308,0.0818,100.0,89.6875,362,H100 80GB HBM3,0.238,original,cohort_20260915/reader/2b_S6_seed2025
cohort,reader,2b,6,2026,within,,0.0,reader,19010,600,87.5,87.5,0.75,0.3111,0.0717,100.0,89.375,370,H100 80GB HBM3,0.232,original,cohort_20260915/reader/2b_S6_seed2026
cohort,reader,2b,6,2027,within,,0.0,reader,19010,600,87.1875,87.1875,0.7437,0.311,0.0738,100.0,89.0625,259,H100 80GB HBM3,0.228,original,cohort_20260915/reader/2b_S6_seed2027
cohort,reader,2b,7,2025,within,,0.0,reader,19010,600,90.3125,90.3125,0.8062,0.2592,0.0633,100.0,92.8125,87,H100 80GB HBM3,0.203,original,cohort_20260915/reader/2b_S7_seed2025
cohort,reader,2b,7,2026,within,,0.0,reader,19010,600,92.1875,92.1875,0.8438,0.2481,0.0598,100.0,93.75,78,H100 80GB HBM3,0.163,original,cohort_20260915/reader/2b_S7_seed2026
cohort,reader,2b,7,2027,within,,0.0,reader,19010,600,89.375,89.375,0.7875,0.2642,0.0587,100.0,93.125,140,H100 80GB HBM3,0.161,original,cohort_20260915/reader/2b_S7_seed2027
cohort,reader,2b,8,2025,within,,0.0,reader,19010,600,95.0,95.0,0.9,0.1837,0.0844,100.0,96.5625,237,H100 80GB HBM3,0.175,original,cohort_20260915/reader/2b_S8_seed2025
cohort,reader,2b,8,2026,within,,0.0,reader,19010,600,94.375,94.375,0.8875,0.1909,0.0819,100.0,95.9375,122,H100 80GB HBM3,0.18,original,cohort_20260915/reader/2b_S8_seed2026
cohort,reader,2b,8,2027,within,,0.0,reader,19010,600,95.0,95.0,0.9,0.1918,0.0803,100.0,96.5625,72,H100 80GB HBM3,0.176,original,cohort_20260915/reader/2b_S8_seed2027
cohort,reader,2b,9,2025,within,,0.0,reader,19010,600,86.5625,86.5625,0.7312,0.3525,0.0789,100.0,88.75,152,H100 80GB HBM3,0.179,original,cohort_20260915/reader/2b_S9_seed2025
cohort,reader,2b,9,2026,within,,0.0,reader,19010,600,84.0625,84.0625,0.6812,0.3735,0.0896,100.0,87.1875,62,H100 80GB HBM3,0.179,original,cohort_20260915/reader/2b_S9_seed2026
cohort,reader,2b,9,2027,within,,0.0,reader,19010,600,86.5625,86.5625,0.7312,0.3437,0.0624,100.0,89.375,101,H100 80GB HBM3,0.174,original,cohort_20260915/reader/2b_S9_seed2027
cohort,reader,hgd,10,2025,within,,0.0,reader,23076,600,94.8864,94.6077,0.9316,0.2395,0.114,100.0,96.5909,380,H200 NVL,1.143,original,cohort_20260915/reader/hgd_S10_seed2025
cohort,reader,hgd,10,2026,within,,0.0,reader,23076,600,93.75,93.4469,0.9164,0.2586,0.1137,100.0,96.5909,212,H200 NVL,1.143,original,cohort_20260915/reader/hgd_S10_seed2026
cohort,reader,hgd,10,2027,within,,0.0,reader,23076,600,94.3182,94.0567,0.924,0.2521,0.114,100.0,96.0227,288,H200 NVL,1.143,original,cohort_20260915/reader/hgd_S10_seed2027
cohort,reader,hgd,11,2025,within,,0.0,reader,23076,600,89.7727,90.5254,0.8633,0.3907,0.1471,100.0,92.0455,510,H200 NVL,1.143,original,cohort_20260915/reader/hgd_S11_seed2025
cohort,reader,hgd,11,2026,within,,0.0,reader,23076,600,88.6364,89.4717,0.8481,0.4093,0.1359,100.0,91.4773,283,H200 NVL,1.143,original,cohort_20260915/reader/hgd_S11_seed2026
cohort,reader,hgd,11,2027,within,,0.0,reader,23076,600,88.6364,89.4717,0.848,0.428,0.1374,100.0,90.9091,180,H200 NVL,1.173,original,cohort_20260915/reader/hgd_S11_seed2027
cohort,reader,hgd,12,2025,within,,0.0,reader,23076,600,96.5909,96.4989,0.9544,0.2281,0.1206,100.0,99.4318,265,H200 NVL,1.173,original,cohort_20260915/reader/hgd_S12_seed2025
cohort,reader,hgd,12,2026,within,,0.0,reader,23076,600,97.7273,97.725,0.9696,0.2471,0.1265,100.0,98.8636,130,H200 NVL,1.173,original,cohort_20260915/reader/hgd_S12_seed2026
cohort,reader,hgd,12,2027,within,,0.0,reader,23076,600,97.1591,97.1568,0.962,0.2385,0.1286,100.0,98.8636,95,H200 NVL,1.139,original,cohort_20260915/reader/hgd_S12_seed2027
cohort,reader,hgd,13,2025,within,,0.0,reader,23076,600,95.625,95.5754,0.9416,0.242,0.124,100.0,96.875,345,H200 NVL,1.066,original,cohort_20260915/reader/hgd_S13_seed2025
cohort,reader,hgd,13,2026,within,,0.0,reader,23076,600,94.375,94.368,0.9249,0.2508,0.1201,100.0,95.625,337,H200 NVL,1.066,original,cohort_20260915/reader/hgd_S13_seed2026
cohort,reader,hgd,13,2027,within,,0.0,reader,23076,600,93.125,93.086,0.9082,0.2606,0.1067,100.0,95.0,77,H200 NVL,1.066,original,cohort_20260915/reader/hgd_S13_seed2027
cohort,reader,hgd,14,2025,within,,0.0,reader,23076,600,98.8636,98.8381,0.9848,0.1598,0.1246,100.0,100.0,226,H200 NVL,1.139,original,cohort_20260915/reader/hgd_S14_seed2025
cohort,reader,hgd,14,2026,within,,0.0,reader,23076,600,100.0,100.0,1.0,0.149,0.1313,100.0,100.0,158,H200 NVL,1.156,original,cohort_20260915/reader/hgd_S14_seed2026
cohort,reader,hgd,14,2027,within,,0.0,reader,23076,600,99.4318,99.4792,0.9924,0.1516,0.1322,100.0,100.0,286,H200 NVL,1.156,original,cohort_20260915/reader/hgd_S14_seed2027
cohort,reader,hgd,1,2025,within,,0.0,reader,23076,600,100.0,100.0,1.0,0.2049,0.1714,100.0,100.0,44,H200 NVL,0.414,original,cohort_20260915/reader/hgd_S1_seed2025
cohort,reader,hgd,1,2026,within,,0.0,reader,23076,600,98.4375,98.8636,0.9787,0.2101,0.1549,100.0,100.0,32,H200 NVL,0.414,original,cohort_20260915/reader/hgd_S1_seed2026
cohort,reader,hgd,1,2027,within,,0.0,reader,23076,600,98.4375,98.8636,0.9787,0.1916,0.1448,100.0,100.0,30,H200 NVL,0.414,original,cohort_20260915/reader/hgd_S1_seed2027
cohort,reader,hgd,2,2025,within,,0.0,reader,23076,600,94.4785,94.5876,0.9263,0.2837,0.1495,100.0,96.9325,311,H200 NVL,1.098,original,cohort_20260915/reader/hgd_S2_seed2025
cohort,reader,hgd,2,2026,within,,0.0,reader,23076,600,92.638,92.755,0.9018,0.3,0.1308,100.0,96.9325,166,H200 NVL,1.095,original,cohort_20260915/reader/hgd_S2_seed2026
cohort,reader,hgd,2,2027,within,,0.0,reader,23076,600,94.4785,94.5876,0.9263,0.2879,0.1469,100.0,97.546,404,H200 NVL,1.095,original,cohort_20260915/reader/hgd_S2_seed2027
cohort,reader,hgd,3,2025,within,,0.0,reader,23076,600,98.2955,98.1555,0.9772,0.1778,0.1338,100.0,99.4318,83,H200 NVL,1.145,original,cohort_20260915/reader/hgd_S3_seed2025
cohort,reader,hgd,3,2026,within,,0.0,reader,23076,600,97.7273,97.6453,0.9696,0.1978,0.1344,100.0,98.8636,212,H200 NVL,1.152,original,cohort_20260915/reader/hgd_S3_seed2026
cohort,reader,hgd,3,2027,within,,0.0,reader,23076,600,97.7273,97.5305,0.9696,0.1936,0.1346,100.0,98.8636,322,H200 NVL,1.152,original,cohort_20260915/reader/hgd_S3_seed2027
cohort,reader,hgd,4,2025,within,,0.0,reader,23076,600,97.7778,97.591,0.9702,0.1986,0.1304,100.0,98.3333,277,H200 NVL,1.195,original,cohort_20260915/reader/hgd_S4_seed2025
cohort,reader,hgd,4,2026,within,,0.0,reader,23076,600,98.3333,98.0812,0.9776,0.1864,0.1286,100.0,98.8889,403,H200 NVL,1.2,original,cohort_20260915/reader/hgd_S4_seed2026
cohort,reader,hgd,4,2027,within,,0.0,reader,23076,600,96.6667,96.3866,0.9553,0.2278,0.1249,100.0,98.3333,391,H200 NVL,1.2,original,cohort_20260915/reader/hgd_S4_seed2027
cohort,reader,hgd,5,2025,within,,0.0,reader,23076,600,97.2222,97.3582,0.9628,0.1878,0.114,100.0,99.3056,41,H200 NVL,0.956,original,cohort_20260915/reader/hgd_S5_seed2025
cohort,reader,hgd,5,2026,within,,0.0,reader,23076,600,97.2222,97.4984,0.9629,0.1903,0.1214,100.0,99.3056,80,H200 NVL,0.956,original,cohort_20260915/reader/hgd_S5_seed2026
cohort,reader,hgd,5,2027,within,,0.0,reader,23076,600,97.9167,98.1395,0.9721,0.1922,0.1295,100.0,99.3056,139,H200 NVL,0.957,original,cohort_20260915/reader/hgd_S5_seed2027
cohort,reader,hgd,6,2025,within,,0.0,reader,23076,600,98.2955,98.4444,0.9772,0.2753,0.1993,100.0,98.8636,365,H200 NVL,1.156,original,cohort_20260915/reader/hgd_S6_seed2025
cohort,reader,hgd,6,2026,within,,0.0,reader,23076,600,96.0227,96.0671,0.9468,0.2981,0.1888,100.0,97.7273,519,H200 NVL,1.156,original,cohort_20260915/reader/hgd_S6_seed2026
cohort,reader,hgd,6,2027,within,,0.0,reader,23076,600,97.1591,97.1129,0.962,0.2913,0.1983,100.0,98.8636,429,H200 NVL,1.156,original,cohort_20260915/reader/hgd_S6_seed2027
cohort,reader,hgd,7,2025,within,,0.0,reader,23076,600,95.4545,95.3866,0.9393,0.2385,0.1452,100.0,96.5909,290,H200 NVL,1.162,original,cohort_20260915/reader/hgd_S7_seed2025
cohort,reader,hgd,7,2026,within,,0.0,reader,23076,600,96.0227,95.968,0.9469,0.2239,0.1344,100.0,97.1591,345,H200 NVL,1.162,original,cohort_20260915/reader/hgd_S7_seed2026
cohort,reader,hgd,7,2027,within,,0.0,reader,23076,600,96.0227,95.968,0.9469,0.2404,0.142,100.0,97.1591,386,H200 NVL,1.065,original,cohort_20260915/reader/hgd_S7_seed2027
cohort,reader,hgd,8,2025,within,,0.0,reader,23076,600,94.6565,94.7971,0.9286,0.2595,0.1229,100.0,96.1832,278,H200 NVL,0.902,original,cohort_20260915/reader/hgd_S8_seed2025
cohort,reader,hgd,8,2026,within,,0.0,reader,23076,600,96.1832,96.2884,0.949,0.2445,0.1283,100.0,96.9466,246,H200 NVL,0.895,original,cohort_20260915/reader/hgd_S8_seed2026
cohort,reader,hgd,8,2027,within,,0.0,reader,23076,600,96.1832,96.2884,0.949,0.2341,0.1287,100.0,97.7099,496,H200 NVL,0.791,original,cohort_20260915/reader/hgd_S8_seed2027
cohort,reader,hgd,9,2025,within,,0.0,reader,23076,600,100.0,100.0,1.0,0.1634,0.1407,100.0,100.0,122,H200 NVL,0.892,original,cohort_20260915/reader/hgd_S9_seed2025
cohort,reader,hgd,9,2026,within,,0.0,reader,23076,600,98.8636,98.9357,0.9848,0.1755,0.1347,100.0,100.0,131,H200 NVL,0.56,original,cohort_20260915/reader/hgd_S9_seed2026
cohort,reader,hgd,9,2027,within,,0.0,reader,23076,600,99.4318,99.4565,0.9924,0.1704,0.1385,100.0,100.0,136,H200 NVL,0.503,original,cohort_20260915/reader/hgd_S9_seed2027
cohort,reader,sdssvep,10,2025,within,,0.0,reader,32428,600,100.0,100.0,1.0,0.3899,0.2964,100.0,100.0,76,H100 80GB HBM3,0.089,original,cohort_20260915/reader/sdssvep_S10_seed2025
cohort,reader,sdssvep,10,2026,within,,0.0,reader,32428,600,98.3333,98.3333,0.9818,0.4074,0.2784,100.0,98.3333,73,H100 80GB HBM3,0.115,original,cohort_20260915/reader/sdssvep_S10_seed2026
cohort,reader,sdssvep,10,2027,within,,0.0,reader,32428,600,100.0,100.0,1.0,0.3995,0.3024,100.0,100.0,37,H100 80GB HBM3,0.115,original,cohort_20260915/reader/sdssvep_S10_seed2027
cohort,reader,sdssvep,1,2025,within,,0.0,reader,32428,600,100.0,100.0,1.0,0.8368,0.5338,100.0,100.0,107,H100 80GB HBM3,0.086,original,cohort_20260915/reader/sdssvep_S1_seed2025
cohort,reader,sdssvep,1,2026,within,,0.0,reader,32428,600,91.6667,91.6667,0.9091,0.9339,0.4836,100.0,96.6667,117,H100 80GB HBM3,0.086,original,cohort_20260915/reader/sdssvep_S1_seed2026
cohort,reader,sdssvep,1,2027,within,,0.0,reader,32428,600,91.6667,91.6667,0.9091,0.9465,0.4877,100.0,96.6667,235,H100 80GB HBM3,0.089,original,cohort_20260915/reader/sdssvep_S1_seed2027
cohort,reader,sdssvep,2,2025,within,,0.0,reader,32428,600,96.6667,96.6667,0.9636,0.558,0.3534,100.0,100.0,100,H100 80GB HBM3,0.116,original,cohort_20260915/reader/sdssvep_S2_seed2025
cohort,reader,sdssvep,2,2026,within,,0.0,reader,32428,600,95.0,95.0,0.9455,0.5795,0.3531,100.0,96.6667,38,H100 80GB HBM3,0.134,original,cohort_20260915/reader/sdssvep_S2_seed2026
cohort,reader,sdssvep,2,2027,within,,0.0,reader,32428,600,96.6667,96.6667,0.9636,0.5509,0.3535,100.0,96.6667,56,H100 80GB HBM3,0.134,original,cohort_20260915/reader/sdssvep_S2_seed2027
cohort,reader,sdssvep,3,2025,within,,0.0,reader,32428,600,75.0,75.0,0.7273,1.2677,0.3853,100.0,78.3333,255,H100 80GB HBM3,0.126,original,cohort_20260915/reader/sdssvep_S3_seed2025
cohort,reader,sdssvep,3,2026,within,,0.0,reader,32428,600,76.6667,76.6667,0.7455,1.2771,0.4222,100.0,78.3333,341,H100 80GB HBM3,0.126,original,cohort_20260915/reader/sdssvep_S3_seed2026
cohort,reader,sdssvep,3,2027,within,,0.0,reader,32428,600,71.6667,71.6667,0.6909,1.3675,0.3952,100.0,78.3333,292,H100 80GB HBM3,0.116,original,cohort_20260915/reader/sdssvep_S3_seed2027
cohort,reader,sdssvep,4,2025,within,,0.0,reader,32428,600,95.0,95.0,0.9455,0.6743,0.3801,100.0,95.0,142,H100 80GB HBM3,0.124,original,cohort_20260915/reader/sdssvep_S4_seed2025
cohort,reader,sdssvep,4,2026,within,,0.0,reader,32428,600,98.3333,98.3333,0.9818,0.6591,0.4144,100.0,98.3333,419,H100 80GB HBM3,0.124,original,cohort_20260915/reader/sdssvep_S4_seed2026
cohort,reader,sdssvep,4,2027,within,,0.0,reader,32428,600,98.3333,98.3333,0.9818,0.6775,0.4346,100.0,98.3333,141,H100 80GB HBM3,0.128,original,cohort_20260915/reader/sdssvep_S4_seed2027
cohort,reader,sdssvep,5,2025,within,,0.0,reader,32428,600,100.0,100.0,1.0,0.4107,0.3107,100.0,100.0,32,H100 80GB HBM3,0.132,original,cohort_20260915/reader/sdssvep_S5_seed2025
cohort,reader,sdssvep,5,2026,within,,0.0,reader,32428,600,100.0,100.0,1.0,0.4016,0.3062,100.0,100.0,42,H100 80GB HBM3,0.12,original,cohort_20260915/reader/sdssvep_S5_seed2026
cohort,reader,sdssvep,5,2027,within,,0.0,reader,32428,600,100.0,100.0,1.0,0.4258,0.3226,100.0,100.0,28,H100 80GB HBM3,0.113,original,cohort_20260915/reader/sdssvep_S5_seed2027
cohort,reader,sdssvep,6,2025,within,,0.0,reader,32428,600,100.0,100.0,1.0,0.2296,0.1988,100.0,100.0,30,H100 80GB HBM3,0.115,original,cohort_20260915/reader/sdssvep_S6_seed2025
cohort,reader,sdssvep,6,2026,within,,0.0,reader,32428,600,100.0,100.0,1.0,0.2492,0.2092,100.0,100.0,30,H100 80GB HBM3,0.113,original,cohort_20260915/reader/sdssvep_S6_seed2026
cohort,reader,sdssvep,6,2027,within,,0.0,reader,32428,600,100.0,100.0,1.0,0.2473,0.209,100.0,100.0,46,H100 80GB HBM3,0.112,original,cohort_20260915/reader/sdssvep_S6_seed2027
cohort,reader,sdssvep,7,2025,within,,0.0,reader,32428,600,100.0,100.0,1.0,0.3545,0.2863,100.0,100.0,28,H100 80GB HBM3,0.114,original,cohort_20260915/reader/sdssvep_S7_seed2025
cohort,reader,sdssvep,7,2026,within,,0.0,reader,32428,600,100.0,100.0,1.0,0.3351,0.2741,100.0,100.0,29,H100 80GB HBM3,0.104,original,cohort_20260915/reader/sdssvep_S7_seed2026
cohort,reader,sdssvep,7,2027,within,,0.0,reader,32428,600,100.0,100.0,1.0,0.3346,0.2736,100.0,100.0,29,H100 80GB HBM3,0.097,original,cohort_20260915/reader/sdssvep_S7_seed2027
cohort,reader,sdssvep,8,2025,within,,0.0,reader,32428,600,100.0,100.0,1.0,0.4783,0.3553,100.0,100.0,139,H100 80GB HBM3,0.098,original,cohort_20260915/reader/sdssvep_S8_seed2025
cohort,reader,sdssvep,8,2026,within,,0.0,reader,32428,600,100.0,100.0,1.0,0.4674,0.3561,100.0,100.0,48,H100 80GB HBM3,0.097,original,cohort_20260915/reader/sdssvep_S8_seed2026
cohort,reader,sdssvep,8,2027,within,,0.0,reader,32428,600,100.0,100.0,1.0,0.4951,0.3673,100.0,100.0,109,H100 80GB HBM3,0.107,original,cohort_20260915/reader/sdssvep_S8_seed2027
cohort,reader,sdssvep,9,2025,within,,0.0,reader,32428,600,100.0,100.0,1.0,0.2898,0.2216,100.0,100.0,214,H100 80GB HBM3,0.108,original,cohort_20260915/reader/sdssvep_S9_seed2025
cohort,reader,sdssvep,9,2026,within,,0.0,reader,32428,600,100.0,100.0,1.0,0.2628,0.2121,100.0,100.0,127,H100 80GB HBM3,0.105,original,cohort_20260915/reader/sdssvep_S9_seed2026
cohort,reader,sdssvep,9,2027,within,,0.0,reader,32428,600,100.0,100.0,1.0,0.3005,0.2276,100.0,100.0,91,H100 80GB HBM3,0.098,original,cohort_20260915/reader/sdssvep_S9_seed2027
controls,compact_mean,2a,1,2025,within,,0.0,compact_mean,17828,600,83.6806,83.6806,0.7824,0.6003,0.1793,100.0,85.7639,381,H200 NVL,0.249,original,controls_20260916/compact_mean/2a_S1_seed2025
controls,compact_mean,2a,1,2026,within,,0.0,compact_mean,17828,600,82.9861,82.9861,0.7731,0.6088,0.1794,100.0,85.4167,251,H200 NVL,0.249,original,controls_20260916/compact_mean/2a_S1_seed2026
controls,compact_mean,2a,1,2027,within,,0.0,compact_mean,17828,600,80.2083,80.2083,0.7361,0.6494,0.1554,100.0,86.1111,247,H200 NVL,0.249,original,controls_20260916/compact_mean/2a_S1_seed2027
controls,compact_mean,2a,2,2025,within,,0.0,compact_mean,17828,600,51.7361,51.7361,0.3565,1.1376,0.0725,100.0,64.5833,118,H200 NVL,0.249,original,controls_20260916/compact_mean/2a_S2_seed2025
controls,compact_mean,2a,2,2026,within,,0.0,compact_mean,17828,600,51.3889,51.3889,0.3519,1.2072,0.1062,100.0,60.0694,120,H200 NVL,0.249,original,controls_20260916/compact_mean/2a_S2_seed2026
controls,compact_mean,2a,2,2027,within,,0.0,compact_mean,17828,600,51.0417,51.0417,0.3472,1.392,0.1368,100.0,60.4167,163,H200 NVL,0.249,original,controls_20260916/compact_mean/2a_S2_seed2027
controls,compact_mean,2a,3,2025,within,,0.0,compact_mean,17828,600,85.0694,85.0694,0.8009,0.5568,0.1724,100.0,93.0556,126,H200 NVL,0.249,original,controls_20260916/compact_mean/2a_S3_seed2025
controls,compact_mean,2a,3,2026,within,,0.0,compact_mean,17828,600,88.5417,88.5417,0.8472,0.5078,0.1988,100.0,93.0556,147,H200 NVL,0.249,original,controls_20260916/compact_mean/2a_S3_seed2026
controls,compact_mean,2a,3,2027,within,,0.0,compact_mean,17828,600,86.1111,86.1111,0.8148,0.5503,0.1844,100.0,91.3194,193,H200 NVL,0.249,original,controls_20260916/compact_mean/2a_S3_seed2027
controls,compact_mean,2a,4,2025,within,,0.0,compact_mean,17828,600,70.4861,70.4861,0.6065,0.8446,0.1355,100.0,74.6528,158,H200 NVL,0.249,original,controls_20260916/compact_mean/2a_S4_seed2025
controls,compact_mean,2a,4,2026,within,,0.0,compact_mean,17828,600,64.2361,64.2361,0.5231,0.8934,0.0997,100.0,72.5694,169,H200 NVL,0.249,original,controls_20260916/compact_mean/2a_S4_seed2026
controls,compact_mean,2a,4,2027,within,,0.0,compact_mean,17828,600,65.625,65.625,0.5417,0.8845,0.103,100.0,75.3472,231,H200 NVL,0.249,original,controls_20260916/compact_mean/2a_S4_seed2027
controls,compact_mean,2a,5,2025,within,,0.0,compact_mean,17828,600,25.0,25.0,0.0,5.3245,0.7463,100.0,64.2361,33,H200 NVL,0.249,original,controls_20260916/compact_mean/2a_S5_seed2025
controls,compact_mean,2a,5,2026,within,,0.0,compact_mean,17828,600,47.5694,47.5694,0.3009,1.0908,0.1243,100.0,74.3056,389,H200 NVL,0.249,original,controls_20260916/compact_mean/2a_S5_seed2026
controls,compact_mean,2a,5,2027,within,,0.0,compact_mean,17828,600,58.6806,58.6806,0.4491,0.9737,0.0586,100.0,71.1806,235,H200 NVL,0.249,original,controls_20260916/compact_mean/2a_S5_seed2027
controls,compact_mean,2a,6,2025,within,,0.0,compact_mean,17828,600,62.8472,62.8472,0.5046,0.9973,0.1265,100.0,68.0556,352,H200 NVL,0.249,original,controls_20260916/compact_mean/2a_S6_seed2025
controls,compact_mean,2a,6,2026,within,,0.0,compact_mean,17828,600,63.1944,63.1944,0.5093,0.9896,0.1564,100.0,67.3611,187,H200 NVL,0.249,original,controls_20260916/compact_mean/2a_S6_seed2026
controls,compact_mean,2a,6,2027,within,,0.0,compact_mean,17828,600,63.1944,63.1944,0.5093,1.025,0.1479,100.0,68.75,156,H200 NVL,0.249,original,controls_20260916/compact_mean/2a_S6_seed2027
controls,compact_mean,2a,7,2025,within,,0.0,compact_mean,17828,600,92.3611,92.3611,0.8981,0.4888,0.2513,100.0,94.7917,336,H200 NVL,0.249,original,controls_20260916/compact_mean/2a_S7_seed2025
controls,compact_mean,2a,7,2026,within,,0.0,compact_mean,17828,600,91.3194,91.3194,0.8843,0.5039,0.2525,100.0,94.0972,326,H200 NVL,0.249,original,controls_20260916/compact_mean/2a_S7_seed2026
controls,compact_mean,2a,7,2027,within,,0.0,compact_mean,17828,600,91.6667,91.6667,0.8889,0.5166,0.2667,100.0,95.1389,236,H200 NVL,0.249,original,controls_20260916/compact_mean/2a_S7_seed2027
controls,compact_mean,2a,8,2025,within,,0.0,compact_mean,17828,600,81.25,81.25,0.75,0.6473,0.1994,100.0,84.7222,69,H200 NVL,0.249,original,controls_20260916/compact_mean/2a_S8_seed2025
controls,compact_mean,2a,8,2026,within,,0.0,compact_mean,17828,600,82.6389,82.6389,0.7685,0.6249,0.2082,100.0,85.7639,179,H200 NVL,0.249,original,controls_20260916/compact_mean/2a_S8_seed2026
controls,compact_mean,2a,8,2027,within,,0.0,compact_mean,17828,600,82.9861,82.9861,0.7731,0.6244,0.2049,100.0,86.1111,79,H200 NVL,0.249,original,controls_20260916/compact_mean/2a_S8_seed2027
controls,compact_mean,2a,9,2025,within,,0.0,compact_mean,17828,600,84.375,84.375,0.7917,0.6154,0.2083,100.0,88.1944,228,H200 NVL,0.146,original,controls_20260916/compact_mean/2a_S9_seed2025
controls,compact_mean,2a,9,2026,within,,0.0,compact_mean,17828,600,82.9861,82.9861,0.7731,0.6223,0.192,100.0,87.1528,101,H200 NVL,0.146,original,controls_20260916/compact_mean/2a_S9_seed2026
controls,compact_mean,2a,9,2027,within,,0.0,compact_mean,17828,600,82.6389,82.6389,0.7685,0.6527,0.2156,100.0,87.8472,122,H200 NVL,0.146,original,controls_20260916/compact_mean/2a_S9_seed2027
controls,compact_mean,2b,1,2025,within,,0.0,compact_mean,15874,600,79.6875,79.6875,0.5938,0.4787,0.0607,100.0,84.0625,147,H200 NVL,0.127,original,controls_20260916/compact_mean/2b_S1_seed2025
controls,compact_mean,2b,1,2026,within,,0.0,compact_mean,15874,600,80.0,80.0,0.6,0.4706,0.0667,100.0,83.125,86,H200 NVL,0.127,original,controls_20260916/compact_mean/2b_S1_seed2026
controls,compact_mean,2b,1,2027,within,,0.0,compact_mean,15874,600,76.25,76.25,0.525,0.4821,0.0792,100.0,81.875,149,H200 NVL,0.127,original,controls_20260916/compact_mean/2b_S1_seed2027
controls,compact_mean,2b,2,2025,within,,0.0,compact_mean,15874,600,70.7143,70.7143,0.4143,0.5814,0.0394,99.75,77.1429,81,H200 NVL,0.127,original,controls_20260916/compact_mean/2b_S2_seed2025
controls,compact_mean,2b,2,2026,within,,0.0,compact_mean,15874,600,66.4286,66.4286,0.3286,0.6473,0.0818,100.0,73.5714,85,H200 NVL,0.127,original,controls_20260916/compact_mean/2b_S2_seed2026
controls,compact_mean,2b,2,2027,within,,0.0,compact_mean,15874,600,57.8571,57.8571,0.1571,1.0493,0.2541,99.75,72.1429,245,H200 NVL,0.087,original,controls_20260916/compact_mean/2b_S2_seed2027
controls,compact_mean,2b,3,2025,within,,0.0,compact_mean,15874,600,81.25,81.25,0.625,0.4652,0.1205,94.25,85.625,32,H200 NVL,0.087,original,controls_20260916/compact_mean/2b_S3_seed2025
controls,compact_mean,2b,3,2026,within,,0.0,compact_mean,15874,600,84.6875,84.6875,0.6938,0.4482,0.1619,99.5,86.25,328,H200 NVL,0.087,original,controls_20260916/compact_mean/2b_S3_seed2026
controls,compact_mean,2b,3,2027,within,,0.0,compact_mean,15874,600,81.5625,81.5625,0.6313,0.4642,0.1333,98.5,86.875,49,H200 NVL,0.087,original,controls_20260916/compact_mean/2b_S3_seed2027
controls,compact_mean,2b,4,2025,within,,0.0,compact_mean,15874,600,97.5,97.5,0.95,0.1697,0.1098,100.0,98.125,42,H200 NVL,0.087,original,controls_20260916/compact_mean/2b_S4_seed2025
controls,compact_mean,2b,4,2026,within,,0.0,compact_mean,15874,600,96.5625,96.5625,0.9312,0.1893,0.1237,100.0,97.8125,40,H200 NVL,0.087,original,controls_20260916/compact_mean/2b_S4_seed2026
controls,compact_mean,2b,4,2027,within,,0.0,compact_mean,15874,600,75.625,75.625,0.5125,0.3722,0.1775,100.0,98.125,157,H200 NVL,0.087,original,controls_20260916/compact_mean/2b_S4_seed2027
controls,compact_mean,2b,5,2025,within,,0.0,compact_mean,15874,600,95.9375,95.9375,0.9187,0.2437,0.1552,99.2857,97.1875,103,H200 NVL,0.087,original,controls_20260916/compact_mean/2b_S5_seed2025
controls,compact_mean,2b,5,2026,within,,0.0,compact_mean,15874,600,95.0,95.0,0.9,0.2494,0.1443,99.7619,97.5,128,H200 NVL,0.086,original,controls_20260916/compact_mean/2b_S5_seed2026
controls,compact_mean,2b,5,2027,within,,0.0,compact_mean,15874,600,94.0625,94.0625,0.8813,0.2583,0.1335,98.8095,97.8125,195,H200 NVL,0.086,original,controls_20260916/compact_mean/2b_S5_seed2027
controls,compact_mean,2b,6,2025,within,,0.0,compact_mean,15874,600,90.625,90.625,0.8125,0.3476,0.155,99.25,91.875,340,H200 NVL,0.086,original,controls_20260916/compact_mean/2b_S6_seed2025
controls,compact_mean,2b,6,2026,within,,0.0,compact_mean,15874,600,90.625,90.625,0.8125,0.3387,0.1598,99.0,92.8125,236,H200 NVL,0.086,original,controls_20260916/compact_mean/2b_S6_seed2026
controls,compact_mean,2b,6,2027,within,,0.0,compact_mean,15874,600,89.0625,89.0625,0.7812,0.3444,0.1355,99.0,91.25,89,H200 NVL,0.086,original,controls_20260916/compact_mean/2b_S6_seed2027
controls,compact_mean,2b,7,2025,within,,0.0,compact_mean,15874,600,88.4375,88.4375,0.7688,0.3379,0.1204,100.0,91.5625,33,H200 NVL,0.086,original,controls_20260916/compact_mean/2b_S7_seed2025
controls,compact_mean,2b,7,2026,within,,0.0,compact_mean,15874,600,89.6875,89.6875,0.7937,0.3316,0.1231,100.0,91.5625,186,H200 NVL,0.086,original,controls_20260916/compact_mean/2b_S7_seed2026
controls,compact_mean,2b,7,2027,within,,0.0,compact_mean,15874,600,89.6875,89.6875,0.7937,0.3247,0.1209,100.0,92.8125,90,H200 NVL,0.086,original,controls_20260916/compact_mean/2b_S7_seed2027
controls,compact_mean,2b,8,2025,within,,0.0,compact_mean,15874,600,93.125,93.125,0.8625,0.2609,0.1174,99.5455,95.3125,101,H200 NVL,0.072,original,controls_20260916/compact_mean/2b_S8_seed2025
controls,compact_mean,2b,8,2026,within,,0.0,compact_mean,15874,600,93.4375,93.4375,0.8687,0.2573,0.1304,99.3182,95.9375,98,H200 NVL,0.072,original,controls_20260916/compact_mean/2b_S8_seed2026
controls,compact_mean,2b,8,2027,within,,0.0,compact_mean,15874,600,93.125,93.125,0.8625,0.264,0.1264,99.3182,95.9375,65,H200 NVL,0.072,original,controls_20260916/compact_mean/2b_S8_seed2027
controls,compact_mean,2b,9,2025,within,,0.0,compact_mean,15874,600,79.6875,79.6875,0.5938,0.4193,0.0979,100.0,90.3125,34,H200 NVL,0.072,original,controls_20260916/compact_mean/2b_S9_seed2025
controls,compact_mean,2b,9,2026,within,,0.0,compact_mean,15874,600,83.125,83.125,0.6625,0.4123,0.1054,99.75,90.0,108,H200 NVL,0.072,original,controls_20260916/compact_mean/2b_S9_seed2026
controls,compact_mean,2b,9,2027,within,,0.0,compact_mean,15874,600,82.5,82.5,0.65,0.4116,0.1038,99.25,89.0625,73,H200 NVL,0.072,original,controls_20260916/compact_mean/2b_S9_seed2027
controls,compact_mean,sdssvep,10,2025,within,,0.0,compact_mean,29292,600,70.0,70.0,0.6727,1.4929,0.4192,100.0,76.6667,177,H200 NVL,0.024,original,controls_20260916/compact_mean/sdssvep_S10_seed2025
controls,compact_mean,sdssvep,10,2026,within,,0.0,compact_mean,29292,600,71.6667,71.6667,0.6909,1.5206,0.4408,100.0,75.0,342,H200 NVL,0.024,original,controls_20260916/compact_mean/sdssvep_S10_seed2026
controls,compact_mean,sdssvep,10,2027,within,,0.0,compact_mean,29292,600,71.6667,71.6667,0.6909,1.537,0.4464,100.0,78.3333,226,H200 NVL,0.024,original,controls_20260916/compact_mean/sdssvep_S10_seed2027
controls,compact_mean,sdssvep,1,2025,within,,0.0,compact_mean,29292,600,36.6667,36.6667,0.3091,2.0038,0.1666,100.0,53.3333,96,H200 NVL,0.023,original,controls_20260916/compact_mean/sdssvep_S1_seed2025
controls,compact_mean,sdssvep,1,2026,within,,0.0,compact_mean,29292,600,31.6667,31.6667,0.2545,2.0248,0.1412,100.0,43.3333,143,H200 NVL,0.022,original,controls_20260916/compact_mean/sdssvep_S1_seed2026
controls,compact_mean,sdssvep,1,2027,within,,0.0,compact_mean,29292,600,45.0,45.0,0.4,1.9333,0.2349,100.0,53.3333,276,H200 NVL,0.024,original,controls_20260916/compact_mean/sdssvep_S1_seed2027
controls,compact_mean,sdssvep,2,2025,within,,0.0,compact_mean,29292,600,31.6667,31.6667,0.2545,1.9848,0.1707,100.0,40.0,219,H200 NVL,0.024,original,controls_20260916/compact_mean/sdssvep_S2_seed2025
controls,compact_mean,sdssvep,2,2026,within,,0.0,compact_mean,29292,600,40.0,40.0,0.3455,1.9556,0.2051,100.0,41.6667,375,H200 NVL,0.024,original,controls_20260916/compact_mean/sdssvep_S2_seed2026
controls,compact_mean,sdssvep,2,2027,within,,0.0,compact_mean,29292,600,43.3333,43.3333,0.3818,1.8389,0.2039,100.0,48.3333,175,H200 NVL,0.024,original,controls_20260916/compact_mean/sdssvep_S2_seed2027
controls,compact_mean,sdssvep,3,2025,within,,0.0,compact_mean,29292,600,33.3333,33.3333,0.2727,2.1806,0.1671,100.0,40.0,215,H200 NVL,0.024,original,controls_20260916/compact_mean/sdssvep_S3_seed2025
controls,compact_mean,sdssvep,3,2026,within,,0.0,compact_mean,29292,600,33.3333,33.3333,0.2727,2.1745,0.2061,100.0,38.3333,295,H200 NVL,0.024,original,controls_20260916/compact_mean/sdssvep_S3_seed2026
controls,compact_mean,sdssvep,3,2027,within,,0.0,compact_mean,29292,600,26.6667,26.6667,0.2,2.2131,0.1381,100.0,35.0,268,H200 NVL,0.023,original,controls_20260916/compact_mean/sdssvep_S3_seed2027
controls,compact_mean,sdssvep,4,2025,within,,0.0,compact_mean,29292,600,58.3333,58.3333,0.5455,1.7877,0.3659,100.0,61.6667,160,H200 NVL,0.024,original,controls_20260916/compact_mean/sdssvep_S4_seed2025
controls,compact_mean,sdssvep,4,2026,within,,0.0,compact_mean,29292,600,55.0,55.0,0.5091,1.8308,0.3501,100.0,63.3333,348,H200 NVL,0.024,original,controls_20260916/compact_mean/sdssvep_S4_seed2026
controls,compact_mean,sdssvep,4,2027,within,,0.0,compact_mean,29292,600,63.3333,63.3333,0.6,1.7649,0.4561,100.0,70.0,265,H200 NVL,0.024,original,controls_20260916/compact_mean/sdssvep_S4_seed2027
controls,compact_mean,sdssvep,5,2025,within,,0.0,compact_mean,29292,600,80.0,80.0,0.7818,1.2644,0.4671,100.0,88.3333,160,H200 NVL,0.023,original,controls_20260916/compact_mean/sdssvep_S5_seed2025
controls,compact_mean,sdssvep,5,2026,within,,0.0,compact_mean,29292,600,85.0,85.0,0.8364,1.2837,0.5333,100.0,88.3333,235,H200 NVL,0.024,original,controls_20260916/compact_mean/sdssvep_S5_seed2026
controls,compact_mean,sdssvep,5,2027,within,,0.0,compact_mean,29292,600,80.0,80.0,0.7818,1.3584,0.4936,100.0,88.3333,190,H200 NVL,0.024,original,controls_20260916/compact_mean/sdssvep_S5_seed2027
controls,compact_mean,sdssvep,6,2025,within,,0.0,compact_mean,29292,600,95.0,95.0,0.9455,0.9873,0.5411,100.0,98.3333,321,H200 NVL,0.024,original,controls_20260916/compact_mean/sdssvep_S6_seed2025
controls,compact_mean,sdssvep,6,2026,within,,0.0,compact_mean,29292,600,91.6667,91.6667,0.9091,1.1097,0.5485,100.0,95.0,305,H200 NVL,0.023,original,controls_20260916/compact_mean/sdssvep_S6_seed2026
controls,compact_mean,sdssvep,6,2027,within,,0.0,compact_mean,29292,600,93.3333,93.3333,0.9273,1.0452,0.544,100.0,95.0,404,H200 NVL,0.024,original,controls_20260916/compact_mean/sdssvep_S6_seed2027
controls,compact_mean,sdssvep,7,2025,within,,0.0,compact_mean,29292,600,90.0,90.0,0.8909,1.2315,0.5715,100.0,91.6667,414,H200 NVL,0.024,original,controls_20260916/compact_mean/sdssvep_S7_seed2025
controls,compact_mean,sdssvep,7,2026,within,,0.0,compact_mean,29292,600,88.3333,88.3333,0.8727,1.232,0.5473,100.0,90.0,334,H200 NVL,0.024,original,controls_20260916/compact_mean/sdssvep_S7_seed2026
controls,compact_mean,sdssvep,7,2027,within,,0.0,compact_mean,29292,600,80.0,80.0,0.7818,1.3098,0.4818,100.0,85.0,356,H200 NVL,0.024,original,controls_20260916/compact_mean/sdssvep_S7_seed2027
controls,compact_mean,sdssvep,8,2025,within,,0.0,compact_mean,29292,600,73.3333,73.3333,0.7091,1.3461,0.424,100.0,81.6667,214,H200 NVL,0.024,original,controls_20260916/compact_mean/sdssvep_S8_seed2025
controls,compact_mean,sdssvep,8,2026,within,,0.0,compact_mean,29292,600,78.3333,78.3333,0.7636,1.3783,0.4731,100.0,83.3333,302,H200 NVL,0.024,original,controls_20260916/compact_mean/sdssvep_S8_seed2026
controls,compact_mean,sdssvep,8,2027,within,,0.0,compact_mean,29292,600,68.3333,68.3333,0.6545,1.3985,0.3787,100.0,81.6667,181,H200 NVL,0.025,original,controls_20260916/compact_mean/sdssvep_S8_seed2027
controls,compact_mean,sdssvep,9,2025,within,,0.0,compact_mean,29292,600,91.6667,91.6667,0.9091,1.0239,0.5117,100.0,95.0,198,H200 NVL,0.025,original,controls_20260916/compact_mean/sdssvep_S9_seed2025
controls,compact_mean,sdssvep,9,2026,within,,0.0,compact_mean,29292,600,93.3333,93.3333,0.9273,1.0525,0.5281,100.0,95.0,213,H200 NVL,0.024,original,controls_20260916/compact_mean/sdssvep_S9_seed2026
controls,compact_mean,sdssvep,9,2027,within,,0.0,compact_mean,29292,600,93.3333,93.3333,0.9273,1.0133,0.5262,100.0,95.0,135,H200 NVL,0.025,original,controls_20260916/compact_mean/sdssvep_S9_seed2027
controls,ff_control,2a,1,2025,within,,0.0,ff_reader,20964,600,87.8472,87.8472,0.838,0.4845,0.1761,100.0,90.2778,315,H200 NVL,0.149,original,controls_20260916/ff_reader/2a_S1_seed2025
controls,ff_control,2a,1,2026,within,,0.0,ff_reader,20964,600,87.8472,87.8472,0.838,0.4623,0.1928,100.0,89.5833,415,H200 NVL,0.149,original,controls_20260916/ff_reader/2a_S1_seed2026
controls,ff_control,2a,1,2027,within,,0.0,ff_reader,20964,600,89.2361,89.2361,0.8565,0.4736,0.1999,100.0,90.9722,393,H200 NVL,0.149,original,controls_20260916/ff_reader/2a_S1_seed2027
controls,ff_control,2a,2,2025,within,,0.0,ff_reader,20964,600,73.2639,73.2639,0.6435,0.741,0.129,100.0,75.6944,454,H200 NVL,0.149,original,controls_20260916/ff_reader/2a_S2_seed2025
controls,ff_control,2a,2,2026,within,,0.0,ff_reader,20964,600,64.5833,64.5833,0.5278,0.8332,0.0992,100.0,69.0972,294,H200 NVL,0.273,original,controls_20260916/ff_reader/2a_S2_seed2026
controls,ff_control,2a,2,2027,within,,0.0,ff_reader,20964,600,72.9167,72.9167,0.6389,0.7842,0.1041,100.0,75.6944,270,H200 NVL,0.273,original,controls_20260916/ff_reader/2a_S2_seed2027
controls,ff_control,2a,3,2025,within,,0.0,ff_reader,20964,600,94.7917,94.7917,0.9306,0.3621,0.1597,100.0,97.2222,325,H200 NVL,0.273,original,controls_20260916/ff_reader/2a_S3_seed2025
controls,ff_control,2a,3,2026,within,,0.0,ff_reader,20964,600,96.1806,96.1806,0.9491,0.3318,0.1829,100.0,97.5694,379,H200 NVL,0.273,original,controls_20260916/ff_reader/2a_S3_seed2026
controls,ff_control,2a,3,2027,within,,0.0,ff_reader,20964,600,95.8333,95.8333,0.9444,0.3336,0.1821,100.0,97.2222,237,H200 NVL,0.273,original,controls_20260916/ff_reader/2a_S3_seed2027
controls,ff_control,2a,4,2025,within,,0.0,ff_reader,20964,600,76.3889,76.3889,0.6852,0.6717,0.1311,100.0,79.8611,351,H200 NVL,0.273,original,controls_20260916/ff_reader/2a_S4_seed2025
controls,ff_control,2a,4,2026,within,,0.0,ff_reader,20964,600,83.3333,83.3333,0.7778,0.5655,0.179,100.0,84.7222,369,H200 NVL,0.273,original,controls_20260916/ff_reader/2a_S4_seed2026
controls,ff_control,2a,4,2027,within,,0.0,ff_reader,20964,600,84.0278,84.0278,0.787,0.5858,0.2018,100.0,85.0694,451,H200 NVL,0.273,original,controls_20260916/ff_reader/2a_S4_seed2027
controls,ff_control,2a,5,2025,within,,0.0,ff_reader,20964,600,75.0,75.0,0.6667,0.6762,0.0944,100.0,79.8611,136,H200 NVL,0.274,original,controls_20260916/ff_reader/2a_S5_seed2025
controls,ff_control,2a,5,2026,within,,0.0,ff_reader,20964,600,78.4722,78.4722,0.713,0.6349,0.1113,100.0,81.9444,99,H200 NVL,0.273,original,controls_20260916/ff_reader/2a_S5_seed2026
controls,ff_control,2a,5,2027,within,,0.0,ff_reader,20964,600,77.4306,77.4306,0.6991,0.6465,0.1103,100.0,82.6389,287,H200 NVL,0.274,original,controls_20260916/ff_reader/2a_S5_seed2027
controls,ff_control,2a,6,2025,within,,0.0,ff_reader,20964,600,70.4861,70.4861,0.6065,0.7664,0.0865,100.0,72.9167,436,H200 NVL,0.273,original,controls_20260916/ff_reader/2a_S6_seed2025
controls,ff_control,2a,6,2026,within,,0.0,ff_reader,20964,600,67.0139,67.0139,0.5602,0.8256,0.0543,100.0,69.7917,423,H200 NVL,0.274,original,controls_20260916/ff_reader/2a_S6_seed2026
controls,ff_control,2a,6,2027,within,,0.0,ff_reader,20964,600,70.1389,70.1389,0.6019,0.863,0.0692,100.0,71.5278,512,H200 NVL,0.274,original,controls_20260916/ff_reader/2a_S6_seed2027
controls,ff_control,2a,7,2025,within,,0.0,ff_reader,20964,600,88.8889,88.8889,0.8519,0.4093,0.1418,100.0,93.0556,242,H200 NVL,0.274,original,controls_20260916/ff_reader/2a_S7_seed2025
controls,ff_control,2a,7,2026,within,,0.0,ff_reader,20964,600,92.7083,92.7083,0.9028,0.3695,0.1771,100.0,93.4028,384,H200 NVL,0.274,original,controls_20260916/ff_reader/2a_S7_seed2026
controls,ff_control,2a,7,2027,within,,0.0,ff_reader,20964,600,90.2778,90.2778,0.8704,0.4078,0.1596,100.0,92.0139,317,H200 NVL,0.252,original,controls_20260916/ff_reader/2a_S7_seed2027
controls,ff_control,2a,8,2025,within,,0.0,ff_reader,20964,600,89.9306,89.9306,0.8657,0.4502,0.1969,100.0,91.6667,435,H200 NVL,0.252,original,controls_20260916/ff_reader/2a_S8_seed2025
controls,ff_control,2a,8,2026,within,,0.0,ff_reader,20964,600,88.1944,88.1944,0.8426,0.4815,0.1974,100.0,90.9722,457,H200 NVL,0.252,original,controls_20260916/ff_reader/2a_S8_seed2026
controls,ff_control,2a,8,2027,within,,0.0,ff_reader,20964,600,88.5417,88.5417,0.8472,0.4706,0.182,100.0,90.625,320,H200 NVL,0.252,original,controls_20260916/ff_reader/2a_S8_seed2027
controls,ff_control,2a,9,2025,within,,0.0,ff_reader,20964,600,85.0694,85.0694,0.8009,0.488,0.1414,100.0,88.5417,240,H200 NVL,0.252,original,controls_20260916/ff_reader/2a_S9_seed2025
controls,ff_control,2a,9,2026,within,,0.0,ff_reader,20964,600,88.5417,88.5417,0.8472,0.4559,0.1693,100.0,89.9306,340,H200 NVL,0.252,original,controls_20260916/ff_reader/2a_S9_seed2026
controls,ff_control,2a,9,2027,within,,0.0,ff_reader,20964,600,86.1111,86.1111,0.8148,0.4577,0.1522,100.0,89.2361,161,H200 NVL,0.252,original,controls_20260916/ff_reader/2a_S9_seed2027
controls,ff_control,2b,1,2025,within,,0.0,ff_reader,19010,600,74.0625,74.0625,0.4812,0.5284,0.0663,100.0,80.625,192,H200 NVL,0.177,original,controls_20260916/ff_reader/2b_S1_seed2025
controls,ff_control,2b,1,2026,within,,0.0,ff_reader,19010,600,72.5,72.5,0.45,0.5592,0.0792,100.0,80.3125,121,H200 NVL,0.113,original,controls_20260916/ff_reader/2b_S1_seed2026
controls,ff_control,2b,1,2027,within,,0.0,ff_reader,19010,600,73.125,73.125,0.4625,0.5893,0.0939,100.0,80.3125,119,H200 NVL,0.113,original,controls_20260916/ff_reader/2b_S1_seed2027
controls,ff_control,2b,2,2025,within,,0.0,ff_reader,19010,600,73.2143,73.2143,0.4643,0.5893,0.0699,100.0,74.6429,349,H200 NVL,0.113,original,controls_20260916/ff_reader/2b_S2_seed2025
controls,ff_control,2b,2,2026,within,,0.0,ff_reader,19010,600,71.4286,71.4286,0.4286,0.5727,0.0589,100.0,74.6429,451,H200 NVL,0.113,original,controls_20260916/ff_reader/2b_S2_seed2026
controls,ff_control,2b,2,2027,within,,0.0,ff_reader,19010,600,71.0714,71.0714,0.4214,0.5888,0.1033,100.0,74.6429,114,H200 NVL,0.113,original,controls_20260916/ff_reader/2b_S2_seed2027
controls,ff_control,2b,3,2025,within,,0.0,ff_reader,19010,600,82.8125,82.8125,0.6562,0.3697,0.0305,100.0,87.1875,17,H200 NVL,0.113,original,controls_20260916/ff_reader/2b_S3_seed2025
controls,ff_control,2b,3,2026,within,,0.0,ff_reader,19010,600,80.9375,80.9375,0.6187,0.3833,0.0421,100.0,85.625,40,H200 NVL,0.113,original,controls_20260916/ff_reader/2b_S3_seed2026
controls,ff_control,2b,3,2027,within,,0.0,ff_reader,19010,600,85.3125,85.3125,0.7063,0.3679,0.0599,100.0,87.1875,396,H200 NVL,0.113,original,controls_20260916/ff_reader/2b_S3_seed2027
controls,ff_control,2b,4,2025,within,,0.0,ff_reader,19010,600,95.0,95.0,0.9,0.2141,0.1084,100.0,98.4375,47,H200 NVL,0.116,original,controls_20260916/ff_reader/2b_S4_seed2025
controls,ff_control,2b,4,2026,within,,0.0,ff_reader,19010,600,91.875,91.875,0.8375,0.2269,0.0705,100.0,98.125,54,H200 NVL,0.116,original,controls_20260916/ff_reader/2b_S4_seed2026
controls,ff_control,2b,4,2027,within,,0.0,ff_reader,19010,600,96.5625,96.5625,0.9312,0.1866,0.1134,100.0,98.4375,76,H200 NVL,0.116,original,controls_20260916/ff_reader/2b_S4_seed2027
controls,ff_control,2b,5,2025,within,,0.0,ff_reader,19010,600,90.3125,90.3125,0.8062,0.2718,0.0926,100.0,95.3125,234,H200 NVL,0.116,original,controls_20260916/ff_reader/2b_S5_seed2025
controls,ff_control,2b,5,2026,within,,0.0,ff_reader,19010,600,89.6875,89.6875,0.7937,0.2832,0.0916,100.0,94.6875,136,H200 NVL,0.116,original,controls_20260916/ff_reader/2b_S5_seed2026
controls,ff_control,2b,5,2027,within,,0.0,ff_reader,19010,600,92.1875,92.1875,0.8438,0.262,0.1078,100.0,95.625,126,H200 NVL,0.116,original,controls_20260916/ff_reader/2b_S5_seed2027
controls,ff_control,2b,6,2025,within,,0.0,ff_reader,19010,600,85.0,85.0,0.7,0.3359,0.054,100.0,87.5,438,H200 NVL,0.116,original,controls_20260916/ff_reader/2b_S6_seed2025
controls,ff_control,2b,6,2026,within,,0.0,ff_reader,19010,600,86.25,86.25,0.725,0.312,0.0558,100.0,88.125,312,H200 NVL,0.116,original,controls_20260916/ff_reader/2b_S6_seed2026
controls,ff_control,2b,6,2027,within,,0.0,ff_reader,19010,600,84.0625,84.0625,0.6812,0.3435,0.0375,100.0,86.5625,75,H200 NVL,0.115,original,controls_20260916/ff_reader/2b_S6_seed2027
controls,ff_control,2b,7,2025,within,,0.0,ff_reader,19010,600,88.4375,88.4375,0.7688,0.2741,0.0594,100.0,92.5,102,H200 NVL,0.115,original,controls_20260916/ff_reader/2b_S7_seed2025
controls,ff_control,2b,7,2026,within,,0.0,ff_reader,19010,600,88.75,88.75,0.775,0.2771,0.0509,100.0,91.875,64,H200 NVL,0.115,original,controls_20260916/ff_reader/2b_S7_seed2026
controls,ff_control,2b,7,2027,within,,0.0,ff_reader,19010,600,89.0625,89.0625,0.7812,0.2672,0.0532,100.0,92.1875,178,H200 NVL,0.115,original,controls_20260916/ff_reader/2b_S7_seed2027
controls,ff_control,2b,8,2025,within,,0.0,ff_reader,19010,600,94.6875,94.6875,0.8938,0.1884,0.078,100.0,95.9375,139,H200 NVL,0.115,original,controls_20260916/ff_reader/2b_S8_seed2025
controls,ff_control,2b,8,2026,within,,0.0,ff_reader,19010,600,94.375,94.375,0.8875,0.1892,0.078,100.0,95.9375,150,H200 NVL,0.115,original,controls_20260916/ff_reader/2b_S8_seed2026
controls,ff_control,2b,8,2027,within,,0.0,ff_reader,19010,600,93.75,93.75,0.875,0.191,0.0758,100.0,95.9375,198,H200 NVL,0.115,original,controls_20260916/ff_reader/2b_S8_seed2027
controls,ff_control,2b,9,2025,within,,0.0,ff_reader,19010,600,84.0625,84.0625,0.6812,0.3566,0.0715,100.0,86.25,231,H200 NVL,0.115,original,controls_20260916/ff_reader/2b_S9_seed2025
controls,ff_control,2b,9,2026,within,,0.0,ff_reader,19010,600,85.625,85.625,0.7125,0.3492,0.0704,100.0,87.8125,247,H200 NVL,0.054,original,controls_20260916/ff_reader/2b_S9_seed2026
controls,ff_control,2b,9,2027,within,,0.0,ff_reader,19010,600,85.0,85.0,0.7,0.3553,0.0603,100.0,86.5625,85,H200 NVL,0.054,original,controls_20260916/ff_reader/2b_S9_seed2027
controls,ff_control,sdssvep,10,2025,within,,0.0,ff_reader,32428,600,100.0,100.0,1.0,0.3873,0.292,100.0,100.0,240,H200 NVL,0.034,original,controls_20260916/ff_reader/sdssvep_S10_seed2025
controls,ff_control,sdssvep,10,2026,within,,0.0,ff_reader,32428,600,98.3333,98.3333,0.9818,0.4089,0.2804,100.0,98.3333,63,H200 NVL,0.034,original,controls_20260916/ff_reader/sdssvep_S10_seed2026
controls,ff_control,sdssvep,10,2027,within,,0.0,ff_reader,32428,600,100.0,100.0,1.0,0.3922,0.2982,100.0,100.0,100,H200 NVL,0.034,original,controls_20260916/ff_reader/sdssvep_S10_seed2027
controls,ff_control,sdssvep,1,2025,within,,0.0,ff_reader,32428,600,88.3333,88.3333,0.8727,1.0223,0.4785,100.0,95.0,453,H200 NVL,0.034,original,controls_20260916/ff_reader/sdssvep_S1_seed2025
controls,ff_control,sdssvep,1,2026,within,,0.0,ff_reader,32428,600,90.0,90.0,0.8909,0.9776,0.488,100.0,91.6667,316,H200 NVL,0.034,original,controls_20260916/ff_reader/sdssvep_S1_seed2026
controls,ff_control,sdssvep,1,2027,within,,0.0,ff_reader,32428,600,93.3333,93.3333,0.9273,0.9921,0.5194,100.0,95.0,403,H200 NVL,0.034,original,controls_20260916/ff_reader/sdssvep_S1_seed2027
controls,ff_control,sdssvep,2,2025,within,,0.0,ff_reader,32428,600,91.6667,91.6667,0.9091,0.6103,0.325,100.0,95.0,128,H200 NVL,0.034,original,controls_20260916/ff_reader/sdssvep_S2_seed2025
controls,ff_control,sdssvep,2,2026,within,,0.0,ff_reader,32428,600,95.0,95.0,0.9455,0.59,0.356,100.0,96.6667,107,H200 NVL,0.034,original,controls_20260916/ff_reader/sdssvep_S2_seed2026
controls,ff_control,sdssvep,2,2027,within,,0.0,ff_reader,32428,600,95.0,95.0,0.9455,0.6057,0.3481,100.0,96.6667,323,H200 NVL,0.034,original,controls_20260916/ff_reader/sdssvep_S2_seed2027
controls,ff_control,sdssvep,3,2025,within,,0.0,ff_reader,32428,600,66.6667,66.6667,0.6364,1.487,0.3614,100.0,70.0,328,H200 NVL,0.034,original,controls_20260916/ff_reader/sdssvep_S3_seed2025
controls,ff_control,sdssvep,3,2026,within,,0.0,ff_reader,32428,600,63.3333,63.3333,0.6,1.5243,0.3199,100.0,65.0,333,H200 NVL,0.034,original,controls_20260916/ff_reader/sdssvep_S3_seed2026
controls,ff_control,sdssvep,3,2027,within,,0.0,ff_reader,32428,600,61.6667,61.6667,0.5818,1.4246,0.3061,100.0,65.0,248,H200 NVL,0.034,original,controls_20260916/ff_reader/sdssvep_S3_seed2027
controls,ff_control,sdssvep,4,2025,within,,0.0,ff_reader,32428,600,98.3333,98.3333,0.9818,0.715,0.4512,100.0,98.3333,372,H200 NVL,0.034,original,controls_20260916/ff_reader/sdssvep_S4_seed2025
controls,ff_control,sdssvep,4,2026,within,,0.0,ff_reader,32428,600,95.0,95.0,0.9455,0.7092,0.4137,100.0,96.6667,329,H200 NVL,0.034,original,controls_20260916/ff_reader/sdssvep_S4_seed2026
controls,ff_control,sdssvep,4,2027,within,,0.0,ff_reader,32428,600,93.3333,93.3333,0.9273,0.7008,0.4169,100.0,96.6667,198,H200 NVL,0.033,original,controls_20260916/ff_reader/sdssvep_S4_seed2027
controls,ff_control,sdssvep,5,2025,within,,0.0,ff_reader,32428,600,100.0,100.0,1.0,0.4587,0.3339,100.0,100.0,86,H200 NVL,0.033,original,controls_20260916/ff_reader/sdssvep_S5_seed2025
controls,ff_control,sdssvep,5,2026,within,,0.0,ff_reader,32428,600,100.0,100.0,1.0,0.4827,0.3533,100.0,100.0,95,H200 NVL,0.034,original,controls_20260916/ff_reader/sdssvep_S5_seed2026
controls,ff_control,sdssvep,5,2027,within,,0.0,ff_reader,32428,600,100.0,100.0,1.0,0.4876,0.3508,100.0,100.0,157,H200 NVL,0.034,original,controls_20260916/ff_reader/sdssvep_S5_seed2027
controls,ff_control,sdssvep,6,2025,within,,0.0,ff_reader,32428,600,100.0,100.0,1.0,0.2392,0.2031,100.0,100.0,39,H200 NVL,0.034,original,controls_20260916/ff_reader/sdssvep_S6_seed2025
controls,ff_control,sdssvep,6,2026,within,,0.0,ff_reader,32428,600,100.0,100.0,1.0,0.2637,0.2205,100.0,100.0,36,H200 NVL,0.034,original,controls_20260916/ff_reader/sdssvep_S6_seed2026
controls,ff_control,sdssvep,6,2027,within,,0.0,ff_reader,32428,600,100.0,100.0,1.0,0.258,0.2149,100.0,100.0,38,H200 NVL,0.034,original,controls_20260916/ff_reader/sdssvep_S6_seed2027
controls,ff_control,sdssvep,7,2025,within,,0.0,ff_reader,32428,600,100.0,100.0,1.0,0.3734,0.2974,100.0,100.0,33,H200 NVL,0.034,original,controls_20260916/ff_reader/sdssvep_S7_seed2025
controls,ff_control,sdssvep,7,2026,within,,0.0,ff_reader,32428,600,100.0,100.0,1.0,0.3981,0.3133,100.0,100.0,33,H200 NVL,0.034,original,controls_20260916/ff_reader/sdssvep_S7_seed2026
controls,ff_control,sdssvep,7,2027,within,,0.0,ff_reader,32428,600,100.0,100.0,1.0,0.3724,0.298,100.0,100.0,44,H200 NVL,0.034,original,controls_20260916/ff_reader/sdssvep_S7_seed2027
controls,ff_control,sdssvep,8,2025,within,,0.0,ff_reader,32428,600,98.3333,98.3333,0.9818,0.4991,0.3477,100.0,98.3333,76,H200 NVL,0.034,original,controls_20260916/ff_reader/sdssvep_S8_seed2025
controls,ff_control,sdssvep,8,2026,within,,0.0,ff_reader,32428,600,98.3333,98.3333,0.9818,0.5164,0.3598,100.0,100.0,325,H200 NVL,0.033,original,controls_20260916/ff_reader/sdssvep_S8_seed2026
controls,ff_control,sdssvep,8,2027,within,,0.0,ff_reader,32428,600,100.0,100.0,1.0,0.4987,0.3688,100.0,100.0,200,H200 NVL,0.034,original,controls_20260916/ff_reader/sdssvep_S8_seed2027
controls,ff_control,sdssvep,9,2025,within,,0.0,ff_reader,32428,600,100.0,100.0,1.0,0.2694,0.2081,100.0,100.0,101,H200 NVL,0.034,original,controls_20260916/ff_reader/sdssvep_S9_seed2025
controls,ff_control,sdssvep,9,2026,within,,0.0,ff_reader,32428,600,100.0,100.0,1.0,0.2644,0.2058,100.0,100.0,72,H200 NVL,0.034,original,controls_20260916/ff_reader/sdssvep_S9_seed2026
controls,ff_control,sdssvep,9,2027,within,,0.0,ff_reader,32428,600,98.3333,98.3333,0.9818,0.271,0.2081,100.0,100.0,182,H200 NVL,0.034,original,controls_20260916/ff_reader/sdssvep_S9_seed2027
anytime,compact_anytime,2a,1,2025,within,,0.3,compact,17828,600,90.2778,90.2778,0.8704,0.4418,0.1785,100.0,91.3194,444,H200 NVL,0.184,original,anytime_20260917/compact_anytime/2a_S1_seed2025
anytime,compact_anytime,2a,1,2026,within,,0.3,compact,17828,600,90.9722,90.9722,0.8796,0.4353,0.1911,100.0,91.6667,489,H200 NVL,0.183,original,anytime_20260917/compact_anytime/2a_S1_seed2026
anytime,compact_anytime,2a,1,2027,within,,0.3,compact,17828,600,89.2361,89.2361,0.8565,0.4164,0.1733,100.0,91.3194,430,H200 NVL,0.182,original,anytime_20260917/compact_anytime/2a_S1_seed2027
anytime,compact_anytime,2a,2,2025,within,,0.3,compact,17828,600,66.3194,66.3194,0.5509,0.7999,0.0769,100.0,71.875,222,H200 NVL,0.166,original,anytime_20260917/compact_anytime/2a_S2_seed2025
anytime,compact_anytime,2a,2,2026,within,,0.3,compact,17828,600,67.3611,67.3611,0.5648,0.8058,0.0694,100.0,72.5694,320,H200 NVL,0.165,original,anytime_20260917/compact_anytime/2a_S2_seed2026
anytime,compact_anytime,2a,2,2027,within,,0.3,compact,17828,600,69.0972,69.0972,0.588,0.7847,0.0985,100.0,74.6528,269,H200 NVL,0.165,original,anytime_20260917/compact_anytime/2a_S2_seed2027
anytime,compact_anytime,2a,3,2025,within,,0.3,compact,17828,600,93.4028,93.4028,0.912,0.3582,0.1534,100.0,96.1806,291,H200 NVL,0.184,original,anytime_20260917/compact_anytime/2a_S3_seed2025
anytime,compact_anytime,2a,3,2026,within,,0.3,compact,17828,600,94.7917,94.7917,0.9306,0.3175,0.1624,100.0,96.5278,374,H200 NVL,0.183,original,anytime_20260917/compact_anytime/2a_S3_seed2026
anytime,compact_anytime,2a,3,2027,within,,0.3,compact,17828,600,94.7917,94.7917,0.9306,0.3267,0.1653,100.0,96.875,246,H200 NVL,0.182,original,anytime_20260917/compact_anytime/2a_S3_seed2027
anytime,compact_anytime,2a,4,2025,within,,0.3,compact,17828,600,84.7222,84.7222,0.7963,0.5665,0.1966,100.0,86.1111,501,H200 NVL,0.166,original,anytime_20260917/compact_anytime/2a_S4_seed2025
anytime,compact_anytime,2a,4,2026,within,,0.3,compact,17828,600,84.7222,84.7222,0.7963,0.5601,0.1803,100.0,86.1111,428,H200 NVL,0.165,original,anytime_20260917/compact_anytime/2a_S4_seed2026
anytime,compact_anytime,2a,4,2027,within,,0.3,compact,17828,600,84.7222,84.7222,0.7963,0.5442,0.1841,100.0,86.4583,289,H200 NVL,0.165,original,anytime_20260917/compact_anytime/2a_S4_seed2027
anytime,compact_anytime,2a,5,2025,within,,0.3,compact,17828,600,51.3889,51.3889,0.3519,0.9897,0.1773,100.0,81.25,210,H200 NVL,0.184,original,anytime_20260917/compact_anytime/2a_S5_seed2025
anytime,compact_anytime,2a,5,2026,within,,0.3,compact,17828,600,60.0694,60.0694,0.4676,0.9084,0.129,100.0,79.8611,163,H200 NVL,0.183,original,anytime_20260917/compact_anytime/2a_S5_seed2026
anytime,compact_anytime,2a,5,2027,within,,0.3,compact,17828,600,79.5139,79.5139,0.7269,0.6689,0.1673,100.0,80.9028,459,H200 NVL,0.182,original,anytime_20260917/compact_anytime/2a_S5_seed2027
anytime,compact_anytime,2a,6,2025,within,,0.3,compact,17828,600,69.4444,69.4444,0.5926,0.7949,0.0902,100.0,76.0417,328,H200 NVL,0.166,original,anytime_20260917/compact_anytime/2a_S6_seed2025
anytime,compact_anytime,2a,6,2026,within,,0.3,compact,17828,600,67.3611,67.3611,0.5648,0.8111,0.0885,100.0,72.9167,342,H200 NVL,0.165,original,anytime_20260917/compact_anytime/2a_S6_seed2026
anytime,compact_anytime,2a,6,2027,within,,0.3,compact,17828,600,71.5278,71.5278,0.6204,0.8343,0.1127,100.0,72.5694,456,H200 NVL,0.165,original,anytime_20260917/compact_anytime/2a_S6_seed2027
anytime,compact_anytime,2a,7,2025,within,,0.3,compact,17828,600,93.0556,93.0556,0.9074,0.3739,0.1824,100.0,95.1389,335,H200 NVL,0.184,original,anytime_20260917/compact_anytime/2a_S7_seed2025
anytime,compact_anytime,2a,7,2026,within,,0.3,compact,17828,600,92.7083,92.7083,0.9028,0.3593,0.1674,100.0,94.4444,239,H200 NVL,0.183,original,anytime_20260917/compact_anytime/2a_S7_seed2026
anytime,compact_anytime,2a,7,2027,within,,0.3,compact,17828,600,92.3611,92.3611,0.8981,0.3817,0.1836,100.0,94.4444,417,H200 NVL,0.182,original,anytime_20260917/compact_anytime/2a_S7_seed2027
anytime,compact_anytime,2a,8,2025,within,,0.3,compact,17828,600,88.8889,88.8889,0.8519,0.4807,0.1852,100.0,90.625,467,H200 NVL,0.119,original,anytime_20260917/compact_anytime/2a_S8_seed2025
anytime,compact_anytime,2a,8,2026,within,,0.3,compact,17828,600,86.8056,86.8056,0.8241,0.4679,0.1689,100.0,88.8889,284,H200 NVL,0.119,original,anytime_20260917/compact_anytime/2a_S8_seed2026
anytime,compact_anytime,2a,8,2027,within,,0.3,compact,17828,600,87.5,87.5,0.8333,0.4878,0.1804,100.0,89.2361,381,H200 NVL,0.12,original,anytime_20260917/compact_anytime/2a_S8_seed2027
anytime,compact_anytime,2a,9,2025,within,,0.3,compact,17828,600,87.8472,87.8472,0.838,0.4703,0.1596,100.0,90.2778,311,H200 NVL,0.115,original,anytime_20260917/compact_anytime/2a_S9_seed2025
anytime,compact_anytime,2a,9,2026,within,,0.3,compact,17828,600,88.5417,88.5417,0.8472,0.4477,0.165,100.0,92.0139,223,H200 NVL,0.119,original,anytime_20260917/compact_anytime/2a_S9_seed2026
anytime,compact_anytime,2a,9,2027,within,,0.3,compact,17828,600,89.2361,89.2361,0.8565,0.4298,0.1552,100.0,90.625,291,H200 NVL,0.12,original,anytime_20260917/compact_anytime/2a_S9_seed2027
anytime,compact_anytime,2b,1,2025,within,,0.3,compact,15874,600,77.5,77.5,0.55,0.4983,0.0601,100.0,80.625,133,H200 NVL,0.098,original,anytime_20260917/compact_anytime/2b_S1_seed2025
anytime,compact_anytime,2b,1,2026,within,,0.3,compact,15874,600,79.0625,79.0625,0.5813,0.4809,0.065,100.0,81.875,113,H200 NVL,0.1,original,anytime_20260917/compact_anytime/2b_S1_seed2026
anytime,compact_anytime,2b,1,2027,within,,0.3,compact,15874,600,77.5,77.5,0.55,0.4884,0.0515,100.0,82.5,185,H200 NVL,0.098,original,anytime_20260917/compact_anytime/2b_S1_seed2027
anytime,compact_anytime,2b,2,2025,within,,0.3,compact,15874,600,70.3571,70.3571,0.4071,0.6184,0.0872,100.0,75.0,127,H200 NVL,0.098,original,anytime_20260917/compact_anytime/2b_S2_seed2025
anytime,compact_anytime,2b,2,2026,within,,0.3,compact,15874,600,68.9286,68.9286,0.3786,0.6059,0.0847,100.0,72.5,127,H200 NVL,0.101,original,anytime_20260917/compact_anytime/2b_S2_seed2026
anytime,compact_anytime,2b,2,2027,within,,0.3,compact,15874,600,73.2143,73.2143,0.4643,0.551,0.0403,100.0,76.4286,164,H200 NVL,0.103,original,anytime_20260917/compact_anytime/2b_S2_seed2027
anytime,compact_anytime,2b,3,2025,within,,0.3,compact,15874,600,81.25,81.25,0.625,0.4,0.0469,100.0,86.875,85,H200 NVL,0.098,original,anytime_20260917/compact_anytime/2b_S3_seed2025
anytime,compact_anytime,2b,3,2026,within,,0.3,compact,15874,600,83.125,83.125,0.6625,0.3605,0.0635,100.0,87.1875,28,H200 NVL,0.1,original,anytime_20260917/compact_anytime/2b_S3_seed2026
anytime,compact_anytime,2b,3,2027,within,,0.3,compact,15874,600,83.125,83.125,0.6625,0.371,0.0476,100.0,87.5,24,H200 NVL,0.098,original,anytime_20260917/compact_anytime/2b_S3_seed2027
anytime,compact_anytime,2b,4,2025,within,,0.3,compact,15874,600,96.25,96.25,0.925,0.158,0.0684,100.0,98.4375,70,H200 NVL,0.098,original,anytime_20260917/compact_anytime/2b_S4_seed2025
anytime,compact_anytime,2b,4,2026,within,,0.3,compact,15874,600,94.6875,94.6875,0.8938,0.1786,0.0638,100.0,98.4375,84,H200 NVL,0.102,original,anytime_20260917/compact_anytime/2b_S4_seed2026
anytime,compact_anytime,2b,4,2027,within,,0.3,compact,15874,600,95.625,95.625,0.9125,0.1536,0.0631,100.0,98.4375,64,H200 NVL,0.103,original,anytime_20260917/compact_anytime/2b_S4_seed2027
anytime,compact_anytime,2b,5,2025,within,,0.3,compact,15874,600,95.625,95.625,0.9125,0.2179,0.1234,100.0,96.25,501,H200 NVL,0.078,original,anytime_20260917/compact_anytime/2b_S5_seed2025
anytime,compact_anytime,2b,5,2026,within,,0.3,compact,15874,600,95.0,95.0,0.9,0.2091,0.1202,100.0,96.25,384,H200 NVL,0.078,original,anytime_20260917/compact_anytime/2b_S5_seed2026
anytime,compact_anytime,2b,5,2027,within,,0.3,compact,15874,600,95.3125,95.3125,0.9062,0.2126,0.1183,100.0,98.125,265,H200 NVL,0.078,original,anytime_20260917/compact_anytime/2b_S5_seed2027
anytime,compact_anytime,2b,6,2025,within,,0.3,compact,15874,600,86.25,86.25,0.725,0.3184,0.0572,100.0,89.6875,313,H200 NVL,0.098,original,anytime_20260917/compact_anytime/2b_S6_seed2025
anytime,compact_anytime,2b,6,2026,within,,0.3,compact,15874,600,87.8125,87.8125,0.7563,0.2865,0.05,100.0,89.6875,115,H200 NVL,0.101,original,anytime_20260917/compact_anytime/2b_S6_seed2026
anytime,compact_anytime,2b,6,2027,within,,0.3,compact,15874,600,85.9375,85.9375,0.7188,0.3093,0.0589,100.0,88.75,370,H200 NVL,0.103,original,anytime_20260917/compact_anytime/2b_S6_seed2027
anytime,compact_anytime,2b,7,2025,within,,0.3,compact,15874,600,89.6875,89.6875,0.7937,0.2578,0.0475,100.0,92.8125,66,H200 NVL,0.078,original,anytime_20260917/compact_anytime/2b_S7_seed2025
anytime,compact_anytime,2b,7,2026,within,,0.3,compact,15874,600,87.8125,87.8125,0.7563,0.2783,0.0518,100.0,92.1875,95,H200 NVL,0.078,original,anytime_20260917/compact_anytime/2b_S7_seed2026
anytime,compact_anytime,2b,7,2027,within,,0.3,compact,15874,600,89.0625,89.0625,0.7812,0.2573,0.0574,100.0,92.8125,46,H200 NVL,0.078,original,anytime_20260917/compact_anytime/2b_S7_seed2027
anytime,compact_anytime,2b,8,2025,within,,0.3,compact,15874,600,95.0,95.0,0.9,0.1723,0.0626,100.0,95.9375,184,H200 NVL,0.074,original,anytime_20260917/compact_anytime/2b_S8_seed2025
anytime,compact_anytime,2b,8,2026,within,,0.3,compact,15874,600,95.625,95.625,0.9125,0.179,0.0786,100.0,96.5625,343,H200 NVL,0.076,original,anytime_20260917/compact_anytime/2b_S8_seed2026
anytime,compact_anytime,2b,8,2027,within,,0.3,compact,15874,600,94.375,94.375,0.8875,0.169,0.0713,100.0,96.25,309,H200 NVL,0.078,original,anytime_20260917/compact_anytime/2b_S8_seed2027
anytime,compact_anytime,2b,9,2025,within,,0.3,compact,15874,600,85.625,85.625,0.7125,0.3328,0.0607,100.0,88.75,371,H200 NVL,0.078,original,anytime_20260917/compact_anytime/2b_S9_seed2025
anytime,compact_anytime,2b,9,2026,within,,0.3,compact,15874,600,84.0625,84.0625,0.6812,0.3471,0.0641,100.0,88.4375,55,H200 NVL,0.078,original,anytime_20260917/compact_anytime/2b_S9_seed2026
anytime,compact_anytime,2b,9,2027,within,,0.3,compact,15874,600,87.5,87.5,0.75,0.3309,0.0645,100.0,90.3125,216,H200 NVL,0.077,original,anytime_20260917/compact_anytime/2b_S9_seed2027
anytime,compact_anytime,sdssvep,10,2025,within,,0.3,compact,29292,600,100.0,100.0,1.0,0.3959,0.3005,100.0,100.0,193,H200 NVL,0.019,original,anytime_20260917/compact_anytime/sdssvep_S10_seed2025
anytime,compact_anytime,sdssvep,10,2026,within,,0.3,compact,29292,600,100.0,100.0,1.0,0.43,0.3247,100.0,100.0,128,H200 NVL,0.018,original,anytime_20260917/compact_anytime/sdssvep_S10_seed2026
anytime,compact_anytime,sdssvep,10,2027,within,,0.3,compact,29292,600,98.3333,98.3333,0.9818,0.4234,0.3064,100.0,100.0,157,H200 NVL,0.017,original,anytime_20260917/compact_anytime/sdssvep_S10_seed2027
anytime,compact_anytime,sdssvep,1,2025,within,,0.3,compact,29292,600,88.3333,88.3333,0.8727,1.0443,0.4832,100.0,93.3333,231,H200 NVL,0.022,original,anytime_20260917/compact_anytime/sdssvep_S1_seed2025
anytime,compact_anytime,sdssvep,1,2026,within,,0.3,compact,29292,600,88.3333,88.3333,0.8727,1.0326,0.4678,100.0,91.6667,85,H200 NVL,0.021,original,anytime_20260917/compact_anytime/sdssvep_S1_seed2026
anytime,compact_anytime,sdssvep,1,2027,within,,0.3,compact,29292,600,91.6667,91.6667,0.9091,0.9759,0.492,100.0,93.3333,245,H200 NVL,0.021,original,anytime_20260917/compact_anytime/sdssvep_S1_seed2027
anytime,compact_anytime,sdssvep,2,2025,within,,0.3,compact,29292,600,95.0,95.0,0.9455,0.6149,0.357,100.0,96.6667,52,H200 NVL,0.022,original,anytime_20260917/compact_anytime/sdssvep_S2_seed2025
anytime,compact_anytime,sdssvep,2,2026,within,,0.3,compact,29292,600,95.0,95.0,0.9455,0.5823,0.3368,100.0,98.3333,242,H200 NVL,0.024,original,anytime_20260917/compact_anytime/sdssvep_S2_seed2026
anytime,compact_anytime,sdssvep,2,2027,within,,0.3,compact,29292,600,95.0,95.0,0.9455,0.6126,0.3541,100.0,96.6667,175,H200 NVL,0.023,original,anytime_20260917/compact_anytime/sdssvep_S2_seed2027
anytime,compact_anytime,sdssvep,3,2025,within,,0.3,compact,29292,600,71.6667,71.6667,0.6909,1.446,0.4126,100.0,76.6667,262,H200 NVL,0.022,original,anytime_20260917/compact_anytime/sdssvep_S3_seed2025
anytime,compact_anytime,sdssvep,3,2026,within,,0.3,compact,29292,600,55.0,55.0,0.5091,1.5613,0.2434,100.0,65.0,252,H200 NVL,0.021,original,anytime_20260917/compact_anytime/sdssvep_S3_seed2026
anytime,compact_anytime,sdssvep,3,2027,within,,0.3,compact,29292,600,66.6667,66.6667,0.6364,1.5209,0.3565,100.0,71.6667,238,H200 NVL,0.021,original,anytime_20260917/compact_anytime/sdssvep_S3_seed2027
anytime,compact_anytime,sdssvep,4,2025,within,,0.3,compact,29292,600,98.3333,98.3333,0.9818,0.8305,0.51,100.0,100.0,219,H200 NVL,0.021,original,anytime_20260917/compact_anytime/sdssvep_S4_seed2025
anytime,compact_anytime,sdssvep,4,2026,within,,0.3,compact,29292,600,91.6667,91.6667,0.9091,0.8302,0.4332,100.0,96.6667,128,H200 NVL,0.021,original,anytime_20260917/compact_anytime/sdssvep_S4_seed2026
anytime,compact_anytime,sdssvep,4,2027,within,,0.3,compact,29292,600,96.6667,96.6667,0.9636,0.8452,0.495,100.0,100.0,129,H200 NVL,0.021,original,anytime_20260917/compact_anytime/sdssvep_S4_seed2027
anytime,compact_anytime,sdssvep,5,2025,within,,0.3,compact,29292,600,100.0,100.0,1.0,0.5447,0.383,100.0,100.0,81,H200 NVL,0.015,original,anytime_20260917/compact_anytime/sdssvep_S5_seed2025
anytime,compact_anytime,sdssvep,5,2026,within,,0.3,compact,29292,600,100.0,100.0,1.0,0.5429,0.3833,100.0,100.0,57,H200 NVL,0.016,original,anytime_20260917/compact_anytime/sdssvep_S5_seed2026
anytime,compact_anytime,sdssvep,5,2027,within,,0.3,compact,29292,600,98.3333,98.3333,0.9818,0.5663,0.3754,100.0,100.0,58,H200 NVL,0.016,original,anytime_20260917/compact_anytime/sdssvep_S5_seed2027
anytime,compact_anytime,sdssvep,6,2025,within,,0.3,compact,29292,600,100.0,100.0,1.0,0.345,0.2757,100.0,100.0,35,H200 NVL,0.021,original,anytime_20260917/compact_anytime/sdssvep_S6_seed2025
anytime,compact_anytime,sdssvep,6,2026,within,,0.3,compact,29292,600,100.0,100.0,1.0,0.333,0.2636,100.0,100.0,31,H200 NVL,0.021,original,anytime_20260917/compact_anytime/sdssvep_S6_seed2026
anytime,compact_anytime,sdssvep,6,2027,within,,0.3,compact,29292,600,100.0,100.0,1.0,0.3181,0.2573,100.0,100.0,36,H200 NVL,0.021,original,anytime_20260917/compact_anytime/sdssvep_S6_seed2027
anytime,compact_anytime,sdssvep,7,2025,within,,0.3,compact,29292,600,100.0,100.0,1.0,0.4136,0.3197,100.0,100.0,33,H200 NVL,0.014,original,anytime_20260917/compact_anytime/sdssvep_S7_seed2025
anytime,compact_anytime,sdssvep,7,2026,within,,0.3,compact,29292,600,100.0,100.0,1.0,0.4432,0.3384,100.0,100.0,30,H200 NVL,0.016,original,anytime_20260917/compact_anytime/sdssvep_S7_seed2026
anytime,compact_anytime,sdssvep,7,2027,within,,0.3,compact,29292,600,100.0,100.0,1.0,0.3939,0.3078,100.0,100.0,29,H200 NVL,0.015,original,anytime_20260917/compact_anytime/sdssvep_S7_seed2027
anytime,compact_anytime,sdssvep,8,2025,within,,0.3,compact,29292,600,100.0,100.0,1.0,0.5292,0.3763,100.0,100.0,67,H200 NVL,0.021,original,anytime_20260917/compact_anytime/sdssvep_S8_seed2025
anytime,compact_anytime,sdssvep,8,2026,within,,0.3,compact,29292,600,100.0,100.0,1.0,0.5014,0.368,100.0,100.0,82,H200 NVL,0.02,original,anytime_20260917/compact_anytime/sdssvep_S8_seed2026
anytime,compact_anytime,sdssvep,8,2027,within,,0.3,compact,29292,600,100.0,100.0,1.0,0.4982,0.3668,100.0,100.0,61,H200 NVL,0.02,original,anytime_20260917/compact_anytime/sdssvep_S8_seed2027
anytime,compact_anytime,sdssvep,9,2025,within,,0.3,compact,29292,600,96.6667,96.6667,0.9636,0.3327,0.2269,100.0,100.0,37,H200 NVL,0.015,original,anytime_20260917/compact_anytime/sdssvep_S9_seed2025
anytime,compact_anytime,sdssvep,9,2026,within,,0.3,compact,29292,600,98.3333,98.3333,0.9818,0.3325,0.2384,100.0,100.0,252,H200 NVL,0.016,original,anytime_20260917/compact_anytime/sdssvep_S9_seed2026
anytime,compact_anytime,sdssvep,9,2027,within,,0.3,compact,29292,600,98.3333,98.3333,0.9818,0.3322,0.2388,100.0,98.3333,143,H200 NVL,0.016,original,anytime_20260917/compact_anytime/sdssvep_S9_seed2027
anytime,reader_anytime,2a,1,2025,within,,0.3,reader,20964,600,89.2361,89.2361,0.8565,0.3786,0.1449,100.0,92.7083,214,H200 NVL,0.333,full-GPU re-run replaces MIG original,fullgpu_20260917/anytime_20260915/reader_anytime/2a_S1_seed2025
anytime,reader_anytime,2a,1,2026,within,,0.3,reader,20964,600,88.8889,88.8889,0.8519,0.4097,0.1295,100.0,92.0139,338,H200 NVL,0.313,full-GPU re-run replaces MIG original,fullgpu_20260917/anytime_20260915/reader_anytime/2a_S1_seed2026
anytime,reader_anytime,2a,1,2027,within,,0.3,reader,20964,600,89.9306,89.9306,0.8657,0.4008,0.1703,100.0,92.7083,392,H200 NVL,0.316,full-GPU re-run replaces MIG original,fullgpu_20260917/anytime_20260915/reader_anytime/2a_S1_seed2027
anytime,reader_anytime,2a,2,2025,within,,0.3,reader,20964,600,74.6528,74.6528,0.662,0.6849,0.0991,100.0,78.4722,434,H200 NVL,0.312,full-GPU re-run replaces MIG original,fullgpu_20260917/anytime_20260915/reader_anytime/2a_S2_seed2025
anytime,reader_anytime,2a,2,2026,within,,0.3,reader,20964,600,71.875,71.875,0.625,0.7857,0.0516,100.0,77.4306,529,H200 NVL,0.289,full-GPU re-run replaces MIG original,fullgpu_20260917/anytime_20260915/reader_anytime/2a_S2_seed2026
anytime,reader_anytime,2a,2,2027,within,,0.3,reader,20964,600,70.1389,70.1389,0.6019,0.758,0.0643,100.0,76.3889,326,H200 NVL,0.333,full-GPU re-run replaces MIG original,fullgpu_20260917/anytime_20260915/reader_anytime/2a_S2_seed2027
anytime,reader_anytime,2a,3,2025,within,,0.3,reader,20964,600,94.7917,94.7917,0.9306,0.2925,0.1385,100.0,97.2222,202,H200 NVL,0.313,full-GPU re-run replaces MIG original,fullgpu_20260917/anytime_20260915/reader_anytime/2a_S3_seed2025
anytime,reader_anytime,2a,3,2026,within,,0.3,reader,20964,600,96.875,96.875,0.9583,0.2415,0.1451,100.0,98.2639,235,H200 NVL,0.316,full-GPU re-run replaces MIG original,fullgpu_20260917/anytime_20260915/reader_anytime/2a_S3_seed2026
anytime,reader_anytime,2a,3,2027,within,,0.3,reader,20964,600,95.1389,95.1389,0.9352,0.2753,0.1344,100.0,97.5694,171,H200 NVL,0.312,full-GPU re-run replaces MIG original,fullgpu_20260917/anytime_20260915/reader_anytime/2a_S3_seed2027
anytime,reader_anytime,2a,4,2025,within,,0.3,reader,20964,600,80.2083,80.2083,0.7361,0.5951,0.134,100.0,82.2917,384,H200 NVL,0.289,full-GPU re-run replaces MIG original,fullgpu_20260917/anytime_20260915/reader_anytime/2a_S4_seed2025
anytime,reader_anytime,2a,4,2026,within,,0.3,reader,20964,600,82.9861,82.9861,0.7731,0.5547,0.1387,100.0,85.0694,339,H200 NVL,0.333,full-GPU re-run replaces MIG original,fullgpu_20260917/anytime_20260915/reader_anytime/2a_S4_seed2026
anytime,reader_anytime,2a,4,2027,within,,0.3,reader,20964,600,85.7639,85.7639,0.8102,0.5178,0.1702,100.0,86.4583,506,H200 NVL,0.313,full-GPU re-run replaces MIG original,fullgpu_20260917/anytime_20260915/reader_anytime/2a_S4_seed2027
anytime,reader_anytime,2a,5,2025,within,,0.3,reader,20964,600,53.4722,53.4722,0.3796,1.0409,0.2125,100.0,79.5139,218,H200 NVL,0.316,full-GPU re-run replaces MIG original,fullgpu_20260917/anytime_20260915/reader_anytime/2a_S5_seed2025
anytime,reader_anytime,2a,5,2026,within,,0.3,reader,20964,600,82.6389,82.6389,0.7685,0.5482,0.1334,100.0,85.7639,469,H200 NVL,0.312,full-GPU re-run replaces MIG original,fullgpu_20260917/anytime_20260915/reader_anytime/2a_S5_seed2026
anytime,reader_anytime,2a,5,2027,within,,0.3,reader,20964,600,67.0139,67.0139,0.5602,0.782,0.0628,100.0,84.375,257,H200 NVL,0.289,full-GPU re-run replaces MIG original,fullgpu_20260917/anytime_20260915/reader_anytime/2a_S5_seed2027
anytime,reader_anytime,2a,6,2025,within,,0.3,reader,20964,600,75.6944,75.6944,0.6759,0.7111,0.0964,100.0,78.4722,229,H200 NVL,0.333,full-GPU re-run replaces MIG original,fullgpu_20260917/anytime_20260915/reader_anytime/2a_S6_seed2025
anytime,reader_anytime,2a,6,2026,within,,0.3,reader,20964,600,74.6528,74.6528,0.662,0.7247,0.1218,100.0,79.1667,405,H200 NVL,0.313,full-GPU re-run replaces MIG original,fullgpu_20260917/anytime_20260915/reader_anytime/2a_S6_seed2026
anytime,reader_anytime,2a,6,2027,within,,0.3,reader,20964,600,75.6944,75.6944,0.6759,0.8011,0.1011,100.0,77.7778,473,H200 NVL,0.316,full-GPU re-run replaces MIG original,fullgpu_20260917/anytime_20260915/reader_anytime/2a_S6_seed2027
anytime,reader_anytime,2a,7,2025,within,,0.3,reader,20964,600,91.6667,91.6667,0.8889,0.3341,0.1442,100.0,95.8333,235,H200 NVL,0.312,full-GPU re-run replaces MIG original,fullgpu_20260917/anytime_20260915/reader_anytime/2a_S7_seed2025
anytime,reader_anytime,2a,7,2026,within,,0.3,reader,20964,600,93.0556,93.0556,0.9074,0.3175,0.1602,100.0,95.8333,420,H200 NVL,0.285,original,anytime_20260915/reader_anytime/2a_S7_seed2026
anytime,reader_anytime,2a,7,2027,within,,0.3,reader,20964,600,92.3611,92.3611,0.8981,0.3372,0.157,100.0,96.1806,291,H200 NVL,0.285,original,anytime_20260915/reader_anytime/2a_S7_seed2027
anytime,reader_anytime,2a,8,2025,within,,0.3,reader,20964,600,88.1944,88.1944,0.8426,0.4607,0.1742,100.0,90.625,411,H200 NVL,0.285,original,anytime_20260915/reader_anytime/2a_S8_seed2025
anytime,reader_anytime,2a,8,2026,within,,0.3,reader,20964,600,87.5,87.5,0.8333,0.4563,0.1602,100.0,90.2778,339,H200 NVL,0.285,original,anytime_20260915/reader_anytime/2a_S8_seed2026
anytime,reader_anytime,2a,8,2027,within,,0.3,reader,20964,600,87.8472,87.8472,0.838,0.438,0.1369,100.0,89.9306,231,H200 NVL,0.285,original,anytime_20260915/reader_anytime/2a_S8_seed2027
anytime,reader_anytime,2a,9,2025,within,,0.3,reader,20964,600,88.5417,88.5417,0.8472,0.4394,0.141,100.0,91.6667,370,H200 NVL,0.285,original,anytime_20260915/reader_anytime/2a_S9_seed2025
anytime,reader_anytime,2a,9,2026,within,,0.3,reader,20964,600,88.5417,88.5417,0.8472,0.4355,0.1446,100.0,90.625,244,H200 NVL,0.222,original,anytime_20260915/reader_anytime/2a_S9_seed2026
anytime,reader_anytime,2a,9,2027,within,,0.3,reader,20964,600,87.1528,87.1528,0.8287,0.4237,0.1398,100.0,89.5833,164,H200 NVL,0.222,original,anytime_20260915/reader_anytime/2a_S9_seed2027
anytime,reader_anytime,2b,1,2025,within,,0.3,reader,19010,600,77.8125,77.8125,0.5562,0.4905,0.0566,100.0,83.125,195,H100 80GB HBM3,0.128,original,anytime_20260915/reader_anytime/2b_S1_seed2025
anytime,reader_anytime,2b,1,2026,within,,0.3,reader,19010,600,77.1875,77.1875,0.5437,0.5239,0.0805,100.0,81.5625,150,H100 80GB HBM3,0.128,original,anytime_20260915/reader_anytime/2b_S1_seed2026
anytime,reader_anytime,2b,1,2027,within,,0.3,reader,19010,600,76.25,76.25,0.525,0.5338,0.0983,100.0,80.9375,118,H100 80GB HBM3,0.128,original,anytime_20260915/reader_anytime/2b_S1_seed2027
anytime,reader_anytime,2b,2,2025,within,,0.3,reader,19010,600,67.8571,67.8571,0.3571,0.662,0.1244,100.0,74.2857,144,H100 80GB HBM3,0.128,original,anytime_20260915/reader_anytime/2b_S2_seed2025
anytime,reader_anytime,2b,2,2026,within,,0.3,reader,19010,600,72.5,72.5,0.45,0.6101,0.1107,100.0,74.6429,131,H100 80GB HBM3,0.125,original,anytime_20260915/reader_anytime/2b_S2_seed2026
anytime,reader_anytime,2b,2,2027,within,,0.3,reader,19010,600,72.1429,72.1429,0.4429,0.5717,0.0971,100.0,75.7143,328,H100 80GB HBM3,0.125,original,anytime_20260915/reader_anytime/2b_S2_seed2027
anytime,reader_anytime,2b,3,2025,within,,0.3,reader,19010,600,82.5,82.5,0.65,0.3855,0.0389,100.0,89.0625,28,H100 80GB HBM3,0.125,original,anytime_20260915/reader_anytime/2b_S3_seed2025
anytime,reader_anytime,2b,3,2026,within,,0.3,reader,19010,600,81.875,81.875,0.6375,0.3733,0.0539,100.0,86.875,22,H100 80GB HBM3,0.125,original,anytime_20260915/reader_anytime/2b_S3_seed2026
anytime,reader_anytime,2b,3,2027,within,,0.3,reader,19010,600,80.3125,80.3125,0.6062,0.3841,0.0436,100.0,86.875,16,H100 80GB HBM3,0.128,original,anytime_20260915/reader_anytime/2b_S3_seed2027
anytime,reader_anytime,2b,4,2025,within,,0.3,reader,19010,600,95.3125,95.3125,0.9062,0.1638,0.0682,100.0,98.4375,50,H100 80GB HBM3,0.128,original,anytime_20260915/reader_anytime/2b_S4_seed2025
anytime,reader_anytime,2b,4,2026,within,,0.3,reader,19010,600,91.875,91.875,0.8375,0.2066,0.0441,100.0,98.4375,62,H100 80GB HBM3,0.128,original,anytime_20260915/reader_anytime/2b_S4_seed2026
anytime,reader_anytime,2b,4,2027,within,,0.3,reader,19010,600,94.375,94.375,0.8875,0.1757,0.0613,100.0,98.4375,52,H100 80GB HBM3,0.128,original,anytime_20260915/reader_anytime/2b_S4_seed2027
anytime,reader_anytime,2b,5,2025,within,,0.3,reader,19010,600,92.1875,92.1875,0.8438,0.2231,0.0887,100.0,95.0,109,H200 NVL,0.131,original,anytime_20260915/reader_anytime/2b_S5_seed2025
anytime,reader_anytime,2b,5,2026,within,,0.3,reader,19010,600,92.8125,92.8125,0.8562,0.2286,0.0929,100.0,95.0,404,H200 NVL,0.131,original,anytime_20260915/reader_anytime/2b_S5_seed2026
anytime,reader_anytime,2b,5,2027,within,,0.3,reader,19010,600,92.1875,92.1875,0.8438,0.2372,0.0902,100.0,95.3125,214,H200 NVL,0.131,original,anytime_20260915/reader_anytime/2b_S5_seed2027
anytime,reader_anytime,2b,6,2025,within,,0.3,reader,19010,600,85.0,85.0,0.7,0.3299,0.0277,100.0,91.5625,208,H200 NVL,0.131,original,anytime_20260915/reader_anytime/2b_S6_seed2025
anytime,reader_anytime,2b,6,2026,within,,0.3,reader,19010,600,87.1875,87.1875,0.7437,0.2717,0.0625,100.0,90.0,236,H200 NVL,0.133,original,anytime_20260915/reader_anytime/2b_S6_seed2026
anytime,reader_anytime,2b,6,2027,within,,0.3,reader,19010,600,87.8125,87.8125,0.7563,0.2935,0.0684,100.0,91.5625,302,H200 NVL,0.133,original,anytime_20260915/reader_anytime/2b_S6_seed2027
anytime,reader_anytime,2b,7,2025,within,,0.3,reader,19010,600,89.0625,89.0625,0.7812,0.2658,0.0447,100.0,92.8125,76,H200 NVL,0.133,original,anytime_20260915/reader_anytime/2b_S7_seed2025
anytime,reader_anytime,2b,7,2026,within,,0.3,reader,19010,600,90.3125,90.3125,0.8062,0.2457,0.0429,100.0,93.125,101,H200 NVL,0.133,original,anytime_20260915/reader_anytime/2b_S7_seed2026
anytime,reader_anytime,2b,7,2027,within,,0.3,reader,19010,600,88.75,88.75,0.775,0.2682,0.0441,100.0,92.5,74,H100 80GB HBM3,0.13,original,anytime_20260915/reader_anytime/2b_S7_seed2027
anytime,reader_anytime,2b,8,2025,within,,0.3,reader,19010,600,95.3125,95.3125,0.9062,0.1715,0.0668,100.0,96.5625,70,H100 80GB HBM3,0.13,original,anytime_20260915/reader_anytime/2b_S8_seed2025
anytime,reader_anytime,2b,8,2026,within,,0.3,reader,19010,600,94.6875,94.6875,0.8938,0.1732,0.0466,100.0,96.25,86,H100 80GB HBM3,0.13,original,anytime_20260915/reader_anytime/2b_S8_seed2026
anytime,reader_anytime,2b,8,2027,within,,0.3,reader,19010,600,94.0625,94.0625,0.8813,0.1871,0.0592,100.0,95.9375,58,H100 80GB HBM3,0.13,original,anytime_20260915/reader_anytime/2b_S8_seed2027
anytime,reader_anytime,2b,9,2025,within,,0.3,reader,19010,600,86.25,86.25,0.725,0.3402,0.0471,100.0,88.4375,35,H200 NVL,0.181,full-GPU re-run replaces MIG original,fullgpu_20260917/anytime_20260915/reader_anytime/2b_S9_seed2025
anytime,reader_anytime,2b,9,2026,within,,0.3,reader,19010,600,83.125,83.125,0.6625,0.3368,0.0536,100.0,89.0625,493,H200 NVL,0.115,full-GPU re-run replaces MIG original,fullgpu_20260917/anytime_20260915/reader_anytime/2b_S9_seed2026
anytime,reader_anytime,2b,9,2027,within,,0.3,reader,19010,600,82.1875,82.1875,0.6438,0.3904,0.049,100.0,87.8125,186,H200 NVL,0.142,full-GPU re-run replaces MIG original,fullgpu_20260917/anytime_20260915/reader_anytime/2b_S9_seed2027
anytime,reader_anytime,sdssvep,10,2025,within,,0.3,reader,32428,600,98.3333,98.3333,0.9818,0.6072,0.3922,100.0,100.0,87,H200 NVL,0.095,original,anytime_20260915/reader_anytime/sdssvep_S10_seed2025
anytime,reader_anytime,sdssvep,10,2026,within,,0.3,reader,32428,600,96.6667,96.6667,0.9636,0.5817,0.3603,100.0,98.3333,45,H200 NVL,0.109,original,anytime_20260915/reader_anytime/sdssvep_S10_seed2026
anytime,reader_anytime,sdssvep,10,2027,within,,0.3,reader,32428,600,98.3333,98.3333,0.9818,0.5924,0.3851,100.0,100.0,35,H200 NVL,0.109,original,anytime_20260915/reader_anytime/sdssvep_S10_seed2027
anytime,reader_anytime,sdssvep,1,2025,within,,0.3,reader,32428,600,93.3333,93.3333,0.9273,0.9298,0.4912,100.0,98.3333,65,H200 NVL,0.095,original,anytime_20260915/reader_anytime/sdssvep_S1_seed2025
anytime,reader_anytime,sdssvep,1,2026,within,,0.3,reader,32428,600,91.6667,91.6667,0.9091,0.8956,0.4473,100.0,95.0,64,H200 NVL,0.095,original,anytime_20260915/reader_anytime/sdssvep_S1_seed2026
anytime,reader_anytime,sdssvep,1,2027,within,,0.3,reader,32428,600,91.6667,91.6667,0.9091,0.9252,0.4664,100.0,96.6667,77,H200 NVL,0.095,original,anytime_20260915/reader_anytime/sdssvep_S1_seed2027
anytime,reader_anytime,sdssvep,2,2025,within,,0.3,reader,32428,600,88.3333,88.3333,0.8727,0.7686,0.3273,100.0,96.6667,87,H200 NVL,0.109,original,anytime_20260915/reader_anytime/sdssvep_S2_seed2025
anytime,reader_anytime,sdssvep,2,2026,within,,0.3,reader,32428,600,86.6667,86.6667,0.8545,0.8536,0.3607,100.0,98.3333,47,H200 NVL,0.109,original,anytime_20260915/reader_anytime/sdssvep_S2_seed2026
anytime,reader_anytime,sdssvep,2,2027,within,,0.3,reader,32428,600,93.3333,93.3333,0.9273,0.7905,0.4111,100.0,96.6667,109,H200 NVL,0.053,original,anytime_20260915/reader_anytime/sdssvep_S2_seed2027
anytime,reader_anytime,sdssvep,3,2025,within,,0.3,reader,32428,600,73.3333,73.3333,0.7091,1.3117,0.3624,100.0,76.6667,295,H200 NVL,0.053,original,anytime_20260915/reader_anytime/sdssvep_S3_seed2025
anytime,reader_anytime,sdssvep,3,2026,within,,0.3,reader,32428,600,78.3333,78.3333,0.7636,1.2974,0.4277,100.0,80.0,246,H200 NVL,0.053,original,anytime_20260915/reader_anytime/sdssvep_S3_seed2026
anytime,reader_anytime,sdssvep,3,2027,within,,0.3,reader,32428,600,66.6667,66.6667,0.6364,1.3419,0.3257,100.0,81.6667,160,H100 NVL,0.1,original,anytime_20260915/reader_anytime/sdssvep_S3_seed2027
anytime,reader_anytime,sdssvep,4,2025,within,,0.3,reader,32428,600,95.0,95.0,0.9455,0.7149,0.4015,100.0,95.0,96,H100 NVL,0.1,original,anytime_20260915/reader_anytime/sdssvep_S4_seed2025
anytime,reader_anytime,sdssvep,4,2026,within,,0.3,reader,32428,600,95.0,95.0,0.9455,0.6707,0.3968,100.0,98.3333,69,H100 NVL,0.1,original,anytime_20260915/reader_anytime/sdssvep_S4_seed2026
anytime,reader_anytime,sdssvep,4,2027,within,,0.3,reader,32428,600,95.0,95.0,0.9455,0.6624,0.3846,100.0,98.3333,56,H100 NVL,0.1,original,anytime_20260915/reader_anytime/sdssvep_S4_seed2027
anytime,reader_anytime,sdssvep,5,2025,within,,0.3,reader,32428,600,100.0,100.0,1.0,0.3927,0.3003,100.0,100.0,42,H100 NVL,0.1,original,anytime_20260915/reader_anytime/sdssvep_S5_seed2025
anytime,reader_anytime,sdssvep,5,2026,within,,0.3,reader,32428,600,100.0,100.0,1.0,0.4009,0.3012,100.0,100.0,28,H100 NVL,0.1,original,anytime_20260915/reader_anytime/sdssvep_S5_seed2026
anytime,reader_anytime,sdssvep,5,2027,within,,0.3,reader,32428,600,100.0,100.0,1.0,0.4433,0.3275,100.0,100.0,36,H100 NVL,0.102,original,anytime_20260915/reader_anytime/sdssvep_S5_seed2027
anytime,reader_anytime,sdssvep,6,2025,within,,0.3,reader,32428,600,100.0,100.0,1.0,0.293,0.244,100.0,100.0,28,H100 NVL,0.102,original,anytime_20260915/reader_anytime/sdssvep_S6_seed2025
anytime,reader_anytime,sdssvep,6,2026,within,,0.3,reader,32428,600,100.0,100.0,1.0,0.3105,0.251,100.0,100.0,26,H100 NVL,0.102,original,anytime_20260915/reader_anytime/sdssvep_S6_seed2026
anytime,reader_anytime,sdssvep,6,2027,within,,0.3,reader,32428,600,100.0,100.0,1.0,0.3032,0.2444,100.0,100.0,28,H100 NVL,0.102,original,anytime_20260915/reader_anytime/sdssvep_S6_seed2027
anytime,reader_anytime,sdssvep,7,2025,within,,0.3,reader,32428,600,100.0,100.0,1.0,0.393,0.3079,100.0,100.0,20,H100 NVL,0.102,original,anytime_20260915/reader_anytime/sdssvep_S7_seed2025
anytime,reader_anytime,sdssvep,7,2026,within,,0.3,reader,32428,600,100.0,100.0,1.0,0.4084,0.3158,100.0,100.0,23,H100 NVL,0.102,original,anytime_20260915/reader_anytime/sdssvep_S7_seed2026
anytime,reader_anytime,sdssvep,7,2027,within,,0.3,reader,32428,600,100.0,100.0,1.0,0.3663,0.2871,100.0,100.0,31,H100 NVL,0.101,original,anytime_20260915/reader_anytime/sdssvep_S7_seed2027
anytime,reader_anytime,sdssvep,8,2025,within,,0.3,reader,32428,600,100.0,100.0,1.0,0.4636,0.3486,100.0,100.0,83,H100 NVL,0.101,original,anytime_20260915/reader_anytime/sdssvep_S8_seed2025
anytime,reader_anytime,sdssvep,8,2026,within,,0.3,reader,32428,600,100.0,100.0,1.0,0.4793,0.361,100.0,100.0,40,H100 NVL,0.101,original,anytime_20260915/reader_anytime/sdssvep_S8_seed2026
anytime,reader_anytime,sdssvep,8,2027,within,,0.3,reader,32428,600,100.0,100.0,1.0,0.4523,0.3383,100.0,100.0,82,H100 NVL,0.101,original,anytime_20260915/reader_anytime/sdssvep_S8_seed2027
anytime,reader_anytime,sdssvep,9,2025,within,,0.3,reader,32428,600,96.6667,96.6667,0.9636,0.4243,0.274,100.0,98.3333,55,H100 NVL,0.101,original,anytime_20260915/reader_anytime/sdssvep_S9_seed2025
anytime,reader_anytime,sdssvep,9,2026,within,,0.3,reader,32428,600,95.0,95.0,0.9455,0.4762,0.2702,100.0,98.3333,30,H100 NVL,0.101,original,anytime_20260915/reader_anytime/sdssvep_S9_seed2026
anytime,reader_anytime,sdssvep,9,2027,within,,0.3,reader,32428,600,96.6667,96.6667,0.9636,0.4432,0.2701,100.0,98.3333,49,H100 NVL,0.033,original,anytime_20260915/reader_anytime/sdssvep_S9_seed2027
bank,bite_0.25s,sdssvep,10,2025,within,0.25,0.0,bite,14548,600,50.0,50.0,0.4545,1.7528,0.1486,100.0,51.6667,476,H200 NVL,0.029,original,bank_20260917/bite_0.25s/sdssvep_S10_seed2025
bank,bite_0.25s,sdssvep,10,2026,within,0.25,0.0,bite,14548,600,51.6667,51.6667,0.4727,1.7754,0.1279,100.0,53.3333,330,H200 NVL,0.027,original,bank_20260917/bite_0.25s/sdssvep_S10_seed2026
bank,bite_0.25s,sdssvep,10,2027,within,0.25,0.0,bite,14548,600,46.6667,46.6667,0.4182,1.8135,0.1514,100.0,50.0,379,H200 NVL,0.027,original,bank_20260917/bite_0.25s/sdssvep_S10_seed2027
bank,bite_0.25s,sdssvep,1,2025,within,0.25,0.0,bite,14548,600,61.6667,61.6667,0.5818,1.3711,0.2479,100.0,65.0,366,H200 NVL,0.025,original,bank_20260917/bite_0.25s/sdssvep_S1_seed2025
bank,bite_0.25s,sdssvep,1,2026,within,0.25,0.0,bite,14548,600,56.6667,56.6667,0.5273,1.4421,0.2025,100.0,58.3333,147,H200 NVL,0.025,original,bank_20260917/bite_0.25s/sdssvep_S1_seed2026
bank,bite_0.25s,sdssvep,1,2027,within,0.25,0.0,bite,14548,600,55.0,55.0,0.5091,1.4445,0.1679,100.0,60.0,341,H200 NVL,0.025,original,bank_20260917/bite_0.25s/sdssvep_S1_seed2027
bank,bite_0.25s,sdssvep,2,2025,within,0.25,0.0,bite,14548,600,36.6667,36.6667,0.3091,2.0351,0.1784,100.0,43.3333,123,H200 NVL,0.022,original,bank_20260917/bite_0.25s/sdssvep_S2_seed2025
bank,bite_0.25s,sdssvep,2,2026,within,0.25,0.0,bite,14548,600,40.0,40.0,0.3455,2.0576,0.1645,100.0,45.0,319,H200 NVL,0.022,original,bank_20260917/bite_0.25s/sdssvep_S2_seed2026
bank,bite_0.25s,sdssvep,2,2027,within,0.25,0.0,bite,14548,600,33.3333,33.3333,0.2727,2.0645,0.1088,100.0,40.0,81,H200 NVL,0.025,original,bank_20260917/bite_0.25s/sdssvep_S2_seed2027
bank,bite_0.25s,sdssvep,3,2025,within,0.25,0.0,bite,14548,600,33.3333,33.3333,0.2727,1.9381,0.1051,100.0,40.0,97,H200 NVL,0.028,original,bank_20260917/bite_0.25s/sdssvep_S3_seed2025
bank,bite_0.25s,sdssvep,3,2026,within,0.25,0.0,bite,14548,600,40.0,40.0,0.3455,1.7311,0.1359,100.0,46.6667,201,H200 NVL,0.029,original,bank_20260917/bite_0.25s/sdssvep_S3_seed2026
bank,bite_0.25s,sdssvep,3,2027,within,0.25,0.0,bite,14548,600,33.3333,33.3333,0.2727,1.8255,0.1187,100.0,41.6667,69,H200 NVL,0.028,original,bank_20260917/bite_0.25s/sdssvep_S3_seed2027
bank,bite_0.25s,sdssvep,4,2025,within,0.25,0.0,bite,14548,600,70.0,70.0,0.6727,1.1558,0.2571,100.0,73.3333,561,H200 NVL,0.029,original,bank_20260917/bite_0.25s/sdssvep_S4_seed2025
bank,bite_0.25s,sdssvep,4,2026,within,0.25,0.0,bite,14548,600,70.0,70.0,0.6727,1.091,0.2764,100.0,76.6667,268,H200 NVL,0.028,original,bank_20260917/bite_0.25s/sdssvep_S4_seed2026
bank,bite_0.25s,sdssvep,4,2027,within,0.25,0.0,bite,14548,600,70.0,70.0,0.6727,1.112,0.2389,100.0,71.6667,462,H200 NVL,0.027,original,bank_20260917/bite_0.25s/sdssvep_S4_seed2027
bank,bite_0.25s,sdssvep,5,2025,within,0.25,0.0,bite,14548,600,88.3333,88.3333,0.8727,0.7438,0.3649,100.0,90.0,386,H200 NVL,0.028,original,bank_20260917/bite_0.25s/sdssvep_S5_seed2025
bank,bite_0.25s,sdssvep,5,2026,within,0.25,0.0,bite,14548,600,88.3333,88.3333,0.8727,0.7578,0.3384,100.0,88.3333,250,H200 NVL,0.029,original,bank_20260917/bite_0.25s/sdssvep_S5_seed2026
bank,bite_0.25s,sdssvep,5,2027,within,0.25,0.0,bite,14548,600,85.0,85.0,0.8364,0.7887,0.3232,100.0,88.3333,151,H200 NVL,0.028,original,bank_20260917/bite_0.25s/sdssvep_S5_seed2027
bank,bite_0.25s,sdssvep,6,2025,within,0.25,0.0,bite,14548,600,80.0,80.0,0.7818,0.8253,0.2523,100.0,81.6667,89,H200 NVL,0.029,original,bank_20260917/bite_0.25s/sdssvep_S6_seed2025
bank,bite_0.25s,sdssvep,6,2026,within,0.25,0.0,bite,14548,600,78.3333,78.3333,0.7636,0.8697,0.2753,100.0,81.6667,324,H200 NVL,0.028,original,bank_20260917/bite_0.25s/sdssvep_S6_seed2026
bank,bite_0.25s,sdssvep,6,2027,within,0.25,0.0,bite,14548,600,83.3333,83.3333,0.8182,0.8292,0.3096,100.0,86.6667,182,H200 NVL,0.027,original,bank_20260917/bite_0.25s/sdssvep_S6_seed2027
bank,bite_0.25s,sdssvep,7,2025,within,0.25,0.0,bite,14548,600,85.0,85.0,0.8364,0.6943,0.2862,100.0,90.0,115,H200 NVL,0.028,original,bank_20260917/bite_0.25s/sdssvep_S7_seed2025
bank,bite_0.25s,sdssvep,7,2026,within,0.25,0.0,bite,14548,600,93.3333,93.3333,0.9273,0.6827,0.3815,100.0,95.0,162,H200 NVL,0.029,original,bank_20260917/bite_0.25s/sdssvep_S7_seed2026
bank,bite_0.25s,sdssvep,7,2027,within,0.25,0.0,bite,14548,600,93.3333,93.3333,0.9273,0.6675,0.3744,100.0,93.3333,308,H200 NVL,0.028,original,bank_20260917/bite_0.25s/sdssvep_S7_seed2027
bank,bite_0.25s,sdssvep,8,2025,within,0.25,0.0,bite,14548,600,88.3333,88.3333,0.8727,0.8627,0.4011,100.0,91.6667,244,H200 NVL,0.029,original,bank_20260917/bite_0.25s/sdssvep_S8_seed2025
bank,bite_0.25s,sdssvep,8,2026,within,0.25,0.0,bite,14548,600,83.3333,83.3333,0.8182,0.951,0.3666,100.0,86.6667,348,H200 NVL,0.027,original,bank_20260917/bite_0.25s/sdssvep_S8_seed2026
bank,bite_0.25s,sdssvep,8,2027,within,0.25,0.0,bite,14548,600,81.6667,81.6667,0.8,0.9277,0.3361,100.0,85.0,90,H200 NVL,0.027,original,bank_20260917/bite_0.25s/sdssvep_S8_seed2027
bank,bite_0.25s,sdssvep,9,2025,within,0.25,0.0,bite,14548,600,68.3333,68.3333,0.6545,1.207,0.285,100.0,73.3333,222,H200 NVL,0.026,original,bank_20260917/bite_0.25s/sdssvep_S9_seed2025
bank,bite_0.25s,sdssvep,9,2026,within,0.25,0.0,bite,14548,600,76.6667,76.6667,0.7455,1.0253,0.3202,100.0,80.0,295,H200 NVL,0.027,original,bank_20260917/bite_0.25s/sdssvep_S9_seed2026
bank,bite_0.25s,sdssvep,9,2027,within,0.25,0.0,bite,14548,600,61.6667,61.6667,0.5818,1.1678,0.2014,100.0,65.0,225,H200 NVL,0.026,original,bank_20260917/bite_0.25s/sdssvep_S9_seed2027
bank,bite_0.5s,sdssvep,10,2025,within,0.5,0.0,bite,14548,600,80.0,80.0,0.7818,0.9078,0.2785,100.0,81.6667,223,H200 NVL,0.033,original,bank_20260917/bite_0.5s/sdssvep_S10_seed2025
bank,bite_0.5s,sdssvep,10,2026,within,0.5,0.0,bite,14548,600,83.3333,83.3333,0.8182,0.9822,0.3628,100.0,83.3333,213,H200 NVL,0.033,original,bank_20260917/bite_0.5s/sdssvep_S10_seed2026
bank,bite_0.5s,sdssvep,10,2027,within,0.5,0.0,bite,14548,600,83.3333,83.3333,0.8182,0.9458,0.351,100.0,86.6667,382,H200 NVL,0.031,original,bank_20260917/bite_0.5s/sdssvep_S10_seed2027
bank,bite_0.5s,sdssvep,1,2025,within,0.5,0.0,bite,14548,600,80.0,80.0,0.7818,1.1455,0.3985,100.0,80.0,361,H200 NVL,0.026,original,bank_20260917/bite_0.5s/sdssvep_S1_seed2025
bank,bite_0.5s,sdssvep,1,2026,within,0.5,0.0,bite,14548,600,78.3333,78.3333,0.7636,1.1098,0.3545,100.0,78.3333,418,H200 NVL,0.027,original,bank_20260917/bite_0.5s/sdssvep_S1_seed2026
bank,bite_0.5s,sdssvep,1,2027,within,0.5,0.0,bite,14548,600,75.0,75.0,0.7273,1.139,0.3404,100.0,78.3333,342,H200 NVL,0.027,original,bank_20260917/bite_0.5s/sdssvep_S1_seed2027
bank,bite_0.5s,sdssvep,2,2025,within,0.5,0.0,bite,14548,600,65.0,65.0,0.6182,1.2954,0.2258,100.0,70.0,213,H200 NVL,0.033,original,bank_20260917/bite_0.5s/sdssvep_S2_seed2025
bank,bite_0.5s,sdssvep,2,2026,within,0.5,0.0,bite,14548,600,63.3333,63.3333,0.6,1.3954,0.227,100.0,66.6667,323,H200 NVL,0.031,original,bank_20260917/bite_0.5s/sdssvep_S2_seed2026
bank,bite_0.5s,sdssvep,2,2027,within,0.5,0.0,bite,14548,600,65.0,65.0,0.6182,1.3903,0.2678,100.0,66.6667,116,H200 NVL,0.032,original,bank_20260917/bite_0.5s/sdssvep_S2_seed2027
bank,bite_0.5s,sdssvep,3,2025,within,0.5,0.0,bite,14548,600,48.3333,48.3333,0.4364,1.6235,0.1399,100.0,51.6667,284,H200 NVL,0.027,original,bank_20260917/bite_0.5s/sdssvep_S3_seed2025
bank,bite_0.5s,sdssvep,3,2026,within,0.5,0.0,bite,14548,600,51.6667,51.6667,0.4727,1.5504,0.1697,100.0,60.0,154,H200 NVL,0.027,original,bank_20260917/bite_0.5s/sdssvep_S3_seed2026
bank,bite_0.5s,sdssvep,3,2027,within,0.5,0.0,bite,14548,600,58.3333,58.3333,0.5455,1.4921,0.2095,100.0,60.0,222,H200 NVL,0.028,original,bank_20260917/bite_0.5s/sdssvep_S3_seed2027
bank,bite_0.5s,sdssvep,4,2025,within,0.5,0.0,bite,14548,600,83.3333,83.3333,0.8182,0.9989,0.3812,100.0,85.0,484,H200 NVL,0.033,original,bank_20260917/bite_0.5s/sdssvep_S4_seed2025
bank,bite_0.5s,sdssvep,4,2026,within,0.5,0.0,bite,14548,600,85.0,85.0,0.8364,0.8931,0.3453,100.0,86.6667,368,H200 NVL,0.033,original,bank_20260917/bite_0.5s/sdssvep_S4_seed2026
bank,bite_0.5s,sdssvep,4,2027,within,0.5,0.0,bite,14548,600,78.3333,78.3333,0.7636,0.9346,0.3145,100.0,80.0,282,H200 NVL,0.032,original,bank_20260917/bite_0.5s/sdssvep_S4_seed2027
bank,bite_0.5s,sdssvep,5,2025,within,0.5,0.0,bite,14548,600,96.6667,96.6667,0.9636,0.5398,0.3636,100.0,98.3333,506,H200 NVL,0.027,original,bank_20260917/bite_0.5s/sdssvep_S5_seed2025
bank,bite_0.5s,sdssvep,5,2026,within,0.5,0.0,bite,14548,600,98.3333,98.3333,0.9818,0.5117,0.3451,100.0,98.3333,221,H200 NVL,0.026,original,bank_20260917/bite_0.5s/sdssvep_S5_seed2026
bank,bite_0.5s,sdssvep,5,2027,within,0.5,0.0,bite,14548,600,95.0,95.0,0.9455,0.5563,0.3366,100.0,96.6667,99,H200 NVL,0.028,original,bank_20260917/bite_0.5s/sdssvep_S5_seed2027
bank,bite_0.5s,sdssvep,6,2025,within,0.5,0.0,bite,14548,600,100.0,100.0,1.0,0.3971,0.3072,100.0,100.0,278,H200 NVL,0.034,original,bank_20260917/bite_0.5s/sdssvep_S6_seed2025
bank,bite_0.5s,sdssvep,6,2026,within,0.5,0.0,bite,14548,600,100.0,100.0,1.0,0.3866,0.3032,100.0,100.0,132,H200 NVL,0.033,original,bank_20260917/bite_0.5s/sdssvep_S6_seed2026
bank,bite_0.5s,sdssvep,6,2027,within,0.5,0.0,bite,14548,600,100.0,100.0,1.0,0.3965,0.3064,100.0,100.0,98,H200 NVL,0.033,original,bank_20260917/bite_0.5s/sdssvep_S6_seed2027
bank,bite_0.5s,sdssvep,7,2025,within,0.5,0.0,bite,14548,600,96.6667,96.6667,0.9636,0.5364,0.3492,100.0,96.6667,102,H200 NVL,0.027,original,bank_20260917/bite_0.5s/sdssvep_S7_seed2025
bank,bite_0.5s,sdssvep,7,2026,within,0.5,0.0,bite,14548,600,96.6667,96.6667,0.9636,0.4926,0.3233,100.0,96.6667,119,H200 NVL,0.028,original,bank_20260917/bite_0.5s/sdssvep_S7_seed2026
bank,bite_0.5s,sdssvep,7,2027,within,0.5,0.0,bite,14548,600,100.0,100.0,1.0,0.4553,0.3463,100.0,100.0,269,H200 NVL,0.028,original,bank_20260917/bite_0.5s/sdssvep_S7_seed2027
bank,bite_0.5s,sdssvep,8,2025,within,0.5,0.0,bite,14548,600,96.6667,96.6667,0.9636,0.6603,0.426,100.0,100.0,121,H200 NVL,0.034,original,bank_20260917/bite_0.5s/sdssvep_S8_seed2025
bank,bite_0.5s,sdssvep,8,2026,within,0.5,0.0,bite,14548,600,96.6667,96.6667,0.9636,0.6486,0.4168,100.0,98.3333,181,H200 NVL,0.033,original,bank_20260917/bite_0.5s/sdssvep_S8_seed2026
bank,bite_0.5s,sdssvep,8,2027,within,0.5,0.0,bite,14548,600,100.0,100.0,1.0,0.6584,0.4516,100.0,100.0,213,H200 NVL,0.032,original,bank_20260917/bite_0.5s/sdssvep_S8_seed2027
bank,bite_0.5s,sdssvep,9,2025,within,0.5,0.0,bite,14548,600,90.0,90.0,0.8909,0.6031,0.2935,100.0,93.3333,58,H200 NVL,0.027,original,bank_20260917/bite_0.5s/sdssvep_S9_seed2025
bank,bite_0.5s,sdssvep,9,2026,within,0.5,0.0,bite,14548,600,90.0,90.0,0.8909,0.6344,0.2896,100.0,91.6667,91,H200 NVL,0.028,original,bank_20260917/bite_0.5s/sdssvep_S9_seed2026
bank,bite_0.5s,sdssvep,9,2027,within,0.5,0.0,bite,14548,600,88.3333,88.3333,0.8727,0.6428,0.2819,100.0,90.0,68,H200 NVL,0.028,original,bank_20260917/bite_0.5s/sdssvep_S9_seed2027
bank,bite_0.75s,sdssvep,10,2025,within,0.75,0.0,bite,14548,600,96.6667,96.6667,0.9636,0.5701,0.3602,100.0,96.6667,360,H200 NVL,0.039,original,bank_20260917/bite_0.75s/sdssvep_S10_seed2025
bank,bite_0.75s,sdssvep,10,2026,within,0.75,0.0,bite,14548,600,93.3333,93.3333,0.9273,0.6028,0.3373,100.0,95.0,207,H200 NVL,0.04,original,bank_20260917/bite_0.75s/sdssvep_S10_seed2026
bank,bite_0.75s,sdssvep,10,2027,within,0.75,0.0,bite,14548,600,93.3333,93.3333,0.9273,0.6444,0.369,100.0,96.6667,487,H200 NVL,0.04,original,bank_20260917/bite_0.75s/sdssvep_S10_seed2027
bank,bite_0.75s,sdssvep,1,2025,within,0.75,0.0,bite,14548,600,75.0,75.0,0.7273,1.0491,0.3414,100.0,81.6667,311,H200 NVL,0.058,original,bank_20260917/bite_0.75s/sdssvep_S1_seed2025
bank,bite_0.75s,sdssvep,1,2026,within,0.75,0.0,bite,14548,600,83.3333,83.3333,0.8182,1.0115,0.4018,100.0,88.3333,178,H200 NVL,0.058,original,bank_20260917/bite_0.75s/sdssvep_S1_seed2026
bank,bite_0.75s,sdssvep,1,2027,within,0.75,0.0,bite,14548,600,88.3333,88.3333,0.8727,1.0661,0.4842,100.0,88.3333,308,H200 NVL,0.058,original,bank_20260917/bite_0.75s/sdssvep_S1_seed2027
bank,bite_0.75s,sdssvep,2,2025,within,0.75,0.0,bite,14548,600,71.6667,71.6667,0.6909,1.0063,0.3148,100.0,81.6667,239,H200 NVL,0.06,original,bank_20260917/bite_0.75s/sdssvep_S2_seed2025
bank,bite_0.75s,sdssvep,2,2026,within,0.75,0.0,bite,14548,600,78.3333,78.3333,0.7636,0.9739,0.3303,100.0,81.6667,215,H200 NVL,0.061,original,bank_20260917/bite_0.75s/sdssvep_S2_seed2026
bank,bite_0.75s,sdssvep,2,2027,within,0.75,0.0,bite,14548,600,78.3333,78.3333,0.7636,0.9597,0.3109,100.0,83.3333,168,H200 NVL,0.062,original,bank_20260917/bite_0.75s/sdssvep_S2_seed2027
bank,bite_0.75s,sdssvep,3,2025,within,0.75,0.0,bite,14548,600,66.6667,66.6667,0.6364,1.4212,0.3243,100.0,71.6667,408,H200 NVL,0.058,original,bank_20260917/bite_0.75s/sdssvep_S3_seed2025
bank,bite_0.75s,sdssvep,3,2026,within,0.75,0.0,bite,14548,600,61.6667,61.6667,0.5818,1.364,0.3037,100.0,68.3333,208,H200 NVL,0.058,original,bank_20260917/bite_0.75s/sdssvep_S3_seed2026
bank,bite_0.75s,sdssvep,3,2027,within,0.75,0.0,bite,14548,600,63.3333,63.3333,0.6,1.4137,0.2905,100.0,68.3333,349,H200 NVL,0.058,original,bank_20260917/bite_0.75s/sdssvep_S3_seed2027
bank,bite_0.75s,sdssvep,4,2025,within,0.75,0.0,bite,14548,600,81.6667,81.6667,0.8,0.9008,0.3283,100.0,86.6667,414,H200 NVL,0.06,original,bank_20260917/bite_0.75s/sdssvep_S4_seed2025
bank,bite_0.75s,sdssvep,4,2026,within,0.75,0.0,bite,14548,600,85.0,85.0,0.8364,0.9381,0.3744,100.0,86.6667,388,H200 NVL,0.058,original,bank_20260917/bite_0.75s/sdssvep_S4_seed2026
bank,bite_0.75s,sdssvep,4,2027,within,0.75,0.0,bite,14548,600,86.6667,86.6667,0.8545,0.8647,0.3856,100.0,88.3333,307,H200 NVL,0.059,original,bank_20260917/bite_0.75s/sdssvep_S4_seed2027
bank,bite_0.75s,sdssvep,5,2025,within,0.75,0.0,bite,14548,600,100.0,100.0,1.0,0.4618,0.3394,100.0,100.0,333,H200 NVL,0.047,original,bank_20260917/bite_0.75s/sdssvep_S5_seed2025
bank,bite_0.75s,sdssvep,5,2026,within,0.75,0.0,bite,14548,600,98.3333,98.3333,0.9818,0.4417,0.2979,100.0,98.3333,61,H200 NVL,0.047,original,bank_20260917/bite_0.75s/sdssvep_S5_seed2026
bank,bite_0.75s,sdssvep,5,2027,within,0.75,0.0,bite,14548,600,98.3333,98.3333,0.9818,0.465,0.3258,100.0,100.0,52,H200 NVL,0.048,original,bank_20260917/bite_0.75s/sdssvep_S5_seed2027
bank,bite_0.75s,sdssvep,6,2025,within,0.75,0.0,bite,14548,600,98.3333,98.3333,0.9818,0.313,0.2385,100.0,100.0,132,H200 NVL,0.053,original,bank_20260917/bite_0.75s/sdssvep_S6_seed2025
bank,bite_0.75s,sdssvep,6,2026,within,0.75,0.0,bite,14548,600,98.3333,98.3333,0.9818,0.3049,0.2385,100.0,100.0,142,H200 NVL,0.049,original,bank_20260917/bite_0.75s/sdssvep_S6_seed2026
bank,bite_0.75s,sdssvep,6,2027,within,0.75,0.0,bite,14548,600,98.3333,98.3333,0.9818,0.3042,0.2333,100.0,100.0,430,H200 NVL,0.049,original,bank_20260917/bite_0.75s/sdssvep_S6_seed2027
bank,bite_0.75s,sdssvep,7,2025,within,0.75,0.0,bite,14548,600,98.3333,98.3333,0.9818,0.3824,0.2826,100.0,100.0,60,H200 NVL,0.047,original,bank_20260917/bite_0.75s/sdssvep_S7_seed2025
bank,bite_0.75s,sdssvep,7,2026,within,0.75,0.0,bite,14548,600,98.3333,98.3333,0.9818,0.4302,0.3173,100.0,98.3333,113,H200 NVL,0.047,original,bank_20260917/bite_0.75s/sdssvep_S7_seed2026
bank,bite_0.75s,sdssvep,7,2027,within,0.75,0.0,bite,14548,600,100.0,100.0,1.0,0.4184,0.3208,100.0,100.0,191,H200 NVL,0.048,original,bank_20260917/bite_0.75s/sdssvep_S7_seed2027
bank,bite_0.75s,sdssvep,8,2025,within,0.75,0.0,bite,14548,600,100.0,100.0,1.0,0.5846,0.4135,100.0,100.0,130,H200 NVL,0.039,original,bank_20260917/bite_0.75s/sdssvep_S8_seed2025
bank,bite_0.75s,sdssvep,8,2026,within,0.75,0.0,bite,14548,600,96.6667,96.6667,0.9636,0.6085,0.3811,100.0,96.6667,181,H200 NVL,0.04,original,bank_20260917/bite_0.75s/sdssvep_S8_seed2026
bank,bite_0.75s,sdssvep,8,2027,within,0.75,0.0,bite,14548,600,95.0,95.0,0.9455,0.6371,0.3877,100.0,98.3333,145,H200 NVL,0.04,original,bank_20260917/bite_0.75s/sdssvep_S8_seed2027
bank,bite_0.75s,sdssvep,9,2025,within,0.75,0.0,bite,14548,600,95.0,95.0,0.9455,0.3954,0.2377,100.0,95.0,67,H200 NVL,0.03,original,bank_20260917/bite_0.75s/sdssvep_S9_seed2025
bank,bite_0.75s,sdssvep,9,2026,within,0.75,0.0,bite,14548,600,96.6667,96.6667,0.9636,0.4117,0.2632,100.0,98.3333,340,H200 NVL,0.032,original,bank_20260917/bite_0.75s/sdssvep_S9_seed2026
bank,bite_0.75s,sdssvep,9,2027,within,0.75,0.0,bite,14548,600,95.0,95.0,0.9455,0.434,0.2589,100.0,95.0,124,H200 NVL,0.03,original,bank_20260917/bite_0.75s/sdssvep_S9_seed2027
bank,bite_1s,2a,1,2025,within,1.0,0.0,bite,16294,600,79.5139,79.5139,0.7269,0.6469,0.1176,100.0,80.9028,469,H200 NVL,0.157,full-GPU re-run replaces MIG original,fullgpu_20260917/bank_20260915/bite_1s/2a_S1_seed2025
bank,bite_1s,2a,1,2026,within,1.0,0.0,bite,16294,600,75.3472,75.3472,0.6713,0.6891,0.0827,100.0,77.4306,157,H200 NVL,0.167,full-GPU re-run replaces MIG original,fullgpu_20260917/bank_20260915/bite_1s/2a_S1_seed2026
bank,bite_1s,2a,1,2027,within,1.0,0.0,bite,16294,600,79.1667,79.1667,0.7222,0.6595,0.1257,100.0,80.9028,302,H200 NVL,0.162,full-GPU re-run replaces MIG original,fullgpu_20260917/bank_20260915/bite_1s/2a_S1_seed2027
bank,bite_1s,2a,2,2025,within,1.0,0.0,bite,16294,600,63.8889,63.8889,0.5185,0.9504,0.0716,100.0,67.0139,375,H200 NVL,0.165,full-GPU re-run replaces MIG original,fullgpu_20260917/bank_20260915/bite_1s/2a_S2_seed2025
bank,bite_1s,2a,2,2026,within,1.0,0.0,bite,16294,600,64.5833,64.5833,0.5278,0.8988,0.0369,100.0,66.3194,123,H200 NVL,0.129,full-GPU re-run replaces MIG original,fullgpu_20260917/bank_20260915/bite_1s/2a_S2_seed2026
bank,bite_1s,2a,2,2027,within,1.0,0.0,bite,16294,600,62.5,62.5,0.5,0.9183,0.0555,100.0,66.3194,345,H200 NVL,0.152,full-GPU re-run replaces MIG original,fullgpu_20260917/bank_20260915/bite_1s/2a_S2_seed2027
bank,bite_1s,2a,3,2025,within,1.0,0.0,bite,16294,600,84.0278,84.0278,0.787,0.4967,0.1285,100.0,86.8056,389,H200 NVL,0.154,full-GPU re-run replaces MIG original,fullgpu_20260917/bank_20260915/bite_1s/2a_S3_seed2025
bank,bite_1s,2a,3,2026,within,1.0,0.0,bite,16294,600,86.1111,86.1111,0.8148,0.4937,0.1457,100.0,87.5,172,H200 NVL,0.155,full-GPU re-run replaces MIG original,fullgpu_20260917/bank_20260915/bite_1s/2a_S3_seed2026
bank,bite_1s,2a,3,2027,within,1.0,0.0,bite,16294,600,84.7222,84.7222,0.7963,0.4833,0.1399,100.0,87.8472,257,H200 NVL,0.165,full-GPU re-run replaces MIG original,fullgpu_20260917/bank_20260915/bite_1s/2a_S3_seed2027
bank,bite_1s,2a,4,2025,within,1.0,0.0,bite,16294,600,78.4722,78.4722,0.713,0.6195,0.1083,100.0,80.5556,315,H200 NVL,0.112,full-GPU re-run replaces MIG original,fullgpu_20260917/bank_20260915/bite_1s/2a_S4_seed2025
bank,bite_1s,2a,4,2026,within,1.0,0.0,bite,16294,600,79.1667,79.1667,0.7222,0.6,0.1145,100.0,80.9028,321,H200 NVL,0.147,full-GPU re-run replaces MIG original,fullgpu_20260917/bank_20260915/bite_1s/2a_S4_seed2026
bank,bite_1s,2a,4,2027,within,1.0,0.0,bite,16294,600,77.4306,77.4306,0.6991,0.6284,0.0915,100.0,79.8611,216,H200 NVL,0.155,full-GPU re-run replaces MIG original,fullgpu_20260917/bank_20260915/bite_1s/2a_S4_seed2027
bank,bite_1s,2a,5,2025,within,1.0,0.0,bite,16294,600,74.3056,74.3056,0.6574,0.6851,0.1006,100.0,76.3889,277,H200 NVL,0.155,full-GPU re-run replaces MIG original,fullgpu_20260917/bank_20260915/bite_1s/2a_S5_seed2025
bank,bite_1s,2a,5,2026,within,1.0,0.0,bite,16294,600,74.3056,74.3056,0.6574,0.6799,0.0774,100.0,76.0417,283,H200 NVL,0.157,full-GPU re-run replaces MIG original,fullgpu_20260917/bank_20260915/bite_1s/2a_S5_seed2026
bank,bite_1s,2a,5,2027,within,1.0,0.0,bite,16294,600,72.5694,72.5694,0.6343,0.6877,0.0819,100.0,75.0,164,H200 NVL,0.127,original,bank_20260915/bite_1s/2a_S5_seed2027
bank,bite_1s,2a,6,2025,within,1.0,0.0,bite,16294,600,73.9583,73.9583,0.6528,0.7199,0.0696,100.0,75.3472,186,H200 NVL,0.127,original,bank_20260915/bite_1s/2a_S6_seed2025
bank,bite_1s,2a,6,2026,within,1.0,0.0,bite,16294,600,73.2639,73.2639,0.6435,0.7455,0.0972,100.0,75.6944,471,H200 NVL,0.127,original,bank_20260915/bite_1s/2a_S6_seed2026
bank,bite_1s,2a,6,2027,within,1.0,0.0,bite,16294,600,68.75,68.75,0.5833,0.7588,0.0845,100.0,72.2222,289,H200 NVL,0.109,original,bank_20260915/bite_1s/2a_S6_seed2027
bank,bite_1s,2a,7,2025,within,1.0,0.0,bite,16294,600,73.9583,73.9583,0.6528,0.6664,0.0766,100.0,78.125,272,H200 NVL,0.129,original,bank_20260915/bite_1s/2a_S7_seed2025
bank,bite_1s,2a,7,2026,within,1.0,0.0,bite,16294,600,76.3889,76.3889,0.6852,0.6385,0.1126,100.0,79.5139,369,H200 NVL,0.111,original,bank_20260915/bite_1s/2a_S7_seed2026
bank,bite_1s,2a,7,2027,within,1.0,0.0,bite,16294,600,76.7361,76.7361,0.6898,0.6436,0.0931,100.0,78.8194,272,H200 NVL,0.119,original,bank_20260915/bite_1s/2a_S7_seed2027
bank,bite_1s,2a,8,2025,within,1.0,0.0,bite,16294,600,69.0972,69.0972,0.588,0.7696,0.0714,100.0,72.9167,254,H200 NVL,0.122,original,bank_20260915/bite_1s/2a_S8_seed2025
bank,bite_1s,2a,8,2026,within,1.0,0.0,bite,16294,600,70.4861,70.4861,0.6065,0.7629,0.0763,100.0,72.9167,300,H200 NVL,0.117,original,bank_20260915/bite_1s/2a_S8_seed2026
bank,bite_1s,2a,8,2027,within,1.0,0.0,bite,16294,600,64.2361,64.2361,0.5231,0.8233,0.0577,100.0,70.4861,66,H200 NVL,0.123,original,bank_20260915/bite_1s/2a_S8_seed2027
bank,bite_1s,2a,9,2025,within,1.0,0.0,bite,16294,600,75.0,75.0,0.6667,0.6528,0.081,100.0,78.125,342,H200 NVL,0.123,original,bank_20260915/bite_1s/2a_S9_seed2025
bank,bite_1s,2a,9,2026,within,1.0,0.0,bite,16294,600,74.6528,74.6528,0.662,0.6627,0.1078,100.0,78.4722,344,H200 NVL,0.119,original,bank_20260915/bite_1s/2a_S9_seed2026
bank,bite_1s,2a,9,2027,within,1.0,0.0,bite,16294,600,76.7361,76.7361,0.6898,0.6378,0.121,100.0,79.8611,312,H200 NVL,0.124,original,bank_20260915/bite_1s/2a_S9_seed2027
bank,bite_1s,2b,1,2025,within,1.0,0.0,bite,14738,600,70.625,70.625,0.4125,0.5915,0.0812,98.75,74.0625,79,H200 NVL,0.176,full-GPU re-run replaces MIG original,fullgpu_20260917/bank_20260915/bite_1s/2b_S1_seed2025
bank,bite_1s,2b,1,2026,within,1.0,0.0,bite,14738,600,70.3125,70.3125,0.4062,0.5978,0.1154,99.5,73.75,172,H200 NVL,0.175,full-GPU re-run replaces MIG original,fullgpu_20260917/bank_20260915/bite_1s/2b_S1_seed2026
bank,bite_1s,2b,1,2027,within,1.0,0.0,bite,14738,600,70.625,70.625,0.4125,0.5991,0.0878,99.75,76.5625,16,H100 80GB HBM3,0.052,original,bank_20260915/bite_1s/2b_S1_seed2027
bank,bite_1s,2b,2,2025,within,1.0,0.0,bite,14738,600,72.1429,72.1429,0.4429,0.5471,0.0593,97.5,76.7857,16,H200 NVL,0.182,full-GPU re-run replaces MIG original,fullgpu_20260917/bank_20260915/bite_1s/2b_S2_seed2025
bank,bite_1s,2b,2,2026,within,1.0,0.0,bite,14738,600,71.4286,71.4286,0.4286,0.5636,0.054,97.25,76.7857,149,H100 NVL,0.057,original,bank_20260915/bite_1s/2b_S2_seed2026
bank,bite_1s,2b,2,2027,within,1.0,0.0,bite,14738,600,73.5714,73.5714,0.4714,0.553,0.0822,98.25,76.7857,251,H100 NVL,0.057,original,bank_20260915/bite_1s/2b_S2_seed2027
bank,bite_1s,2b,3,2025,within,1.0,0.0,bite,14738,600,81.875,81.875,0.6375,0.3795,0.0255,96.25,85.3125,258,H200 NVL,0.055,original,bank_20260915/bite_1s/2b_S3_seed2025
bank,bite_1s,2b,3,2026,within,1.0,0.0,bite,14738,600,82.5,82.5,0.65,0.3854,0.059,96.5,86.25,74,H200 NVL,0.056,original,bank_20260915/bite_1s/2b_S3_seed2026
bank,bite_1s,2b,3,2027,within,1.0,0.0,bite,14738,600,81.5625,81.5625,0.6313,0.3891,0.0337,96.25,84.6875,8,H100 80GB HBM3,0.052,original,bank_20260915/bite_1s/2b_S3_seed2027
bank,bite_1s,2b,4,2025,within,1.0,0.0,bite,14738,600,81.25,81.25,0.625,0.4106,0.0473,99.2857,84.6875,198,H100 80GB HBM3,0.052,original,bank_20260915/bite_1s/2b_S4_seed2025
bank,bite_1s,2b,4,2026,within,1.0,0.0,bite,14738,600,78.75,78.75,0.575,0.4256,0.0729,99.5238,82.1875,57,H200 NVL,0.109,full-GPU re-run replaces MIG original,fullgpu_20260917/bank_20260915/bite_1s/2b_S4_seed2026
bank,bite_1s,2b,4,2027,within,1.0,0.0,bite,14738,600,79.0625,79.0625,0.5813,0.4086,0.0499,99.0476,83.75,144,H100 80GB HBM3,0.051,original,bank_20260915/bite_1s/2b_S4_seed2027
bank,bite_1s,2b,5,2025,within,1.0,0.0,bite,14738,600,71.875,71.875,0.4375,0.5292,0.0657,96.6667,85.0,90,H200 NVL,0.055,original,bank_20260915/bite_1s/2b_S5_seed2025
bank,bite_1s,2b,5,2026,within,1.0,0.0,bite,14738,600,69.6875,69.6875,0.3938,0.5425,0.0777,96.1905,80.0,171,H200 NVL,0.055,original,bank_20260915/bite_1s/2b_S5_seed2026
bank,bite_1s,2b,5,2027,within,1.0,0.0,bite,14738,600,72.5,72.5,0.45,0.527,0.0494,96.9048,79.6875,47,H100 NVL,0.058,original,bank_20260915/bite_1s/2b_S5_seed2027
bank,bite_1s,2b,6,2025,within,1.0,0.0,bite,14738,600,79.0625,79.0625,0.5813,0.4265,0.0333,97.25,83.75,119,H200 NVL,0.14,full-GPU re-run replaces MIG original,fullgpu_20260917/bank_20260915/bite_1s/2b_S6_seed2025
bank,bite_1s,2b,6,2026,within,1.0,0.0,bite,14738,600,81.875,81.875,0.6375,0.4031,0.0434,97.0,85.0,250,H100 80GB HBM3,0.052,original,bank_20260915/bite_1s/2b_S6_seed2026
bank,bite_1s,2b,6,2027,within,1.0,0.0,bite,14738,600,80.9375,80.9375,0.6187,0.3993,0.0412,96.25,82.8125,251,H100 80GB HBM3,0.052,original,bank_20260915/bite_1s/2b_S6_seed2027
bank,bite_1s,2b,7,2025,within,1.0,0.0,bite,14738,600,88.75,88.75,0.775,0.3484,0.0593,97.75,90.3125,50,H200 NVL,0.053,original,bank_20260915/bite_1s/2b_S7_seed2025
bank,bite_1s,2b,7,2026,within,1.0,0.0,bite,14738,600,90.0,90.0,0.8,0.3372,0.0593,98.0,91.5625,341,H100 80GB HBM3,0.051,original,bank_20260915/bite_1s/2b_S7_seed2026
bank,bite_1s,2b,7,2027,within,1.0,0.0,bite,14738,600,88.4375,88.4375,0.7688,0.3315,0.0353,98.25,90.0,20,H200 NVL,0.171,full-GPU re-run replaces MIG original,fullgpu_20260917/bank_20260915/bite_1s/2b_S7_seed2027
bank,bite_1s,2b,8,2025,within,1.0,0.0,bite,14738,600,83.75,83.75,0.675,0.3315,0.0485,98.1818,88.75,58,H200 NVL,0.171,full-GPU re-run replaces MIG original,fullgpu_20260917/bank_20260915/bite_1s/2b_S8_seed2025
bank,bite_1s,2b,8,2026,within,1.0,0.0,bite,14738,600,83.125,83.125,0.6625,0.3496,0.0514,98.8636,88.75,68,H100 NVL,0.057,original,bank_20260915/bite_1s/2b_S8_seed2026
bank,bite_1s,2b,8,2027,within,1.0,0.0,bite,14738,600,83.75,83.75,0.675,0.3465,0.0605,98.6364,86.875,41,H200 NVL,0.182,full-GPU re-run replaces MIG original,fullgpu_20260917/bank_20260915/bite_1s/2b_S8_seed2027
bank,bite_1s,2b,9,2025,within,1.0,0.0,bite,14738,600,68.75,68.75,0.375,0.5789,0.0571,97.5,70.9375,354,H100 80GB HBM3,0.052,original,bank_20260915/bite_1s/2b_S9_seed2025
bank,bite_1s,2b,9,2026,within,1.0,0.0,bite,14738,600,65.3125,65.3125,0.3062,0.6191,0.0657,97.25,70.0,215,H100 80GB HBM3,0.052,original,bank_20260915/bite_1s/2b_S9_seed2026
bank,bite_1s,2b,9,2027,within,1.0,0.0,bite,14738,600,67.5,67.5,0.35,0.6164,0.0771,99.0,71.25,241,H200 NVL,0.106,full-GPU re-run replaces MIG original,fullgpu_20260917/bank_20260915/bite_1s/2b_S9_seed2027
bank,bite_2s,2a,1,2025,within,2.0,0.0,bite,16294,600,85.0694,85.0694,0.8009,0.5247,0.1668,100.0,87.5,227,H200 NVL,0.249,full-GPU re-run replaces MIG original,fullgpu_20260917/bank_20260915/bite_2s/2a_S1_seed2025
bank,bite_2s,2a,1,2026,within,2.0,0.0,bite,16294,600,84.7222,84.7222,0.7963,0.5186,0.1616,100.0,86.4583,421,H200 NVL,0.223,full-GPU re-run replaces MIG original,fullgpu_20260917/bank_20260915/bite_2s/2a_S1_seed2026
bank,bite_2s,2a,1,2027,within,2.0,0.0,bite,16294,600,82.2917,82.2917,0.7639,0.5414,0.1463,100.0,84.7222,351,H200 NVL,0.198,full-GPU re-run replaces MIG original,fullgpu_20260917/bank_20260915/bite_2s/2a_S1_seed2027
bank,bite_2s,2a,2,2025,within,2.0,0.0,bite,16294,600,67.0139,67.0139,0.5602,0.8452,0.0644,100.0,70.1389,409,H200 NVL,0.237,full-GPU re-run replaces MIG original,fullgpu_20260917/bank_20260915/bite_2s/2a_S2_seed2025
bank,bite_2s,2a,2,2026,within,2.0,0.0,bite,16294,600,72.2222,72.2222,0.6296,0.7333,0.1094,100.0,75.6944,388,H200 NVL,0.254,full-GPU re-run replaces MIG original,fullgpu_20260917/bank_20260915/bite_2s/2a_S2_seed2026
bank,bite_2s,2a,2,2027,within,2.0,0.0,bite,16294,600,68.4028,68.4028,0.5787,0.8361,0.0542,100.0,70.8333,286,H200 NVL,0.249,full-GPU re-run replaces MIG original,fullgpu_20260917/bank_20260915/bite_2s/2a_S2_seed2027
bank,bite_2s,2a,3,2025,within,2.0,0.0,bite,16294,600,91.6667,91.6667,0.8889,0.3861,0.1508,100.0,94.0972,387,H200 NVL,0.223,full-GPU re-run replaces MIG original,fullgpu_20260917/bank_20260915/bite_2s/2a_S3_seed2025
bank,bite_2s,2a,3,2026,within,2.0,0.0,bite,16294,600,92.7083,92.7083,0.9028,0.3648,0.1588,100.0,94.0972,321,H200 NVL,0.198,full-GPU re-run replaces MIG original,fullgpu_20260917/bank_20260915/bite_2s/2a_S3_seed2026
bank,bite_2s,2a,3,2027,within,2.0,0.0,bite,16294,600,91.3194,91.3194,0.8843,0.3825,0.1544,100.0,92.3611,330,H200 NVL,0.237,full-GPU re-run replaces MIG original,fullgpu_20260917/bank_20260915/bite_2s/2a_S3_seed2027
bank,bite_2s,2a,4,2025,within,2.0,0.0,bite,16294,600,84.375,84.375,0.7917,0.5198,0.1542,100.0,85.4167,504,H200 NVL,0.175,full-GPU re-run replaces MIG original,fullgpu_20260917/bank_20260915/bite_2s/2a_S4_seed2025
bank,bite_2s,2a,4,2026,within,2.0,0.0,bite,16294,600,81.9444,81.9444,0.7593,0.5619,0.1429,100.0,84.375,288,H200 NVL,0.179,full-GPU re-run replaces MIG original,fullgpu_20260917/bank_20260915/bite_2s/2a_S4_seed2026
bank,bite_2s,2a,4,2027,within,2.0,0.0,bite,16294,600,83.6806,83.6806,0.7824,0.512,0.1377,100.0,85.7639,398,H200 NVL,0.223,full-GPU re-run replaces MIG original,fullgpu_20260917/bank_20260915/bite_2s/2a_S4_seed2027
bank,bite_2s,2a,5,2025,within,2.0,0.0,bite,16294,600,77.7778,77.7778,0.7037,0.6093,0.0972,100.0,82.9861,158,H200 NVL,0.198,full-GPU re-run replaces MIG original,fullgpu_20260917/bank_20260915/bite_2s/2a_S5_seed2025
bank,bite_2s,2a,5,2026,within,2.0,0.0,bite,16294,600,77.4306,77.4306,0.6991,0.6037,0.0894,100.0,80.2083,186,H200 NVL,0.179,full-GPU re-run replaces MIG original,fullgpu_20260917/bank_20260915/bite_2s/2a_S5_seed2026
bank,bite_2s,2a,5,2027,within,2.0,0.0,bite,16294,600,75.0,75.0,0.6667,0.6441,0.0775,100.0,82.6389,183,H200 NVL,0.133,original,bank_20260915/bite_2s/2a_S5_seed2027
bank,bite_2s,2a,6,2025,within,2.0,0.0,bite,16294,600,73.6111,73.6111,0.6481,0.7323,0.0995,100.0,76.7361,392,H200 NVL,0.133,original,bank_20260915/bite_2s/2a_S6_seed2025
bank,bite_2s,2a,6,2026,within,2.0,0.0,bite,16294,600,72.2222,72.2222,0.6296,0.7341,0.0682,100.0,75.6944,166,H200 NVL,0.119,original,bank_20260915/bite_2s/2a_S6_seed2026
bank,bite_2s,2a,6,2027,within,2.0,0.0,bite,16294,600,70.4861,70.4861,0.6065,0.7442,0.0769,100.0,73.9583,316,H200 NVL,0.133,original,bank_20260915/bite_2s/2a_S6_seed2027
bank,bite_2s,2a,7,2025,within,2.0,0.0,bite,16294,600,91.3194,91.3194,0.8843,0.3891,0.1758,100.0,92.3611,284,H200 NVL,0.133,original,bank_20260915/bite_2s/2a_S7_seed2025
bank,bite_2s,2a,7,2026,within,2.0,0.0,bite,16294,600,90.9722,90.9722,0.8796,0.3933,0.1705,100.0,93.0556,315,H200 NVL,0.117,original,bank_20260915/bite_2s/2a_S7_seed2026
bank,bite_2s,2a,7,2027,within,2.0,0.0,bite,16294,600,88.1944,88.1944,0.8426,0.4271,0.1573,100.0,89.5833,473,H200 NVL,0.126,original,bank_20260915/bite_2s/2a_S7_seed2027
bank,bite_2s,2a,8,2025,within,2.0,0.0,bite,16294,600,79.8611,79.8611,0.7315,0.617,0.1459,100.0,83.3333,118,H200 NVL,0.128,original,bank_20260915/bite_2s/2a_S8_seed2025
bank,bite_2s,2a,8,2026,within,2.0,0.0,bite,16294,600,82.6389,82.6389,0.7685,0.5545,0.1499,100.0,85.4167,468,H200 NVL,0.125,original,bank_20260915/bite_2s/2a_S8_seed2026
bank,bite_2s,2a,8,2027,within,2.0,0.0,bite,16294,600,82.9861,82.9861,0.7731,0.582,0.1799,100.0,85.0694,240,H200 NVL,0.129,original,bank_20260915/bite_2s/2a_S8_seed2027
bank,bite_2s,2a,9,2025,within,2.0,0.0,bite,16294,600,82.2917,82.2917,0.7639,0.5645,0.1288,100.0,85.0694,386,H200 NVL,0.129,original,bank_20260915/bite_2s/2a_S9_seed2025
bank,bite_2s,2a,9,2026,within,2.0,0.0,bite,16294,600,82.9861,82.9861,0.7731,0.5317,0.1258,100.0,86.1111,294,H200 NVL,0.129,original,bank_20260915/bite_2s/2a_S9_seed2026
bank,bite_2s,2a,9,2027,within,2.0,0.0,bite,16294,600,83.6806,83.6806,0.7824,0.527,0.1546,100.0,86.4583,233,H200 NVL,0.127,original,bank_20260915/bite_2s/2a_S9_seed2027
bank,bite_2s,2b,1,2025,within,2.0,0.0,bite,14738,600,75.3125,75.3125,0.5063,0.5118,0.0566,100.0,79.375,137,H200 NVL,0.128,full-GPU re-run replaces MIG original,fullgpu_20260917/bank_20260915/bite_2s/2b_S1_seed2025
bank,bite_2s,2b,1,2026,within,2.0,0.0,bite,14738,600,75.3125,75.3125,0.5063,0.5516,0.0639,100.0,78.125,130,H100 80GB HBM3,0.052,original,bank_20260915/bite_2s/2b_S1_seed2026
bank,bite_2s,2b,1,2027,within,2.0,0.0,bite,14738,600,75.0,75.0,0.5,0.5301,0.0719,100.0,79.375,151,H100 80GB HBM3,0.052,original,bank_20260915/bite_2s/2b_S1_seed2027
bank,bite_2s,2b,2,2025,within,2.0,0.0,bite,14738,600,75.3571,75.3571,0.5071,0.5436,0.0413,99.0,79.2857,127,H200 NVL,0.148,full-GPU re-run replaces MIG original,fullgpu_20260917/bank_20260915/bite_2s/2b_S2_seed2025
bank,bite_2s,2b,2,2026,within,2.0,0.0,bite,14738,600,74.6429,74.6429,0.4929,0.5528,0.0797,97.75,77.5,230,H100 NVL,0.057,original,bank_20260915/bite_2s/2b_S2_seed2026
bank,bite_2s,2b,2,2027,within,2.0,0.0,bite,14738,600,75.3571,75.3571,0.5071,0.5391,0.0586,98.5,77.8571,91,H200 NVL,0.055,original,bank_20260915/bite_2s/2b_S2_seed2027
bank,bite_2s,2b,3,2025,within,2.0,0.0,bite,14738,600,85.625,85.625,0.7125,0.3565,0.0451,98.0,87.1875,15,H200 NVL,0.055,original,bank_20260915/bite_2s/2b_S3_seed2025
bank,bite_2s,2b,3,2026,within,2.0,0.0,bite,14738,600,85.3125,85.3125,0.7063,0.3493,0.037,98.5,87.8125,328,H200 NVL,0.056,original,bank_20260915/bite_2s/2b_S3_seed2026
bank,bite_2s,2b,3,2027,within,2.0,0.0,bite,14738,600,84.375,84.375,0.6875,0.3557,0.0324,98.75,87.8125,22,H100 80GB HBM3,0.052,original,bank_20260915/bite_2s/2b_S3_seed2027
bank,bite_2s,2b,4,2025,within,2.0,0.0,bite,14738,600,95.0,95.0,0.9,0.1668,0.0738,100.0,96.875,51,H200 NVL,0.176,full-GPU re-run replaces MIG original,fullgpu_20260917/bank_20260915/bite_2s/2b_S4_seed2025
bank,bite_2s,2b,4,2026,within,2.0,0.0,bite,14738,600,95.0,95.0,0.9,0.1669,0.0701,100.0,97.1875,67,H200 NVL,0.177,full-GPU re-run replaces MIG original,fullgpu_20260917/bank_20260915/bite_2s/2b_S4_seed2026
bank,bite_2s,2b,4,2027,within,2.0,0.0,bite,14738,600,95.0,95.0,0.9,0.1672,0.0741,100.0,96.875,28,H100 80GB HBM3,0.053,original,bank_20260915/bite_2s/2b_S4_seed2027
bank,bite_2s,2b,5,2025,within,2.0,0.0,bite,14738,600,90.9375,90.9375,0.8188,0.2944,0.1122,98.5714,93.125,286,H200 NVL,0.055,original,bank_20260915/bite_2s/2b_S5_seed2025
bank,bite_2s,2b,5,2026,within,2.0,0.0,bite,14738,600,90.0,90.0,0.8,0.2987,0.0934,99.0476,92.8125,235,H100 NVL,0.058,original,bank_20260915/bite_2s/2b_S5_seed2026
bank,bite_2s,2b,5,2027,within,2.0,0.0,bite,14738,600,87.8125,87.8125,0.7563,0.311,0.0878,98.3333,92.5,97,H100 NVL,0.058,original,bank_20260915/bite_2s/2b_S5_seed2027
bank,bite_2s,2b,6,2025,within,2.0,0.0,bite,14738,600,86.875,86.875,0.7375,0.3255,0.0724,98.5,88.75,201,H200 NVL,0.177,full-GPU re-run replaces MIG original,fullgpu_20260917/bank_20260915/bite_2s/2b_S6_seed2025
bank,bite_2s,2b,6,2026,within,2.0,0.0,bite,14738,600,82.5,82.5,0.65,0.3617,0.0492,98.5,85.625,236,H100 80GB HBM3,0.052,original,bank_20260915/bite_2s/2b_S6_seed2026
bank,bite_2s,2b,6,2027,within,2.0,0.0,bite,14738,600,85.0,85.0,0.7,0.3447,0.0578,98.75,88.4375,372,H200 NVL,0.054,original,bank_20260915/bite_2s/2b_S6_seed2027
bank,bite_2s,2b,7,2025,within,2.0,0.0,bite,14738,600,90.625,90.625,0.8125,0.2358,0.0498,99.0,93.75,291,H200 NVL,0.054,original,bank_20260915/bite_2s/2b_S7_seed2025
bank,bite_2s,2b,7,2026,within,2.0,0.0,bite,14738,600,89.375,89.375,0.7875,0.2565,0.0602,99.0,92.8125,183,H100 80GB HBM3,0.052,original,bank_20260915/bite_2s/2b_S7_seed2026
bank,bite_2s,2b,7,2027,within,2.0,0.0,bite,14738,600,89.375,89.375,0.7875,0.2405,0.0776,99.25,93.125,288,H200 NVL,0.114,full-GPU re-run replaces MIG original,fullgpu_20260917/bank_20260915/bite_2s/2b_S7_seed2027
bank,bite_2s,2b,8,2025,within,2.0,0.0,bite,14738,600,93.125,93.125,0.8625,0.2294,0.0723,99.0909,96.25,73,H100 NVL,0.058,original,bank_20260915/bite_2s/2b_S8_seed2025
bank,bite_2s,2b,8,2026,within,2.0,0.0,bite,14738,600,92.8125,92.8125,0.8562,0.2236,0.0759,98.1818,96.5625,70,H100 NVL,0.058,original,bank_20260915/bite_2s/2b_S8_seed2026
bank,bite_2s,2b,8,2027,within,2.0,0.0,bite,14738,600,92.5,92.5,0.85,0.2313,0.0607,99.3182,94.6875,38,H200 NVL,0.143,full-GPU re-run replaces MIG original,fullgpu_20260917/bank_20260915/bite_2s/2b_S8_seed2027
bank,bite_2s,2b,9,2025,within,2.0,0.0,bite,14738,600,79.0625,79.0625,0.5813,0.4627,0.0365,99.5,83.4375,137,H100 80GB HBM3,0.052,original,bank_20260915/bite_2s/2b_S9_seed2025
bank,bite_2s,2b,9,2026,within,2.0,0.0,bite,14738,600,78.4375,78.4375,0.5688,0.4514,0.0493,99.25,82.5,197,H200 NVL,0.176,full-GPU re-run replaces MIG original,fullgpu_20260917/bank_20260915/bite_2s/2b_S9_seed2026
bank,bite_2s,2b,9,2027,within,2.0,0.0,bite,14738,600,79.375,79.375,0.5875,0.4558,0.0683,99.25,82.8125,45,H200 NVL,0.176,full-GPU re-run replaces MIG original,fullgpu_20260917/bank_20260915/bite_2s/2b_S9_seed2027
bank,bite_3s,2a,1,2025,within,3.0,0.0,bite,16294,600,88.5417,88.5417,0.8472,0.4452,0.1731,100.0,89.9306,383,H200 NVL,0.268,full-GPU re-run replaces MIG original,fullgpu_20260917/bank_20260915/bite_3s/2a_S1_seed2025
bank,bite_3s,2a,1,2026,within,3.0,0.0,bite,16294,600,89.5833,89.5833,0.8611,0.4603,0.1928,100.0,91.3194,249,H200 NVL,0.26,full-GPU re-run replaces MIG original,fullgpu_20260917/bank_20260915/bite_3s/2a_S1_seed2026
bank,bite_3s,2a,1,2027,within,3.0,0.0,bite,16294,600,88.8889,88.8889,0.8519,0.4574,0.1804,100.0,89.9306,342,H200 NVL,0.262,full-GPU re-run replaces MIG original,fullgpu_20260917/bank_20260915/bite_3s/2a_S1_seed2027
bank,bite_3s,2a,2,2025,within,3.0,0.0,bite,16294,600,70.4861,70.4861,0.6065,0.7663,0.0929,100.0,72.2222,410,H200 NVL,0.259,full-GPU re-run replaces MIG original,fullgpu_20260917/bank_20260915/bite_3s/2a_S2_seed2025
bank,bite_3s,2a,2,2026,within,3.0,0.0,bite,16294,600,68.75,68.75,0.5833,0.7638,0.0417,100.0,74.6528,192,H200 NVL,0.228,full-GPU re-run replaces MIG original,fullgpu_20260917/bank_20260915/bite_3s/2a_S2_seed2026
bank,bite_3s,2a,2,2027,within,3.0,0.0,bite,16294,600,69.4444,69.4444,0.5926,0.7708,0.0685,100.0,74.3056,429,H200 NVL,0.217,full-GPU re-run replaces MIG original,fullgpu_20260917/bank_20260915/bite_3s/2a_S2_seed2027
bank,bite_3s,2a,3,2025,within,3.0,0.0,bite,16294,600,93.4028,93.4028,0.912,0.3501,0.154,100.0,94.0972,391,H200 NVL,0.247,full-GPU re-run replaces MIG original,fullgpu_20260917/bank_20260915/bite_3s/2a_S3_seed2025
bank,bite_3s,2a,3,2026,within,3.0,0.0,bite,16294,600,91.6667,91.6667,0.8889,0.3758,0.1436,100.0,93.75,172,H200 NVL,0.262,full-GPU re-run replaces MIG original,fullgpu_20260917/bank_20260915/bite_3s/2a_S3_seed2026
bank,bite_3s,2a,3,2027,within,3.0,0.0,bite,16294,600,90.9722,90.9722,0.8796,0.3736,0.1388,100.0,92.0139,126,H200 NVL,0.257,full-GPU re-run replaces MIG original,fullgpu_20260917/bank_20260915/bite_3s/2a_S3_seed2027
bank,bite_3s,2a,4,2025,within,3.0,0.0,bite,16294,600,85.4167,85.4167,0.8056,0.5314,0.1622,100.0,86.4583,515,H200 NVL,0.228,full-GPU re-run replaces MIG original,fullgpu_20260917/bank_20260915/bite_3s/2a_S4_seed2025
bank,bite_3s,2a,4,2026,within,3.0,0.0,bite,16294,600,82.6389,82.6389,0.7685,0.5285,0.1395,100.0,85.7639,220,H200 NVL,0.212,full-GPU re-run replaces MIG original,fullgpu_20260917/bank_20260915/bite_3s/2a_S4_seed2026
bank,bite_3s,2a,4,2027,within,3.0,0.0,bite,16294,600,80.9028,80.9028,0.7454,0.5524,0.1202,100.0,82.6389,368,H200 NVL,0.25,full-GPU re-run replaces MIG original,fullgpu_20260917/bank_20260915/bite_3s/2a_S4_seed2027
bank,bite_3s,2a,5,2025,within,3.0,0.0,bite,16294,600,79.5139,79.5139,0.7269,0.5645,0.1015,100.0,81.9444,104,H200 NVL,0.263,full-GPU re-run replaces MIG original,fullgpu_20260917/bank_20260915/bite_3s/2a_S5_seed2025
bank,bite_3s,2a,5,2026,within,3.0,0.0,bite,16294,600,78.8194,78.8194,0.7176,0.5763,0.1014,100.0,81.9444,119,H200 NVL,0.136,original,bank_20260915/bite_3s/2a_S5_seed2026
bank,bite_3s,2a,5,2027,within,3.0,0.0,bite,16294,600,76.3889,76.3889,0.6852,0.5921,0.0786,100.0,82.9861,174,H200 NVL,0.135,original,bank_20260915/bite_3s/2a_S5_seed2027
bank,bite_3s,2a,6,2025,within,3.0,0.0,bite,16294,600,72.9167,72.9167,0.6389,0.6921,0.0959,100.0,76.7361,265,H200 NVL,0.135,original,bank_20260915/bite_3s/2a_S6_seed2025
bank,bite_3s,2a,6,2026,within,3.0,0.0,bite,16294,600,75.0,75.0,0.6667,0.6549,0.1227,100.0,78.4722,186,H200 NVL,0.128,original,bank_20260915/bite_3s/2a_S6_seed2026
bank,bite_3s,2a,6,2027,within,3.0,0.0,bite,16294,600,73.6111,73.6111,0.6481,0.7187,0.0985,100.0,77.0833,231,H200 NVL,0.137,original,bank_20260915/bite_3s/2a_S6_seed2027
bank,bite_3s,2a,7,2025,within,3.0,0.0,bite,16294,600,88.8889,88.8889,0.8519,0.4174,0.1552,100.0,91.3194,178,H200 NVL,0.139,original,bank_20260915/bite_3s/2a_S7_seed2025
bank,bite_3s,2a,7,2026,within,3.0,0.0,bite,16294,600,93.0556,93.0556,0.9074,0.3887,0.2067,100.0,95.4861,417,H200 NVL,0.126,original,bank_20260915/bite_3s/2a_S7_seed2026
bank,bite_3s,2a,7,2027,within,3.0,0.0,bite,16294,600,92.0139,92.0139,0.8935,0.3645,0.1801,100.0,94.0972,363,H200 NVL,0.131,original,bank_20260915/bite_3s/2a_S7_seed2027
bank,bite_3s,2a,8,2025,within,3.0,0.0,bite,16294,600,82.2917,82.2917,0.7639,0.5545,0.1487,100.0,85.4167,157,H200 NVL,0.132,original,bank_20260915/bite_3s/2a_S8_seed2025
bank,bite_3s,2a,8,2026,within,3.0,0.0,bite,16294,600,85.0694,85.0694,0.8009,0.5295,0.1614,100.0,87.5,129,H200 NVL,0.133,original,bank_20260915/bite_3s/2a_S8_seed2026
bank,bite_3s,2a,8,2027,within,3.0,0.0,bite,16294,600,84.0278,84.0278,0.787,0.5528,0.1571,100.0,85.4167,318,H200 NVL,0.134,original,bank_20260915/bite_3s/2a_S8_seed2027
bank,bite_3s,2a,9,2025,within,3.0,0.0,bite,16294,600,88.5417,88.5417,0.8472,0.4451,0.1611,100.0,90.625,163,H200 NVL,0.134,original,bank_20260915/bite_3s/2a_S9_seed2025
bank,bite_3s,2a,9,2026,within,3.0,0.0,bite,16294,600,86.1111,86.1111,0.8148,0.4588,0.1447,100.0,88.5417,207,H200 NVL,0.133,original,bank_20260915/bite_3s/2a_S9_seed2026
bank,bite_3s,2a,9,2027,within,3.0,0.0,bite,16294,600,84.7222,84.7222,0.7963,0.5196,0.1499,100.0,86.4583,254,H200 NVL,0.126,original,bank_20260915/bite_3s/2a_S9_seed2027
bank,bite_3s,2b,1,2025,within,3.0,0.0,bite,14738,600,77.1875,77.1875,0.5437,0.4759,0.0239,100.0,81.875,156,H200 NVL,0.183,full-GPU re-run replaces MIG original,fullgpu_20260917/bank_20260915/bite_3s/2b_S1_seed2025
bank,bite_3s,2b,1,2026,within,3.0,0.0,bite,14738,600,81.25,81.25,0.625,0.4785,0.0668,100.0,81.25,333,H100 80GB HBM3,0.052,original,bank_20260915/bite_3s/2b_S1_seed2026
bank,bite_3s,2b,1,2027,within,3.0,0.0,bite,14738,600,78.75,78.75,0.575,0.4643,0.0462,100.0,82.1875,157,H200 NVL,0.196,full-GPU re-run replaces MIG original,fullgpu_20260917/bank_20260915/bite_3s/2b_S1_seed2027
bank,bite_3s,2b,2,2025,within,3.0,0.0,bite,14738,600,75.3571,75.3571,0.5071,0.5398,0.0814,99.0,77.8571,267,H200 NVL,0.197,full-GPU re-run replaces MIG original,fullgpu_20260917/bank_20260915/bite_3s/2b_S2_seed2025
bank,bite_3s,2b,2,2026,within,3.0,0.0,bite,14738,600,71.7857,71.7857,0.4357,0.5479,0.0498,98.75,77.5,170,H100 NVL,0.057,original,bank_20260915/bite_3s/2b_S2_seed2026
bank,bite_3s,2b,2,2027,within,3.0,0.0,bite,14738,600,71.7857,71.7857,0.4357,0.534,0.0517,99.5,76.0714,177,H200 NVL,0.055,original,bank_20260915/bite_3s/2b_S2_seed2027
bank,bite_3s,2b,3,2025,within,3.0,0.0,bite,14738,600,87.5,87.5,0.75,0.3301,0.0448,98.75,89.0625,302,H200 NVL,0.056,original,bank_20260915/bite_3s/2b_S3_seed2025
bank,bite_3s,2b,3,2026,within,3.0,0.0,bite,14738,600,84.375,84.375,0.6875,0.3508,0.0213,98.0,86.875,184,H200 NVL,0.056,original,bank_20260915/bite_3s/2b_S3_seed2026
bank,bite_3s,2b,3,2027,within,3.0,0.0,bite,14738,600,84.0625,84.0625,0.6812,0.3443,0.0543,98.75,89.6875,23,H100 80GB HBM3,0.052,original,bank_20260915/bite_3s/2b_S3_seed2027
bank,bite_3s,2b,4,2025,within,3.0,0.0,bite,14738,600,96.5625,96.5625,0.9312,0.1473,0.0817,100.0,97.5,38,H200 NVL,0.191,full-GPU re-run replaces MIG original,fullgpu_20260917/bank_20260915/bite_3s/2b_S4_seed2025
bank,bite_3s,2b,4,2026,within,3.0,0.0,bite,14738,600,97.1875,97.1875,0.9438,0.1539,0.0888,100.0,98.125,54,H100 80GB HBM3,0.053,original,bank_20260915/bite_3s/2b_S4_seed2026
bank,bite_3s,2b,4,2027,within,3.0,0.0,bite,14738,600,96.875,96.875,0.9375,0.148,0.0799,100.0,97.8125,68,H100 80GB HBM3,0.053,original,bank_20260915/bite_3s/2b_S4_seed2027
bank,bite_3s,2b,5,2025,within,3.0,0.0,bite,14738,600,90.9375,90.9375,0.8188,0.2816,0.0971,98.8095,95.3125,136,H200 NVL,0.055,original,bank_20260915/bite_3s/2b_S5_seed2025
bank,bite_3s,2b,5,2026,within,3.0,0.0,bite,14738,600,90.3125,90.3125,0.8062,0.2882,0.1001,99.2857,94.0625,168,H100 NVL,0.058,original,bank_20260915/bite_3s/2b_S5_seed2026
bank,bite_3s,2b,5,2027,within,3.0,0.0,bite,14738,600,90.0,90.0,0.8,0.2885,0.0956,99.5238,94.375,214,H200 NVL,0.144,full-GPU re-run replaces MIG original,fullgpu_20260917/bank_20260915/bite_3s/2b_S5_seed2027
bank,bite_3s,2b,6,2025,within,3.0,0.0,bite,14738,600,87.1875,87.1875,0.7437,0.3001,0.0652,99.75,90.3125,280,H200 NVL,0.18,full-GPU re-run replaces MIG original,fullgpu_20260917/bank_20260915/bite_3s/2b_S6_seed2025
bank,bite_3s,2b,6,2026,within,3.0,0.0,bite,14738,600,83.75,83.75,0.675,0.3409,0.0723,99.0,87.5,94,H100 80GB HBM3,0.052,original,bank_20260915/bite_3s/2b_S6_seed2026
bank,bite_3s,2b,6,2027,within,3.0,0.0,bite,14738,600,90.625,90.625,0.8125,0.2702,0.0834,99.25,93.125,263,H200 NVL,0.054,original,bank_20260915/bite_3s/2b_S6_seed2027
bank,bite_3s,2b,7,2025,within,3.0,0.0,bite,14738,600,92.1875,92.1875,0.8438,0.2467,0.0518,99.5,93.125,213,H100 80GB HBM3,0.052,original,bank_20260915/bite_3s/2b_S7_seed2025
bank,bite_3s,2b,7,2026,within,3.0,0.0,bite,14738,600,90.3125,90.3125,0.8062,0.2516,0.0476,98.75,92.5,276,H100 80GB HBM3,0.052,original,bank_20260915/bite_3s/2b_S7_seed2026
bank,bite_3s,2b,7,2027,within,3.0,0.0,bite,14738,600,91.5625,91.5625,0.8313,0.2395,0.046,99.25,93.75,254,H200 NVL,0.186,full-GPU re-run replaces MIG original,fullgpu_20260917/bank_20260915/bite_3s/2b_S7_seed2027
bank,bite_3s,2b,8,2025,within,3.0,0.0,bite,14738,600,93.125,93.125,0.8625,0.2187,0.0753,99.7727,96.875,38,H100 NVL,0.058,original,bank_20260915/bite_3s/2b_S8_seed2025
bank,bite_3s,2b,8,2026,within,3.0,0.0,bite,14738,600,93.75,93.75,0.875,0.2011,0.0889,99.3182,95.9375,77,H200 NVL,0.188,full-GPU re-run replaces MIG original,fullgpu_20260917/bank_20260915/bite_3s/2b_S8_seed2026
bank,bite_3s,2b,8,2027,within,3.0,0.0,bite,14738,600,91.875,91.875,0.8375,0.2218,0.0688,99.5455,96.875,76,H200 NVL,0.191,full-GPU re-run replaces MIG original,fullgpu_20260917/bank_20260915/bite_3s/2b_S8_seed2027
bank,bite_3s,2b,9,2025,within,3.0,0.0,bite,14738,600,85.3125,85.3125,0.7063,0.3564,0.0603,99.75,90.3125,105,H100 80GB HBM3,0.052,original,bank_20260915/bite_3s/2b_S9_seed2025
bank,bite_3s,2b,9,2026,within,3.0,0.0,bite,14738,600,85.0,85.0,0.7,0.3519,0.0583,100.0,89.375,135,H200 NVL,0.144,full-GPU re-run replaces MIG original,fullgpu_20260917/bank_20260915/bite_3s/2b_S9_seed2026
bank,bite_3s,2b,9,2027,within,3.0,0.0,bite,14738,600,84.6875,84.6875,0.6938,0.3545,0.0751,99.75,88.4375,124,H100 80GB HBM3,0.02,original,bank_20260915/bite_3s/2b_S9_seed2027
bank,compact_0.25s,sdssvep,10,2025,within,0.25,0.0,compact,29292,600,50.0,50.0,0.4545,1.6939,0.2231,100.0,51.6667,221,H200 NVL,0.011,original,bank_20260917/compact_0.25s/sdssvep_S10_seed2025
bank,compact_0.25s,sdssvep,10,2026,within,0.25,0.0,compact,29292,600,40.0,40.0,0.3455,1.8136,0.1746,100.0,50.0,102,H200 NVL,0.01,original,bank_20260917/compact_0.25s/sdssvep_S10_seed2026
bank,compact_0.25s,sdssvep,10,2027,within,0.25,0.0,compact,29292,600,43.3333,43.3333,0.3818,1.7407,0.1525,100.0,50.0,32,H200 NVL,0.006,original,bank_20260917/compact_0.25s/sdssvep_S10_seed2027
bank,compact_0.25s,sdssvep,1,2025,within,0.25,0.0,compact,29292,600,61.6667,61.6667,0.5818,1.2689,0.2022,100.0,65.0,155,H200 NVL,0.016,original,bank_20260917/compact_0.25s/sdssvep_S1_seed2025
bank,compact_0.25s,sdssvep,1,2026,within,0.25,0.0,compact,29292,600,63.3333,63.3333,0.6,1.1503,0.2113,100.0,71.6667,375,H200 NVL,0.016,original,bank_20260917/compact_0.25s/sdssvep_S1_seed2026
bank,compact_0.25s,sdssvep,1,2027,within,0.25,0.0,compact,29292,600,65.0,65.0,0.6182,1.2153,0.2418,100.0,73.3333,189,H200 NVL,0.016,original,bank_20260917/compact_0.25s/sdssvep_S1_seed2027
bank,compact_0.25s,sdssvep,2,2025,within,0.25,0.0,compact,29292,600,46.6667,46.6667,0.4182,1.9444,0.2006,100.0,50.0,70,H200 NVL,0.015,original,bank_20260917/compact_0.25s/sdssvep_S2_seed2025
bank,compact_0.25s,sdssvep,2,2026,within,0.25,0.0,compact,29292,600,36.6667,36.6667,0.3091,2.0527,0.1713,100.0,48.3333,100,H200 NVL,0.015,original,bank_20260917/compact_0.25s/sdssvep_S2_seed2026
bank,compact_0.25s,sdssvep,2,2027,within,0.25,0.0,compact,29292,600,40.0,40.0,0.3455,1.9851,0.1546,100.0,46.6667,350,H200 NVL,0.015,original,bank_20260917/compact_0.25s/sdssvep_S2_seed2027
bank,compact_0.25s,sdssvep,3,2025,within,0.25,0.0,compact,29292,600,41.6667,41.6667,0.3636,1.7337,0.1558,100.0,48.3333,131,H200 NVL,0.017,original,bank_20260917/compact_0.25s/sdssvep_S3_seed2025
bank,compact_0.25s,sdssvep,3,2026,within,0.25,0.0,compact,29292,600,41.6667,41.6667,0.3636,1.7503,0.0861,100.0,46.6667,237,H200 NVL,0.017,original,bank_20260917/compact_0.25s/sdssvep_S3_seed2026
bank,compact_0.25s,sdssvep,3,2027,within,0.25,0.0,compact,29292,600,38.3333,38.3333,0.3273,1.8422,0.0925,100.0,41.6667,401,H200 NVL,0.017,original,bank_20260917/compact_0.25s/sdssvep_S3_seed2027
bank,compact_0.25s,sdssvep,4,2025,within,0.25,0.0,compact,29292,600,76.6667,76.6667,0.7455,0.9731,0.2374,100.0,80.0,189,H200 NVL,0.017,original,bank_20260917/compact_0.25s/sdssvep_S4_seed2025
bank,compact_0.25s,sdssvep,4,2026,within,0.25,0.0,compact,29292,600,76.6667,76.6667,0.7455,0.9986,0.2986,100.0,80.0,87,H200 NVL,0.017,original,bank_20260917/compact_0.25s/sdssvep_S4_seed2026
bank,compact_0.25s,sdssvep,4,2027,within,0.25,0.0,compact,29292,600,78.3333,78.3333,0.7636,0.9356,0.2766,100.0,81.6667,241,H200 NVL,0.017,original,bank_20260917/compact_0.25s/sdssvep_S4_seed2027
bank,compact_0.25s,sdssvep,5,2025,within,0.25,0.0,compact,29292,600,81.6667,81.6667,0.8,0.7572,0.2677,100.0,90.0,54,H200 NVL,0.016,original,bank_20260917/compact_0.25s/sdssvep_S5_seed2025
bank,compact_0.25s,sdssvep,5,2026,within,0.25,0.0,compact,29292,600,83.3333,83.3333,0.8182,0.748,0.2547,100.0,90.0,303,H200 NVL,0.016,original,bank_20260917/compact_0.25s/sdssvep_S5_seed2026
bank,compact_0.25s,sdssvep,5,2027,within,0.25,0.0,compact,29292,600,86.6667,86.6667,0.8545,0.7104,0.3063,100.0,91.6667,190,H200 NVL,0.015,original,bank_20260917/compact_0.25s/sdssvep_S5_seed2027
bank,compact_0.25s,sdssvep,6,2025,within,0.25,0.0,compact,29292,600,75.0,75.0,0.7273,0.9377,0.1922,100.0,76.6667,107,H200 NVL,0.017,original,bank_20260917/compact_0.25s/sdssvep_S6_seed2025
bank,compact_0.25s,sdssvep,6,2026,within,0.25,0.0,compact,29292,600,80.0,80.0,0.7818,0.8759,0.296,100.0,83.3333,177,H200 NVL,0.017,original,bank_20260917/compact_0.25s/sdssvep_S6_seed2026
bank,compact_0.25s,sdssvep,6,2027,within,0.25,0.0,compact,29292,600,75.0,75.0,0.7273,0.9087,0.2223,100.0,83.3333,190,H200 NVL,0.017,original,bank_20260917/compact_0.25s/sdssvep_S6_seed2027
bank,compact_0.25s,sdssvep,7,2025,within,0.25,0.0,compact,29292,600,88.3333,88.3333,0.8727,0.6696,0.3043,100.0,91.6667,35,H200 NVL,0.01,original,bank_20260917/compact_0.25s/sdssvep_S7_seed2025
bank,compact_0.25s,sdssvep,7,2026,within,0.25,0.0,compact,29292,600,88.3333,88.3333,0.8727,0.6748,0.33,100.0,91.6667,91,H200 NVL,0.01,original,bank_20260917/compact_0.25s/sdssvep_S7_seed2026
bank,compact_0.25s,sdssvep,7,2027,within,0.25,0.0,compact,29292,600,91.6667,91.6667,0.9091,0.6749,0.3616,100.0,95.0,378,H200 NVL,0.009,original,bank_20260917/compact_0.25s/sdssvep_S7_seed2027
bank,compact_0.25s,sdssvep,8,2025,within,0.25,0.0,compact,29292,600,95.0,95.0,0.9455,0.7294,0.4183,100.0,95.0,39,H200 NVL,0.012,original,bank_20260917/compact_0.25s/sdssvep_S8_seed2025
bank,compact_0.25s,sdssvep,8,2026,within,0.25,0.0,compact,29292,600,90.0,90.0,0.8909,0.7523,0.3589,100.0,95.0,42,H200 NVL,0.011,original,bank_20260917/compact_0.25s/sdssvep_S8_seed2026
bank,compact_0.25s,sdssvep,8,2027,within,0.25,0.0,compact,29292,600,91.6667,91.6667,0.9091,0.7851,0.4025,100.0,95.0,77,H200 NVL,0.009,original,bank_20260917/compact_0.25s/sdssvep_S8_seed2027
bank,compact_0.25s,sdssvep,9,2025,within,0.25,0.0,compact,29292,600,63.3333,63.3333,0.6,1.2204,0.1805,100.0,70.0,66,H200 NVL,0.009,original,bank_20260917/compact_0.25s/sdssvep_S9_seed2025
bank,compact_0.25s,sdssvep,9,2026,within,0.25,0.0,compact,29292,600,63.3333,63.3333,0.6,1.2533,0.1974,100.0,70.0,101,H200 NVL,0.008,original,bank_20260917/compact_0.25s/sdssvep_S9_seed2026
bank,compact_0.25s,sdssvep,9,2027,within,0.25,0.0,compact,29292,600,61.6667,61.6667,0.5818,1.2105,0.1517,100.0,70.0,150,H200 NVL,0.007,original,bank_20260917/compact_0.25s/sdssvep_S9_seed2027
bank,compact_0.5s,sdssvep,10,2025,within,0.5,0.0,compact,29292,600,85.0,85.0,0.8364,0.7757,0.2856,100.0,91.6667,233,H200 NVL,0.012,original,bank_20260917/compact_0.5s/sdssvep_S10_seed2025
bank,compact_0.5s,sdssvep,10,2026,within,0.5,0.0,compact,29292,600,86.6667,86.6667,0.8545,0.7977,0.2909,100.0,88.3333,75,H200 NVL,0.01,original,bank_20260917/compact_0.5s/sdssvep_S10_seed2026
bank,compact_0.5s,sdssvep,10,2027,within,0.5,0.0,compact,29292,600,83.3333,83.3333,0.8182,0.833,0.3028,100.0,85.0,108,H200 NVL,0.011,original,bank_20260917/compact_0.5s/sdssvep_S10_seed2027
bank,compact_0.5s,sdssvep,1,2025,within,0.5,0.0,compact,29292,600,90.0,90.0,0.8909,0.9516,0.4604,100.0,91.6667,436,H200 NVL,0.02,original,bank_20260917/compact_0.5s/sdssvep_S1_seed2025
bank,compact_0.5s,sdssvep,1,2026,within,0.5,0.0,compact,29292,600,86.6667,86.6667,0.8545,0.9363,0.4294,100.0,88.3333,154,H200 NVL,0.021,original,bank_20260917/compact_0.5s/sdssvep_S1_seed2026
bank,compact_0.5s,sdssvep,1,2027,within,0.5,0.0,compact,29292,600,85.0,85.0,0.8364,0.9643,0.3974,100.0,86.6667,513,H200 NVL,0.021,original,bank_20260917/compact_0.5s/sdssvep_S1_seed2027
bank,compact_0.5s,sdssvep,2,2025,within,0.5,0.0,compact,29292,600,65.0,65.0,0.6182,1.3001,0.2285,100.0,70.0,102,H200 NVL,0.021,original,bank_20260917/compact_0.5s/sdssvep_S2_seed2025
bank,compact_0.5s,sdssvep,2,2026,within,0.5,0.0,compact,29292,600,61.6667,61.6667,0.5818,1.3735,0.1933,100.0,65.0,66,H200 NVL,0.02,original,bank_20260917/compact_0.5s/sdssvep_S2_seed2026
bank,compact_0.5s,sdssvep,2,2027,within,0.5,0.0,compact,29292,600,63.3333,63.3333,0.6,1.5362,0.2288,100.0,65.0,186,H200 NVL,0.02,original,bank_20260917/compact_0.5s/sdssvep_S2_seed2027
bank,compact_0.5s,sdssvep,3,2025,within,0.5,0.0,compact,29292,600,58.3333,58.3333,0.5455,1.4373,0.2014,100.0,66.6667,315,H200 NVL,0.02,original,bank_20260917/compact_0.5s/sdssvep_S3_seed2025
bank,compact_0.5s,sdssvep,3,2026,within,0.5,0.0,compact,29292,600,63.3333,63.3333,0.6,1.3508,0.2573,100.0,66.6667,328,H200 NVL,0.021,original,bank_20260917/compact_0.5s/sdssvep_S3_seed2026
bank,compact_0.5s,sdssvep,3,2027,within,0.5,0.0,compact,29292,600,61.6667,61.6667,0.5818,1.4035,0.2506,100.0,66.6667,205,H200 NVL,0.021,original,bank_20260917/compact_0.5s/sdssvep_S3_seed2027
bank,compact_0.5s,sdssvep,4,2025,within,0.5,0.0,compact,29292,600,96.6667,96.6667,0.9636,0.6797,0.4057,100.0,98.3333,295,H200 NVL,0.02,original,bank_20260917/compact_0.5s/sdssvep_S4_seed2025
bank,compact_0.5s,sdssvep,4,2026,within,0.5,0.0,compact,29292,600,90.0,90.0,0.8909,0.7169,0.3485,100.0,91.6667,281,H200 NVL,0.02,original,bank_20260917/compact_0.5s/sdssvep_S4_seed2026
bank,compact_0.5s,sdssvep,4,2027,within,0.5,0.0,compact,29292,600,95.0,95.0,0.9455,0.7026,0.3997,100.0,95.0,472,H200 NVL,0.02,original,bank_20260917/compact_0.5s/sdssvep_S4_seed2027
bank,compact_0.5s,sdssvep,5,2025,within,0.5,0.0,compact,29292,600,98.3333,98.3333,0.9818,0.503,0.3339,100.0,100.0,151,H200 NVL,0.02,original,bank_20260917/compact_0.5s/sdssvep_S5_seed2025
bank,compact_0.5s,sdssvep,5,2026,within,0.5,0.0,compact,29292,600,95.0,95.0,0.9455,0.489,0.2991,100.0,98.3333,338,H200 NVL,0.021,original,bank_20260917/compact_0.5s/sdssvep_S5_seed2026
bank,compact_0.5s,sdssvep,5,2027,within,0.5,0.0,compact,29292,600,95.0,95.0,0.9455,0.4994,0.2952,100.0,96.6667,172,H200 NVL,0.021,original,bank_20260917/compact_0.5s/sdssvep_S5_seed2027
bank,compact_0.5s,sdssvep,6,2025,within,0.5,0.0,compact,29292,600,100.0,100.0,1.0,0.3304,0.2629,100.0,100.0,55,H200 NVL,0.02,original,bank_20260917/compact_0.5s/sdssvep_S6_seed2025
bank,compact_0.5s,sdssvep,6,2026,within,0.5,0.0,compact,29292,600,100.0,100.0,1.0,0.3334,0.2669,100.0,100.0,91,H200 NVL,0.02,original,bank_20260917/compact_0.5s/sdssvep_S6_seed2026
bank,compact_0.5s,sdssvep,6,2027,within,0.5,0.0,compact,29292,600,100.0,100.0,1.0,0.2884,0.2371,100.0,100.0,81,H200 NVL,0.019,original,bank_20260917/compact_0.5s/sdssvep_S6_seed2027
bank,compact_0.5s,sdssvep,7,2025,within,0.5,0.0,compact,29292,600,98.3333,98.3333,0.9818,0.4614,0.32,100.0,100.0,209,H200 NVL,0.013,original,bank_20260917/compact_0.5s/sdssvep_S7_seed2025
bank,compact_0.5s,sdssvep,7,2026,within,0.5,0.0,compact,29292,600,98.3333,98.3333,0.9818,0.5141,0.3473,100.0,98.3333,130,H200 NVL,0.012,original,bank_20260917/compact_0.5s/sdssvep_S7_seed2026
bank,compact_0.5s,sdssvep,7,2027,within,0.5,0.0,compact,29292,600,100.0,100.0,1.0,0.4716,0.3514,100.0,100.0,53,H200 NVL,0.011,original,bank_20260917/compact_0.5s/sdssvep_S7_seed2027
bank,compact_0.5s,sdssvep,8,2025,within,0.5,0.0,compact,29292,600,100.0,100.0,1.0,0.5515,0.3941,100.0,100.0,39,H200 NVL,0.012,original,bank_20260917/compact_0.5s/sdssvep_S8_seed2025
bank,compact_0.5s,sdssvep,8,2026,within,0.5,0.0,compact,29292,600,100.0,100.0,1.0,0.4965,0.3689,100.0,100.0,43,H200 NVL,0.01,original,bank_20260917/compact_0.5s/sdssvep_S8_seed2026
bank,compact_0.5s,sdssvep,8,2027,within,0.5,0.0,compact,29292,600,100.0,100.0,1.0,0.5161,0.3769,100.0,100.0,83,H200 NVL,0.01,original,bank_20260917/compact_0.5s/sdssvep_S8_seed2027
bank,compact_0.5s,sdssvep,9,2025,within,0.5,0.0,compact,29292,600,90.0,90.0,0.8909,0.6043,0.2662,100.0,90.0,126,H200 NVL,0.014,original,bank_20260917/compact_0.5s/sdssvep_S9_seed2025
bank,compact_0.5s,sdssvep,9,2026,within,0.5,0.0,compact,29292,600,90.0,90.0,0.8909,0.5897,0.2588,100.0,91.6667,183,H200 NVL,0.013,original,bank_20260917/compact_0.5s/sdssvep_S9_seed2026
bank,compact_0.5s,sdssvep,9,2027,within,0.5,0.0,compact,29292,600,90.0,90.0,0.8909,0.6093,0.2495,100.0,91.6667,52,H200 NVL,0.013,original,bank_20260917/compact_0.5s/sdssvep_S9_seed2027
bank,compact_0.75s,sdssvep,10,2025,within,0.75,0.0,compact,29292,600,93.3333,93.3333,0.9273,0.51,0.2807,100.0,100.0,327,H200 NVL,0.016,original,bank_20260917/compact_0.75s/sdssvep_S10_seed2025
bank,compact_0.75s,sdssvep,10,2026,within,0.75,0.0,compact,29292,600,93.3333,93.3333,0.9273,0.4882,0.2928,100.0,98.3333,198,H200 NVL,0.016,original,bank_20260917/compact_0.75s/sdssvep_S10_seed2026
bank,compact_0.75s,sdssvep,10,2027,within,0.75,0.0,compact,29292,600,95.0,95.0,0.9455,0.5327,0.309,100.0,96.6667,62,H200 NVL,0.017,original,bank_20260917/compact_0.75s/sdssvep_S10_seed2027
bank,compact_0.75s,sdssvep,1,2025,within,0.75,0.0,compact,29292,600,95.0,95.0,0.9455,0.871,0.4885,100.0,95.0,298,H200 NVL,0.02,original,bank_20260917/compact_0.75s/sdssvep_S1_seed2025
bank,compact_0.75s,sdssvep,1,2026,within,0.75,0.0,compact,29292,600,93.3333,93.3333,0.9273,0.9413,0.5036,100.0,95.0,314,H200 NVL,0.02,original,bank_20260917/compact_0.75s/sdssvep_S1_seed2026
bank,compact_0.75s,sdssvep,1,2027,within,0.75,0.0,compact,29292,600,91.6667,91.6667,0.9091,0.9058,0.4757,100.0,93.3333,418,H200 NVL,0.02,original,bank_20260917/compact_0.75s/sdssvep_S1_seed2027
bank,compact_0.75s,sdssvep,2,2025,within,0.75,0.0,compact,29292,600,76.6667,76.6667,0.7455,0.9203,0.2972,100.0,81.6667,264,H200 NVL,0.017,original,bank_20260917/compact_0.75s/sdssvep_S2_seed2025
bank,compact_0.75s,sdssvep,2,2026,within,0.75,0.0,compact,29292,600,81.6667,81.6667,0.8,0.9274,0.3516,100.0,85.0,334,H200 NVL,0.017,original,bank_20260917/compact_0.75s/sdssvep_S2_seed2026
bank,compact_0.75s,sdssvep,2,2027,within,0.75,0.0,compact,29292,600,78.3333,78.3333,0.7636,0.9481,0.3249,100.0,83.3333,419,H200 NVL,0.016,original,bank_20260917/compact_0.75s/sdssvep_S2_seed2027
bank,compact_0.75s,sdssvep,3,2025,within,0.75,0.0,compact,29292,600,70.0,70.0,0.6727,1.3846,0.3492,100.0,70.0,88,H200 NVL,0.02,original,bank_20260917/compact_0.75s/sdssvep_S3_seed2025
bank,compact_0.75s,sdssvep,3,2026,within,0.75,0.0,compact,29292,600,66.6667,66.6667,0.6364,1.3777,0.3218,100.0,73.3333,253,H200 NVL,0.02,original,bank_20260917/compact_0.75s/sdssvep_S3_seed2026
bank,compact_0.75s,sdssvep,3,2027,within,0.75,0.0,compact,29292,600,66.6667,66.6667,0.6364,1.4442,0.3304,100.0,68.3333,382,H200 NVL,0.02,original,bank_20260917/compact_0.75s/sdssvep_S3_seed2027
bank,compact_0.75s,sdssvep,4,2025,within,0.75,0.0,compact,29292,600,90.0,90.0,0.8909,0.7762,0.3831,100.0,91.6667,289,H200 NVL,0.013,original,bank_20260917/compact_0.75s/sdssvep_S4_seed2025
bank,compact_0.75s,sdssvep,4,2026,within,0.75,0.0,compact,29292,600,93.3333,93.3333,0.9273,0.7702,0.4291,100.0,93.3333,316,H200 NVL,0.014,original,bank_20260917/compact_0.75s/sdssvep_S4_seed2026
bank,compact_0.75s,sdssvep,4,2027,within,0.75,0.0,compact,29292,600,90.0,90.0,0.8909,0.7483,0.3576,100.0,91.6667,244,H200 NVL,0.014,original,bank_20260917/compact_0.75s/sdssvep_S4_seed2027
bank,compact_0.75s,sdssvep,5,2025,within,0.75,0.0,compact,29292,600,100.0,100.0,1.0,0.4135,0.314,100.0,100.0,52,H200 NVL,0.02,original,bank_20260917/compact_0.75s/sdssvep_S5_seed2025
bank,compact_0.75s,sdssvep,5,2026,within,0.75,0.0,compact,29292,600,100.0,100.0,1.0,0.4197,0.3182,100.0,100.0,166,H200 NVL,0.02,original,bank_20260917/compact_0.75s/sdssvep_S5_seed2026
bank,compact_0.75s,sdssvep,5,2027,within,0.75,0.0,compact,29292,600,98.3333,98.3333,0.9818,0.4518,0.3102,100.0,98.3333,58,H200 NVL,0.02,original,bank_20260917/compact_0.75s/sdssvep_S5_seed2027
bank,compact_0.75s,sdssvep,6,2025,within,0.75,0.0,compact,29292,600,100.0,100.0,1.0,0.2381,0.2007,100.0,100.0,46,H200 NVL,0.011,original,bank_20260917/compact_0.75s/sdssvep_S6_seed2025
bank,compact_0.75s,sdssvep,6,2026,within,0.75,0.0,compact,29292,600,100.0,100.0,1.0,0.2556,0.215,100.0,100.0,47,H200 NVL,0.012,original,bank_20260917/compact_0.75s/sdssvep_S6_seed2026
bank,compact_0.75s,sdssvep,6,2027,within,0.75,0.0,compact,29292,600,100.0,100.0,1.0,0.2391,0.201,100.0,100.0,49,H200 NVL,0.014,original,bank_20260917/compact_0.75s/sdssvep_S6_seed2027
bank,compact_0.75s,sdssvep,7,2025,within,0.75,0.0,compact,29292,600,100.0,100.0,1.0,0.4556,0.337,100.0,100.0,232,H200 NVL,0.02,original,bank_20260917/compact_0.75s/sdssvep_S7_seed2025
bank,compact_0.75s,sdssvep,7,2026,within,0.75,0.0,compact,29292,600,100.0,100.0,1.0,0.4404,0.3239,100.0,100.0,130,H200 NVL,0.02,original,bank_20260917/compact_0.75s/sdssvep_S7_seed2026
bank,compact_0.75s,sdssvep,7,2027,within,0.75,0.0,compact,29292,600,98.3333,98.3333,0.9818,0.4346,0.3042,100.0,100.0,296,H200 NVL,0.02,original,bank_20260917/compact_0.75s/sdssvep_S7_seed2027
bank,compact_0.75s,sdssvep,8,2025,within,0.75,0.0,compact,29292,600,98.3333,98.3333,0.9818,0.4871,0.3422,100.0,100.0,221,H200 NVL,0.016,original,bank_20260917/compact_0.75s/sdssvep_S8_seed2025
bank,compact_0.75s,sdssvep,8,2026,within,0.75,0.0,compact,29292,600,96.6667,96.6667,0.9636,0.5793,0.3692,100.0,98.3333,55,H200 NVL,0.016,original,bank_20260917/compact_0.75s/sdssvep_S8_seed2026
bank,compact_0.75s,sdssvep,8,2027,within,0.75,0.0,compact,29292,600,98.3333,98.3333,0.9818,0.4975,0.3464,100.0,100.0,44,H200 NVL,0.017,original,bank_20260917/compact_0.75s/sdssvep_S8_seed2027
bank,compact_0.75s,sdssvep,9,2025,within,0.75,0.0,compact,29292,600,95.0,95.0,0.9455,0.4019,0.2327,100.0,96.6667,78,H200 NVL,0.02,original,bank_20260917/compact_0.75s/sdssvep_S9_seed2025
bank,compact_0.75s,sdssvep,9,2026,within,0.75,0.0,compact,29292,600,95.0,95.0,0.9455,0.3981,0.2313,100.0,96.6667,128,H200 NVL,0.02,original,bank_20260917/compact_0.75s/sdssvep_S9_seed2026
bank,compact_0.75s,sdssvep,9,2027,within,0.75,0.0,compact,29292,600,96.6667,96.6667,0.9636,0.3744,0.2428,100.0,98.3333,373,H200 NVL,0.019,original,bank_20260917/compact_0.75s/sdssvep_S9_seed2027
bank,compact_1s,2a,1,2025,within,1.0,0.0,compact,17828,600,76.3889,76.3889,0.6852,0.6775,0.0909,100.0,78.125,413,H200 NVL,0.045,original,bank_20260915/compact_1s/2a_S1_seed2025
bank,compact_1s,2a,1,2026,within,1.0,0.0,compact,17828,600,76.7361,76.7361,0.6898,0.7038,0.1078,100.0,78.4722,254,H100 80GB HBM3,0.119,original,bank_20260915/compact_1s/2a_S1_seed2026
bank,compact_1s,2a,1,2027,within,1.0,0.0,compact,17828,600,72.9167,72.9167,0.6389,0.7038,0.0817,100.0,77.0833,280,H100 80GB HBM3,0.119,original,bank_20260915/compact_1s/2a_S1_seed2027
bank,compact_1s,2a,2,2025,within,1.0,0.0,compact,17828,600,61.1111,61.1111,0.4815,0.9708,0.0856,100.0,64.9306,338,H100 80GB HBM3,0.086,original,bank_20260915/compact_1s/2a_S2_seed2025
bank,compact_1s,2a,2,2026,within,1.0,0.0,compact,17828,600,62.5,62.5,0.5,0.948,0.0828,100.0,65.625,377,H100 80GB HBM3,0.108,original,bank_20260915/compact_1s/2a_S2_seed2026
bank,compact_1s,2a,2,2027,within,1.0,0.0,compact,17828,600,60.4167,60.4167,0.4722,0.9765,0.0804,100.0,63.5417,255,H100 80GB HBM3,0.113,original,bank_20260915/compact_1s/2a_S2_seed2027
bank,compact_1s,2a,3,2025,within,1.0,0.0,compact,17828,600,85.0694,85.0694,0.8009,0.5072,0.1484,100.0,87.5,324,H100 80GB HBM3,0.111,original,bank_20260915/compact_1s/2a_S3_seed2025
bank,compact_1s,2a,3,2026,within,1.0,0.0,compact,17828,600,86.1111,86.1111,0.8148,0.5267,0.142,100.0,87.5,329,H100 80GB HBM3,0.112,original,bank_20260915/compact_1s/2a_S3_seed2026
bank,compact_1s,2a,3,2027,within,1.0,0.0,compact,17828,600,83.3333,83.3333,0.7778,0.508,0.1245,100.0,85.4167,256,H100 80GB HBM3,0.12,original,bank_20260915/compact_1s/2a_S3_seed2027
bank,compact_1s,2a,4,2025,within,1.0,0.0,compact,17828,600,76.3889,76.3889,0.6852,0.6439,0.1065,100.0,79.5139,272,H100 80GB HBM3,0.113,original,bank_20260915/compact_1s/2a_S4_seed2025
bank,compact_1s,2a,4,2026,within,1.0,0.0,compact,17828,600,76.0417,76.0417,0.6806,0.6494,0.1178,100.0,79.8611,373,H100 80GB HBM3,0.115,original,bank_20260915/compact_1s/2a_S4_seed2026
bank,compact_1s,2a,4,2027,within,1.0,0.0,compact,17828,600,76.0417,76.0417,0.6806,0.6528,0.1031,100.0,79.5139,326,H100 80GB HBM3,0.108,original,bank_20260915/compact_1s/2a_S4_seed2027
bank,compact_1s,2a,5,2025,within,1.0,0.0,compact,17828,600,76.0417,76.0417,0.6806,0.6617,0.0919,100.0,78.4722,282,H100 80GB HBM3,0.113,original,bank_20260915/compact_1s/2a_S5_seed2025
bank,compact_1s,2a,5,2026,within,1.0,0.0,compact,17828,600,72.2222,72.2222,0.6296,0.6953,0.0818,100.0,75.6944,32,H100 80GB HBM3,0.11,original,bank_20260915/compact_1s/2a_S5_seed2026
bank,compact_1s,2a,5,2027,within,1.0,0.0,compact,17828,600,72.5694,72.5694,0.6343,0.6907,0.0562,100.0,78.4722,81,H200 NVL,0.12,original,bank_20260915/compact_1s/2a_S5_seed2027
bank,compact_1s,2a,6,2025,within,1.0,0.0,compact,17828,600,66.3194,66.3194,0.5509,0.8374,0.055,100.0,71.5278,335,H200 NVL,0.12,original,bank_20260915/compact_1s/2a_S6_seed2025
bank,compact_1s,2a,6,2026,within,1.0,0.0,compact,17828,600,71.1806,71.1806,0.6157,0.7489,0.0915,100.0,74.3056,176,H200 NVL,0.12,original,bank_20260915/compact_1s/2a_S6_seed2026
bank,compact_1s,2a,6,2027,within,1.0,0.0,compact,17828,600,69.7917,69.7917,0.5972,0.8124,0.0729,100.0,71.5278,447,H200 NVL,0.109,original,bank_20260915/compact_1s/2a_S6_seed2027
bank,compact_1s,2a,7,2025,within,1.0,0.0,compact,17828,600,80.5556,80.5556,0.7407,0.6129,0.1532,100.0,83.3333,482,H200 NVL,0.123,original,bank_20260915/compact_1s/2a_S7_seed2025
bank,compact_1s,2a,7,2026,within,1.0,0.0,compact,17828,600,79.1667,79.1667,0.7222,0.6317,0.1444,100.0,81.5972,399,H200 NVL,0.126,original,bank_20260915/compact_1s/2a_S7_seed2026
bank,compact_1s,2a,7,2027,within,1.0,0.0,compact,17828,600,80.9028,80.9028,0.7454,0.6371,0.1578,100.0,81.9444,434,H200 NVL,0.122,original,bank_20260915/compact_1s/2a_S7_seed2027
bank,compact_1s,2a,8,2025,within,1.0,0.0,compact,17828,600,72.2222,72.2222,0.6296,0.7596,0.1163,100.0,76.0417,297,H200 NVL,0.127,original,bank_20260915/compact_1s/2a_S8_seed2025
bank,compact_1s,2a,8,2026,within,1.0,0.0,compact,17828,600,73.6111,73.6111,0.6481,0.7324,0.1103,100.0,75.0,249,H200 NVL,0.113,original,bank_20260915/compact_1s/2a_S8_seed2026
bank,compact_1s,2a,8,2027,within,1.0,0.0,compact,17828,600,73.6111,73.6111,0.6481,0.72,0.1062,100.0,75.6944,458,H200 NVL,0.117,original,bank_20260915/compact_1s/2a_S8_seed2027
bank,compact_1s,2a,9,2025,within,1.0,0.0,compact,17828,600,81.5972,81.5972,0.7546,0.5996,0.1585,100.0,84.7222,399,H200 NVL,0.122,original,bank_20260915/compact_1s/2a_S9_seed2025
bank,compact_1s,2a,9,2026,within,1.0,0.0,compact,17828,600,77.4306,77.4306,0.6991,0.6108,0.1138,100.0,80.9028,439,H200 NVL,0.117,original,bank_20260915/compact_1s/2a_S9_seed2026
bank,compact_1s,2a,9,2027,within,1.0,0.0,compact,17828,600,80.2083,80.2083,0.7361,0.608,0.1421,100.0,81.9444,333,H200 NVL,0.112,original,bank_20260915/compact_1s/2a_S9_seed2027
bank,compact_2s,2a,1,2025,within,2.0,0.0,compact,17828,600,85.0694,85.0694,0.8009,0.5142,0.1645,100.0,89.2361,298,H100 80GB HBM3,0.136,original,bank_20260915/compact_2s/2a_S1_seed2025
bank,compact_2s,2a,1,2026,within,2.0,0.0,compact,17828,600,82.9861,82.9861,0.7731,0.5282,0.1428,100.0,85.7639,332,H100 80GB HBM3,0.136,original,bank_20260915/compact_2s/2a_S1_seed2026
bank,compact_2s,2a,1,2027,within,2.0,0.0,compact,17828,600,84.7222,84.7222,0.7963,0.5395,0.1691,100.0,86.4583,402,H100 80GB HBM3,0.136,original,bank_20260915/compact_2s/2a_S1_seed2027
bank,compact_2s,2a,2,2025,within,2.0,0.0,compact,17828,600,68.0556,68.0556,0.5741,0.8005,0.0783,100.0,72.2222,216,H100 80GB HBM3,0.096,original,bank_20260915/compact_2s/2a_S2_seed2025
bank,compact_2s,2a,2,2026,within,2.0,0.0,compact,17828,600,68.75,68.75,0.5833,0.8066,0.0792,100.0,70.4861,451,H100 80GB HBM3,0.122,original,bank_20260915/compact_2s/2a_S2_seed2026
bank,compact_2s,2a,2,2027,within,2.0,0.0,compact,17828,600,68.75,68.75,0.5833,0.8066,0.1054,100.0,70.8333,278,H100 80GB HBM3,0.125,original,bank_20260915/compact_2s/2a_S2_seed2027
bank,compact_2s,2a,3,2025,within,2.0,0.0,compact,17828,600,93.0556,93.0556,0.9074,0.4101,0.1683,100.0,94.4444,338,H100 80GB HBM3,0.125,original,bank_20260915/compact_2s/2a_S3_seed2025
bank,compact_2s,2a,3,2026,within,2.0,0.0,compact,17828,600,91.6667,91.6667,0.8889,0.3737,0.1496,100.0,94.7917,228,H100 80GB HBM3,0.128,original,bank_20260915/compact_2s/2a_S3_seed2026
bank,compact_2s,2a,3,2027,within,2.0,0.0,compact,17828,600,93.4028,93.4028,0.912,0.3927,0.1723,100.0,94.7917,438,H100 80GB HBM3,0.125,original,bank_20260915/compact_2s/2a_S3_seed2027
bank,compact_2s,2a,4,2025,within,2.0,0.0,compact,17828,600,77.4306,77.4306,0.6991,0.6375,0.1117,100.0,79.5139,306,H100 80GB HBM3,0.125,original,bank_20260915/compact_2s/2a_S4_seed2025
bank,compact_2s,2a,4,2026,within,2.0,0.0,compact,17828,600,80.9028,80.9028,0.7454,0.6141,0.1435,100.0,82.2917,394,H100 80GB HBM3,0.129,original,bank_20260915/compact_2s/2a_S4_seed2026
bank,compact_2s,2a,4,2027,within,2.0,0.0,compact,17828,600,81.5972,81.5972,0.7546,0.589,0.1386,100.0,84.0278,329,H100 80GB HBM3,0.123,original,bank_20260915/compact_2s/2a_S4_seed2027
bank,compact_2s,2a,5,2025,within,2.0,0.0,compact,17828,600,73.9583,73.9583,0.6528,0.6528,0.0771,100.0,79.5139,135,H100 80GB HBM3,0.122,original,bank_20260915/compact_2s/2a_S5_seed2025
bank,compact_2s,2a,5,2026,within,2.0,0.0,compact,17828,600,77.7778,77.7778,0.7037,0.6342,0.079,100.0,81.25,82,H100 80GB HBM3,0.111,original,bank_20260915/compact_2s/2a_S5_seed2026
bank,compact_2s,2a,5,2027,within,2.0,0.0,compact,17828,600,78.8194,78.8194,0.7176,0.6092,0.099,100.0,81.5972,160,H200 NVL,0.132,original,bank_20260915/compact_2s/2a_S5_seed2027
bank,compact_2s,2a,6,2025,within,2.0,0.0,compact,17828,600,69.7917,69.7917,0.5972,0.7917,0.0841,100.0,72.2222,357,H200 NVL,0.132,original,bank_20260915/compact_2s/2a_S6_seed2025
bank,compact_2s,2a,6,2026,within,2.0,0.0,compact,17828,600,71.875,71.875,0.625,0.7792,0.0856,100.0,72.9167,473,H200 NVL,0.132,original,bank_20260915/compact_2s/2a_S6_seed2026
bank,compact_2s,2a,6,2027,within,2.0,0.0,compact,17828,600,68.0556,68.0556,0.5741,0.8482,0.0803,100.0,70.1389,68,H200 NVL,0.124,original,bank_20260915/compact_2s/2a_S6_seed2027
bank,compact_2s,2a,7,2025,within,2.0,0.0,compact,17828,600,92.7083,92.7083,0.9028,0.3751,0.1855,100.0,93.4028,330,H200 NVL,0.134,original,bank_20260915/compact_2s/2a_S7_seed2025
bank,compact_2s,2a,7,2026,within,2.0,0.0,compact,17828,600,94.0972,94.0972,0.9213,0.3592,0.1932,100.0,94.7917,389,H200 NVL,0.134,original,bank_20260915/compact_2s/2a_S7_seed2026
bank,compact_2s,2a,7,2027,within,2.0,0.0,compact,17828,600,93.0556,93.0556,0.9074,0.3546,0.1863,100.0,94.7917,255,H200 NVL,0.136,original,bank_20260915/compact_2s/2a_S7_seed2027
bank,compact_2s,2a,8,2025,within,2.0,0.0,compact,17828,600,82.2917,82.2917,0.7639,0.5419,0.1226,100.0,85.0694,434,H200 NVL,0.138,original,bank_20260915/compact_2s/2a_S8_seed2025
bank,compact_2s,2a,8,2026,within,2.0,0.0,compact,17828,600,83.6806,83.6806,0.7824,0.5339,0.1507,100.0,85.7639,141,H200 NVL,0.128,original,bank_20260915/compact_2s/2a_S8_seed2026
bank,compact_2s,2a,8,2027,within,2.0,0.0,compact,17828,600,84.375,84.375,0.7917,0.5442,0.1515,100.0,86.1111,253,H200 NVL,0.13,original,bank_20260915/compact_2s/2a_S8_seed2027
bank,compact_2s,2a,9,2025,within,2.0,0.0,compact,17828,600,84.7222,84.7222,0.7963,0.4964,0.1354,100.0,87.1528,290,H200 NVL,0.134,original,bank_20260915/compact_2s/2a_S9_seed2025
bank,compact_2s,2a,9,2026,within,2.0,0.0,compact,17828,600,86.8056,86.8056,0.8241,0.4741,0.1399,100.0,87.8472,304,H200 NVL,0.128,original,bank_20260915/compact_2s/2a_S9_seed2026
bank,compact_2s,2a,9,2027,within,2.0,0.0,compact,17828,600,84.0278,84.0278,0.787,0.4947,0.1231,100.0,87.1528,379,H200 NVL,0.119,original,bank_20260915/compact_2s/2a_S9_seed2027
bank,compact_3s,2a,1,2025,within,3.0,0.0,compact,17828,600,87.8472,87.8472,0.838,0.45,0.1714,100.0,89.5833,375,H100 80GB HBM3,0.139,original,bank_20260915/compact_3s/2a_S1_seed2025
bank,compact_3s,2a,1,2026,within,3.0,0.0,compact,17828,600,87.8472,87.8472,0.838,0.4691,0.1749,100.0,89.2361,509,H100 80GB HBM3,0.139,original,bank_20260915/compact_3s/2a_S1_seed2026
bank,compact_3s,2a,1,2027,within,3.0,0.0,compact,17828,600,88.8889,88.8889,0.8519,0.4814,0.1914,100.0,90.2778,433,H100 80GB HBM3,0.139,original,bank_20260915/compact_3s/2a_S1_seed2027
bank,compact_3s,2a,2,2025,within,3.0,0.0,compact,17828,600,72.2222,72.2222,0.6296,0.7371,0.1161,100.0,75.3472,353,H100 80GB HBM3,0.129,original,bank_20260915/compact_3s/2a_S2_seed2025
bank,compact_3s,2a,2,2026,within,3.0,0.0,compact,17828,600,68.4028,68.4028,0.5787,0.8351,0.0825,100.0,69.7917,236,H100 80GB HBM3,0.131,original,bank_20260915/compact_3s/2a_S2_seed2026
bank,compact_3s,2a,2,2027,within,3.0,0.0,compact,17828,600,70.8333,70.8333,0.6111,0.7953,0.1009,100.0,71.875,499,H100 80GB HBM3,0.133,original,bank_20260915/compact_3s/2a_S2_seed2027
bank,compact_3s,2a,3,2025,within,3.0,0.0,compact,17828,600,95.1389,95.1389,0.9352,0.3444,0.1612,100.0,95.8333,372,H100 80GB HBM3,0.135,original,bank_20260915/compact_3s/2a_S3_seed2025
bank,compact_3s,2a,3,2026,within,3.0,0.0,compact,17828,600,95.1389,95.1389,0.9352,0.3384,0.1565,100.0,96.5278,355,H100 80GB HBM3,0.134,original,bank_20260915/compact_3s/2a_S3_seed2026
bank,compact_3s,2a,3,2027,within,3.0,0.0,compact,17828,600,96.5278,96.5278,0.9537,0.3395,0.1814,100.0,96.875,462,H100 80GB HBM3,0.134,original,bank_20260915/compact_3s/2a_S3_seed2027
bank,compact_3s,2a,4,2025,within,3.0,0.0,compact,17828,600,82.2917,82.2917,0.7639,0.587,0.1543,100.0,83.3333,453,H100 80GB HBM3,0.135,original,bank_20260915/compact_3s/2a_S4_seed2025
bank,compact_3s,2a,4,2026,within,3.0,0.0,compact,17828,600,72.9167,72.9167,0.6389,0.6804,0.1034,100.0,76.0417,293,H100 80GB HBM3,0.136,original,bank_20260915/compact_3s/2a_S4_seed2026
bank,compact_3s,2a,4,2027,within,3.0,0.0,compact,17828,600,78.4722,78.4722,0.713,0.6184,0.1236,100.0,80.5556,367,H100 80GB HBM3,0.132,original,bank_20260915/compact_3s/2a_S4_seed2027
bank,compact_3s,2a,5,2025,within,3.0,0.0,compact,17828,600,78.4722,78.4722,0.713,0.62,0.1041,100.0,80.2083,350,H100 80GB HBM3,0.12,original,bank_20260915/compact_3s/2a_S5_seed2025
bank,compact_3s,2a,5,2026,within,3.0,0.0,compact,17828,600,78.8194,78.8194,0.7176,0.5921,0.0995,100.0,81.25,430,H100 80GB HBM3,0.089,original,bank_20260915/compact_3s/2a_S5_seed2026
bank,compact_3s,2a,5,2027,within,3.0,0.0,compact,17828,600,79.8611,79.8611,0.7315,0.5916,0.108,100.0,81.5972,427,H200 NVL,0.137,original,bank_20260915/compact_3s/2a_S5_seed2027
bank,compact_3s,2a,6,2025,within,3.0,0.0,compact,17828,600,70.4861,70.4861,0.6065,0.7639,0.1007,100.0,73.6111,403,H200 NVL,0.137,original,bank_20260915/compact_3s/2a_S6_seed2025
bank,compact_3s,2a,6,2026,within,3.0,0.0,compact,17828,600,71.875,71.875,0.625,0.808,0.0711,100.0,72.5694,199,H200 NVL,0.135,original,bank_20260915/compact_3s/2a_S6_seed2026
bank,compact_3s,2a,6,2027,within,3.0,0.0,compact,17828,600,71.875,71.875,0.625,0.8245,0.078,100.0,72.5694,195,H200 NVL,0.142,original,bank_20260915/compact_3s/2a_S6_seed2027
bank,compact_3s,2a,7,2025,within,3.0,0.0,compact,17828,600,91.6667,91.6667,0.8889,0.3829,0.1726,100.0,94.4444,322,H200 NVL,0.145,original,bank_20260915/compact_3s/2a_S7_seed2025
bank,compact_3s,2a,7,2026,within,3.0,0.0,compact,17828,600,92.3611,92.3611,0.8981,0.3721,0.1756,100.0,94.7917,330,H200 NVL,0.147,original,bank_20260915/compact_3s/2a_S7_seed2026
bank,compact_3s,2a,7,2027,within,3.0,0.0,compact,17828,600,89.2361,89.2361,0.8565,0.3861,0.1538,100.0,91.6667,353,H200 NVL,0.148,original,bank_20260915/compact_3s/2a_S7_seed2027
bank,compact_3s,2a,8,2025,within,3.0,0.0,compact,17828,600,88.5417,88.5417,0.8472,0.458,0.1747,100.0,90.2778,373,H200 NVL,0.149,original,bank_20260915/compact_3s/2a_S8_seed2025
bank,compact_3s,2a,8,2026,within,3.0,0.0,compact,17828,600,90.625,90.625,0.875,0.472,0.2009,100.0,91.6667,294,H200 NVL,0.142,original,bank_20260915/compact_3s/2a_S8_seed2026
bank,compact_3s,2a,8,2027,within,3.0,0.0,compact,17828,600,90.2778,90.2778,0.8704,0.4908,0.2082,100.0,91.3194,462,H200 NVL,0.144,original,bank_20260915/compact_3s/2a_S8_seed2027
bank,compact_3s,2a,9,2025,within,3.0,0.0,compact,17828,600,86.8056,86.8056,0.8241,0.466,0.1553,100.0,88.5417,376,H200 NVL,0.145,original,bank_20260915/compact_3s/2a_S9_seed2025
bank,compact_3s,2a,9,2026,within,3.0,0.0,compact,17828,600,86.4583,86.4583,0.8194,0.4699,0.1649,100.0,89.2361,196,H200 NVL,0.131,original,bank_20260915/compact_3s/2a_S9_seed2026
bank,compact_3s,2a,9,2027,within,3.0,0.0,compact,17828,600,86.4583,86.4583,0.8194,0.4832,0.1512,100.0,87.8472,380,H200 NVL,0.104,original,bank_20260915/compact_3s/2a_S9_seed2027
loso,bite,2a,1,2025,loso,,0.0,bite,16294,600,66.6667,66.6667,0.5556,0.8693,0.0567,90.6033,72.5694,31,H200 NVL,1.968,original,loso_20260917/bite/2a_S1_seed2025
loso,bite,2a,1,2026,loso,,0.0,bite,16294,600,63.3681,63.3681,0.5116,0.8981,0.0502,89.8872,70.1389,201,H200 NVL,1.537,original,loso_20260917/bite/2a_S1_seed2026
loso,bite,2a,1,2027,loso,,0.0,bite,16294,600,66.1458,66.1458,0.5486,0.8366,0.0566,90.8637,73.2639,82,H200 NVL,1.559,original,loso_20260917/bite/2a_S1_seed2027
loso,bite,2a,2,2025,loso,,0.0,bite,16294,600,47.7431,47.7431,0.3032,1.1779,0.0743,91.2109,55.7292,76,H200 NVL,1.607,original,loso_20260917/bite/2a_S2_seed2025
loso,bite,2a,2,2026,loso,,0.0,bite,16294,600,49.1319,49.1319,0.3218,1.1562,0.044,91.1675,55.0347,8,H200 NVL,1.547,original,loso_20260917/bite/2a_S2_seed2026
loso,bite,2a,2,2027,loso,,0.0,bite,16294,600,48.4375,48.4375,0.3125,1.1869,0.0933,92.1224,54.5139,13,H200 NVL,1.541,original,loso_20260917/bite/2a_S2_seed2027
loso,bite,2a,3,2025,loso,,0.0,bite,16294,600,77.6042,77.6042,0.7014,0.658,0.1494,89.7352,82.1181,286,H200 NVL,1.541,original,loso_20260917/bite/2a_S3_seed2025
loso,bite,2a,3,2026,loso,,0.0,bite,16294,600,76.0417,76.0417,0.6806,0.6448,0.0935,89.9523,82.6389,265,H200 NVL,1.195,original,loso_20260917/bite/2a_S3_seed2026
loso,bite,2a,3,2027,loso,,0.0,bite,16294,600,76.9097,76.9097,0.6921,0.659,0.1168,90.3863,82.9861,57,H200 NVL,1.202,original,loso_20260917/bite/2a_S3_seed2027
loso,bite,2a,4,2025,loso,,0.0,bite,16294,600,58.6806,58.6806,0.4491,0.946,0.044,90.3646,64.2361,406,H200 NVL,1.261,original,loso_20260917/bite/2a_S4_seed2025
loso,bite,2a,4,2026,loso,,0.0,bite,16294,600,60.0694,60.0694,0.4676,0.9499,0.0375,91.1675,65.2778,246,H200 NVL,1.415,original,loso_20260917/bite/2a_S4_seed2026
loso,bite,2a,4,2027,loso,,0.0,bite,16294,600,63.8889,63.8889,0.5185,0.8848,0.0788,91.6016,68.2292,159,H200 NVL,1.38,original,loso_20260917/bite/2a_S4_seed2027
loso,bite,2a,5,2025,loso,,0.0,bite,16294,600,47.0486,47.0486,0.294,1.5067,0.2278,89.4965,52.4306,12,H200 NVL,1.445,original,loso_20260917/bite/2a_S5_seed2025
loso,bite,2a,5,2026,loso,,0.0,bite,16294,600,44.6181,44.6181,0.2616,1.4828,0.2464,90.5165,53.8194,81,H200 NVL,1.449,original,loso_20260917/bite/2a_S5_seed2026
loso,bite,2a,5,2027,loso,,0.0,bite,16294,600,45.6597,45.6597,0.2755,1.3693,0.1842,92.3177,64.7569,4,H200 NVL,1.547,original,loso_20260917/bite/2a_S5_seed2027
loso,bite,2a,6,2025,loso,,0.0,bite,16294,600,38.5417,38.5417,0.1806,1.602,0.3487,91.2326,54.5139,6,H200 NVL,1.536,original,loso_20260917/bite/2a_S6_seed2025
loso,bite,2a,6,2026,loso,,0.0,bite,16294,600,47.9167,47.9167,0.3056,1.3583,0.1976,91.9054,57.4653,100,H200 NVL,1.548,original,loso_20260917/bite/2a_S6_seed2026
loso,bite,2a,6,2027,loso,,0.0,bite,16294,600,42.3611,42.3611,0.2315,1.3875,0.2728,91.645,51.3889,81,H200 NVL,1.19,original,loso_20260917/bite/2a_S6_seed2027
loso,bite,2a,7,2025,loso,,0.0,bite,16294,600,73.9583,73.9583,0.6528,0.7227,0.1122,89.4097,74.6528,212,H200 NVL,1.204,original,loso_20260917/bite/2a_S7_seed2025
loso,bite,2a,7,2026,loso,,0.0,bite,16294,600,69.4444,69.4444,0.5926,0.7945,0.0807,89.7569,72.9167,17,H200 NVL,1.069,original,loso_20260917/bite/2a_S7_seed2026
loso,bite,2a,7,2027,loso,,0.0,bite,16294,600,74.4792,74.4792,0.6597,0.7215,0.1227,90.9505,75.6944,258,H200 NVL,1.214,original,loso_20260917/bite/2a_S7_seed2027
loso,bite,2a,8,2025,loso,,0.0,bite,16294,600,77.2569,77.2569,0.6968,0.6467,0.1304,90.9071,81.25,42,H200 NVL,1.385,original,loso_20260917/bite/2a_S8_seed2025
loso,bite,2a,8,2026,loso,,0.0,bite,16294,600,70.3125,70.3125,0.6042,0.7394,0.0701,89.9957,76.5625,106,H200 NVL,1.446,original,loso_20260917/bite/2a_S8_seed2026
loso,bite,2a,8,2027,loso,,0.0,bite,16294,600,76.2153,76.2153,0.6829,0.6952,0.1329,90.5599,79.5139,247,H200 NVL,1.435,original,loso_20260917/bite/2a_S8_seed2027
loso,bite,2a,9,2025,loso,,0.0,bite,16294,600,63.0208,63.0208,0.5069,0.9579,0.0748,90.2127,71.1806,73,H200 NVL,1.373,original,loso_20260917/bite/2a_S9_seed2025
loso,bite,2a,9,2026,loso,,0.0,bite,16294,600,65.2778,65.2778,0.537,0.8974,0.0574,89.8438,71.7014,96,H200 NVL,1.366,original,loso_20260917/bite/2a_S9_seed2026
loso,bite,2a,9,2027,loso,,0.0,bite,16294,600,64.9306,64.9306,0.5324,0.865,0.0579,90.5382,68.4028,395,H200 NVL,1.356,original,loso_20260917/bite/2a_S9_seed2027
loso,bite,2b,1,2025,loso,,0.0,bite,14738,600,78.75,78.75,0.575,0.497,0.084,84.5862,79.8611,205,H200 NVL,2.149,original,loso_20260917/bite/2b_S1_seed2025
loso,bite,2b,1,2026,loso,,0.0,bite,14738,600,76.8056,76.8056,0.5361,0.4936,0.0516,85.1207,80.2778,348,H200 NVL,2.145,original,loso_20260917/bite/2b_S1_seed2026
loso,bite,2b,1,2027,loso,,0.0,bite,14738,600,78.3333,78.3333,0.5667,0.4882,0.0717,85.069,80.0,117,H200 NVL,2.15,original,loso_20260917/bite/2b_S1_seed2027
loso,bite,2b,2,2025,loso,,0.0,bite,14738,600,71.9118,71.9118,0.4382,0.5597,0.0649,86.3356,73.6765,282,H200 NVL,2.174,original,loso_20260917/bite/2b_S2_seed2025
loso,bite,2b,2,2026,loso,,0.0,bite,14738,600,72.6471,72.6471,0.4529,0.5555,0.0682,86.1473,73.9706,423,H200 NVL,2.408,original,loso_20260917/bite/2b_S2_seed2026
loso,bite,2b,2,2027,loso,,0.0,bite,14738,600,72.5,72.5,0.45,0.5577,0.0633,85.9418,73.8235,193,H200 NVL,2.389,original,loso_20260917/bite/2b_S2_seed2027
loso,bite,2b,3,2025,loso,,0.0,bite,14738,600,61.8056,61.8056,0.2361,0.6901,0.1142,86.3621,65.8333,91,H200 NVL,2.382,original,loso_20260917/bite/2b_S3_seed2025
loso,bite,2b,3,2026,loso,,0.0,bite,14738,600,62.2222,62.2222,0.2444,0.6726,0.1053,86.4483,66.25,181,H200 NVL,2.429,original,loso_20260917/bite/2b_S3_seed2026
loso,bite,2b,3,2027,loso,,0.0,bite,14738,600,61.6667,61.6667,0.2333,0.6899,0.1178,86.6897,65.1389,46,H200 NVL,2.435,original,loso_20260917/bite/2b_S3_seed2027
loso,bite,2b,4,2025,loso,,0.0,bite,14738,600,84.4595,84.4595,0.6892,0.366,0.0478,83.5121,90.2703,13,H200 NVL,2.439,original,loso_20260917/bite/2b_S4_seed2025
loso,bite,2b,4,2026,loso,,0.0,bite,14738,600,82.4324,82.4324,0.6486,0.3962,0.027,83.5467,88.9189,19,H200 NVL,2.149,original,loso_20260917/bite/2b_S4_seed2026
loso,bite,2b,4,2027,loso,,0.0,bite,14738,600,84.7297,84.7297,0.6946,0.3601,0.0619,83.737,90.8108,95,H200 NVL,2.145,original,loso_20260917/bite/2b_S4_seed2027
loso,bite,2b,5,2025,loso,,0.0,bite,14738,600,76.8919,76.8919,0.5378,0.4839,0.0414,84.4983,80.4054,111,H200 NVL,2.15,original,loso_20260917/bite/2b_S5_seed2025
loso,bite,2b,5,2026,loso,,0.0,bite,14738,600,76.8919,76.8919,0.5378,0.4714,0.0623,84.1523,80.4054,274,H200 NVL,2.171,original,loso_20260917/bite/2b_S5_seed2026
loso,bite,2b,5,2027,loso,,0.0,bite,14738,600,78.1081,78.1081,0.5622,0.4678,0.0433,84.2561,81.3514,171,H200 NVL,2.405,original,loso_20260917/bite/2b_S5_seed2027
loso,bite,2b,6,2025,loso,,0.0,bite,14738,600,75.5556,75.5556,0.5111,0.5001,0.0605,84.4655,84.8611,203,H200 NVL,2.386,original,loso_20260917/bite/2b_S6_seed2025
loso,bite,2b,6,2026,loso,,0.0,bite,14738,600,77.6389,77.6389,0.5528,0.465,0.0772,84.1552,84.1667,80,H200 NVL,2.382,original,loso_20260917/bite/2b_S6_seed2026
loso,bite,2b,6,2027,loso,,0.0,bite,14738,600,76.5278,76.5278,0.5306,0.4821,0.0575,84.5,85.0,177,H200 NVL,2.429,original,loso_20260917/bite/2b_S6_seed2027
loso,bite,2b,7,2025,loso,,0.0,bite,14738,600,81.3889,81.3889,0.6278,0.411,0.0602,85.069,84.3056,159,H200 NVL,2.435,original,loso_20260917/bite/2b_S7_seed2025
loso,bite,2b,7,2026,loso,,0.0,bite,14738,600,80.9722,80.9722,0.6194,0.4116,0.0673,84.6552,85.2778,4,H200 NVL,2.439,original,loso_20260917/bite/2b_S7_seed2026
loso,bite,2b,7,2027,loso,,0.0,bite,14738,600,82.3611,82.3611,0.6472,0.3982,0.0607,84.5345,85.1389,57,H200 NVL,2.149,original,loso_20260917/bite/2b_S7_seed2027
loso,bite,2b,8,2025,loso,,0.0,bite,14738,600,75.5263,75.5263,0.5105,0.6089,0.1267,84.5833,80.2632,86,H200 NVL,2.131,original,loso_20260917/bite/2b_S8_seed2025
loso,bite,2b,8,2026,loso,,0.0,bite,14738,600,75.9211,75.9211,0.5184,0.6273,0.1349,84.6528,79.0789,238,H200 NVL,2.131,original,loso_20260917/bite/2b_S8_seed2026
loso,bite,2b,8,2027,loso,,0.0,bite,14738,600,75.5263,75.5263,0.5105,0.6178,0.1295,85.434,79.8684,192,H200 NVL,2.147,original,loso_20260917/bite/2b_S8_seed2027
loso,bite,2b,9,2025,loso,,0.0,bite,14738,600,78.4722,78.4722,0.5694,0.4611,0.0347,85.2414,80.5556,90,H200 NVL,2.405,original,loso_20260917/bite/2b_S9_seed2025
loso,bite,2b,9,2026,loso,,0.0,bite,14738,600,78.3333,78.3333,0.5667,0.4632,0.039,85.6379,80.6944,314,H200 NVL,2.386,original,loso_20260917/bite/2b_S9_seed2026
loso,bite,2b,9,2027,loso,,0.0,bite,14738,600,78.3333,78.3333,0.5667,0.4623,0.0315,85.5,81.3889,25,H200 NVL,2.382,original,loso_20260917/bite/2b_S9_seed2027
loso,bite,sdssvep,10,2025,loso,,0.0,bite,14548,600,93.3333,93.3333,0.9273,0.6431,0.3433,96.0494,95.0,254,H200 NVL,0.476,original,loso_20260917/bite/sdssvep_S10_seed2025
loso,bite,sdssvep,10,2026,loso,,0.0,bite,14548,600,90.0,90.0,0.8909,0.6215,0.2924,95.9877,94.4444,53,H200 NVL,0.48,original,loso_20260917/bite/sdssvep_S10_seed2026
loso,bite,sdssvep,10,2027,loso,,0.0,bite,14548,600,93.3333,93.3333,0.9273,0.6448,0.3435,95.0617,96.1111,117,H200 NVL,0.477,original,loso_20260917/bite/sdssvep_S10_seed2027
loso,bite,sdssvep,1,2025,loso,,0.0,bite,14548,600,48.8889,48.8889,0.4424,1.6171,0.1771,96.5432,51.6667,208,H200 NVL,0.454,original,loso_20260917/bite/sdssvep_S1_seed2025
loso,bite,sdssvep,1,2026,loso,,0.0,bite,14548,600,52.7778,52.7778,0.4848,1.6058,0.1951,96.6049,55.5556,202,H200 NVL,0.445,original,loso_20260917/bite/sdssvep_S1_seed2026
loso,bite,sdssvep,1,2027,loso,,0.0,bite,14548,600,48.3333,48.3333,0.4364,1.6399,0.1479,96.6667,52.2222,98,H200 NVL,0.441,original,loso_20260917/bite/sdssvep_S1_seed2027
loso,bite,sdssvep,2,2025,loso,,0.0,bite,14548,600,82.2222,82.2222,0.8061,0.809,0.2663,96.6049,88.3333,165,H200 NVL,0.482,original,loso_20260917/bite/sdssvep_S2_seed2025
loso,bite,sdssvep,2,2026,loso,,0.0,bite,14548,600,83.8889,83.8889,0.8242,0.7838,0.2864,96.8518,88.3333,265,H200 NVL,0.419,original,loso_20260917/bite/sdssvep_S2_seed2026
loso,bite,sdssvep,2,2027,loso,,0.0,bite,14548,600,84.4444,84.4445,0.8303,0.7665,0.2816,97.0988,88.3333,80,H200 NVL,0.438,original,loso_20260917/bite/sdssvep_S2_seed2027
loso,bite,sdssvep,3,2025,loso,,0.0,bite,14548,600,50.0,50.0,0.4545,1.7186,0.2072,97.5926,53.8889,181,H200 NVL,0.431,original,loso_20260917/bite/sdssvep_S3_seed2025
loso,bite,sdssvep,3,2026,loso,,0.0,bite,14548,600,44.4444,44.4444,0.3939,1.7607,0.1795,97.0988,49.4444,136,H200 NVL,0.471,original,loso_20260917/bite/sdssvep_S3_seed2026
loso,bite,sdssvep,3,2027,loso,,0.0,bite,14548,600,45.0,45.0,0.4,1.7254,0.158,97.1605,50.5556,169,H200 NVL,0.473,original,loso_20260917/bite/sdssvep_S3_seed2027
loso,bite,sdssvep,4,2025,loso,,0.0,bite,14548,600,53.8889,53.8889,0.497,1.672,0.2389,95.9877,55.5556,412,H200 NVL,0.471,original,loso_20260917/bite/sdssvep_S4_seed2025
loso,bite,sdssvep,4,2026,loso,,0.0,bite,14548,600,51.6667,51.6667,0.4727,1.7129,0.235,95.6173,54.4444,393,H200 NVL,0.454,original,loso_20260917/bite/sdssvep_S4_seed2026
loso,bite,sdssvep,4,2027,loso,,0.0,bite,14548,600,49.4444,49.4444,0.4485,1.686,0.2044,96.358,52.7778,213,H200 NVL,0.448,original,loso_20260917/bite/sdssvep_S4_seed2027
loso,bite,sdssvep,5,2025,loso,,0.0,bite,14548,600,97.2222,97.2222,0.9697,0.3128,0.2081,95.8025,98.3333,115,H200 NVL,0.441,original,loso_20260917/bite/sdssvep_S5_seed2025
loso,bite,sdssvep,5,2026,loso,,0.0,bite,14548,600,97.2222,97.2222,0.9697,0.3634,0.2407,95.8025,98.8889,203,H200 NVL,0.481,original,loso_20260917/bite/sdssvep_S5_seed2026
loso,bite,sdssvep,5,2027,loso,,0.0,bite,14548,600,98.8889,98.8889,0.9879,0.3577,0.2569,95.4938,99.4444,275,H200 NVL,0.423,original,loso_20260917/bite/sdssvep_S5_seed2027
loso,bite,sdssvep,6,2025,loso,,0.0,bite,14548,600,87.2222,87.2222,0.8606,0.8691,0.3769,95.9259,93.8889,39,H200 NVL,0.462,original,loso_20260917/bite/sdssvep_S6_seed2025
loso,bite,sdssvep,6,2026,loso,,0.0,bite,14548,600,88.3333,88.3333,0.8727,0.77,0.3449,95.679,92.7778,32,H200 NVL,0.446,original,loso_20260917/bite/sdssvep_S6_seed2026
loso,bite,sdssvep,6,2027,loso,,0.0,bite,14548,600,89.4444,89.4444,0.8848,0.6732,0.3044,96.4815,93.8889,28,H200 NVL,0.476,original,loso_20260917/bite/sdssvep_S6_seed2027
loso,bite,sdssvep,7,2025,loso,,0.0,bite,14548,600,96.6667,96.6667,0.9636,0.4849,0.3039,95.3704,98.3333,28,H200 NVL,0.48,original,loso_20260917/bite/sdssvep_S7_seed2025
loso,bite,sdssvep,7,2026,loso,,0.0,bite,14548,600,93.8889,93.8889,0.9333,0.5411,0.2948,95.7407,96.1111,40,H200 NVL,0.477,original,loso_20260917/bite/sdssvep_S7_seed2026
loso,bite,sdssvep,7,2027,loso,,0.0,bite,14548,600,96.1111,96.1111,0.9576,0.5203,0.318,95.1852,97.2222,281,H200 NVL,0.454,original,loso_20260917/bite/sdssvep_S7_seed2027
loso,bite,sdssvep,8,2025,loso,,0.0,bite,14548,600,91.1111,91.1111,0.903,0.6585,0.344,95.6173,93.8889,201,H200 NVL,0.448,original,loso_20260917/bite/sdssvep_S8_seed2025
loso,bite,sdssvep,8,2026,loso,,0.0,bite,14548,600,92.7778,92.7778,0.9212,0.7802,0.4095,95.1235,93.8889,348,H200 NVL,0.434,original,loso_20260917/bite/sdssvep_S8_seed2026
loso,bite,sdssvep,8,2027,loso,,0.0,bite,14548,600,88.8889,88.8889,0.8788,0.7468,0.3503,95.3704,93.8889,12,H200 NVL,0.471,original,loso_20260917/bite/sdssvep_S8_seed2027
loso,bite,sdssvep,9,2025,loso,,0.0,bite,14548,600,93.8889,93.8889,0.9333,0.4312,0.2332,95.9259,96.1111,141,H200 NVL,0.423,original,loso_20260917/bite/sdssvep_S9_seed2025
loso,bite,sdssvep,9,2026,loso,,0.0,bite,14548,600,92.7778,92.7778,0.9212,0.4751,0.2317,95.3086,93.8889,40,H200 NVL,0.462,original,loso_20260917/bite/sdssvep_S9_seed2026
loso,bite,sdssvep,9,2027,loso,,0.0,bite,14548,600,92.2222,92.2222,0.9152,0.4143,0.2002,95.679,95.5556,26,H200 NVL,0.446,original,loso_20260917/bite/sdssvep_S9_seed2027
loso,compact,2a,1,2025,loso,,0.0,compact,17828,600,72.5694,72.5694,0.6343,0.7252,0.0646,98.4592,76.9097,193,H200 NVL,1.097,full-GPU re-run replaces MIG original,fullgpu_20260917/loso_20260915/compact/2a_S1_seed2025
loso,compact,2a,1,2026,loso,,0.0,compact,17828,600,66.1458,66.1458,0.5486,0.8058,0.0457,98.3073,75.8681,18,H200 NVL,2.201,original,loso_20260917/compact/2a_S1_seed2026
loso,compact,2a,1,2027,loso,,0.0,compact,17828,600,69.0972,69.0972,0.588,0.7644,0.0346,98.7413,77.7778,94,H200 NVL,2.18,original,loso_20260917/compact/2a_S1_seed2027
loso,compact,2a,2,2025,loso,,0.0,compact,17828,600,42.5347,42.5347,0.2338,1.4393,0.1834,99.0451,49.6528,51,H200 NVL,1.156,full-GPU re-run replaces MIG original,fullgpu_20260917/loso_20260915/compact/2a_S2_seed2025
loso,compact,2a,2,2026,loso,,0.0,compact,17828,600,39.9306,39.9306,0.1991,1.6311,0.2557,98.98,49.3056,94,H200 NVL,2.178,original,loso_20260917/compact/2a_S2_seed2026
loso,compact,2a,2,2027,loso,,0.0,compact,17828,600,38.0208,38.0208,0.1736,1.7653,0.2993,98.8932,51.0417,17,H200 NVL,2.21,original,loso_20260917/compact/2a_S2_seed2027
loso,compact,2a,3,2025,loso,,0.0,compact,17828,600,74.3056,74.3056,0.6574,0.7076,0.1035,98.2639,81.4236,255,H200 NVL,1.155,full-GPU re-run replaces MIG original,fullgpu_20260917/loso_20260915/compact/2a_S3_seed2025
loso,compact,2a,3,2026,loso,,0.0,compact,17828,600,77.4306,77.4306,0.6991,0.6364,0.1026,98.3941,83.3333,106,H200 NVL,2.211,original,loso_20260917/compact/2a_S3_seed2026
loso,compact,2a,3,2027,loso,,0.0,compact,17828,600,80.5556,80.5556,0.7407,0.6248,0.1429,98.2205,83.3333,422,H200 NVL,2.208,original,loso_20260917/compact/2a_S3_seed2027
loso,compact,2a,4,2025,loso,,0.0,compact,17828,600,61.2847,61.2847,0.4838,0.972,0.0486,98.6762,64.7569,128,H200 NVL,1.111,full-GPU re-run replaces MIG original,fullgpu_20260917/loso_20260915/compact/2a_S4_seed2025
loso,compact,2a,4,2026,loso,,0.0,compact,17828,600,59.2014,59.2014,0.456,1.0666,0.0753,98.6545,63.7153,416,H200 NVL,1.963,original,loso_20260917/compact/2a_S4_seed2026
loso,compact,2a,4,2027,loso,,0.0,compact,17828,600,55.0347,55.0347,0.4005,1.0792,0.0873,98.5677,64.4097,133,H200 NVL,1.956,original,loso_20260917/compact/2a_S4_seed2027
loso,compact,2a,5,2025,loso,,0.0,compact,17828,600,35.7639,35.7639,0.1435,2.3907,0.4836,98.5026,58.8542,2,H100 80GB HBM3,0.84,original,loso_20260915/compact/2a_S5_seed2025
loso,compact,2a,5,2026,loso,,0.0,compact,17828,600,51.5625,51.5625,0.3542,1.5838,0.1537,98.763,58.5069,4,H200 NVL,1.9,original,loso_20260917/compact/2a_S5_seed2026
loso,compact,2a,5,2027,loso,,0.0,compact,17828,600,43.5764,43.5764,0.2477,1.8483,0.307,98.763,58.5069,32,H200 NVL,1.899,original,loso_20260917/compact/2a_S5_seed2027
loso,compact,2a,6,2025,loso,,0.0,compact,17828,600,43.5764,43.5764,0.2477,1.5355,0.2552,98.6762,54.5139,99,H100 80GB HBM3,0.84,original,loso_20260915/compact/2a_S6_seed2025
loso,compact,2a,6,2026,loso,,0.0,compact,17828,600,41.6667,41.6667,0.2222,1.5307,0.2625,98.8281,60.2431,12,H200 NVL,2.2,original,loso_20260917/compact/2a_S6_seed2026
loso,compact,2a,6,2027,loso,,0.0,compact,17828,600,43.0556,43.0556,0.2407,1.4462,0.234,98.8064,56.25,81,H200 NVL,2.18,original,loso_20260917/compact/2a_S6_seed2027
loso,compact,2a,7,2025,loso,,0.0,compact,17828,600,68.75,68.75,0.5833,0.7965,0.072,98.2422,76.7361,34,H100 NVL,0.91,original,loso_20260915/compact/2a_S7_seed2025
loso,compact,2a,7,2026,loso,,0.0,compact,17828,600,67.0139,67.0139,0.5602,0.8048,0.052,98.1771,77.2569,21,H200 NVL,2.178,original,loso_20260917/compact/2a_S7_seed2026
loso,compact,2a,7,2027,loso,,0.0,compact,17828,600,66.8403,66.8403,0.5579,0.8166,0.0578,98.4809,78.8194,14,H200 NVL,2.21,original,loso_20260917/compact/2a_S7_seed2027
loso,compact,2a,8,2025,loso,,0.0,compact,17828,600,73.7847,73.7847,0.6505,0.6664,0.1073,98.3941,83.8542,210,H100 NVL,0.91,original,loso_20260915/compact/2a_S8_seed2025
loso,compact,2a,8,2026,loso,,0.0,compact,17828,600,74.3056,74.3056,0.6574,0.6783,0.0857,98.4809,83.3333,193,H200 NVL,2.211,original,loso_20260917/compact/2a_S8_seed2026
loso,compact,2a,8,2027,loso,,0.0,compact,17828,600,75.3472,75.3472,0.6713,0.671,0.1147,98.0903,82.2917,94,H200 NVL,2.208,original,loso_20260917/compact/2a_S8_seed2027
loso,compact,2a,9,2025,loso,,0.0,compact,17828,600,66.8403,66.8403,0.5579,0.9233,0.1133,98.2856,74.3056,68,H200 NVL,0.915,original,loso_20260915/compact/2a_S9_seed2025
loso,compact,2a,9,2026,loso,,0.0,compact,17828,600,68.2292,68.2292,0.5764,0.8493,0.1029,98.6111,73.6111,421,H200 NVL,1.963,original,loso_20260917/compact/2a_S9_seed2026
loso,compact,2a,9,2027,loso,,0.0,compact,17828,600,66.6667,66.6667,0.5556,0.8841,0.0891,98.3941,75.3472,125,H200 NVL,1.956,original,loso_20260917/compact/2a_S9_seed2027
loso,compact,2b,1,2025,loso,,0.0,compact,15874,600,78.6111,78.6111,0.5722,0.4775,0.0971,88.4483,80.8333,181,H100 80GB HBM3,0.225,original,loso_20260915/compact/2b_S1_seed2025
loso,compact,2b,1,2026,loso,,0.0,compact,15874,600,78.6111,78.6111,0.5722,0.4795,0.081,89.0345,80.1389,179,H200 NVL,1.304,original,loso_20260917/compact/2b_S1_seed2026
loso,compact,2b,1,2027,loso,,0.0,compact,15874,600,78.8889,78.8889,0.5778,0.4814,0.0872,88.1724,79.8611,596,H200 NVL,1.308,original,loso_20260917/compact/2b_S1_seed2027
loso,compact,2b,2,2025,loso,,0.0,compact,15874,600,70.2941,70.2941,0.4059,0.5731,0.0313,90.0,74.2647,293,H200 NVL,0.989,full-GPU re-run replaces MIG original,fullgpu_20260917/loso_20260915/compact/2b_S2_seed2025
loso,compact,2b,2,2026,loso,,0.0,compact,15874,600,70.0,70.0,0.4,0.5723,0.0399,89.9315,72.6471,377,H200 NVL,1.315,original,loso_20260917/compact/2b_S2_seed2026
loso,compact,2b,2,2027,loso,,0.0,compact,15874,600,71.1765,71.1765,0.4235,0.5667,0.0349,89.9144,73.9706,316,H200 NVL,1.173,original,loso_20260917/compact/2b_S2_seed2027
loso,compact,2b,3,2025,loso,,0.0,compact,15874,600,61.8056,61.8056,0.2361,0.6957,0.1172,89.6552,65.8333,26,H200 NVL,0.989,full-GPU re-run replaces MIG original,fullgpu_20260917/loso_20260915/compact/2b_S3_seed2025
loso,compact,2b,3,2026,loso,,0.0,compact,15874,600,64.8611,64.8611,0.2972,0.7057,0.1097,89.9483,68.1944,1,H200 NVL,1.17,original,loso_20260917/compact/2b_S3_seed2026
loso,compact,2b,3,2027,loso,,0.0,compact,15874,600,61.9444,61.9444,0.2389,0.7148,0.1114,89.8966,66.6667,109,H200 NVL,1.131,original,loso_20260917/compact/2b_S3_seed2027
loso,compact,2b,4,2025,loso,,0.0,compact,15874,600,83.3784,83.3784,0.6676,0.3717,0.0462,87.8201,88.9189,95,H200 NVL,0.945,full-GPU re-run replaces MIG original,fullgpu_20260917/loso_20260915/compact/2b_S4_seed2025
loso,compact,2b,4,2026,loso,,0.0,compact,15874,600,81.8919,81.8919,0.6378,0.3818,0.0449,87.7855,88.9189,235,H200 NVL,1.129,original,loso_20260917/compact/2b_S4_seed2026
loso,compact,2b,4,2027,loso,,0.0,compact,15874,600,83.3784,83.3784,0.6676,0.3772,0.0447,87.8028,90.5405,187,H200 NVL,1.239,original,loso_20260917/compact/2b_S4_seed2027
loso,compact,2b,5,2025,loso,,0.0,compact,15874,600,80.5405,80.5405,0.6108,0.44,0.0383,88.2699,82.1622,190,H200 NVL,0.756,full-GPU re-run replaces MIG original,fullgpu_20260917/loso_20260915/compact/2b_S5_seed2025
loso,compact,2b,5,2026,loso,,0.0,compact,15874,600,80.4054,80.4054,0.6081,0.4344,0.0424,88.4256,82.4324,257,H200 NVL,1.244,original,loso_20260917/compact/2b_S5_seed2026
loso,compact,2b,5,2027,loso,,0.0,compact,15874,600,78.9189,78.9189,0.5784,0.4437,0.0522,88.3218,82.2973,364,H200 NVL,1.237,original,loso_20260917/compact/2b_S5_seed2027
loso,compact,2b,6,2025,loso,,0.0,compact,15874,600,77.3611,77.3611,0.5472,0.4802,0.0734,89.0345,84.4444,172,H100 NVL,0.484,original,loso_20260915/compact/2b_S6_seed2025
loso,compact,2b,6,2026,loso,,0.0,compact,15874,600,80.0,80.0,0.6,0.4679,0.0989,88.8621,84.0278,28,H200 NVL,1.304,original,loso_20260917/compact/2b_S6_seed2026
loso,compact,2b,6,2027,loso,,0.0,compact,15874,600,76.5278,76.5278,0.5306,0.4931,0.0588,88.9655,82.6389,200,H200 NVL,1.308,original,loso_20260917/compact/2b_S6_seed2027
loso,compact,2b,7,2025,loso,,0.0,compact,15874,600,82.5,82.5,0.65,0.4048,0.0647,88.1897,84.5833,123,H100 NVL,0.484,original,loso_20260915/compact/2b_S7_seed2025
loso,compact,2b,7,2026,loso,,0.0,compact,15874,600,81.3889,81.3889,0.6278,0.4093,0.056,88.3448,83.8889,67,H200 NVL,1.311,original,loso_20260917/compact/2b_S7_seed2026
loso,compact,2b,7,2027,loso,,0.0,compact,15874,600,81.8056,81.8056,0.6361,0.3938,0.0679,89.3103,84.7222,489,H200 NVL,1.17,original,loso_20260917/compact/2b_S7_seed2027
loso,compact,2b,8,2025,loso,,0.0,compact,15874,600,71.9737,71.9737,0.4395,0.7637,0.1539,89.3403,79.8684,15,H100 NVL,0.484,original,loso_20260915/compact/2b_S8_seed2025
loso,compact,2b,8,2026,loso,,0.0,compact,15874,600,74.0789,74.0789,0.4816,0.6885,0.1402,89.6354,80.5263,17,H200 NVL,1.159,original,loso_20260917/compact/2b_S8_seed2026
loso,compact,2b,8,2027,loso,,0.0,compact,15874,600,73.6842,73.6842,0.4737,0.6693,0.1391,88.9931,79.7368,152,H200 NVL,1.122,original,loso_20260917/compact/2b_S8_seed2027
loso,compact,2b,9,2025,loso,,0.0,compact,15874,600,80.9722,80.9722,0.6194,0.4356,0.0464,89.8276,82.0833,282,H100 NVL,0.484,original,loso_20260915/compact/2b_S9_seed2025
loso,compact,2b,9,2026,loso,,0.0,compact,15874,600,79.5833,79.5833,0.5917,0.4415,0.0408,89.5517,81.3889,241,H200 NVL,1.129,original,loso_20260917/compact/2b_S9_seed2026
loso,compact,2b,9,2027,loso,,0.0,compact,15874,600,80.2778,80.2778,0.6056,0.4487,0.0362,89.0172,81.3889,390,H200 NVL,1.322,original,loso_20260917/compact/2b_S9_seed2027
loso,compact,sdssvep,10,2025,loso,,0.0,compact,29292,600,94.4444,94.4444,0.9394,0.447,0.2468,99.7531,97.2222,133,H100 80GB HBM3,0.108,original,loso_20260915/compact/sdssvep_S10_seed2025
loso,compact,sdssvep,10,2026,loso,,0.0,compact,29292,600,94.4444,94.4444,0.9394,0.4357,0.2319,99.8148,96.6667,248,H200 NVL,0.282,original,loso_20260917/compact/sdssvep_S10_seed2026
loso,compact,sdssvep,10,2027,loso,,0.0,compact,29292,600,93.8889,93.8889,0.9333,0.4484,0.238,99.5679,96.6667,149,H200 NVL,0.275,original,loso_20260917/compact/sdssvep_S10_seed2027
loso,compact,sdssvep,1,2025,loso,,0.0,compact,29292,600,47.7778,47.7778,0.4303,1.6182,0.1235,99.8765,52.2222,181,H100 80GB HBM3,0.108,original,loso_20260915/compact/sdssvep_S1_seed2025
loso,compact,sdssvep,1,2026,loso,,0.0,compact,29292,600,46.6667,46.6667,0.4182,1.651,0.1183,99.8148,52.7778,121,H200 NVL,0.219,original,loso_20260917/compact/sdssvep_S1_seed2026
loso,compact,sdssvep,1,2027,loso,,0.0,compact,29292,600,48.3333,48.3333,0.4364,1.6739,0.1429,99.8148,53.3333,132,H200 NVL,0.213,original,loso_20260917/compact/sdssvep_S1_seed2027
loso,compact,sdssvep,2,2025,loso,,0.0,compact,29292,600,83.3333,83.3333,0.8182,0.7373,0.2436,99.7531,87.7778,48,H100 80GB HBM3,0.108,original,loso_20260915/compact/sdssvep_S2_seed2025
loso,compact,sdssvep,2,2026,loso,,0.0,compact,29292,600,82.7778,82.7778,0.8121,0.7467,0.2473,99.9383,88.8889,303,H200 NVL,0.22,original,loso_20260917/compact/sdssvep_S2_seed2026
loso,compact,sdssvep,2,2027,loso,,0.0,compact,29292,600,84.4444,84.4445,0.8303,0.7293,0.2417,99.6914,89.4444,74,H200 NVL,0.275,original,loso_20260917/compact/sdssvep_S2_seed2027
loso,compact,sdssvep,3,2025,loso,,0.0,compact,29292,600,46.6667,46.6667,0.4182,1.7456,0.1435,99.9383,50.5556,410,H100 80GB HBM3,0.108,original,loso_20260915/compact/sdssvep_S3_seed2025
loso,compact,sdssvep,3,2026,loso,,0.0,compact,29292,600,46.6667,46.6667,0.4182,1.7132,0.143,99.9383,50.0,416,H200 NVL,0.276,original,loso_20260917/compact/sdssvep_S3_seed2026
loso,compact,sdssvep,3,2027,loso,,0.0,compact,29292,600,47.2222,47.2222,0.4242,1.7068,0.1527,99.9383,51.6667,189,H200 NVL,0.303,original,loso_20260917/compact/sdssvep_S3_seed2027
loso,compact,sdssvep,4,2025,loso,,0.0,compact,29292,600,53.3333,53.3333,0.4909,1.4735,0.1595,99.7531,57.2222,348,H100 80GB HBM3,0.107,original,loso_20260915/compact/sdssvep_S4_seed2025
loso,compact,sdssvep,4,2026,loso,,0.0,compact,29292,600,47.2222,47.2222,0.4242,1.5981,0.128,99.8148,51.6667,168,H200 NVL,0.303,original,loso_20260917/compact/sdssvep_S4_seed2026
loso,compact,sdssvep,4,2027,loso,,0.0,compact,29292,600,54.4444,54.4444,0.503,1.4733,0.1678,99.8148,58.8889,334,H200 NVL,0.267,original,loso_20260917/compact/sdssvep_S4_seed2027
loso,compact,sdssvep,5,2025,loso,,0.0,compact,29292,600,97.2222,97.2222,0.9697,0.3561,0.2373,99.8765,99.4444,368,H100 80GB HBM3,0.107,original,loso_20260915/compact/sdssvep_S5_seed2025
loso,compact,sdssvep,5,2026,loso,,0.0,compact,29292,600,97.2222,97.2222,0.9697,0.3384,0.2209,99.7531,98.8889,204,H200 NVL,0.266,original,loso_20260917/compact/sdssvep_S5_seed2026
loso,compact,sdssvep,5,2027,loso,,0.0,compact,29292,600,96.1111,96.1111,0.9576,0.3529,0.2125,99.7531,98.3333,50,H200 NVL,0.265,original,loso_20260917/compact/sdssvep_S5_seed2027
loso,compact,sdssvep,6,2025,loso,,0.0,compact,29292,600,94.4444,94.4444,0.9394,0.3768,0.1928,99.7531,96.1111,263,H100 80GB HBM3,0.107,original,loso_20260915/compact/sdssvep_S6_seed2025
loso,compact,sdssvep,6,2026,loso,,0.0,compact,29292,600,92.7778,92.7778,0.9212,0.4463,0.1954,99.8765,93.8889,126,H200 NVL,0.219,original,loso_20260917/compact/sdssvep_S6_seed2026
loso,compact,sdssvep,6,2027,loso,,0.0,compact,29292,600,93.8889,93.8889,0.9333,0.3625,0.1743,99.7531,96.1111,259,H200 NVL,0.213,original,loso_20260917/compact/sdssvep_S6_seed2027
loso,compact,sdssvep,7,2025,loso,,0.0,compact,29292,600,93.3333,93.3333,0.9273,0.4866,0.254,99.7531,96.1111,173,H100 80GB HBM3,0.107,original,loso_20260915/compact/sdssvep_S7_seed2025
loso,compact,sdssvep,7,2026,loso,,0.0,compact,29292,600,94.4444,94.4444,0.9394,0.5272,0.2791,99.7531,95.0,26,H200 NVL,0.219,original,loso_20260917/compact/sdssvep_S7_seed2026
loso,compact,sdssvep,7,2027,loso,,0.0,compact,29292,600,92.7778,92.7778,0.9212,0.4784,0.2315,99.7531,95.0,88,H200 NVL,0.276,original,loso_20260917/compact/sdssvep_S7_seed2027
loso,compact,sdssvep,8,2025,loso,,0.0,compact,29292,600,93.8889,93.8889,0.9333,0.4871,0.2573,99.6296,95.5556,252,H200 NVL,0.09,original,loso_20260915/compact/sdssvep_S8_seed2025
loso,compact,sdssvep,8,2026,loso,,0.0,compact,29292,600,92.2222,92.2222,0.9152,0.5333,0.2771,99.7531,96.1111,174,H200 NVL,0.281,original,loso_20260917/compact/sdssvep_S8_seed2026
loso,compact,sdssvep,8,2027,loso,,0.0,compact,29292,600,91.6667,91.6667,0.9091,0.5184,0.252,99.8148,95.5556,217,H200 NVL,0.307,original,loso_20260917/compact/sdssvep_S8_seed2027
loso,compact,sdssvep,9,2025,loso,,0.0,compact,29292,600,96.6667,96.6667,0.9636,0.3585,0.2206,99.5679,98.3333,291,H200 NVL,0.09,original,loso_20260915/compact/sdssvep_S9_seed2025
loso,compact,sdssvep,9,2026,loso,,0.0,compact,29292,600,96.6667,96.6667,0.9636,0.3348,0.2051,99.6296,98.3333,182,H200 NVL,0.3,original,loso_20260917/compact/sdssvep_S9_seed2026
loso,compact,sdssvep,9,2027,loso,,0.0,compact,29292,600,94.4444,94.4444,0.9394,0.3797,0.2145,99.6914,96.6667,169,H200 NVL,0.282,original,loso_20260917/compact/sdssvep_S9_seed2027
loso,reader,2a,1,2025,loso,,0.0,reader,20964,600,71.0069,71.0069,0.6134,0.7486,0.0625,98.2205,78.4722,279,H200 NVL,0.916,original,loso_20260915/reader/2a_S1_seed2025
loso,reader,2a,1,2026,loso,,0.0,reader,20964,600,68.5764,68.5764,0.581,0.8211,0.0634,98.1771,77.0833,194,H200 NVL,2.251,original,loso_20260917/reader/2a_S1_seed2026
loso,reader,2a,1,2027,loso,,0.0,reader,20964,600,71.3542,71.3542,0.6181,0.7245,0.0786,97.7431,79.3403,117,H200 NVL,2.285,original,loso_20260917/reader/2a_S1_seed2027
loso,reader,2a,2,2025,loso,,0.0,reader,20964,600,42.0139,42.0139,0.2269,1.4814,0.1843,98.763,49.4792,11,H200 NVL,0.954,original,loso_20260915/reader/2a_S2_seed2025
loso,reader,2a,2,2026,loso,,0.0,reader,20964,600,42.1875,42.1875,0.2292,1.4816,0.1981,98.3724,50.3472,11,H200 NVL,2.532,original,loso_20260917/reader/2a_S2_seed2026
loso,reader,2a,2,2027,loso,,0.0,reader,20964,600,41.8403,41.8403,0.2245,1.447,0.1786,98.7413,50.5208,255,H200 NVL,2.517,original,loso_20260917/reader/2a_S2_seed2027
loso,reader,2a,3,2025,loso,,0.0,reader,20964,600,70.8333,70.8333,0.6111,0.7374,0.0881,97.9601,83.8542,99,H200 NVL,0.954,original,loso_20260915/reader/2a_S3_seed2025
loso,reader,2a,3,2026,loso,,0.0,reader,20964,600,80.2083,80.2083,0.7361,0.6084,0.1503,98.1554,85.2431,415,H200 NVL,2.51,original,loso_20260917/reader/2a_S3_seed2026
loso,reader,2a,3,2027,loso,,0.0,reader,20964,600,80.0347,80.0347,0.7338,0.6331,0.1518,98.2639,85.2431,27,H200 NVL,2.557,original,loso_20260917/reader/2a_S3_seed2027
loso,reader,2a,4,2025,loso,,0.0,reader,20964,600,60.9375,60.9375,0.4792,0.979,0.0461,98.1554,64.4097,449,H200 NVL,0.949,original,loso_20260915/reader/2a_S4_seed2025
loso,reader,2a,4,2026,loso,,0.0,reader,20964,600,61.4583,61.4583,0.4861,1.0024,0.0684,98.4592,64.9306,319,H200 NVL,2.558,original,loso_20260917/reader/2a_S4_seed2026
loso,reader,2a,4,2027,loso,,0.0,reader,20964,600,58.5069,58.5069,0.4468,1.0144,0.0413,98.546,66.3194,89,H200 NVL,2.554,original,loso_20260917/reader/2a_S4_seed2027
loso,reader,2a,5,2025,loso,,0.0,reader,20964,600,44.0972,44.0972,0.2546,2.0351,0.2904,98.329,57.6389,3,H200 NVL,0.949,original,loso_20260915/reader/2a_S5_seed2025
loso,reader,2a,5,2026,loso,,0.0,reader,20964,600,39.5833,39.5833,0.1944,1.8091,0.3431,98.3073,63.1944,2,H200 NVL,2.234,original,loso_20260917/reader/2a_S5_seed2026
loso,reader,2a,5,2027,loso,,0.0,reader,20964,600,43.75,43.75,0.25,1.7851,0.2669,98.7196,59.7222,2,H200 NVL,2.232,original,loso_20260917/reader/2a_S5_seed2027
loso,reader,2a,6,2025,loso,,0.0,reader,20964,600,44.6181,44.6181,0.2616,1.3342,0.1935,98.6328,58.1597,16,H200 NVL,0.954,original,loso_20260915/reader/2a_S6_seed2025
loso,reader,2a,6,2026,loso,,0.0,reader,20964,600,46.1806,46.1806,0.2824,1.2439,0.1697,98.6762,59.375,29,H200 NVL,2.251,original,loso_20260917/reader/2a_S6_seed2026
loso,reader,2a,6,2027,loso,,0.0,reader,20964,600,44.2708,44.2708,0.2569,1.4642,0.2362,98.4375,56.0764,3,H200 NVL,2.289,original,loso_20260917/reader/2a_S6_seed2027
loso,reader,2a,7,2025,loso,,0.0,reader,20964,600,67.3611,67.3611,0.5648,0.8061,0.0591,98.0035,75.3472,31,H200 NVL,0.954,original,loso_20260915/reader/2a_S7_seed2025
loso,reader,2a,7,2026,loso,,0.0,reader,20964,600,70.6597,70.6597,0.6088,0.7878,0.0977,98.2422,77.6042,9,H200 NVL,2.532,original,loso_20260917/reader/2a_S7_seed2026
loso,reader,2a,7,2027,loso,,0.0,reader,20964,600,67.5347,67.5347,0.5671,0.7995,0.0863,98.4592,79.3403,14,H200 NVL,2.517,original,loso_20260917/reader/2a_S7_seed2027
loso,reader,2a,8,2025,loso,,0.0,reader,20964,600,74.3056,74.3056,0.6574,0.7387,0.133,98.6762,82.9861,75,H100 80GB HBM3,0.897,original,loso_20260915/reader/2a_S8_seed2025
loso,reader,2a,8,2026,loso,,0.0,reader,20964,600,77.4306,77.4306,0.6991,0.6724,0.1424,98.3073,83.5069,54,H200 NVL,2.51,original,loso_20260917/reader/2a_S8_seed2026
loso,reader,2a,8,2027,loso,,0.0,reader,20964,600,78.6458,78.6458,0.7153,0.6956,0.1705,98.0252,84.0278,156,H200 NVL,2.557,original,loso_20260917/reader/2a_S8_seed2027
loso,reader,2a,9,2025,loso,,0.0,reader,20964,600,68.0556,68.0556,0.5741,0.8515,0.0957,98.1988,76.2153,62,H100 80GB HBM3,0.897,original,loso_20260915/reader/2a_S9_seed2025
loso,reader,2a,9,2026,loso,,0.0,reader,20964,600,68.2292,68.2292,0.5764,0.8517,0.0773,98.3724,75.6944,57,H200 NVL,2.558,original,loso_20260917/reader/2a_S9_seed2026
loso,reader,2a,9,2027,loso,,0.0,reader,20964,600,65.9722,65.9722,0.5463,0.8956,0.0992,98.329,75.6944,66,H200 NVL,2.554,original,loso_20260917/reader/2a_S9_seed2027
loso,reader,2b,1,2025,loso,,0.0,reader,19010,600,77.6389,77.6389,0.5528,0.5067,0.0972,89.2069,79.7222,184,H200 NVL,0.358,original,loso_20260915/reader/2b_S1_seed2025
loso,reader,2b,1,2026,loso,,0.0,reader,19010,600,76.8056,76.8056,0.5361,0.499,0.0776,88.7069,79.8611,67,H200 NVL,1.74,original,loso_20260917/reader/2b_S1_seed2026
loso,reader,2b,1,2027,loso,,0.0,reader,19010,600,75.8333,75.8333,0.5167,0.5073,0.0852,88.6034,79.3056,72,H200 NVL,1.734,original,loso_20260917/reader/2b_S1_seed2027
loso,reader,2b,2,2025,loso,,0.0,reader,19010,600,67.5,67.5,0.35,0.5973,0.0298,90.137,73.3824,151,H200 NVL,0.358,original,loso_20260915/reader/2b_S2_seed2025
loso,reader,2b,2,2026,loso,,0.0,reader,19010,600,69.5588,69.5588,0.3912,0.5826,0.0421,90.0342,72.9412,211,H200 NVL,1.753,original,loso_20260917/reader/2b_S2_seed2026
loso,reader,2b,2,2027,loso,,0.0,reader,19010,600,70.7353,70.7353,0.4147,0.5646,0.0321,89.8288,73.3824,328,H200 NVL,1.75,original,loso_20260917/reader/2b_S2_seed2027
loso,reader,2b,3,2025,loso,,0.0,reader,19010,600,63.0556,63.0556,0.2611,0.7101,0.1184,89.8103,66.9444,43,H200 NVL,0.609,original,loso_20260915/reader/2b_S3_seed2025
loso,reader,2b,3,2026,loso,,0.0,reader,19010,600,62.2222,62.2222,0.2444,0.7189,0.1265,90.1034,67.2222,26,H200 NVL,1.745,original,loso_20260917/reader/2b_S3_seed2026
loso,reader,2b,3,2027,loso,,0.0,reader,19010,600,61.25,61.25,0.225,0.7396,0.1389,89.5172,65.6944,188,H200 NVL,1.547,original,loso_20260917/reader/2b_S3_seed2027
loso,reader,2b,4,2025,loso,,0.0,reader,19010,600,83.5135,83.5135,0.6703,0.3629,0.0501,88.1142,90.0,68,H200 NVL,0.609,original,loso_20260915/reader/2b_S4_seed2025
loso,reader,2b,4,2026,loso,,0.0,reader,19010,600,82.7027,82.7027,0.6541,0.3699,0.0614,87.9066,90.0,51,H200 NVL,1.549,original,loso_20260917/reader/2b_S4_seed2026
loso,reader,2b,4,2027,loso,,0.0,reader,19010,600,83.6486,83.6486,0.673,0.3585,0.0585,87.4914,90.0,87,H200 NVL,1.589,original,loso_20260917/reader/2b_S4_seed2027
loso,reader,2b,5,2025,loso,,0.0,reader,19010,600,81.2162,81.2162,0.6243,0.4269,0.0573,88.1142,83.2432,289,H200 NVL,0.609,original,loso_20260915/reader/2b_S5_seed2025
loso,reader,2b,5,2026,loso,,0.0,reader,19010,600,81.2162,81.2162,0.6243,0.4297,0.0516,88.2007,82.1622,242,H200 NVL,1.658,original,loso_20260917/reader/2b_S5_seed2026
loso,reader,2b,5,2027,loso,,0.0,reader,19010,600,80.5405,80.5405,0.6108,0.4433,0.0482,88.4429,81.8919,296,H200 NVL,1.236,original,loso_20260917/reader/2b_S5_seed2027
loso,reader,2b,6,2025,loso,,0.0,reader,19010,600,75.0,75.0,0.5,0.5108,0.0673,88.6724,82.5,129,H200 NVL,0.609,original,loso_20260915/reader/2b_S6_seed2025
loso,reader,2b,6,2026,loso,,0.0,reader,19010,600,73.8889,73.8889,0.4778,0.5145,0.0375,88.6379,82.6389,50,H200 NVL,1.319,original,loso_20260917/reader/2b_S6_seed2026
loso,reader,2b,6,2027,loso,,0.0,reader,19010,600,75.2778,75.2778,0.5056,0.5204,0.0665,88.7931,81.25,43,H200 NVL,1.298,original,loso_20260917/reader/2b_S6_seed2027
loso,reader,2b,7,2025,loso,,0.0,reader,19010,600,81.8056,81.8056,0.6361,0.4083,0.0632,89.1207,84.3056,262,H200 NVL,0.489,original,loso_20260915/reader/2b_S7_seed2025
loso,reader,2b,7,2026,loso,,0.0,reader,19010,600,83.4722,83.4722,0.6694,0.4029,0.081,88.5172,85.2778,14,H200 NVL,1.752,original,loso_20260917/reader/2b_S7_seed2026
loso,reader,2b,7,2027,loso,,0.0,reader,19010,600,82.0833,82.0833,0.6417,0.4043,0.0627,89.1552,84.1667,10,H200 NVL,1.748,original,loso_20260917/reader/2b_S7_seed2027
loso,reader,2b,8,2025,loso,,0.0,reader,19010,600,73.4211,73.4211,0.4684,0.6597,0.1401,89.4618,80.9211,4,H200 NVL,0.488,original,loso_20260915/reader/2b_S8_seed2025
loso,reader,2b,8,2026,loso,,0.0,reader,19010,600,73.5526,73.5526,0.4711,0.6632,0.1385,88.9931,80.6579,62,H200 NVL,1.737,original,loso_20260917/reader/2b_S8_seed2026
loso,reader,2b,8,2027,loso,,0.0,reader,19010,600,73.6842,73.6842,0.4737,0.6575,0.1377,88.9583,80.9211,152,H200 NVL,1.54,original,loso_20260917/reader/2b_S8_seed2027
loso,reader,2b,9,2025,loso,,0.0,reader,19010,600,79.3056,79.3056,0.5861,0.4473,0.0309,89.6034,81.3889,386,H200 NVL,0.489,original,loso_20260915/reader/2b_S9_seed2025
loso,reader,2b,9,2026,loso,,0.0,reader,19010,600,79.8611,79.8611,0.5972,0.4427,0.0438,89.0345,81.25,271,H200 NVL,1.545,original,loso_20260917/reader/2b_S9_seed2026
loso,reader,2b,9,2027,loso,,0.0,reader,19010,600,79.3056,79.3056,0.5861,0.4391,0.0398,89.1897,81.5278,327,H200 NVL,1.584,original,loso_20260917/reader/2b_S9_seed2027
loso,reader,sdssvep,10,2025,loso,,0.0,reader,32428,600,93.3333,93.3333,0.9273,0.538,0.2814,99.6914,95.5556,171,H100 80GB HBM3,0.146,original,loso_20260915/reader/sdssvep_S10_seed2025
loso,reader,sdssvep,10,2026,loso,,0.0,reader,32428,600,95.0,95.0,0.9455,0.5158,0.2949,99.7531,97.7778,205,H200 NVL,0.351,original,loso_20260917/reader/sdssvep_S10_seed2026
loso,reader,sdssvep,10,2027,loso,,0.0,reader,32428,600,92.2222,92.2222,0.9152,0.537,0.2781,99.7531,96.1111,371,H200 NVL,0.349,original,loso_20260917/reader/sdssvep_S10_seed2027
loso,reader,sdssvep,1,2025,loso,,0.0,reader,32428,600,49.4444,49.4444,0.4485,1.6226,0.1597,99.6914,55.0,282,H200 NVL,0.113,original,loso_20260915/reader/sdssvep_S1_seed2025
loso,reader,sdssvep,1,2026,loso,,0.0,reader,32428,600,49.4444,49.4444,0.4485,1.5909,0.1456,99.6296,53.3333,248,H200 NVL,0.368,original,loso_20260917/reader/sdssvep_S1_seed2026
loso,reader,sdssvep,1,2027,loso,,0.0,reader,32428,600,49.4444,49.4444,0.4485,1.6238,0.1817,99.6296,54.4444,129,H200 NVL,0.362,original,loso_20260917/reader/sdssvep_S1_seed2027
loso,reader,sdssvep,2,2025,loso,,0.0,reader,32428,600,85.5556,85.5556,0.8424,0.8542,0.3288,99.9383,88.8889,143,H100 80GB HBM3,0.146,original,loso_20260915/reader/sdssvep_S2_seed2025
loso,reader,sdssvep,2,2026,loso,,0.0,reader,32428,600,83.3333,83.3333,0.8182,0.8334,0.2785,99.8765,88.8889,19,H200 NVL,0.342,original,loso_20260917/reader/sdssvep_S2_seed2026
loso,reader,sdssvep,2,2027,loso,,0.0,reader,32428,600,82.7778,82.7778,0.8121,0.8353,0.2886,99.6914,88.3333,69,H200 NVL,0.368,original,loso_20260917/reader/sdssvep_S2_seed2027
loso,reader,sdssvep,3,2025,loso,,0.0,reader,32428,600,44.4444,44.4444,0.3939,1.7384,0.1664,99.8148,50.0,251,H100 80GB HBM3,0.146,original,loso_20260915/reader/sdssvep_S3_seed2025
loso,reader,sdssvep,3,2026,loso,,0.0,reader,32428,600,42.7778,42.7778,0.3758,1.778,0.1372,99.8148,48.8889,139,H200 NVL,0.353,original,loso_20260917/reader/sdssvep_S3_seed2026
loso,reader,sdssvep,3,2027,loso,,0.0,reader,32428,600,43.3333,43.3333,0.3818,1.7308,0.158,99.9383,51.6667,143,H200 NVL,0.431,original,loso_20260917/reader/sdssvep_S3_seed2027
loso,reader,sdssvep,4,2025,loso,,0.0,reader,32428,600,57.2222,57.2222,0.5333,1.462,0.2093,99.8148,61.1111,332,H100 80GB HBM3,0.146,original,loso_20260915/reader/sdssvep_S4_seed2025
loso,reader,sdssvep,4,2026,loso,,0.0,reader,32428,600,56.1111,56.1111,0.5212,1.4372,0.2099,99.8765,65.0,382,H200 NVL,0.436,original,loso_20260917/reader/sdssvep_S4_seed2026
loso,reader,sdssvep,4,2027,loso,,0.0,reader,32428,600,61.6667,61.6667,0.5818,1.4448,0.2742,99.7531,63.8889,423,H200 NVL,0.398,original,loso_20260917/reader/sdssvep_S4_seed2027
loso,reader,sdssvep,5,2025,loso,,0.0,reader,32428,600,97.7778,97.7778,0.9758,0.4012,0.2658,99.6296,98.8889,102,H100 NVL,0.158,original,loso_20260915/reader/sdssvep_S5_seed2025
loso,reader,sdssvep,5,2026,loso,,0.0,reader,32428,600,97.7778,97.7778,0.9758,0.4027,0.2721,99.6914,99.4444,226,H200 NVL,0.397,original,loso_20260917/reader/sdssvep_S5_seed2026
loso,reader,sdssvep,5,2027,loso,,0.0,reader,32428,600,97.2222,97.2222,0.9697,0.4044,0.2625,99.5679,98.8889,189,H200 NVL,0.398,original,loso_20260917/reader/sdssvep_S5_seed2027
loso,reader,sdssvep,6,2025,loso,,0.0,reader,32428,600,95.5556,95.5556,0.9515,0.3874,0.2186,99.8148,96.6667,328,H100 NVL,0.158,original,loso_20260915/reader/sdssvep_S6_seed2025
loso,reader,sdssvep,6,2026,loso,,0.0,reader,32428,600,92.7778,92.7778,0.9212,0.4162,0.199,99.7531,95.5556,126,H200 NVL,0.268,original,loso_20260917/reader/sdssvep_S6_seed2026
loso,reader,sdssvep,6,2027,loso,,0.0,reader,32428,600,95.5556,95.5556,0.9515,0.4168,0.2396,99.8765,97.2222,472,H200 NVL,0.272,original,loso_20260917/reader/sdssvep_S6_seed2027
loso,reader,sdssvep,7,2025,loso,,0.0,reader,32428,600,96.1111,96.1111,0.9576,0.5459,0.3224,99.5679,97.2222,291,H100 NVL,0.158,original,loso_20260915/reader/sdssvep_S7_seed2025
loso,reader,sdssvep,7,2026,loso,,0.0,reader,32428,600,93.3333,93.3333,0.9273,0.5721,0.3044,99.6914,96.6667,191,H200 NVL,0.267,original,loso_20260917/reader/sdssvep_S7_seed2026
loso,reader,sdssvep,7,2027,loso,,0.0,reader,32428,600,96.1111,96.1111,0.9576,0.4961,0.292,99.7531,96.6667,161,H200 NVL,0.348,original,loso_20260917/reader/sdssvep_S7_seed2027
loso,reader,sdssvep,8,2025,loso,,0.0,reader,32428,600,95.0,95.0,0.9455,0.5531,0.3252,99.6914,97.7778,415,H100 NVL,0.158,original,loso_20260915/reader/sdssvep_S8_seed2025
loso,reader,sdssvep,8,2026,loso,,0.0,reader,32428,600,91.6667,91.6667,0.9091,0.5424,0.2664,99.7531,94.4444,133,H200 NVL,0.404,original,loso_20260917/reader/sdssvep_S8_seed2026
loso,reader,sdssvep,8,2027,loso,,0.0,reader,32428,600,92.7778,92.7778,0.9212,0.5635,0.2865,99.8148,95.5556,62,H200 NVL,0.398,original,loso_20260917/reader/sdssvep_S8_seed2027
loso,reader,sdssvep,9,2025,loso,,0.0,reader,32428,600,97.7778,97.7778,0.9758,0.3941,0.2615,99.5062,98.8889,326,H100 80GB HBM3,0.045,original,loso_20260915/reader/sdssvep_S9_seed2025
loso,reader,sdssvep,9,2026,loso,,0.0,reader,32428,600,95.0,95.0,0.9455,0.4211,0.2377,99.5062,97.2222,208,H200 NVL,0.398,original,loso_20260917/reader/sdssvep_S9_seed2026
loso,reader,sdssvep,9,2027,loso,,0.0,reader,32428,600,96.6667,96.6667,0.9636,0.3758,0.2346,99.8148,98.3333,156,H200 NVL,0.355,original,loso_20260917/reader/sdssvep_S9_seed2027
zoo,ATCNet,2a,1,2025,within,,0.0,zoo_ATCNet,113732,600,85.4167,85.4167,0.8056,0.4907,0.1763,100.0,88.1944,337,H200 NVL,0.566,original,zoo_20260916/ATCNet/2a_S1_seed2025
zoo,ATCNet,2a,1,2026,within,,0.0,zoo_ATCNet,113732,600,85.7639,85.7639,0.8102,0.5034,0.1727,100.0,89.5833,305,H200 NVL,0.361,original,zoo_20260916/ATCNet/2a_S1_seed2026
zoo,ATCNet,2a,1,2027,within,,0.0,zoo_ATCNet,113732,600,87.1528,87.1528,0.8287,0.4955,0.191,100.0,89.5833,454,H200 NVL,0.575,original,zoo_20260916/ATCNet/2a_S1_seed2027
zoo,ATCNet,2a,2,2025,within,,0.0,zoo_ATCNet,113732,600,64.2361,64.2361,0.5231,0.9143,0.0909,100.0,68.0556,378,H200 NVL,0.563,original,zoo_20260916/ATCNet/2a_S2_seed2025
zoo,ATCNet,2a,2,2026,within,,0.0,zoo_ATCNet,113732,600,70.1389,70.1389,0.6019,0.8309,0.1224,100.0,71.5278,295,H200 NVL,0.427,original,zoo_20260916/ATCNet/2a_S2_seed2026
zoo,ATCNet,2a,2,2027,within,,0.0,zoo_ATCNet,113732,600,65.625,65.625,0.5417,0.8942,0.0961,100.0,67.3611,325,H200 NVL,0.566,original,zoo_20260916/ATCNet/2a_S2_seed2027
zoo,ATCNet,2a,3,2025,within,,0.0,zoo_ATCNet,113732,600,91.3194,91.3194,0.8843,0.3798,0.1562,100.0,94.7917,225,H200 NVL,0.423,original,zoo_20260916/ATCNet/2a_S3_seed2025
zoo,ATCNet,2a,3,2026,within,,0.0,zoo_ATCNet,113732,600,91.3194,91.3194,0.8843,0.3536,0.1525,100.0,94.7917,293,H200 NVL,0.436,original,zoo_20260916/ATCNet/2a_S3_seed2026
zoo,ATCNet,2a,3,2027,within,,0.0,zoo_ATCNet,113732,600,92.7083,92.7083,0.9028,0.3462,0.1662,100.0,94.4444,337,H200 NVL,0.425,original,zoo_20260916/ATCNet/2a_S3_seed2027
zoo,ATCNet,2a,4,2025,within,,0.0,zoo_ATCNet,113732,600,76.3889,76.3889,0.6852,0.7247,0.1743,100.0,78.8194,216,H200 NVL,0.424,original,zoo_20260916/ATCNet/2a_S4_seed2025
zoo,ATCNet,2a,4,2026,within,,0.0,zoo_ATCNet,113732,600,76.3889,76.3889,0.6852,0.6952,0.1618,100.0,78.125,456,H200 NVL,0.582,original,zoo_20260916/ATCNet/2a_S4_seed2026
zoo,ATCNet,2a,4,2027,within,,0.0,zoo_ATCNet,113732,600,76.0417,76.0417,0.6806,0.705,0.1615,100.0,79.1667,469,H200 NVL,0.427,original,zoo_20260916/ATCNet/2a_S4_seed2027
zoo,ATCNet,2a,5,2025,within,,0.0,zoo_ATCNet,113732,600,77.0833,77.0833,0.6944,0.6771,0.1362,100.0,79.8611,291,H200 NVL,0.43,original,zoo_20260916/ATCNet/2a_S5_seed2025
zoo,ATCNet,2a,5,2026,within,,0.0,zoo_ATCNet,113732,600,78.125,78.125,0.7083,0.6954,0.1466,100.0,80.2083,489,H200 NVL,0.575,original,zoo_20260916/ATCNet/2a_S5_seed2026
zoo,ATCNet,2a,5,2027,within,,0.0,zoo_ATCNet,113732,600,79.8611,79.8611,0.7315,0.7117,0.1595,100.0,80.9028,399,H200 NVL,0.431,original,zoo_20260916/ATCNet/2a_S5_seed2027
zoo,ATCNet,2a,6,2025,within,,0.0,zoo_ATCNet,113732,600,73.6111,73.6111,0.6481,0.7798,0.122,100.0,74.6528,435,H200 NVL,0.436,original,zoo_20260916/ATCNet/2a_S6_seed2025
zoo,ATCNet,2a,6,2026,within,,0.0,zoo_ATCNet,113732,600,70.8333,70.8333,0.6111,0.8258,0.1112,100.0,74.6528,311,H200 NVL,0.428,original,zoo_20260916/ATCNet/2a_S6_seed2026
zoo,ATCNet,2a,6,2027,within,,0.0,zoo_ATCNet,113732,600,74.6528,74.6528,0.662,0.7875,0.1406,100.0,77.4306,486,H200 NVL,0.433,original,zoo_20260916/ATCNet/2a_S6_seed2027
zoo,ATCNet,2a,7,2025,within,,0.0,zoo_ATCNet,113732,600,93.0556,93.0556,0.9074,0.406,0.206,100.0,94.7917,429,H200 NVL,0.577,original,zoo_20260916/ATCNet/2a_S7_seed2025
zoo,ATCNet,2a,7,2026,within,,0.0,zoo_ATCNet,113732,600,90.9722,90.9722,0.8796,0.4255,0.1909,100.0,94.4444,165,H200 NVL,0.419,original,zoo_20260916/ATCNet/2a_S7_seed2026
zoo,ATCNet,2a,7,2027,within,,0.0,zoo_ATCNet,113732,600,91.3194,91.3194,0.8843,0.4063,0.187,100.0,94.0972,335,H200 NVL,0.577,original,zoo_20260916/ATCNet/2a_S7_seed2027
zoo,ATCNet,2a,8,2025,within,,0.0,zoo_ATCNet,113732,600,82.2917,82.2917,0.7639,0.555,0.1312,100.0,85.4167,225,H200 NVL,0.569,original,zoo_20260916/ATCNet/2a_S8_seed2025
zoo,ATCNet,2a,8,2026,within,,0.0,zoo_ATCNet,113732,600,83.3333,83.3333,0.7778,0.5554,0.1453,100.0,84.7222,214,H200 NVL,0.434,original,zoo_20260916/ATCNet/2a_S8_seed2026
zoo,ATCNet,2a,8,2027,within,,0.0,zoo_ATCNet,113732,600,85.0694,85.0694,0.8009,0.5204,0.1508,100.0,86.8056,526,H200 NVL,0.58,original,zoo_20260916/ATCNet/2a_S8_seed2027
zoo,ATCNet,2a,9,2025,within,,0.0,zoo_ATCNet,113732,600,85.4167,85.4167,0.8056,0.574,0.1973,100.0,87.5,156,H200 NVL,0.428,original,zoo_20260916/ATCNet/2a_S9_seed2025
zoo,ATCNet,2a,9,2026,within,,0.0,zoo_ATCNet,113732,600,84.7222,84.7222,0.7963,0.578,0.1925,100.0,87.8472,421,H200 NVL,0.438,original,zoo_20260916/ATCNet/2a_S9_seed2026
zoo,ATCNet,2a,9,2027,within,,0.0,zoo_ATCNet,113732,600,81.9444,81.9444,0.7593,0.5676,0.1728,100.0,87.1528,168,H200 NVL,0.431,original,zoo_20260916/ATCNet/2a_S9_seed2027
zoo,ATCNet,2b,1,2025,within,,0.0,zoo_ATCNet,112794,600,75.3125,75.3125,0.5063,0.5157,0.0483,100.0,83.4375,263,H200 NVL,0.314,original,zoo_20260916/ATCNet/2b_S1_seed2025
zoo,ATCNet,2b,1,2026,within,,0.0,zoo_ATCNet,112794,600,75.3125,75.3125,0.5063,0.5267,0.0669,100.0,83.125,77,H200 NVL,0.538,original,zoo_20260916/ATCNet/2b_S1_seed2026
zoo,ATCNet,2b,1,2027,within,,0.0,zoo_ATCNet,112794,600,74.375,74.375,0.4875,0.5272,0.0679,100.0,83.125,97,H200 NVL,0.314,original,zoo_20260916/ATCNet/2b_S1_seed2027
zoo,ATCNet,2b,2,2025,within,,0.0,zoo_ATCNet,112794,600,69.2857,69.2857,0.3857,0.6188,0.1028,100.0,71.7857,120,H200 NVL,0.352,original,zoo_20260916/ATCNet/2b_S2_seed2025
zoo,ATCNet,2b,2,2026,within,,0.0,zoo_ATCNet,112794,600,69.6429,69.6429,0.3929,0.6227,0.1246,100.0,72.1429,348,H200 NVL,0.52,original,zoo_20260916/ATCNet/2b_S2_seed2026
zoo,ATCNet,2b,2,2027,within,,0.0,zoo_ATCNet,112794,600,65.3571,65.3571,0.3071,0.6495,0.1439,100.0,72.1429,220,H200 NVL,0.347,original,zoo_20260916/ATCNet/2b_S2_seed2027
zoo,ATCNet,2b,3,2025,within,,0.0,zoo_ATCNet,112794,600,82.8125,82.8125,0.6562,0.3912,0.0349,100.0,85.9375,58,H200 NVL,0.346,original,zoo_20260916/ATCNet/2b_S3_seed2025
zoo,ATCNet,2b,3,2026,within,,0.0,zoo_ATCNet,112794,600,82.5,82.5,0.65,0.3581,0.041,100.0,86.5625,228,H200 NVL,0.358,original,zoo_20260916/ATCNet/2b_S3_seed2026
zoo,ATCNet,2b,3,2027,within,,0.0,zoo_ATCNet,112794,600,81.875,81.875,0.6375,0.3828,0.0587,100.0,86.5625,146,H200 NVL,0.348,original,zoo_20260916/ATCNet/2b_S3_seed2027
zoo,ATCNet,2b,4,2025,within,,0.0,zoo_ATCNet,112794,600,97.5,97.5,0.95,0.1109,0.0595,100.0,98.4375,140,H200 NVL,0.551,original,zoo_20260916/ATCNet/2b_S4_seed2025
zoo,ATCNet,2b,4,2026,within,,0.0,zoo_ATCNet,112794,600,96.875,96.875,0.9375,0.1204,0.0553,100.0,98.125,247,H200 NVL,0.374,original,zoo_20260916/ATCNet/2b_S4_seed2026
zoo,ATCNet,2b,4,2027,within,,0.0,zoo_ATCNet,112794,600,96.875,96.875,0.9375,0.1196,0.0597,100.0,98.4375,365,H200 NVL,0.547,original,zoo_20260916/ATCNet/2b_S4_seed2027
zoo,ATCNet,2b,5,2025,within,,0.0,zoo_ATCNet,112794,600,88.4375,88.4375,0.7688,0.3104,0.0705,100.0,93.4375,129,H200 NVL,0.551,original,zoo_20260916/ATCNet/2b_S5_seed2025
zoo,ATCNet,2b,5,2026,within,,0.0,zoo_ATCNet,112794,600,87.1875,87.1875,0.7437,0.3021,0.0479,100.0,93.125,253,H200 NVL,0.37,original,zoo_20260916/ATCNet/2b_S5_seed2026
zoo,ATCNet,2b,5,2027,within,,0.0,zoo_ATCNet,112794,600,86.5625,86.5625,0.7312,0.3309,0.0504,100.0,86.875,473,H200 NVL,0.563,original,zoo_20260916/ATCNet/2b_S5_seed2027
zoo,ATCNet,2b,6,2025,within,,0.0,zoo_ATCNet,112794,600,81.5625,81.5625,0.6313,0.3705,0.0501,100.0,88.75,188,H200 NVL,0.365,original,zoo_20260916/ATCNet/2b_S6_seed2025
zoo,ATCNet,2b,6,2026,within,,0.0,zoo_ATCNet,112794,600,83.125,83.125,0.6625,0.3642,0.0652,100.0,88.125,152,H200 NVL,0.361,original,zoo_20260916/ATCNet/2b_S6_seed2026
zoo,ATCNet,2b,6,2027,within,,0.0,zoo_ATCNet,112794,600,80.9375,80.9375,0.6187,0.3791,0.0686,100.0,89.375,159,H200 NVL,0.369,original,zoo_20260916/ATCNet/2b_S6_seed2027
zoo,ATCNet,2b,7,2025,within,,0.0,zoo_ATCNet,112794,600,89.6875,89.6875,0.7937,0.2599,0.065,100.0,92.8125,118,H200 NVL,0.365,original,zoo_20260916/ATCNet/2b_S7_seed2025
zoo,ATCNet,2b,7,2026,within,,0.0,zoo_ATCNet,112794,600,89.0625,89.0625,0.7812,0.2674,0.0726,100.0,92.5,109,H200 NVL,0.552,original,zoo_20260916/ATCNet/2b_S7_seed2026
zoo,ATCNet,2b,7,2027,within,,0.0,zoo_ATCNet,112794,600,90.9375,90.9375,0.8188,0.2675,0.0638,100.0,92.5,121,H200 NVL,0.36,original,zoo_20260916/ATCNet/2b_S7_seed2027
zoo,ATCNet,2b,8,2025,within,,0.0,zoo_ATCNet,112794,600,91.5625,91.5625,0.8313,0.24,0.0533,100.0,94.375,123,H200 NVL,0.382,original,zoo_20260916/ATCNet/2b_S8_seed2025
zoo,ATCNet,2b,8,2026,within,,0.0,zoo_ATCNet,112794,600,92.5,92.5,0.85,0.2203,0.0719,100.0,95.0,122,H200 NVL,0.569,original,zoo_20260916/ATCNet/2b_S8_seed2026
zoo,ATCNet,2b,8,2027,within,,0.0,zoo_ATCNet,112794,600,91.5625,91.5625,0.8313,0.2414,0.0595,100.0,94.6875,169,H200 NVL,0.375,original,zoo_20260916/ATCNet/2b_S8_seed2027
zoo,ATCNet,2b,9,2025,within,,0.0,zoo_ATCNet,112794,600,82.1875,82.1875,0.6438,0.3915,0.067,100.0,88.4375,81,H200 NVL,0.356,original,zoo_20260916/ATCNet/2b_S9_seed2025
zoo,ATCNet,2b,9,2026,within,,0.0,zoo_ATCNet,112794,600,83.75,83.75,0.675,0.3902,0.0186,100.0,87.8125,134,H200 NVL,0.364,original,zoo_20260916/ATCNet/2b_S9_seed2026
zoo,ATCNet,2b,9,2027,within,,0.0,zoo_ATCNet,112794,600,83.125,83.125,0.6625,0.3812,0.054,100.0,88.125,294,H200 NVL,0.355,original,zoo_20260916/ATCNet/2b_S9_seed2027
zoo,ATCNet,hgd,10,2025,within,,0.0,zoo_ATCNet,114436,600,93.75,93.646,0.9164,0.2293,0.0822,100.0,96.0227,282,H200 NVL,1.194,original,zoo_20260916/ATCNet/hgd_S10_seed2025
zoo,ATCNet,hgd,10,2026,within,,0.0,zoo_ATCNet,114436,600,93.1818,92.9881,0.9088,0.2339,0.1061,100.0,96.5909,213,H200 NVL,1.197,original,zoo_20260916/ATCNet/hgd_S10_seed2026
zoo,ATCNet,hgd,10,2027,within,,0.0,zoo_ATCNet,114436,600,92.6136,92.2788,0.9011,0.2342,0.0909,100.0,96.5909,256,H200 NVL,1.208,original,zoo_20260916/ATCNet/hgd_S10_seed2027
zoo,ATCNet,hgd,11,2025,within,,0.0,zoo_ATCNet,114436,600,86.3636,87.025,0.8174,0.3972,0.1033,100.0,91.4773,213,H200 NVL,1.211,original,zoo_20260916/ATCNet/hgd_S11_seed2025
zoo,ATCNet,hgd,11,2026,within,,0.0,zoo_ATCNet,114436,600,87.5,88.2194,0.8326,0.3989,0.0935,100.0,91.4773,103,H200 NVL,1.21,original,zoo_20260916/ATCNet/hgd_S11_seed2026
zoo,ATCNet,hgd,11,2027,within,,0.0,zoo_ATCNet,114436,600,89.7727,90.36,0.8631,0.3919,0.1004,100.0,91.4773,214,H200 NVL,1.21,original,zoo_20260916/ATCNet/hgd_S11_seed2027
zoo,ATCNet,hgd,12,2025,within,,0.0,zoo_ATCNet,114436,600,97.1591,97.1568,0.962,0.1595,0.0997,100.0,98.2955,243,H200 NVL,1.211,original,zoo_20260916/ATCNet/hgd_S12_seed2025
zoo,ATCNet,hgd,12,2026,within,,0.0,zoo_ATCNet,114436,600,97.1591,97.0671,0.962,0.1485,0.0841,100.0,98.2955,107,H200 NVL,1.198,original,zoo_20260916/ATCNet/hgd_S12_seed2026
zoo,ATCNet,hgd,12,2027,within,,0.0,zoo_ATCNet,114436,600,97.1591,96.9797,0.962,0.156,0.1064,100.0,98.2955,146,H200 NVL,1.213,original,zoo_20260916/ATCNet/hgd_S12_seed2027
zoo,ATCNet,hgd,13,2025,within,,0.0,zoo_ATCNet,114436,600,95.0,94.8862,0.9332,0.2391,0.1126,100.0,96.25,108,H200 NVL,1.104,original,zoo_20260916/ATCNet/hgd_S13_seed2025
zoo,ATCNet,hgd,13,2026,within,,0.0,zoo_ATCNet,114436,600,93.75,93.6957,0.9166,0.2333,0.0916,100.0,96.875,323,H200 NVL,1.091,original,zoo_20260916/ATCNet/hgd_S13_seed2026
zoo,ATCNet,hgd,13,2027,within,,0.0,zoo_ATCNet,114436,600,93.125,93.086,0.9082,0.237,0.0947,100.0,96.25,107,H200 NVL,1.09,original,zoo_20260916/ATCNet/hgd_S13_seed2027
zoo,ATCNet,hgd,14,2025,within,,0.0,zoo_ATCNet,114436,600,98.8636,98.9357,0.9848,0.1247,0.1004,100.0,99.4318,81,H200 NVL,1.214,original,zoo_20260916/ATCNet/hgd_S14_seed2025
zoo,ATCNet,hgd,14,2026,within,,0.0,zoo_ATCNet,114436,600,98.8636,98.913,0.9848,0.1157,0.0912,100.0,100.0,408,H200 NVL,1.222,original,zoo_20260916/ATCNet/hgd_S14_seed2026
zoo,ATCNet,hgd,14,2027,within,,0.0,zoo_ATCNet,114436,600,97.7273,97.8714,0.9696,0.1306,0.1056,100.0,99.4318,80,H200 NVL,1.209,original,zoo_20260916/ATCNet/hgd_S14_seed2027
zoo,ATCNet,hgd,1,2025,within,,0.0,zoo_ATCNet,114436,600,98.4375,98.8636,0.9787,0.2342,0.1729,100.0,100.0,181,H200 NVL,0.438,original,zoo_20260916/ATCNet/hgd_S1_seed2025
zoo,ATCNet,hgd,1,2026,within,,0.0,zoo_ATCNet,114436,600,100.0,100.0,1.0,0.196,0.1691,100.0,100.0,149,H200 NVL,0.438,original,zoo_20260916/ATCNet/hgd_S1_seed2026
zoo,ATCNet,hgd,1,2027,within,,0.0,zoo_ATCNet,114436,600,98.4375,98.8636,0.9787,0.2216,0.1614,100.0,100.0,171,H200 NVL,0.442,original,zoo_20260916/ATCNet/hgd_S1_seed2027
zoo,ATCNet,hgd,2,2025,within,,0.0,zoo_ATCNet,114436,600,95.092,95.0848,0.9344,0.2566,0.1567,100.0,97.546,173,H200 NVL,1.11,original,zoo_20260916/ATCNet/hgd_S2_seed2025
zoo,ATCNet,hgd,2,2026,within,,0.0,zoo_ATCNet,114436,600,93.2515,93.1271,0.9098,0.2642,0.1139,100.0,95.7055,137,H200 NVL,1.108,original,zoo_20260916/ATCNet/hgd_S2_seed2026
zoo,ATCNet,hgd,2,2027,within,,0.0,zoo_ATCNet,114436,600,94.4785,94.6967,0.9263,0.271,0.1414,100.0,96.9325,109,H200 NVL,1.119,original,zoo_20260916/ATCNet/hgd_S2_seed2027
zoo,ATCNet,hgd,3,2025,within,,0.0,zoo_ATCNet,114436,600,97.1591,97.1171,0.962,0.1758,0.1161,100.0,99.4318,216,H200 NVL,1.21,original,zoo_20260916/ATCNet/hgd_S3_seed2025
zoo,ATCNet,hgd,3,2026,within,,0.0,zoo_ATCNet,114436,600,98.2955,98.255,0.9772,0.1787,0.1274,100.0,99.4318,169,H200 NVL,1.198,original,zoo_20260916/ATCNet/hgd_S3_seed2026
zoo,ATCNet,hgd,3,2027,within,,0.0,zoo_ATCNet,114436,600,98.2955,98.2218,0.9772,0.1825,0.1356,100.0,99.4318,120,H200 NVL,1.198,original,zoo_20260916/ATCNet/hgd_S3_seed2027
zoo,ATCNet,hgd,4,2025,within,,0.0,zoo_ATCNet,114436,600,97.2222,97.1008,0.9627,0.1532,0.0894,100.0,98.3333,83,H200 NVL,1.235,original,zoo_20260916/ATCNet/hgd_S4_seed2025
zoo,ATCNet,hgd,4,2026,within,,0.0,zoo_ATCNet,114436,600,98.8889,98.7955,0.9851,0.1518,0.0942,100.0,98.8889,130,H200 NVL,1.222,original,zoo_20260916/ATCNet/hgd_S4_seed2026
zoo,ATCNet,hgd,4,2027,within,,0.0,zoo_ATCNet,114436,600,98.8889,98.7955,0.9851,0.1489,0.0955,100.0,98.8889,86,H200 NVL,1.22,original,zoo_20260916/ATCNet/hgd_S4_seed2027
zoo,ATCNet,hgd,5,2025,within,,0.0,zoo_ATCNet,114436,600,98.6111,98.7492,0.9814,0.1629,0.1177,100.0,99.3056,134,H200 NVL,0.989,original,zoo_20260916/ATCNet/hgd_S5_seed2025
zoo,ATCNet,hgd,5,2026,within,,0.0,zoo_ATCNet,114436,600,97.2222,97.5297,0.9629,0.1715,0.1037,100.0,98.6111,140,H200 NVL,0.984,original,zoo_20260916/ATCNet/hgd_S5_seed2026
zoo,ATCNet,hgd,5,2027,within,,0.0,zoo_ATCNet,114436,600,95.1389,95.3262,0.935,0.1827,0.0994,100.0,98.6111,231,H200 NVL,0.995,original,zoo_20260916/ATCNet/hgd_S5_seed2027
zoo,ATCNet,hgd,6,2025,within,,0.0,zoo_ATCNet,114436,600,95.4545,95.5476,0.9392,0.2823,0.1537,100.0,97.1591,333,H200 NVL,1.213,original,zoo_20260916/ATCNet/hgd_S6_seed2025
zoo,ATCNet,hgd,6,2026,within,,0.0,zoo_ATCNet,114436,600,93.75,94.0714,0.9166,0.2887,0.1488,100.0,95.4545,422,H200 NVL,1.216,original,zoo_20260916/ATCNet/hgd_S6_seed2026
zoo,ATCNet,hgd,6,2027,within,,0.0,zoo_ATCNet,114436,600,92.0455,92.3968,0.8938,0.2862,0.1439,100.0,94.8864,219,H200 NVL,1.207,original,zoo_20260916/ATCNet/hgd_S6_seed2027
zoo,ATCNet,hgd,7,2025,within,,0.0,zoo_ATCNet,114436,600,93.75,93.5116,0.9165,0.2526,0.1193,100.0,96.0227,53,H200 NVL,1.21,original,zoo_20260916/ATCNet/hgd_S7_seed2025
zoo,ATCNet,hgd,7,2026,within,,0.0,zoo_ATCNet,114436,600,94.8864,94.6744,0.9317,0.2423,0.1164,100.0,96.5909,268,H200 NVL,1.193,original,zoo_20260916/ATCNet/hgd_S7_seed2026
zoo,ATCNet,hgd,7,2027,within,,0.0,zoo_ATCNet,114436,600,95.4545,95.4244,0.9393,0.2495,0.1256,100.0,97.1591,177,H200 NVL,1.21,original,zoo_20260916/ATCNet/hgd_S7_seed2027
zoo,ATCNet,hgd,8,2025,within,,0.0,zoo_ATCNet,114436,600,96.1832,96.2884,0.949,0.2339,0.1215,100.0,96.9466,455,H200 NVL,0.905,original,zoo_20260916/ATCNet/hgd_S8_seed2025
zoo,ATCNet,hgd,8,2026,within,,0.0,zoo_ATCNet,114436,600,96.1832,96.2884,0.949,0.2156,0.1132,100.0,97.7099,365,H200 NVL,0.9,original,zoo_20260916/ATCNet/hgd_S8_seed2026
zoo,ATCNet,hgd,8,2027,within,,0.0,zoo_ATCNet,114436,600,95.4198,95.5071,0.9388,0.2232,0.0972,100.0,96.9466,274,H200 NVL,0.894,original,zoo_20260916/ATCNet/hgd_S8_seed2027
zoo,ATCNet,hgd,9,2025,within,,0.0,zoo_ATCNet,114436,600,97.1591,97.2294,0.962,0.1747,0.1145,100.0,98.8636,175,H200 NVL,1.213,original,zoo_20260916/ATCNet/hgd_S9_seed2025
zoo,ATCNet,hgd,9,2026,within,,0.0,zoo_ATCNet,114436,600,98.8636,98.9357,0.9848,0.1497,0.1092,100.0,99.4318,130,H200 NVL,1.211,original,zoo_20260916/ATCNet/hgd_S9_seed2026
zoo,ATCNet,hgd,9,2027,within,,0.0,zoo_ATCNet,114436,600,97.7273,97.8108,0.9696,0.1815,0.1233,100.0,99.4318,422,H200 NVL,1.198,original,zoo_20260916/ATCNet/hgd_S9_seed2027
zoo,ATCNet,sdssvep,10,2025,within,,0.0,zoo_ATCNet,114604,600,90.0,90.0,0.8909,0.4679,0.2239,100.0,95.0,347,H200 NVL,0.141,original,zoo_20260916/ATCNet/sdssvep_S10_seed2025
zoo,ATCNet,sdssvep,10,2026,within,,0.0,zoo_ATCNet,114604,600,91.6667,91.6667,0.9091,0.4518,0.2321,100.0,93.3333,386,H200 NVL,0.09,original,zoo_20260916/ATCNet/sdssvep_S10_seed2026
zoo,ATCNet,sdssvep,10,2027,within,,0.0,zoo_ATCNet,114604,600,96.6667,96.6667,0.9636,0.3669,0.2225,100.0,96.6667,335,H200 NVL,0.142,original,zoo_20260916/ATCNet/sdssvep_S10_seed2027
zoo,ATCNet,sdssvep,1,2025,within,,0.0,zoo_ATCNet,114604,600,65.0,65.0,0.6182,1.2803,0.2084,100.0,68.3333,336,H200 NVL,0.126,original,zoo_20260916/ATCNet/sdssvep_S1_seed2025
zoo,ATCNet,sdssvep,1,2026,within,,0.0,zoo_ATCNet,114604,600,73.3333,73.3333,0.7091,1.1242,0.2757,100.0,75.0,351,H200 NVL,0.19,original,zoo_20260916/ATCNet/sdssvep_S1_seed2026
zoo,ATCNet,sdssvep,1,2027,within,,0.0,zoo_ATCNet,114604,600,56.6667,56.6667,0.5273,1.2717,0.1732,100.0,63.3333,343,H200 NVL,0.144,original,zoo_20260916/ATCNet/sdssvep_S1_seed2027
zoo,ATCNet,sdssvep,2,2025,within,,0.0,zoo_ATCNet,114604,600,75.0,75.0,0.7273,0.8415,0.2426,100.0,81.6667,276,H200 NVL,0.129,original,zoo_20260916/ATCNet/sdssvep_S2_seed2025
zoo,ATCNet,sdssvep,2,2026,within,,0.0,zoo_ATCNet,114604,600,80.0,80.0,0.7818,0.825,0.2649,100.0,86.6667,406,H200 NVL,0.089,original,zoo_20260916/ATCNet/sdssvep_S2_seed2026
zoo,ATCNet,sdssvep,2,2027,within,,0.0,zoo_ATCNet,114604,600,78.3333,78.3333,0.7636,0.8759,0.2078,100.0,81.6667,426,H200 NVL,0.142,original,zoo_20260916/ATCNet/sdssvep_S2_seed2027
zoo,ATCNet,sdssvep,3,2025,within,,0.0,zoo_ATCNet,114604,600,46.6667,46.6667,0.4182,1.8164,0.1363,100.0,48.3333,407,H200 NVL,0.094,original,zoo_20260916/ATCNet/sdssvep_S3_seed2025
zoo,ATCNet,sdssvep,3,2026,within,,0.0,zoo_ATCNet,114604,600,53.3333,53.3333,0.4909,1.6063,0.2254,100.0,58.3333,349,H200 NVL,0.135,original,zoo_20260916/ATCNet/sdssvep_S3_seed2026
zoo,ATCNet,sdssvep,3,2027,within,,0.0,zoo_ATCNet,114604,600,38.3333,38.3333,0.3273,1.8178,0.1139,100.0,45.0,351,H200 NVL,0.097,original,zoo_20260916/ATCNet/sdssvep_S3_seed2027
zoo,ATCNet,sdssvep,4,2025,within,,0.0,zoo_ATCNet,114604,600,83.3333,83.3333,0.8182,0.6962,0.2243,100.0,88.3333,364,H200 NVL,0.09,original,zoo_20260916/ATCNet/sdssvep_S4_seed2025
zoo,ATCNet,sdssvep,4,2026,within,,0.0,zoo_ATCNet,114604,600,90.0,90.0,0.8909,0.6841,0.3151,100.0,91.6667,442,H200 NVL,0.135,original,zoo_20260916/ATCNet/sdssvep_S4_seed2026
zoo,ATCNet,sdssvep,4,2027,within,,0.0,zoo_ATCNet,114604,600,85.0,85.0,0.8364,0.7328,0.2363,100.0,88.3333,307,H200 NVL,0.09,original,zoo_20260916/ATCNet/sdssvep_S4_seed2027
zoo,ATCNet,sdssvep,5,2025,within,,0.0,zoo_ATCNet,114604,600,96.6667,96.6667,0.9636,0.3242,0.2182,100.0,100.0,339,H200 NVL,0.141,original,zoo_20260916/ATCNet/sdssvep_S5_seed2025
zoo,ATCNet,sdssvep,5,2026,within,,0.0,zoo_ATCNet,114604,600,95.0,95.0,0.9455,0.3549,0.2,100.0,96.6667,222,H200 NVL,0.094,original,zoo_20260916/ATCNet/sdssvep_S5_seed2026
zoo,ATCNet,sdssvep,5,2027,within,,0.0,zoo_ATCNet,114604,600,95.0,95.0,0.9455,0.3631,0.2072,100.0,96.6667,331,H200 NVL,0.142,original,zoo_20260916/ATCNet/sdssvep_S5_seed2027
zoo,ATCNet,sdssvep,6,2025,within,,0.0,zoo_ATCNet,114604,600,100.0,100.0,1.0,0.1435,0.1268,100.0,100.0,206,H200 NVL,0.141,original,zoo_20260916/ATCNet/sdssvep_S6_seed2025
zoo,ATCNet,sdssvep,6,2026,within,,0.0,zoo_ATCNet,114604,600,100.0,100.0,1.0,0.1303,0.1197,100.0,100.0,243,H200 NVL,0.088,original,zoo_20260916/ATCNet/sdssvep_S6_seed2026
zoo,ATCNet,sdssvep,6,2027,within,,0.0,zoo_ATCNet,114604,600,100.0,100.0,1.0,0.136,0.1234,100.0,100.0,248,H200 NVL,0.142,original,zoo_20260916/ATCNet/sdssvep_S6_seed2027
zoo,ATCNet,sdssvep,7,2025,within,,0.0,zoo_ATCNet,114604,600,98.3333,98.3333,0.9818,0.2482,0.1918,100.0,98.3333,312,H200 NVL,0.094,original,zoo_20260916/ATCNet/sdssvep_S7_seed2025
zoo,ATCNet,sdssvep,7,2026,within,,0.0,zoo_ATCNet,114604,600,98.3333,98.3333,0.9818,0.2307,0.1838,100.0,100.0,222,H200 NVL,0.136,original,zoo_20260916/ATCNet/sdssvep_S7_seed2026
zoo,ATCNet,sdssvep,7,2027,within,,0.0,zoo_ATCNet,114604,600,96.6667,96.6667,0.9636,0.2907,0.1953,100.0,96.6667,320,H200 NVL,0.096,original,zoo_20260916/ATCNet/sdssvep_S7_seed2027
zoo,ATCNet,sdssvep,8,2025,within,,0.0,zoo_ATCNet,114604,600,96.6667,96.6667,0.9636,0.4266,0.2683,100.0,98.3333,436,H200 NVL,0.091,original,zoo_20260916/ATCNet/sdssvep_S8_seed2025
zoo,ATCNet,sdssvep,8,2026,within,,0.0,zoo_ATCNet,114604,600,96.6667,96.6667,0.9636,0.4446,0.2938,100.0,100.0,388,H200 NVL,0.139,original,zoo_20260916/ATCNet/sdssvep_S8_seed2026
zoo,ATCNet,sdssvep,8,2027,within,,0.0,zoo_ATCNet,114604,600,90.0,90.0,0.8909,0.5345,0.2618,100.0,98.3333,375,H200 NVL,0.089,original,zoo_20260916/ATCNet/sdssvep_S8_seed2027
zoo,ATCNet,sdssvep,9,2025,within,,0.0,zoo_ATCNet,114604,600,98.3333,98.3333,0.9818,0.2346,0.1767,100.0,100.0,406,H200 NVL,0.141,original,zoo_20260916/ATCNet/sdssvep_S9_seed2025
zoo,ATCNet,sdssvep,9,2026,within,,0.0,zoo_ATCNet,114604,600,96.6667,96.6667,0.9636,0.2918,0.1557,100.0,96.6667,254,H200 NVL,0.095,original,zoo_20260916/ATCNet/sdssvep_S9_seed2026
zoo,ATCNet,sdssvep,9,2027,within,,0.0,zoo_ATCNet,114604,600,98.3333,98.3333,0.9818,0.2512,0.1476,100.0,98.3333,313,H200 NVL,0.143,original,zoo_20260916/ATCNet/sdssvep_S9_seed2027
zoo,DMSANet,2a,1,2025,within,,0.0,zoo_DMSANet,35884,600,83.3333,83.3333,0.7778,0.5845,0.203,100.0,84.7222,481,H200 NVL,0.221,original,zoo_20260916/DMSANet/2a_S1_seed2025
zoo,DMSANet,2a,1,2026,within,,0.0,zoo_DMSANet,35884,600,79.5139,79.5139,0.7269,0.6294,0.1705,100.0,81.5972,336,H200 NVL,0.171,original,zoo_20260916/DMSANet/2a_S1_seed2026
zoo,DMSANet,2a,1,2027,within,,0.0,zoo_DMSANet,35884,600,82.9861,82.9861,0.7731,0.5979,0.2003,100.0,84.0278,515,H200 NVL,0.222,original,zoo_20260916/DMSANet/2a_S1_seed2027
zoo,DMSANet,2a,2,2025,within,,0.0,zoo_DMSANet,35884,600,56.25,56.25,0.4167,1.0162,0.0721,100.0,58.6806,330,H200 NVL,0.221,original,zoo_20260916/DMSANet/2a_S2_seed2025
zoo,DMSANet,2a,2,2026,within,,0.0,zoo_DMSANet,35884,600,57.9861,57.9861,0.4398,1.0071,0.06,100.0,60.4167,227,H200 NVL,0.199,original,zoo_20260916/DMSANet/2a_S2_seed2026
zoo,DMSANet,2a,2,2027,within,,0.0,zoo_DMSANet,35884,600,57.2917,57.2917,0.4306,0.9983,0.039,100.0,61.4583,304,H200 NVL,0.222,original,zoo_20260916/DMSANet/2a_S2_seed2027
zoo,DMSANet,2a,3,2025,within,,0.0,zoo_DMSANet,35884,600,89.2361,89.2361,0.8565,0.4723,0.1976,100.0,90.9722,253,H200 NVL,0.202,original,zoo_20260916/DMSANet/2a_S3_seed2025
zoo,DMSANet,2a,3,2026,within,,0.0,zoo_DMSANet,35884,600,88.8889,88.8889,0.8519,0.4728,0.1792,100.0,91.3194,373,H200 NVL,0.189,original,zoo_20260916/DMSANet/2a_S3_seed2026
zoo,DMSANet,2a,3,2027,within,,0.0,zoo_DMSANet,35884,600,88.1944,88.1944,0.8426,0.4931,0.1909,100.0,90.2778,162,H200 NVL,0.203,original,zoo_20260916/DMSANet/2a_S3_seed2027
zoo,DMSANet,2a,4,2025,within,,0.0,zoo_DMSANet,35884,600,70.1389,70.1389,0.6019,0.8003,0.1563,100.0,72.2222,486,H200 NVL,0.205,original,zoo_20260916/DMSANet/2a_S4_seed2025
zoo,DMSANet,2a,4,2026,within,,0.0,zoo_DMSANet,35884,600,69.0972,69.0972,0.588,0.8216,0.1508,100.0,72.5694,458,H200 NVL,0.222,original,zoo_20260916/DMSANet/2a_S4_seed2026
zoo,DMSANet,2a,4,2027,within,,0.0,zoo_DMSANet,35884,600,70.8333,70.8333,0.6111,0.795,0.1623,100.0,72.9167,353,H200 NVL,0.207,original,zoo_20260916/DMSANet/2a_S4_seed2027
zoo,DMSANet,2a,5,2025,within,,0.0,zoo_DMSANet,35884,600,77.7778,77.7778,0.7037,0.7036,0.186,100.0,80.2083,340,H200 NVL,0.199,original,zoo_20260916/DMSANet/2a_S5_seed2025
zoo,DMSANet,2a,5,2026,within,,0.0,zoo_DMSANet,35884,600,71.875,71.875,0.625,0.7571,0.1313,100.0,79.1667,280,H200 NVL,0.222,original,zoo_20260916/DMSANet/2a_S5_seed2026
zoo,DMSANet,2a,5,2027,within,,0.0,zoo_DMSANet,35884,600,75.6944,75.6944,0.6759,0.7243,0.1492,100.0,79.5139,304,H200 NVL,0.202,original,zoo_20260916/DMSANet/2a_S5_seed2027
zoo,DMSANet,2a,6,2025,within,,0.0,zoo_DMSANet,35884,600,64.9306,64.9306,0.5324,0.968,0.1035,100.0,66.6667,414,H200 NVL,0.189,original,zoo_20260916/DMSANet/2a_S6_seed2025
zoo,DMSANet,2a,6,2026,within,,0.0,zoo_DMSANet,35884,600,64.2361,64.2361,0.5231,0.986,0.1111,100.0,68.0556,331,H200 NVL,0.203,original,zoo_20260916/DMSANet/2a_S6_seed2026
zoo,DMSANet,2a,6,2027,within,,0.0,zoo_DMSANet,35884,600,61.8056,61.8056,0.4907,0.9727,0.0856,100.0,64.2361,362,H200 NVL,0.191,original,zoo_20260916/DMSANet/2a_S6_seed2027
zoo,DMSANet,2a,7,2025,within,,0.0,zoo_DMSANet,35884,600,89.5833,89.5833,0.8611,0.4,0.1476,100.0,91.6667,372,H200 NVL,0.221,original,zoo_20260916/DMSANet/2a_S7_seed2025
zoo,DMSANet,2a,7,2026,within,,0.0,zoo_DMSANet,35884,600,90.2778,90.2778,0.8704,0.3831,0.1602,100.0,93.75,288,H200 NVL,0.204,original,zoo_20260916/DMSANet/2a_S7_seed2026
zoo,DMSANet,2a,7,2027,within,,0.0,zoo_DMSANet,35884,600,89.2361,89.2361,0.8565,0.4088,0.1443,100.0,91.6667,201,H200 NVL,0.223,original,zoo_20260916/DMSANet/2a_S7_seed2027
zoo,DMSANet,2a,8,2025,within,,0.0,zoo_DMSANet,35884,600,82.9861,82.9861,0.7731,0.6281,0.219,100.0,86.1111,268,H200 NVL,0.221,original,zoo_20260916/DMSANet/2a_S8_seed2025
zoo,DMSANet,2a,8,2026,within,,0.0,zoo_DMSANet,35884,600,82.2917,82.2917,0.7639,0.6447,0.2114,100.0,84.0278,371,H200 NVL,0.198,original,zoo_20260916/DMSANet/2a_S8_seed2026
zoo,DMSANet,2a,8,2027,within,,0.0,zoo_DMSANet,35884,600,84.375,84.375,0.7917,0.6368,0.229,100.0,86.4583,347,H200 NVL,0.223,original,zoo_20260916/DMSANet/2a_S8_seed2027
zoo,DMSANet,2a,9,2025,within,,0.0,zoo_DMSANet,35884,600,84.7222,84.7222,0.7963,0.5622,0.1919,100.0,86.4583,381,H200 NVL,0.202,original,zoo_20260916/DMSANet/2a_S9_seed2025
zoo,DMSANet,2a,9,2026,within,,0.0,zoo_DMSANet,35884,600,80.5556,80.5556,0.7407,0.5887,0.1491,100.0,85.4167,195,H200 NVL,0.189,original,zoo_20260916/DMSANet/2a_S9_seed2026
zoo,DMSANet,2a,9,2027,within,,0.0,zoo_DMSANet,35884,600,79.5139,79.5139,0.7269,0.6033,0.1355,100.0,83.6806,202,H200 NVL,0.204,original,zoo_20260916/DMSANet/2a_S9_seed2027
zoo,DMSANet,2b,1,2025,within,,0.0,zoo_DMSANet,18722,600,72.5,72.5,0.45,0.5894,0.0777,100.0,74.6875,132,H200 NVL,0.067,original,zoo_20260916/DMSANet/2b_S1_seed2025
zoo,DMSANet,2b,1,2026,within,,0.0,zoo_DMSANet,18722,600,68.4375,68.4375,0.3687,0.5971,0.0742,100.0,75.9375,342,H200 NVL,0.087,original,zoo_20260916/DMSANet/2b_S1_seed2026
zoo,DMSANet,2b,1,2027,within,,0.0,zoo_DMSANet,18722,600,70.3125,70.3125,0.4062,0.5968,0.0755,100.0,77.1875,360,H200 NVL,0.069,original,zoo_20260916/DMSANet/2b_S1_seed2027
zoo,DMSANet,2b,2,2025,within,,0.0,zoo_DMSANet,18722,600,57.5,57.5,0.15,1.5032,0.3027,99.75,68.9286,131,H200 NVL,0.076,original,zoo_20260916/DMSANet/2b_S2_seed2025
zoo,DMSANet,2b,2,2026,within,,0.0,zoo_DMSANet,18722,600,65.3571,65.3571,0.3071,0.6644,0.0904,99.75,67.5,358,H200 NVL,0.087,original,zoo_20260916/DMSANet/2b_S2_seed2026
zoo,DMSANet,2b,2,2027,within,,0.0,zoo_DMSANet,18722,600,59.2857,59.2857,0.1857,0.8416,0.199,100.0,67.5,56,H200 NVL,0.076,original,zoo_20260916/DMSANet/2b_S2_seed2027
zoo,DMSANet,2b,3,2025,within,,0.0,zoo_DMSANet,18722,600,78.125,78.125,0.5625,0.4766,0.0498,99.75,80.625,365,H200 NVL,0.071,original,zoo_20260916/DMSANet/2b_S3_seed2025
zoo,DMSANet,2b,3,2026,within,,0.0,zoo_DMSANet,18722,600,78.75,78.75,0.575,0.4497,0.0376,99.25,79.6875,59,H200 NVL,0.08,original,zoo_20260916/DMSANet/2b_S3_seed2026
zoo,DMSANet,2b,3,2027,within,,0.0,zoo_DMSANet,18722,600,77.1875,77.1875,0.5437,0.4687,0.0223,100.0,80.625,124,H200 NVL,0.072,original,zoo_20260916/DMSANet/2b_S3_seed2027
zoo,DMSANet,2b,4,2025,within,,0.0,zoo_DMSANet,18722,600,95.0,95.0,0.9,0.1841,0.0863,100.0,96.5625,299,H200 NVL,0.088,original,zoo_20260916/DMSANet/2b_S4_seed2025
zoo,DMSANet,2b,4,2026,within,,0.0,zoo_DMSANet,18722,600,84.6875,84.6875,0.6938,0.2923,0.0572,100.0,95.3125,42,H200 NVL,0.082,original,zoo_20260916/DMSANet/2b_S4_seed2026
zoo,DMSANet,2b,4,2027,within,,0.0,zoo_DMSANet,18722,600,74.6875,74.6875,0.4937,0.6063,0.169,100.0,92.1875,117,H200 NVL,0.089,original,zoo_20260916/DMSANet/2b_S4_seed2027
zoo,DMSANet,2b,5,2025,within,,0.0,zoo_DMSANet,18722,600,88.125,88.125,0.7625,0.326,0.0919,100.0,92.8125,189,H200 NVL,0.088,original,zoo_20260916/DMSANet/2b_S5_seed2025
zoo,DMSANet,2b,5,2026,within,,0.0,zoo_DMSANet,18722,600,88.75,88.75,0.775,0.3143,0.1144,100.0,90.9375,201,H200 NVL,0.077,original,zoo_20260916/DMSANet/2b_S5_seed2026
zoo,DMSANet,2b,5,2027,within,,0.0,zoo_DMSANet,18722,600,90.625,90.625,0.8125,0.2985,0.1185,100.0,93.125,261,H200 NVL,0.089,original,zoo_20260916/DMSANet/2b_S5_seed2027
zoo,DMSANet,2b,6,2025,within,,0.0,zoo_DMSANet,18722,600,85.0,85.0,0.7,0.3415,0.0555,100.0,90.625,213,H200 NVL,0.08,original,zoo_20260916/DMSANet/2b_S6_seed2025
zoo,DMSANet,2b,6,2026,within,,0.0,zoo_DMSANet,18722,600,87.5,87.5,0.75,0.3374,0.0559,100.0,89.0625,276,H200 NVL,0.073,original,zoo_20260916/DMSANet/2b_S6_seed2026
zoo,DMSANet,2b,6,2027,within,,0.0,zoo_DMSANet,18722,600,85.3125,85.3125,0.7063,0.3456,0.0362,100.0,90.0,287,H200 NVL,0.082,original,zoo_20260916/DMSANet/2b_S6_seed2027
zoo,DMSANet,2b,7,2025,within,,0.0,zoo_DMSANet,18722,600,86.25,86.25,0.725,0.3282,0.0591,100.0,88.4375,220,H200 NVL,0.082,original,zoo_20260916/DMSANet/2b_S7_seed2025
zoo,DMSANet,2b,7,2026,within,,0.0,zoo_DMSANet,18722,600,86.25,86.25,0.725,0.3342,0.0403,100.0,88.4375,291,H200 NVL,0.089,original,zoo_20260916/DMSANet/2b_S7_seed2026
zoo,DMSANet,2b,7,2027,within,,0.0,zoo_DMSANet,18722,600,87.8125,87.8125,0.7563,0.3227,0.0597,100.0,89.0625,292,H200 NVL,0.082,original,zoo_20260916/DMSANet/2b_S7_seed2027
zoo,DMSANet,2b,8,2025,within,,0.0,zoo_DMSANet,18722,600,91.25,91.25,0.825,0.2348,0.0697,100.0,92.8125,176,H200 NVL,0.079,original,zoo_20260916/DMSANet/2b_S8_seed2025
zoo,DMSANet,2b,8,2026,within,,0.0,zoo_DMSANet,18722,600,91.875,91.875,0.8375,0.2298,0.0604,100.0,93.4375,147,H200 NVL,0.09,original,zoo_20260916/DMSANet/2b_S8_seed2026
zoo,DMSANet,2b,8,2027,within,,0.0,zoo_DMSANet,18722,600,92.1875,92.1875,0.8438,0.2295,0.0782,100.0,93.125,252,H200 NVL,0.081,original,zoo_20260916/DMSANet/2b_S8_seed2027
zoo,DMSANet,2b,9,2025,within,,0.0,zoo_DMSANet,18722,600,84.6875,84.6875,0.6938,0.3301,0.0908,100.0,87.5,107,H200 NVL,0.072,original,zoo_20260916/DMSANet/2b_S9_seed2025
zoo,DMSANet,2b,9,2026,within,,0.0,zoo_DMSANet,18722,600,88.125,88.125,0.7625,0.3248,0.0911,100.0,89.0625,299,H200 NVL,0.081,original,zoo_20260916/DMSANet/2b_S9_seed2026
zoo,DMSANet,2b,9,2027,within,,0.0,zoo_DMSANet,18722,600,86.5625,86.5625,0.7312,0.3448,0.0811,100.0,87.8125,141,H200 NVL,0.074,original,zoo_20260916/DMSANet/2b_S9_seed2027
zoo,DMSANet,hgd,10,2025,within,,0.0,zoo_DMSANet,38524,600,96.0227,95.6387,0.9468,0.2745,0.1456,100.0,98.2955,155,H200 NVL,0.771,original,zoo_20260916/DMSANet/hgd_S10_seed2025
zoo,DMSANet,hgd,10,2026,within,,0.0,zoo_DMSANet,38524,600,94.8864,94.3711,0.9316,0.2689,0.1319,100.0,97.7273,92,H200 NVL,0.773,original,zoo_20260916/DMSANet/hgd_S10_seed2026
zoo,DMSANet,hgd,10,2027,within,,0.0,zoo_DMSANet,38524,600,95.4545,95.0289,0.9391,0.2501,0.1336,100.0,97.7273,255,H200 NVL,0.77,original,zoo_20260916/DMSANet/hgd_S10_seed2027
zoo,DMSANet,hgd,11,2025,within,,0.0,zoo_DMSANet,38524,600,98.2955,98.2374,0.9772,0.2255,0.1671,100.0,99.4318,106,H200 NVL,0.769,original,zoo_20260916/DMSANet/hgd_S11_seed2025
zoo,DMSANet,hgd,11,2026,within,,0.0,zoo_DMSANet,38524,600,96.0227,95.9645,0.9467,0.3024,0.1994,100.0,98.2955,131,H200 NVL,0.77,original,zoo_20260916/DMSANet/hgd_S11_seed2026
zoo,DMSANet,hgd,11,2027,within,,0.0,zoo_DMSANet,38524,600,99.4318,99.3243,0.9924,0.2297,0.1892,100.0,100.0,114,H200 NVL,0.769,original,zoo_20260916/DMSANet/hgd_S11_seed2027
zoo,DMSANet,hgd,12,2025,within,,0.0,zoo_DMSANet,38524,600,99.4318,99.5192,0.9924,0.2558,0.1665,100.0,99.4318,85,H200 NVL,0.772,original,zoo_20260916/DMSANet/hgd_S12_seed2025
zoo,DMSANet,hgd,12,2026,within,,0.0,zoo_DMSANet,38524,600,98.8636,98.8613,0.9848,0.2635,0.1639,100.0,99.4318,63,H200 NVL,0.773,original,zoo_20260916/DMSANet/hgd_S12_seed2026
zoo,DMSANet,hgd,12,2027,within,,0.0,zoo_DMSANet,38524,600,99.4318,99.5192,0.9924,0.2616,0.1676,100.0,99.4318,94,H200 NVL,0.771,original,zoo_20260916/DMSANet/hgd_S12_seed2027
zoo,DMSANet,hgd,13,2025,within,,0.0,zoo_DMSANet,38524,600,85.625,85.7287,0.8082,0.4319,0.1267,100.0,90.625,111,H200 NVL,0.702,original,zoo_20260916/DMSANet/hgd_S13_seed2025
zoo,DMSANet,hgd,13,2026,within,,0.0,zoo_DMSANet,38524,600,90.0,90.2182,0.8667,0.3967,0.1577,100.0,92.5,175,H200 NVL,0.698,original,zoo_20260916/DMSANet/hgd_S13_seed2026
zoo,DMSANet,hgd,13,2027,within,,0.0,zoo_DMSANet,38524,600,90.0,90.0809,0.8666,0.4377,0.1629,100.0,92.5,370,H200 NVL,0.7,original,zoo_20260916/DMSANet/hgd_S13_seed2027
zoo,DMSANet,hgd,14,2025,within,,0.0,zoo_DMSANet,38524,600,98.2955,98.3922,0.9772,0.2171,0.1625,100.0,99.4318,73,H200 NVL,0.773,original,zoo_20260916/DMSANet/hgd_S14_seed2025
zoo,DMSANet,hgd,14,2026,within,,0.0,zoo_DMSANet,38524,600,98.8636,98.8155,0.9848,0.2039,0.1655,100.0,100.0,181,H200 NVL,0.772,original,zoo_20260916/DMSANet/hgd_S14_seed2026
zoo,DMSANet,hgd,14,2027,within,,0.0,zoo_DMSANet,38524,600,99.4318,99.4565,0.9924,0.1914,0.1625,100.0,100.0,70,H200 NVL,0.77,original,zoo_20260916/DMSANet/hgd_S14_seed2027
zoo,DMSANet,hgd,1,2025,within,,0.0,zoo_DMSANet,38524,600,95.3125,94.6678,0.9358,0.3075,0.1972,100.0,100.0,106,H200 NVL,0.282,original,zoo_20260916/DMSANet/hgd_S1_seed2025
zoo,DMSANet,hgd,1,2026,within,,0.0,zoo_DMSANet,38524,600,98.4375,98.0769,0.9786,0.2647,0.1993,100.0,100.0,77,H200 NVL,0.283,original,zoo_20260916/DMSANet/hgd_S1_seed2026
zoo,DMSANet,hgd,1,2027,within,,0.0,zoo_DMSANet,38524,600,98.4375,98.0769,0.9786,0.2768,0.2029,100.0,100.0,104,H200 NVL,0.282,original,zoo_20260916/DMSANet/hgd_S1_seed2027
zoo,DMSANet,hgd,2,2025,within,,0.0,zoo_DMSANet,38524,600,90.1841,90.1112,0.8689,0.389,0.1451,100.0,92.638,348,H200 NVL,0.713,original,zoo_20260916/DMSANet/hgd_S2_seed2025
zoo,DMSANet,hgd,2,2026,within,,0.0,zoo_DMSANet,38524,600,90.7975,90.6271,0.8771,0.3776,0.1666,100.0,94.4785,156,H200 NVL,0.711,original,zoo_20260916/DMSANet/hgd_S2_seed2026
zoo,DMSANet,hgd,2,2027,within,,0.0,zoo_DMSANet,38524,600,92.0245,92.13,0.8935,0.356,0.1675,100.0,94.4785,226,H200 NVL,0.709,original,zoo_20260916/DMSANet/hgd_S2_seed2027
zoo,DMSANet,hgd,3,2025,within,,0.0,zoo_DMSANet,38524,600,96.5909,96.5583,0.9544,0.2454,0.1558,100.0,99.4318,165,H200 NVL,0.772,original,zoo_20260916/DMSANet/hgd_S3_seed2025
zoo,DMSANet,hgd,3,2026,within,,0.0,zoo_DMSANet,38524,600,97.7273,97.7116,0.9696,0.2235,0.1564,100.0,98.8636,161,H200 NVL,0.772,original,zoo_20260916/DMSANet/hgd_S3_seed2026
zoo,DMSANet,hgd,3,2027,within,,0.0,zoo_DMSANet,38524,600,97.1591,97.1018,0.962,0.2287,0.1725,100.0,98.2955,245,H200 NVL,0.77,original,zoo_20260916/DMSANet/hgd_S3_seed2027
zoo,DMSANet,hgd,4,2025,within,,0.0,zoo_DMSANet,38524,600,98.3333,98.2955,0.9776,0.1723,0.1375,100.0,99.4444,146,H200 NVL,0.783,original,zoo_20260916/DMSANet/hgd_S4_seed2025
zoo,DMSANet,hgd,4,2026,within,,0.0,zoo_DMSANet,38524,600,98.3333,98.2955,0.9776,0.1707,0.127,100.0,99.4444,314,H200 NVL,0.784,original,zoo_20260916/DMSANet/hgd_S4_seed2026
zoo,DMSANet,hgd,4,2027,within,,0.0,zoo_DMSANet,38524,600,98.8889,99.0098,0.9851,0.1694,0.1329,100.0,98.8889,160,H200 NVL,0.783,original,zoo_20260916/DMSANet/hgd_S4_seed2027
zoo,DMSANet,hgd,5,2025,within,,0.0,zoo_DMSANet,38524,600,99.3056,99.3902,0.9907,0.1672,0.1331,100.0,99.3056,83,H200 NVL,0.632,original,zoo_20260916/DMSANet/hgd_S5_seed2025
zoo,DMSANet,hgd,5,2026,within,,0.0,zoo_DMSANet,38524,600,99.3056,99.3902,0.9907,0.1893,0.1413,100.0,99.3056,87,H200 NVL,0.631,original,zoo_20260916/DMSANet/hgd_S5_seed2026
zoo,DMSANet,hgd,5,2027,within,,0.0,zoo_DMSANet,38524,600,99.3056,99.3902,0.9907,0.1631,0.1275,100.0,100.0,233,H200 NVL,0.629,original,zoo_20260916/DMSANet/hgd_S5_seed2027
zoo,DMSANet,hgd,6,2025,within,,0.0,zoo_DMSANet,38524,600,96.0227,96.0079,0.9468,0.332,0.1952,100.0,96.5909,90,H200 NVL,0.77,original,zoo_20260916/DMSANet/hgd_S6_seed2025
zoo,DMSANet,hgd,6,2026,within,,0.0,zoo_DMSANet,38524,600,94.3182,94.3669,0.924,0.3439,0.1956,100.0,96.5909,73,H200 NVL,0.77,original,zoo_20260916/DMSANet/hgd_S6_seed2026
zoo,DMSANet,hgd,6,2027,within,,0.0,zoo_DMSANet,38524,600,96.0227,96.0079,0.9468,0.3188,0.1929,100.0,96.5909,105,H200 NVL,0.77,original,zoo_20260916/DMSANet/hgd_S6_seed2027
zoo,DMSANet,hgd,7,2025,within,,0.0,zoo_DMSANet,38524,600,95.4545,95.343,0.9393,0.2835,0.1613,100.0,95.4545,210,H200 NVL,0.773,original,zoo_20260916/DMSANet/hgd_S7_seed2025
zoo,DMSANet,hgd,7,2026,within,,0.0,zoo_DMSANet,38524,600,94.8864,94.6308,0.9317,0.29,0.1556,100.0,97.1591,322,H200 NVL,0.77,original,zoo_20260916/DMSANet/hgd_S7_seed2026
zoo,DMSANet,hgd,7,2027,within,,0.0,zoo_DMSANet,38524,600,94.3182,94.0494,0.9241,0.2819,0.1499,100.0,96.0227,274,H200 NVL,0.77,original,zoo_20260916/DMSANet/hgd_S7_seed2027
zoo,DMSANet,hgd,8,2025,within,,0.0,zoo_DMSANet,38524,600,93.1298,93.3597,0.9083,0.338,0.167,100.0,96.1832,232,H200 NVL,0.574,original,zoo_20260916/DMSANet/hgd_S8_seed2025
zoo,DMSANet,hgd,8,2026,within,,0.0,zoo_DMSANet,38524,600,93.1298,93.1859,0.9082,0.3261,0.1654,100.0,96.1832,436,H200 NVL,0.573,original,zoo_20260916/DMSANet/hgd_S8_seed2026
zoo,DMSANet,hgd,8,2027,within,,0.0,zoo_DMSANet,38524,600,90.0763,89.9568,0.8672,0.3495,0.1509,100.0,93.8931,183,H200 NVL,0.573,original,zoo_20260916/DMSANet/hgd_S8_seed2027
zoo,DMSANet,hgd,9,2025,within,,0.0,zoo_DMSANet,38524,600,100.0,100.0,1.0,0.1805,0.1561,100.0,100.0,73,H200 NVL,0.768,original,zoo_20260916/DMSANet/hgd_S9_seed2025
zoo,DMSANet,hgd,9,2026,within,,0.0,zoo_DMSANet,38524,600,100.0,100.0,1.0,0.1711,0.1496,100.0,100.0,83,H200 NVL,0.77,original,zoo_20260916/DMSANet/hgd_S9_seed2026
zoo,DMSANet,hgd,9,2027,within,,0.0,zoo_DMSANet,38524,600,98.8636,98.9583,0.9848,0.1767,0.1476,100.0,100.0,72,H200 NVL,0.772,original,zoo_20260916/DMSANet/hgd_S9_seed2027
zoo,DMSANet,sdssvep,10,2025,within,,0.0,zoo_DMSANet,21732,600,56.6667,56.6667,0.5273,1.4228,0.2424,100.0,71.6667,108,H200 NVL,0.022,original,zoo_20260916/DMSANet/sdssvep_S10_seed2025
zoo,DMSANet,sdssvep,10,2026,within,,0.0,zoo_DMSANet,21732,600,56.6667,56.6667,0.5273,1.536,0.2072,100.0,61.6667,280,H200 NVL,0.018,original,zoo_20260916/DMSANet/sdssvep_S10_seed2026
zoo,DMSANet,sdssvep,10,2027,within,,0.0,zoo_DMSANet,21732,600,61.6667,61.6667,0.5818,1.3927,0.282,100.0,65.0,179,H200 NVL,0.023,original,zoo_20260916/DMSANet/sdssvep_S10_seed2027
zoo,DMSANet,sdssvep,1,2025,within,,0.0,zoo_DMSANet,21732,600,25.0,25.0,0.1818,2.0963,0.0896,100.0,45.0,56,H200 NVL,0.016,original,zoo_20260916/DMSANet/sdssvep_S1_seed2025
zoo,DMSANet,sdssvep,1,2026,within,,0.0,zoo_DMSANet,21732,600,38.3333,38.3333,0.3273,2.0052,0.1663,100.0,40.0,68,H200 NVL,0.027,original,zoo_20260916/DMSANet/sdssvep_S1_seed2026
zoo,DMSANet,sdssvep,1,2027,within,,0.0,zoo_DMSANet,21732,600,30.0,30.0,0.2364,2.0001,0.1206,100.0,46.6667,171,H200 NVL,0.023,original,zoo_20260916/DMSANet/sdssvep_S1_seed2027
zoo,DMSANet,sdssvep,2,2025,within,,0.0,zoo_DMSANet,21732,600,35.0,35.0,0.2909,1.8389,0.1225,100.0,38.3333,312,H200 NVL,0.016,original,zoo_20260916/DMSANet/sdssvep_S2_seed2025
zoo,DMSANet,sdssvep,2,2026,within,,0.0,zoo_DMSANet,21732,600,26.6667,26.6667,0.2,1.9293,0.1155,100.0,28.3333,198,H200 NVL,0.019,original,zoo_20260916/DMSANet/sdssvep_S2_seed2026
zoo,DMSANet,sdssvep,2,2027,within,,0.0,zoo_DMSANet,21732,600,33.3333,33.3333,0.2727,1.9542,0.1371,100.0,41.6667,143,H200 NVL,0.023,original,zoo_20260916/DMSANet/sdssvep_S2_seed2027
zoo,DMSANet,sdssvep,3,2025,within,,0.0,zoo_DMSANet,21732,600,16.6667,16.6667,0.0909,2.421,0.0742,100.0,25.0,176,H200 NVL,0.022,original,zoo_20260916/DMSANet/sdssvep_S3_seed2025
zoo,DMSANet,sdssvep,3,2026,within,,0.0,zoo_DMSANet,21732,600,11.6667,11.6667,0.0364,2.3598,0.1205,100.0,18.3333,128,H200 NVL,0.022,original,zoo_20260916/DMSANet/sdssvep_S3_seed2026
zoo,DMSANet,sdssvep,3,2027,within,,0.0,zoo_DMSANet,21732,600,6.6667,6.6667,-0.0182,2.5525,0.1658,100.0,11.6667,4,H200 NVL,0.024,original,zoo_20260916/DMSANet/sdssvep_S3_seed2027
zoo,DMSANet,sdssvep,4,2025,within,,0.0,zoo_DMSANet,21732,600,45.0,45.0,0.4,1.7893,0.186,100.0,50.0,404,H200 NVL,0.018,original,zoo_20260916/DMSANet/sdssvep_S4_seed2025
zoo,DMSANet,sdssvep,4,2026,within,,0.0,zoo_DMSANet,21732,600,46.6667,46.6667,0.4182,1.7466,0.1761,100.0,51.6667,205,H200 NVL,0.022,original,zoo_20260916/DMSANet/sdssvep_S4_seed2026
zoo,DMSANet,sdssvep,4,2027,within,,0.0,zoo_DMSANet,21732,600,41.6667,41.6667,0.3636,1.8025,0.1436,100.0,56.6667,128,H200 NVL,0.019,original,zoo_20260916/DMSANet/sdssvep_S4_seed2027
zoo,DMSANet,sdssvep,5,2025,within,,0.0,zoo_DMSANet,21732,600,56.6667,56.6667,0.5273,1.505,0.2571,100.0,63.3333,270,H200 NVL,0.022,original,zoo_20260916/DMSANet/sdssvep_S5_seed2025
zoo,DMSANet,sdssvep,5,2026,within,,0.0,zoo_DMSANet,21732,600,55.0,55.0,0.5091,1.5113,0.226,100.0,63.3333,283,H200 NVL,0.022,original,zoo_20260916/DMSANet/sdssvep_S5_seed2026
zoo,DMSANet,sdssvep,5,2027,within,,0.0,zoo_DMSANet,21732,600,53.3333,53.3333,0.4909,1.6492,0.2515,100.0,60.0,328,H200 NVL,0.023,original,zoo_20260916/DMSANet/sdssvep_S5_seed2027
zoo,DMSANet,sdssvep,6,2025,within,,0.0,zoo_DMSANet,21732,600,88.3333,88.3333,0.8727,0.8671,0.3847,100.0,88.3333,186,H200 NVL,0.022,original,zoo_20260916/DMSANet/sdssvep_S6_seed2025
zoo,DMSANet,sdssvep,6,2026,within,,0.0,zoo_DMSANet,21732,600,86.6667,86.6667,0.8545,0.8482,0.3824,100.0,88.3333,394,H200 NVL,0.018,original,zoo_20260916/DMSANet/sdssvep_S6_seed2026
zoo,DMSANet,sdssvep,6,2027,within,,0.0,zoo_DMSANet,21732,600,85.0,85.0,0.8364,0.8648,0.3613,100.0,90.0,218,H200 NVL,0.023,original,zoo_20260916/DMSANet/sdssvep_S6_seed2027
zoo,DMSANet,sdssvep,7,2025,within,,0.0,zoo_DMSANet,21732,600,61.6667,61.6667,0.5818,1.4037,0.3084,100.0,68.3333,152,H200 NVL,0.022,original,zoo_20260916/DMSANet/sdssvep_S7_seed2025
zoo,DMSANet,sdssvep,7,2026,within,,0.0,zoo_DMSANet,21732,600,60.0,60.0,0.5636,1.3544,0.2757,100.0,68.3333,112,H200 NVL,0.022,original,zoo_20260916/DMSANet/sdssvep_S7_seed2026
zoo,DMSANet,sdssvep,7,2027,within,,0.0,zoo_DMSANet,21732,600,60.0,60.0,0.5636,1.4111,0.3106,100.0,63.3333,121,H200 NVL,0.023,original,zoo_20260916/DMSANet/sdssvep_S7_seed2027
zoo,DMSANet,sdssvep,8,2025,within,,0.0,zoo_DMSANet,21732,600,58.3333,58.3333,0.5455,1.4602,0.2517,100.0,66.6667,156,H200 NVL,0.018,original,zoo_20260916/DMSANet/sdssvep_S8_seed2025
zoo,DMSANet,sdssvep,8,2026,within,,0.0,zoo_DMSANet,21732,600,51.6667,51.6667,0.4727,1.5545,0.2205,100.0,63.3333,98,H200 NVL,0.022,original,zoo_20260916/DMSANet/sdssvep_S8_seed2026
zoo,DMSANet,sdssvep,8,2027,within,,0.0,zoo_DMSANet,21732,600,45.0,45.0,0.4,1.6067,0.2019,100.0,61.6667,137,H200 NVL,0.019,original,zoo_20260916/DMSANet/sdssvep_S8_seed2027
zoo,DMSANet,sdssvep,9,2025,within,,0.0,zoo_DMSANet,21732,600,76.6667,76.6667,0.7455,0.9579,0.2846,100.0,81.6667,127,H200 NVL,0.022,original,zoo_20260916/DMSANet/sdssvep_S9_seed2025
zoo,DMSANet,sdssvep,9,2026,within,,0.0,zoo_DMSANet,21732,600,80.0,80.0,0.7818,0.9488,0.3157,100.0,85.0,275,H200 NVL,0.022,original,zoo_20260916/DMSANet/sdssvep_S9_seed2026
zoo,DMSANet,sdssvep,9,2027,within,,0.0,zoo_DMSANet,21732,600,78.3333,78.3333,0.7636,1.0281,0.312,100.0,81.6667,123,H200 NVL,0.023,original,zoo_20260916/DMSANet/sdssvep_S9_seed2027
zoo,DeepConvNet,2a,1,2025,within,,0.0,zoo_DeepConvNet,102329,600,79.1667,79.1667,0.7222,0.6045,0.1328,100.0,81.5972,517,H200 NVL,0.117,original,zoo_20260916/DeepConvNet/2a_S1_seed2025
zoo,DeepConvNet,2a,1,2026,within,,0.0,zoo_DeepConvNet,102329,600,79.1667,79.1667,0.7222,0.6142,0.1242,100.0,80.5556,510,H200 NVL,0.093,original,zoo_20260916/DeepConvNet/2a_S1_seed2026
zoo,DeepConvNet,2a,1,2027,within,,0.0,zoo_DeepConvNet,102329,600,80.5556,80.5556,0.7407,0.5666,0.1364,100.0,81.25,440,H200 NVL,0.118,original,zoo_20260916/DeepConvNet/2a_S1_seed2027
zoo,DeepConvNet,2a,2,2025,within,,0.0,zoo_DeepConvNet,102329,600,49.3056,49.3056,0.3241,1.1759,0.1602,100.0,53.4722,322,H200 NVL,0.114,original,zoo_20260916/DeepConvNet/2a_S2_seed2025
zoo,DeepConvNet,2a,2,2026,within,,0.0,zoo_DeepConvNet,102329,600,43.4028,43.4028,0.2454,1.3116,0.1819,100.0,52.7778,63,H200 NVL,0.107,original,zoo_20260916/DeepConvNet/2a_S2_seed2026
zoo,DeepConvNet,2a,2,2027,within,,0.0,zoo_DeepConvNet,102329,600,40.625,40.625,0.2083,1.3067,0.2012,100.0,50.0,128,H200 NVL,0.113,original,zoo_20260916/DeepConvNet/2a_S2_seed2027
zoo,DeepConvNet,2a,3,2025,within,,0.0,zoo_DeepConvNet,102329,600,85.7639,85.7639,0.8102,0.4775,0.1259,100.0,86.8056,296,H200 NVL,0.113,original,zoo_20260916/DeepConvNet/2a_S3_seed2025
zoo,DeepConvNet,2a,3,2026,within,,0.0,zoo_DeepConvNet,102329,600,86.4583,86.4583,0.8194,0.478,0.13,100.0,87.5,463,H200 NVL,0.107,original,zoo_20260916/DeepConvNet/2a_S3_seed2026
zoo,DeepConvNet,2a,3,2027,within,,0.0,zoo_DeepConvNet,102329,600,87.5,87.5,0.8333,0.4857,0.1363,100.0,88.1944,478,H200 NVL,0.112,original,zoo_20260916/DeepConvNet/2a_S3_seed2027
zoo,DeepConvNet,2a,4,2025,within,,0.0,zoo_DeepConvNet,102329,600,64.9306,64.9306,0.5324,0.8684,0.0759,100.0,68.75,346,H200 NVL,0.113,original,zoo_20260916/DeepConvNet/2a_S4_seed2025
zoo,DeepConvNet,2a,4,2026,within,,0.0,zoo_DeepConvNet,102329,600,65.2778,65.2778,0.537,0.8379,0.065,100.0,68.0556,440,H200 NVL,0.117,original,zoo_20260916/DeepConvNet/2a_S4_seed2026
zoo,DeepConvNet,2a,4,2027,within,,0.0,zoo_DeepConvNet,102329,600,63.5417,63.5417,0.5139,0.8748,0.0536,100.0,67.7083,436,H200 NVL,0.115,original,zoo_20260916/DeepConvNet/2a_S4_seed2027
zoo,DeepConvNet,2a,5,2025,within,,0.0,zoo_DeepConvNet,102329,600,37.5,37.5,0.1667,1.5551,0.3885,100.0,75.3472,138,H200 NVL,0.107,original,zoo_20260916/DeepConvNet/2a_S5_seed2025
zoo,DeepConvNet,2a,5,2026,within,,0.0,zoo_DeepConvNet,102329,600,69.0972,69.0972,0.588,0.7969,0.0564,100.0,76.0417,204,H200 NVL,0.116,original,zoo_20260916/DeepConvNet/2a_S5_seed2026
zoo,DeepConvNet,2a,5,2027,within,,0.0,zoo_DeepConvNet,102329,600,71.875,71.875,0.625,0.7867,0.1171,100.0,76.0417,360,H200 NVL,0.11,original,zoo_20260916/DeepConvNet/2a_S5_seed2027
zoo,DeepConvNet,2a,6,2025,within,,0.0,zoo_DeepConvNet,102329,600,59.0278,59.0278,0.4537,1.0862,0.0826,100.0,60.4167,391,H200 NVL,0.106,original,zoo_20260916/DeepConvNet/2a_S6_seed2025
zoo,DeepConvNet,2a,6,2026,within,,0.0,zoo_DeepConvNet,102329,600,57.2917,57.2917,0.4306,1.0876,0.0742,100.0,60.0694,332,H200 NVL,0.116,original,zoo_20260916/DeepConvNet/2a_S6_seed2026
zoo,DeepConvNet,2a,6,2027,within,,0.0,zoo_DeepConvNet,102329,600,58.6806,58.6806,0.4491,1.0626,0.073,100.0,61.8056,507,H200 NVL,0.108,original,zoo_20260916/DeepConvNet/2a_S6_seed2027
zoo,DeepConvNet,2a,7,2025,within,,0.0,zoo_DeepConvNet,102329,600,88.1944,88.1944,0.8426,0.4154,0.1469,100.0,90.2778,358,H200 NVL,0.117,original,zoo_20260916/DeepConvNet/2a_S7_seed2025
zoo,DeepConvNet,2a,7,2026,within,,0.0,zoo_DeepConvNet,102329,600,87.1528,87.1528,0.8287,0.4366,0.1562,100.0,89.9306,357,H200 NVL,0.112,original,zoo_20260916/DeepConvNet/2a_S7_seed2026
zoo,DeepConvNet,2a,7,2027,within,,0.0,zoo_DeepConvNet,102329,600,91.6667,91.6667,0.8889,0.3814,0.1719,100.0,94.0972,398,H200 NVL,0.119,original,zoo_20260916/DeepConvNet/2a_S7_seed2027
zoo,DeepConvNet,2a,8,2025,within,,0.0,zoo_DeepConvNet,102329,600,75.3472,75.3472,0.6713,0.689,0.1136,100.0,78.125,305,H200 NVL,0.113,original,zoo_20260916/DeepConvNet/2a_S8_seed2025
zoo,DeepConvNet,2a,8,2026,within,,0.0,zoo_DeepConvNet,102329,600,75.0,75.0,0.6667,0.6474,0.122,100.0,79.1667,273,H200 NVL,0.106,original,zoo_20260916/DeepConvNet/2a_S8_seed2026
zoo,DeepConvNet,2a,8,2027,within,,0.0,zoo_DeepConvNet,102329,600,77.7778,77.7778,0.7037,0.6554,0.1284,100.0,79.1667,422,H200 NVL,0.114,original,zoo_20260916/DeepConvNet/2a_S8_seed2027
zoo,DeepConvNet,2a,9,2025,within,,0.0,zoo_DeepConvNet,102329,600,82.2917,82.2917,0.7639,0.5517,0.156,100.0,84.375,383,H200 NVL,0.113,original,zoo_20260916/DeepConvNet/2a_S9_seed2025
zoo,DeepConvNet,2a,9,2026,within,,0.0,zoo_DeepConvNet,102329,600,84.7222,84.7222,0.7963,0.5244,0.1568,100.0,86.1111,372,H200 NVL,0.107,original,zoo_20260916/DeepConvNet/2a_S9_seed2026
zoo,DeepConvNet,2a,9,2027,within,,0.0,zoo_DeepConvNet,102329,600,82.6389,82.6389,0.7685,0.5567,0.137,100.0,84.0278,406,H200 NVL,0.115,original,zoo_20260916/DeepConvNet/2a_S9_seed2027
zoo,DeepConvNet,2b,1,2025,within,,0.0,zoo_DeepConvNet,86052,600,72.8125,72.8125,0.4563,0.5757,0.0877,100.0,76.875,163,H200 NVL,0.061,original,zoo_20260916/DeepConvNet/2b_S1_seed2025
zoo,DeepConvNet,2b,1,2026,within,,0.0,zoo_DeepConvNet,86052,600,72.8125,72.8125,0.4563,0.5385,0.0696,100.0,78.125,304,H200 NVL,0.076,original,zoo_20260916/DeepConvNet/2b_S1_seed2026
zoo,DeepConvNet,2b,1,2027,within,,0.0,zoo_DeepConvNet,86052,600,70.625,70.625,0.4125,0.588,0.1103,100.0,73.4375,401,H200 NVL,0.063,original,zoo_20260916/DeepConvNet/2b_S1_seed2027
zoo,DeepConvNet,2b,2,2025,within,,0.0,zoo_DeepConvNet,86052,600,64.2857,64.2857,0.2857,0.7458,0.1732,100.0,71.0714,97,H200 NVL,0.067,original,zoo_20260916/DeepConvNet/2b_S2_seed2025
zoo,DeepConvNet,2b,2,2026,within,,0.0,zoo_DeepConvNet,86052,600,66.4286,66.4286,0.3286,0.6556,0.1066,100.0,71.0714,186,H200 NVL,0.07,original,zoo_20260916/DeepConvNet/2b_S2_seed2026
zoo,DeepConvNet,2b,2,2027,within,,0.0,zoo_DeepConvNet,86052,600,65.7143,65.7143,0.3143,0.6639,0.1282,100.0,71.4286,66,H200 NVL,0.067,original,zoo_20260916/DeepConvNet/2b_S2_seed2027
zoo,DeepConvNet,2b,3,2025,within,,0.0,zoo_DeepConvNet,86052,600,85.625,85.625,0.7125,0.3307,0.0385,100.0,86.5625,447,H200 NVL,0.063,original,zoo_20260916/DeepConvNet/2b_S3_seed2025
zoo,DeepConvNet,2b,3,2026,within,,0.0,zoo_DeepConvNet,86052,600,85.0,85.0,0.7,0.3398,0.0328,100.0,86.5625,188,H200 NVL,0.07,original,zoo_20260916/DeepConvNet/2b_S3_seed2026
zoo,DeepConvNet,2b,3,2027,within,,0.0,zoo_DeepConvNet,86052,600,85.0,85.0,0.7,0.3287,0.0498,100.0,86.25,327,H200 NVL,0.063,original,zoo_20260916/DeepConvNet/2b_S3_seed2027
zoo,DeepConvNet,2b,4,2025,within,,0.0,zoo_DeepConvNet,86052,600,95.3125,95.3125,0.9062,0.1624,0.0729,100.0,96.875,186,H200 NVL,0.077,original,zoo_20260916/DeepConvNet/2b_S4_seed2025
zoo,DeepConvNet,2b,4,2026,within,,0.0,zoo_DeepConvNet,86052,600,94.0625,94.0625,0.8813,0.1823,0.0591,100.0,97.1875,8,H200 NVL,0.072,original,zoo_20260916/DeepConvNet/2b_S4_seed2026
zoo,DeepConvNet,2b,4,2027,within,,0.0,zoo_DeepConvNet,86052,600,94.375,94.375,0.8875,0.1824,0.059,100.0,97.1875,126,H200 NVL,0.078,original,zoo_20260916/DeepConvNet/2b_S4_seed2027
zoo,DeepConvNet,2b,5,2025,within,,0.0,zoo_DeepConvNet,86052,600,92.5,92.5,0.85,0.26,0.1033,100.0,94.375,307,H200 NVL,0.071,original,zoo_20260916/DeepConvNet/2b_S5_seed2025
zoo,DeepConvNet,2b,5,2026,within,,0.0,zoo_DeepConvNet,86052,600,90.0,90.0,0.8,0.2711,0.0954,100.0,93.125,364,H200 NVL,0.067,original,zoo_20260916/DeepConvNet/2b_S5_seed2026
zoo,DeepConvNet,2b,5,2027,within,,0.0,zoo_DeepConvNet,86052,600,91.5625,91.5625,0.8313,0.2656,0.0971,100.0,94.0625,403,H200 NVL,0.073,original,zoo_20260916/DeepConvNet/2b_S5_seed2027
zoo,DeepConvNet,2b,6,2025,within,,0.0,zoo_DeepConvNet,86052,600,88.125,88.125,0.7625,0.3338,0.0752,100.0,90.0,332,H200 NVL,0.071,original,zoo_20260916/DeepConvNet/2b_S6_seed2025
zoo,DeepConvNet,2b,6,2026,within,,0.0,zoo_DeepConvNet,86052,600,86.25,86.25,0.725,0.339,0.0656,100.0,88.75,284,H200 NVL,0.064,original,zoo_20260916/DeepConvNet/2b_S6_seed2026
zoo,DeepConvNet,2b,6,2027,within,,0.0,zoo_DeepConvNet,86052,600,85.9375,85.9375,0.7188,0.3562,0.0634,100.0,87.8125,280,H200 NVL,0.073,original,zoo_20260916/DeepConvNet/2b_S6_seed2027
zoo,DeepConvNet,2b,7,2025,within,,0.0,zoo_DeepConvNet,86052,600,89.375,89.375,0.7875,0.2709,0.055,100.0,91.875,412,H200 NVL,0.072,original,zoo_20260916/DeepConvNet/2b_S7_seed2025
zoo,DeepConvNet,2b,7,2026,within,,0.0,zoo_DeepConvNet,86052,600,90.3125,90.3125,0.8062,0.2597,0.0603,100.0,94.0625,227,H200 NVL,0.077,original,zoo_20260916/DeepConvNet/2b_S7_seed2026
zoo,DeepConvNet,2b,7,2027,within,,0.0,zoo_DeepConvNet,86052,600,88.4375,88.4375,0.7688,0.2651,0.0524,100.0,93.4375,185,H200 NVL,0.072,original,zoo_20260916/DeepConvNet/2b_S7_seed2027
zoo,DeepConvNet,2b,8,2025,within,,0.0,zoo_DeepConvNet,86052,600,92.8125,92.8125,0.8562,0.2043,0.0552,100.0,95.0,241,H200 NVL,0.068,original,zoo_20260916/DeepConvNet/2b_S8_seed2025
zoo,DeepConvNet,2b,8,2026,within,,0.0,zoo_DeepConvNet,86052,600,93.4375,93.4375,0.8687,0.1942,0.0528,100.0,94.6875,183,H200 NVL,0.071,original,zoo_20260916/DeepConvNet/2b_S8_seed2026
zoo,DeepConvNet,2b,8,2027,within,,0.0,zoo_DeepConvNet,86052,600,94.0625,94.0625,0.8813,0.1893,0.0591,100.0,95.0,97,H200 NVL,0.069,original,zoo_20260916/DeepConvNet/2b_S8_seed2027
zoo,DeepConvNet,2b,9,2025,within,,0.0,zoo_DeepConvNet,86052,600,86.25,86.25,0.725,0.3531,0.0863,100.0,88.4375,129,H200 NVL,0.063,original,zoo_20260916/DeepConvNet/2b_S9_seed2025
zoo,DeepConvNet,2b,9,2026,within,,0.0,zoo_DeepConvNet,86052,600,86.5625,86.5625,0.7312,0.3437,0.0893,100.0,89.0625,456,H200 NVL,0.071,original,zoo_20260916/DeepConvNet/2b_S9_seed2026
zoo,DeepConvNet,2b,9,2027,within,,0.0,zoo_DeepConvNet,86052,600,85.9375,85.9375,0.7188,0.3529,0.0859,100.0,89.0625,120,H200 NVL,0.065,original,zoo_20260916/DeepConvNet/2b_S9_seed2027
zoo,DeepConvNet,hgd,10,2025,within,,0.0,zoo_DeepConvNet,116079,600,90.9091,90.4977,0.8782,0.3213,0.1126,99.858,94.8864,361,H200 NVL,0.257,original,zoo_20260916/DeepConvNet/hgd_S10_seed2025
zoo,DeepConvNet,hgd,10,2026,within,,0.0,zoo_DeepConvNet,116079,600,93.1818,92.9261,0.9087,0.3149,0.1264,99.7159,94.3182,185,H200 NVL,0.257,original,zoo_20260916/DeepConvNet/hgd_S10_seed2026
zoo,DeepConvNet,hgd,10,2027,within,,0.0,zoo_DeepConvNet,116079,600,92.0455,91.7172,0.8935,0.3097,0.1079,99.7159,94.8864,330,H200 NVL,0.255,original,zoo_20260916/DeepConvNet/hgd_S10_seed2027
zoo,DeepConvNet,hgd,11,2025,within,,0.0,zoo_DeepConvNet,116079,600,97.7273,97.4628,0.9696,0.2026,0.1428,100.0,99.4318,360,H200 NVL,0.256,original,zoo_20260916/DeepConvNet/hgd_S11_seed2025
zoo,DeepConvNet,hgd,11,2026,within,,0.0,zoo_DeepConvNet,116079,600,95.4545,94.9255,0.9391,0.2351,0.1228,100.0,98.8636,355,H200 NVL,0.256,original,zoo_20260916/DeepConvNet/hgd_S11_seed2026
zoo,DeepConvNet,hgd,11,2027,within,,0.0,zoo_DeepConvNet,116079,600,96.0227,95.4357,0.9467,0.218,0.1267,100.0,98.8636,289,H200 NVL,0.255,original,zoo_20260916/DeepConvNet/hgd_S11_seed2027
zoo,DeepConvNet,hgd,12,2025,within,,0.0,zoo_DeepConvNet,116079,600,96.5909,96.2298,0.9543,0.2891,0.1456,100.0,98.2955,549,H200 NVL,0.257,original,zoo_20260916/DeepConvNet/hgd_S12_seed2025
zoo,DeepConvNet,hgd,12,2026,within,,0.0,zoo_DeepConvNet,116079,600,94.8864,94.4355,0.9314,0.3305,0.1291,100.0,97.1591,188,H200 NVL,0.256,original,zoo_20260916/DeepConvNet/hgd_S12_seed2026
zoo,DeepConvNet,hgd,12,2027,within,,0.0,zoo_DeepConvNet,116079,600,96.5909,96.4092,0.9543,0.273,0.1375,100.0,97.1591,152,H200 NVL,0.256,original,zoo_20260916/DeepConvNet/hgd_S12_seed2027
zoo,DeepConvNet,hgd,13,2025,within,,0.0,zoo_DeepConvNet,116079,600,91.875,91.9001,0.8916,0.3062,0.1458,100.0,96.25,286,H200 NVL,0.234,original,zoo_20260916/DeepConvNet/hgd_S13_seed2025
zoo,DeepConvNet,hgd,13,2026,within,,0.0,zoo_DeepConvNet,116079,600,93.75,93.7919,0.9166,0.2863,0.148,100.0,96.25,334,H200 NVL,0.233,original,zoo_20260916/DeepConvNet/hgd_S13_seed2026
zoo,DeepConvNet,hgd,13,2027,within,,0.0,zoo_DeepConvNet,116079,600,93.75,93.8689,0.9167,0.3104,0.1481,100.0,96.25,397,H200 NVL,0.234,original,zoo_20260916/DeepConvNet/hgd_S13_seed2027
zoo,DeepConvNet,hgd,14,2025,within,,0.0,zoo_DeepConvNet,116079,600,98.2955,98.272,0.9772,0.1801,0.1375,100.0,99.4318,124,H200 NVL,0.256,original,zoo_20260916/DeepConvNet/hgd_S14_seed2025
zoo,DeepConvNet,hgd,14,2026,within,,0.0,zoo_DeepConvNet,116079,600,99.4318,99.4565,0.9924,0.1754,0.1421,100.0,99.4318,96,H200 NVL,0.256,original,zoo_20260916/DeepConvNet/hgd_S14_seed2026
zoo,DeepConvNet,hgd,14,2027,within,,0.0,zoo_DeepConvNet,116079,600,99.4318,99.4565,0.9924,0.1651,0.1344,100.0,99.4318,85,H200 NVL,0.255,original,zoo_20260916/DeepConvNet/hgd_S14_seed2027
zoo,DeepConvNet,hgd,1,2025,within,,0.0,zoo_DeepConvNet,116079,600,93.75,91.6084,0.9141,0.308,0.1705,100.0,100.0,305,H200 NVL,0.097,original,zoo_20260916/DeepConvNet/hgd_S1_seed2025
zoo,DeepConvNet,hgd,1,2026,within,,0.0,zoo_DeepConvNet,116079,600,93.75,91.958,0.914,0.3256,0.1768,100.0,100.0,127,H200 NVL,0.097,original,zoo_20260916/DeepConvNet/hgd_S1_seed2026
zoo,DeepConvNet,hgd,1,2027,within,,0.0,zoo_DeepConvNet,116079,600,93.75,93.1818,0.9149,0.3615,0.1894,100.0,98.4375,128,H200 NVL,0.096,original,zoo_20260916/DeepConvNet/hgd_S1_seed2027
zoo,DeepConvNet,hgd,2,2025,within,,0.0,zoo_DeepConvNet,116079,600,87.1166,87.6885,0.8287,0.4333,0.1113,99.8462,91.411,186,H200 NVL,0.247,original,zoo_20260916/DeepConvNet/hgd_S2_seed2025
zoo,DeepConvNet,hgd,2,2026,within,,0.0,zoo_DeepConvNet,116079,600,87.1166,88.0531,0.8289,0.4165,0.1246,100.0,93.2515,313,H200 NVL,0.245,original,zoo_20260916/DeepConvNet/hgd_S2_seed2026
zoo,DeepConvNet,hgd,2,2027,within,,0.0,zoo_DeepConvNet,116079,600,88.3436,89.1489,0.8451,0.4371,0.1116,99.5385,92.0245,211,H200 NVL,0.244,original,zoo_20260916/DeepConvNet/hgd_S2_seed2027
zoo,DeepConvNet,hgd,3,2025,within,,0.0,zoo_DeepConvNet,116079,600,96.0227,95.7827,0.9467,0.2393,0.1391,100.0,97.1591,118,H200 NVL,0.257,original,zoo_20260916/DeepConvNet/hgd_S3_seed2025
zoo,DeepConvNet,hgd,3,2026,within,,0.0,zoo_DeepConvNet,116079,600,95.4545,95.173,0.9392,0.2563,0.1355,100.0,97.1591,127,H200 NVL,0.256,original,zoo_20260916/DeepConvNet/hgd_S3_seed2026
zoo,DeepConvNet,hgd,3,2027,within,,0.0,zoo_DeepConvNet,116079,600,96.5909,96.3262,0.9544,0.2349,0.1335,100.0,97.7273,216,H200 NVL,0.255,original,zoo_20260916/DeepConvNet/hgd_S3_seed2027
zoo,DeepConvNet,hgd,4,2025,within,,0.0,zoo_DeepConvNet,116079,600,96.1111,96.3347,0.9479,0.2434,0.1454,100.0,97.7778,338,H200 NVL,0.269,original,zoo_20260916/DeepConvNet/hgd_S4_seed2025
zoo,DeepConvNet,hgd,4,2026,within,,0.0,zoo_DeepConvNet,116079,600,89.4444,90.6765,0.86,0.3099,0.1138,99.7211,97.7778,243,H200 NVL,0.267,original,zoo_20260916/DeepConvNet/hgd_S4_seed2026
zoo,DeepConvNet,hgd,4,2027,within,,0.0,zoo_DeepConvNet,116079,600,96.6667,96.8347,0.9554,0.2274,0.1366,100.0,98.3333,439,H200 NVL,0.268,original,zoo_20260916/DeepConvNet/hgd_S4_seed2027
zoo,DeepConvNet,hgd,5,2025,within,,0.0,zoo_DeepConvNet,116079,600,97.2222,97.561,0.9629,0.2664,0.1897,100.0,99.3056,364,H200 NVL,0.213,original,zoo_20260916/DeepConvNet/hgd_S5_seed2025
zoo,DeepConvNet,hgd,5,2026,within,,0.0,zoo_DeepConvNet,116079,600,97.9167,98.1707,0.9721,0.2677,0.1879,100.0,97.9167,83,H200 NVL,0.211,original,zoo_20260916/DeepConvNet/hgd_S5_seed2026
zoo,DeepConvNet,hgd,5,2027,within,,0.0,zoo_DeepConvNet,116079,600,97.2222,97.3582,0.9628,0.2587,0.1819,100.0,98.6111,126,H200 NVL,0.211,original,zoo_20260916/DeepConvNet/hgd_S5_seed2027
zoo,DeepConvNet,hgd,6,2025,within,,0.0,zoo_DeepConvNet,116079,600,92.6136,92.4536,0.9012,0.337,0.1724,100.0,94.8864,442,H200 NVL,0.257,original,zoo_20260916/DeepConvNet/hgd_S6_seed2025
zoo,DeepConvNet,hgd,6,2026,within,,0.0,zoo_DeepConvNet,116079,600,92.0455,92.1245,0.8937,0.3428,0.1553,100.0,93.75,248,H200 NVL,0.255,original,zoo_20260916/DeepConvNet/hgd_S6_seed2026
zoo,DeepConvNet,hgd,6,2027,within,,0.0,zoo_DeepConvNet,116079,600,90.9091,90.7076,0.8783,0.3443,0.1568,100.0,94.3182,419,H200 NVL,0.255,original,zoo_20260916/DeepConvNet/hgd_S6_seed2027
zoo,DeepConvNet,hgd,7,2025,within,,0.0,zoo_DeepConvNet,116079,600,90.9091,90.6483,0.8786,0.3255,0.1151,100.0,92.6136,384,H200 NVL,0.257,original,zoo_20260916/DeepConvNet/hgd_S7_seed2025
zoo,DeepConvNet,hgd,7,2026,within,,0.0,zoo_DeepConvNet,116079,600,88.6364,88.3169,0.8483,0.3171,0.105,100.0,91.4773,353,H200 NVL,0.255,original,zoo_20260916/DeepConvNet/hgd_S7_seed2026
zoo,DeepConvNet,hgd,7,2027,within,,0.0,zoo_DeepConvNet,116079,600,90.9091,90.7296,0.8786,0.304,0.1343,100.0,93.1818,307,H200 NVL,0.256,original,zoo_20260916/DeepConvNet/hgd_S7_seed2027
zoo,DeepConvNet,hgd,8,2025,within,,0.0,zoo_DeepConvNet,116079,600,93.8931,94.0176,0.9183,0.2963,0.1529,100.0,96.1832,426,H200 NVL,0.202,original,zoo_20260916/DeepConvNet/hgd_S8_seed2025
zoo,DeepConvNet,hgd,8,2026,within,,0.0,zoo_DeepConvNet,116079,600,94.6565,94.8509,0.9285,0.302,0.1625,100.0,96.1832,217,H200 NVL,0.201,original,zoo_20260916/DeepConvNet/hgd_S8_seed2026
zoo,DeepConvNet,hgd,8,2027,within,,0.0,zoo_DeepConvNet,116079,600,94.6565,94.6755,0.9285,0.2965,0.1653,100.0,96.9466,264,H200 NVL,0.201,original,zoo_20260916/DeepConvNet/hgd_S8_seed2027
zoo,DeepConvNet,hgd,9,2025,within,,0.0,zoo_DeepConvNet,116079,600,95.4545,95.292,0.9392,0.3214,0.2006,99.1477,97.7273,85,H200 NVL,0.256,original,zoo_20260916/DeepConvNet/hgd_S9_seed2025
zoo,DeepConvNet,hgd,9,2026,within,,0.0,zoo_DeepConvNet,116079,600,84.6591,83.6529,0.7941,0.4691,0.1411,89.9148,95.4545,107,H200 NVL,0.255,original,zoo_20260916/DeepConvNet/hgd_S9_seed2026
zoo,DeepConvNet,hgd,9,2027,within,,0.0,zoo_DeepConvNet,116079,600,88.6364,87.5997,0.8475,0.4153,0.1458,90.767,97.7273,81,H200 NVL,0.256,original,zoo_20260916/DeepConvNet/hgd_S9_seed2027
zoo,DeepConvNet,sdssvep,10,2025,within,,0.0,zoo_DeepConvNet,46262,600,98.3333,98.3333,0.9818,0.4188,0.3083,100.0,100.0,319,H200 NVL,0.022,original,zoo_20260916/DeepConvNet/sdssvep_S10_seed2025
zoo,DeepConvNet,sdssvep,10,2026,within,,0.0,zoo_DeepConvNet,46262,600,100.0,100.0,1.0,0.3972,0.306,100.0,100.0,100,H200 NVL,0.018,original,zoo_20260916/DeepConvNet/sdssvep_S10_seed2026
zoo,DeepConvNet,sdssvep,10,2027,within,,0.0,zoo_DeepConvNet,46262,600,98.3333,98.3333,0.9818,0.3957,0.2939,100.0,98.3333,104,H200 NVL,0.023,original,zoo_20260916/DeepConvNet/sdssvep_S10_seed2027
zoo,DeepConvNet,sdssvep,1,2025,within,,0.0,zoo_DeepConvNet,46262,600,98.3333,98.3333,0.9818,0.7264,0.4699,100.0,100.0,225,H200 NVL,0.01,original,zoo_20260916/DeepConvNet/sdssvep_S1_seed2025
zoo,DeepConvNet,sdssvep,1,2026,within,,0.0,zoo_DeepConvNet,46262,600,100.0,100.0,1.0,0.7189,0.4815,100.0,100.0,118,H200 NVL,0.027,original,zoo_20260916/DeepConvNet/sdssvep_S1_seed2026
zoo,DeepConvNet,sdssvep,1,2027,within,,0.0,zoo_DeepConvNet,46262,600,100.0,100.0,1.0,0.6969,0.4739,100.0,100.0,35,H200 NVL,0.023,original,zoo_20260916/DeepConvNet/sdssvep_S1_seed2027
zoo,DeepConvNet,sdssvep,2,2025,within,,0.0,zoo_DeepConvNet,46262,600,96.6667,96.6667,0.9636,0.7276,0.4283,100.0,98.3333,349,H200 NVL,0.016,original,zoo_20260916/DeepConvNet/sdssvep_S2_seed2025
zoo,DeepConvNet,sdssvep,2,2026,within,,0.0,zoo_DeepConvNet,46262,600,91.6667,91.6667,0.9091,0.7226,0.3798,100.0,95.0,200,H200 NVL,0.019,original,zoo_20260916/DeepConvNet/sdssvep_S2_seed2026
zoo,DeepConvNet,sdssvep,2,2027,within,,0.0,zoo_DeepConvNet,46262,600,93.3333,93.3333,0.9273,0.7177,0.3903,100.0,98.3333,314,H200 NVL,0.023,original,zoo_20260916/DeepConvNet/sdssvep_S2_seed2027
zoo,DeepConvNet,sdssvep,3,2025,within,,0.0,zoo_DeepConvNet,46262,600,73.3333,73.3333,0.7091,1.1518,0.3459,100.0,78.3333,336,H200 NVL,0.022,original,zoo_20260916/DeepConvNet/sdssvep_S3_seed2025
zoo,DeepConvNet,sdssvep,3,2026,within,,0.0,zoo_DeepConvNet,46262,600,75.0,75.0,0.7273,1.1659,0.3385,100.0,78.3333,199,H200 NVL,0.022,original,zoo_20260916/DeepConvNet/sdssvep_S3_seed2026
zoo,DeepConvNet,sdssvep,3,2027,within,,0.0,zoo_DeepConvNet,46262,600,76.6667,76.6667,0.7455,1.1301,0.3755,100.0,78.3333,193,H200 NVL,0.024,original,zoo_20260916/DeepConvNet/sdssvep_S3_seed2027
zoo,DeepConvNet,sdssvep,4,2025,within,,0.0,zoo_DeepConvNet,46262,600,100.0,100.0,1.0,0.5613,0.3943,100.0,100.0,285,H200 NVL,0.018,original,zoo_20260916/DeepConvNet/sdssvep_S4_seed2025
zoo,DeepConvNet,sdssvep,4,2026,within,,0.0,zoo_DeepConvNet,46262,600,98.3333,98.3333,0.9818,0.569,0.3887,100.0,100.0,341,H200 NVL,0.022,original,zoo_20260916/DeepConvNet/sdssvep_S4_seed2026
zoo,DeepConvNet,sdssvep,4,2027,within,,0.0,zoo_DeepConvNet,46262,600,98.3333,98.3333,0.9818,0.5682,0.3891,100.0,100.0,382,H200 NVL,0.019,original,zoo_20260916/DeepConvNet/sdssvep_S4_seed2027
zoo,DeepConvNet,sdssvep,5,2025,within,,0.0,zoo_DeepConvNet,46262,600,100.0,100.0,1.0,0.4151,0.316,100.0,100.0,13,H200 NVL,0.022,original,zoo_20260916/DeepConvNet/sdssvep_S5_seed2025
zoo,DeepConvNet,sdssvep,5,2026,within,,0.0,zoo_DeepConvNet,46262,600,98.3333,98.3333,0.9818,0.4206,0.3077,100.0,100.0,181,H200 NVL,0.022,original,zoo_20260916/DeepConvNet/sdssvep_S5_seed2026
zoo,DeepConvNet,sdssvep,5,2027,within,,0.0,zoo_DeepConvNet,46262,600,98.3333,98.3333,0.9818,0.4248,0.3095,100.0,100.0,191,H200 NVL,0.023,original,zoo_20260916/DeepConvNet/sdssvep_S5_seed2027
zoo,DeepConvNet,sdssvep,6,2025,within,,0.0,zoo_DeepConvNet,46262,600,100.0,100.0,1.0,0.2598,0.2179,100.0,100.0,26,H200 NVL,0.022,original,zoo_20260916/DeepConvNet/sdssvep_S6_seed2025
zoo,DeepConvNet,sdssvep,6,2026,within,,0.0,zoo_DeepConvNet,46262,600,100.0,100.0,1.0,0.2544,0.214,100.0,100.0,11,H200 NVL,0.018,original,zoo_20260916/DeepConvNet/sdssvep_S6_seed2026
zoo,DeepConvNet,sdssvep,6,2027,within,,0.0,zoo_DeepConvNet,46262,600,100.0,100.0,1.0,0.2545,0.2139,100.0,100.0,98,H200 NVL,0.023,original,zoo_20260916/DeepConvNet/sdssvep_S6_seed2027
zoo,DeepConvNet,sdssvep,7,2025,within,,0.0,zoo_DeepConvNet,46262,600,100.0,100.0,1.0,0.3216,0.2648,100.0,100.0,25,H200 NVL,0.022,original,zoo_20260916/DeepConvNet/sdssvep_S7_seed2025
zoo,DeepConvNet,sdssvep,7,2026,within,,0.0,zoo_DeepConvNet,46262,600,100.0,100.0,1.0,0.2908,0.2451,100.0,100.0,10,H200 NVL,0.022,original,zoo_20260916/DeepConvNet/sdssvep_S7_seed2026
zoo,DeepConvNet,sdssvep,7,2027,within,,0.0,zoo_DeepConvNet,46262,600,100.0,100.0,1.0,0.2903,0.2428,100.0,100.0,17,H200 NVL,0.023,original,zoo_20260916/DeepConvNet/sdssvep_S7_seed2027
zoo,DeepConvNet,sdssvep,8,2025,within,,0.0,zoo_DeepConvNet,46262,600,100.0,100.0,1.0,0.3578,0.2832,100.0,100.0,26,H200 NVL,0.018,original,zoo_20260916/DeepConvNet/sdssvep_S8_seed2025
zoo,DeepConvNet,sdssvep,8,2026,within,,0.0,zoo_DeepConvNet,46262,600,100.0,100.0,1.0,0.3671,0.2883,100.0,100.0,90,H200 NVL,0.022,original,zoo_20260916/DeepConvNet/sdssvep_S8_seed2026
zoo,DeepConvNet,sdssvep,8,2027,within,,0.0,zoo_DeepConvNet,46262,600,100.0,100.0,1.0,0.3581,0.2835,100.0,100.0,62,H200 NVL,0.019,original,zoo_20260916/DeepConvNet/sdssvep_S8_seed2027
zoo,DeepConvNet,sdssvep,9,2025,within,,0.0,zoo_DeepConvNet,46262,600,100.0,100.0,1.0,0.3252,0.255,100.0,100.0,85,H200 NVL,0.022,original,zoo_20260916/DeepConvNet/sdssvep_S9_seed2025
zoo,DeepConvNet,sdssvep,9,2026,within,,0.0,zoo_DeepConvNet,46262,600,100.0,100.0,1.0,0.335,0.2602,100.0,100.0,82,H200 NVL,0.022,original,zoo_20260916/DeepConvNet/sdssvep_S9_seed2026
zoo,DeepConvNet,sdssvep,9,2027,within,,0.0,zoo_DeepConvNet,46262,600,100.0,100.0,1.0,0.3237,0.2521,100.0,100.0,96,H200 NVL,0.023,original,zoo_20260916/DeepConvNet/sdssvep_S9_seed2027
zoo,EEGNeX,2a,1,2025,within,,0.0,zoo_EEGNeX,56452,600,77.7778,77.7778,0.7037,0.6641,0.1611,100.0,81.9444,428,H200 NVL,0.271,original,zoo_20260916/EEGNeX/2a_S1_seed2025
zoo,EEGNeX,2a,1,2026,within,,0.0,zoo_EEGNeX,56452,600,77.4306,77.4306,0.6991,0.6653,0.1487,100.0,78.8194,447,H200 NVL,0.205,original,zoo_20260916/EEGNeX/2a_S1_seed2026
zoo,EEGNeX,2a,1,2027,within,,0.0,zoo_EEGNeX,56452,600,75.0,75.0,0.6667,0.6908,0.1299,100.0,78.8194,314,H200 NVL,0.272,original,zoo_20260916/EEGNeX/2a_S1_seed2027
zoo,EEGNeX,2a,2,2025,within,,0.0,zoo_EEGNeX,56452,600,60.4167,60.4167,0.4722,0.9498,0.0675,100.0,65.625,324,H200 NVL,0.251,original,zoo_20260916/EEGNeX/2a_S2_seed2025
zoo,EEGNeX,2a,2,2026,within,,0.0,zoo_EEGNeX,56452,600,63.1944,63.1944,0.5093,0.9416,0.0761,100.0,64.5833,564,H200 NVL,0.246,original,zoo_20260916/EEGNeX/2a_S2_seed2026
zoo,EEGNeX,2a,2,2027,within,,0.0,zoo_EEGNeX,56452,600,60.4167,60.4167,0.4722,1.0309,0.0702,100.0,62.1528,79,H200 NVL,0.252,original,zoo_20260916/EEGNeX/2a_S2_seed2027
zoo,EEGNeX,2a,3,2025,within,,0.0,zoo_EEGNeX,56452,600,90.625,90.625,0.875,0.481,0.1953,100.0,92.7083,289,H200 NVL,0.251,original,zoo_20260916/EEGNeX/2a_S3_seed2025
zoo,EEGNeX,2a,3,2026,within,,0.0,zoo_EEGNeX,56452,600,90.2778,90.2778,0.8704,0.4891,0.1947,100.0,91.6667,544,H200 NVL,0.232,original,zoo_20260916/EEGNeX/2a_S3_seed2026
zoo,EEGNeX,2a,3,2027,within,,0.0,zoo_EEGNeX,56452,600,88.8889,88.8889,0.8519,0.5478,0.1708,100.0,92.0139,272,H200 NVL,0.252,original,zoo_20260916/EEGNeX/2a_S3_seed2027
zoo,EEGNeX,2a,4,2025,within,,0.0,zoo_EEGNeX,56452,600,76.0417,76.0417,0.6806,0.6859,0.1441,100.0,80.9028,199,H200 NVL,0.246,original,zoo_20260916/EEGNeX/2a_S4_seed2025
zoo,EEGNeX,2a,4,2026,within,,0.0,zoo_EEGNeX,56452,600,75.6944,75.6944,0.6759,0.7154,0.1407,100.0,78.8194,439,H200 NVL,0.272,original,zoo_20260916/EEGNeX/2a_S4_seed2026
zoo,EEGNeX,2a,4,2027,within,,0.0,zoo_EEGNeX,56452,600,76.0417,76.0417,0.6806,0.7043,0.1432,100.0,79.5139,266,H200 NVL,0.248,original,zoo_20260916/EEGNeX/2a_S4_seed2027
zoo,EEGNeX,2a,5,2025,within,,0.0,zoo_EEGNeX,56452,600,73.6111,73.6111,0.6481,0.7614,0.1027,100.0,77.7778,203,H200 NVL,0.246,original,zoo_20260916/EEGNeX/2a_S5_seed2025
zoo,EEGNeX,2a,5,2026,within,,0.0,zoo_EEGNeX,56452,600,69.4444,69.4444,0.5926,0.7922,0.0702,100.0,73.2639,22,H200 NVL,0.252,original,zoo_20260916/EEGNeX/2a_S5_seed2026
zoo,EEGNeX,2a,5,2027,within,,0.0,zoo_EEGNeX,56452,600,72.5694,72.5694,0.6343,0.7411,0.0911,100.0,76.3889,315,H200 NVL,0.249,original,zoo_20260916/EEGNeX/2a_S5_seed2027
zoo,EEGNeX,2a,6,2025,within,,0.0,zoo_EEGNeX,56452,600,63.5417,63.5417,0.5139,1.0143,0.0967,100.0,67.3611,304,H200 NVL,0.232,original,zoo_20260916/EEGNeX/2a_S6_seed2025
zoo,EEGNeX,2a,6,2026,within,,0.0,zoo_EEGNeX,56452,600,60.7639,60.7639,0.4769,1.0069,0.0465,100.0,64.9306,352,H200 NVL,0.252,original,zoo_20260916/EEGNeX/2a_S6_seed2026
zoo,EEGNeX,2a,6,2027,within,,0.0,zoo_EEGNeX,56452,600,58.6806,58.6806,0.4491,0.9979,0.087,100.0,65.625,175,H200 NVL,0.234,original,zoo_20260916/EEGNeX/2a_S6_seed2027
zoo,EEGNeX,2a,7,2025,within,,0.0,zoo_EEGNeX,56452,600,86.8056,86.8056,0.8241,0.4903,0.1651,100.0,90.2778,357,H200 NVL,0.271,original,zoo_20260916/EEGNeX/2a_S7_seed2025
zoo,EEGNeX,2a,7,2026,within,,0.0,zoo_EEGNeX,56452,600,84.7222,84.7222,0.7963,0.5046,0.1581,100.0,89.5833,368,H200 NVL,0.245,original,zoo_20260916/EEGNeX/2a_S7_seed2026
zoo,EEGNeX,2a,7,2027,within,,0.0,zoo_EEGNeX,56452,600,84.375,84.375,0.7917,0.5118,0.1429,100.0,87.1528,300,H200 NVL,0.273,original,zoo_20260916/EEGNeX/2a_S7_seed2027
zoo,EEGNeX,2a,8,2025,within,,0.0,zoo_EEGNeX,56452,600,76.3889,76.3889,0.6852,0.6939,0.1712,100.0,80.5556,302,H200 NVL,0.251,original,zoo_20260916/EEGNeX/2a_S8_seed2025
zoo,EEGNeX,2a,8,2026,within,,0.0,zoo_EEGNeX,56452,600,74.3056,74.3056,0.6574,0.7657,0.1573,100.0,77.7778,197,H200 NVL,0.245,original,zoo_20260916/EEGNeX/2a_S8_seed2026
zoo,EEGNeX,2a,8,2027,within,,0.0,zoo_EEGNeX,56452,600,76.0417,76.0417,0.6806,0.7113,0.1573,100.0,78.8194,184,H200 NVL,0.253,original,zoo_20260916/EEGNeX/2a_S8_seed2027
zoo,EEGNeX,2a,9,2025,within,,0.0,zoo_EEGNeX,56452,600,79.8611,79.8611,0.7315,0.5967,0.1495,100.0,82.9861,285,H200 NVL,0.251,original,zoo_20260916/EEGNeX/2a_S9_seed2025
zoo,EEGNeX,2a,9,2026,within,,0.0,zoo_EEGNeX,56452,600,74.3056,74.3056,0.6574,0.6727,0.094,100.0,79.1667,395,H200 NVL,0.232,original,zoo_20260916/EEGNeX/2a_S9_seed2026
zoo,EEGNeX,2a,9,2027,within,,0.0,zoo_EEGNeX,56452,600,78.125,78.125,0.7083,0.6508,0.1258,100.0,82.9861,218,H200 NVL,0.253,original,zoo_20260916/EEGNeX/2a_S9_seed2027
zoo,EEGNeX,2b,1,2025,within,,0.0,zoo_EEGNeX,54738,600,75.625,75.625,0.5125,0.5388,0.0634,100.0,78.75,331,H200 NVL,0.106,original,zoo_20260916/EEGNeX/2b_S1_seed2025
zoo,EEGNeX,2b,1,2026,within,,0.0,zoo_EEGNeX,54738,600,73.125,73.125,0.4625,0.5956,0.0695,100.0,76.5625,201,H200 NVL,0.151,original,zoo_20260916/EEGNeX/2b_S1_seed2026
zoo,EEGNeX,2b,1,2027,within,,0.0,zoo_EEGNeX,54738,600,77.1875,77.1875,0.5437,0.5205,0.0703,100.0,80.625,298,H200 NVL,0.109,original,zoo_20260916/EEGNeX/2b_S1_seed2027
zoo,EEGNeX,2b,2,2025,within,,0.0,zoo_EEGNeX,54738,600,66.7857,66.7857,0.3357,0.7112,0.148,100.0,74.2857,50,H200 NVL,0.134,original,zoo_20260916/EEGNeX/2b_S2_seed2025
zoo,EEGNeX,2b,2,2026,within,,0.0,zoo_EEGNeX,54738,600,63.5714,63.5714,0.2714,0.7375,0.1665,100.0,75.0,33,H200 NVL,0.139,original,zoo_20260916/EEGNeX/2b_S2_seed2026
zoo,EEGNeX,2b,2,2027,within,,0.0,zoo_EEGNeX,54738,600,65.0,65.0,0.3,0.7403,0.1723,100.0,75.0,16,H200 NVL,0.134,original,zoo_20260916/EEGNeX/2b_S2_seed2027
zoo,EEGNeX,2b,3,2025,within,,0.0,zoo_EEGNeX,54738,600,79.0625,79.0625,0.5813,0.5142,0.0789,100.0,87.8125,28,H200 NVL,0.123,original,zoo_20260916/EEGNeX/2b_S3_seed2025
zoo,EEGNeX,2b,3,2026,within,,0.0,zoo_EEGNeX,54738,600,76.25,76.25,0.525,0.5622,0.0899,100.0,86.5625,6,H200 NVL,0.139,original,zoo_20260916/EEGNeX/2b_S3_seed2026
zoo,EEGNeX,2b,3,2027,within,,0.0,zoo_EEGNeX,54738,600,79.0625,79.0625,0.5813,0.5448,0.0895,100.0,88.125,5,H200 NVL,0.125,original,zoo_20260916/EEGNeX/2b_S3_seed2027
zoo,EEGNeX,2b,4,2025,within,,0.0,zoo_EEGNeX,54738,600,93.4375,93.4375,0.8687,0.194,0.0767,100.0,96.875,278,H200 NVL,0.156,original,zoo_20260916/EEGNeX/2b_S4_seed2025
zoo,EEGNeX,2b,4,2026,within,,0.0,zoo_EEGNeX,54738,600,94.0625,94.0625,0.8813,0.1955,0.0849,100.0,96.875,140,H200 NVL,0.147,original,zoo_20260916/EEGNeX/2b_S4_seed2026
zoo,EEGNeX,2b,4,2027,within,,0.0,zoo_EEGNeX,54738,600,92.8125,92.8125,0.8562,0.2078,0.075,100.0,96.5625,211,H200 NVL,0.158,original,zoo_20260916/EEGNeX/2b_S4_seed2027
zoo,EEGNeX,2b,5,2025,within,,0.0,zoo_EEGNeX,54738,600,87.8125,87.8125,0.7563,0.3103,0.0826,100.0,92.5,190,H200 NVL,0.143,original,zoo_20260916/EEGNeX/2b_S5_seed2025
zoo,EEGNeX,2b,5,2026,within,,0.0,zoo_EEGNeX,54738,600,85.625,85.625,0.7125,0.3411,0.0534,100.0,90.625,330,H200 NVL,0.139,original,zoo_20260916/EEGNeX/2b_S5_seed2026
zoo,EEGNeX,2b,5,2027,within,,0.0,zoo_EEGNeX,54738,600,87.5,87.5,0.75,0.3105,0.074,100.0,91.5625,223,H200 NVL,0.146,original,zoo_20260916/EEGNeX/2b_S5_seed2027
zoo,EEGNeX,2b,6,2025,within,,0.0,zoo_EEGNeX,54738,600,80.3125,80.3125,0.6062,0.4145,0.0389,100.0,88.125,27,H200 NVL,0.141,original,zoo_20260916/EEGNeX/2b_S6_seed2025
zoo,EEGNeX,2b,6,2026,within,,0.0,zoo_EEGNeX,54738,600,77.8125,77.8125,0.5562,0.4376,0.0596,100.0,86.5625,27,H200 NVL,0.126,original,zoo_20260916/EEGNeX/2b_S6_seed2026
zoo,EEGNeX,2b,6,2027,within,,0.0,zoo_EEGNeX,54738,600,78.125,78.125,0.5625,0.4306,0.0529,100.0,89.375,29,H200 NVL,0.145,original,zoo_20260916/EEGNeX/2b_S6_seed2027
zoo,EEGNeX,2b,7,2025,within,,0.0,zoo_EEGNeX,54738,600,83.4375,83.4375,0.6687,0.4444,0.0338,100.0,89.6875,48,H200 NVL,0.145,original,zoo_20260916/EEGNeX/2b_S7_seed2025
zoo,EEGNeX,2b,7,2026,within,,0.0,zoo_EEGNeX,54738,600,82.1875,82.1875,0.6438,0.403,0.0433,100.0,90.9375,7,H200 NVL,0.155,original,zoo_20260916/EEGNeX/2b_S7_seed2026
zoo,EEGNeX,2b,7,2027,within,,0.0,zoo_EEGNeX,54738,600,83.75,83.75,0.675,0.4544,0.0687,100.0,91.25,38,H200 NVL,0.143,original,zoo_20260916/EEGNeX/2b_S7_seed2027
zoo,EEGNeX,2b,8,2025,within,,0.0,zoo_EEGNeX,54738,600,86.25,86.25,0.725,0.2941,0.0397,100.0,94.6875,21,H200 NVL,0.144,original,zoo_20260916/EEGNeX/2b_S8_seed2025
zoo,EEGNeX,2b,8,2026,within,,0.0,zoo_EEGNeX,54738,600,87.5,87.5,0.75,0.3139,0.03,100.0,94.375,17,H200 NVL,0.146,original,zoo_20260916/EEGNeX/2b_S8_seed2026
zoo,EEGNeX,2b,8,2027,within,,0.0,zoo_EEGNeX,54738,600,88.4375,88.4375,0.7688,0.2887,0.0352,100.0,94.0625,8,H200 NVL,0.146,original,zoo_20260916/EEGNeX/2b_S8_seed2027
zoo,EEGNeX,2b,9,2025,within,,0.0,zoo_EEGNeX,54738,600,80.625,80.625,0.6125,0.4214,0.0245,100.0,85.0,320,H200 NVL,0.124,original,zoo_20260916/EEGNeX/2b_S9_seed2025
zoo,EEGNeX,2b,9,2026,within,,0.0,zoo_EEGNeX,54738,600,80.625,80.625,0.6125,0.4335,0.0308,100.0,86.5625,47,H200 NVL,0.142,original,zoo_20260916/EEGNeX/2b_S9_seed2026
zoo,EEGNeX,2b,9,2027,within,,0.0,zoo_EEGNeX,54738,600,80.9375,80.9375,0.6187,0.4164,0.0272,100.0,86.5625,36,H200 NVL,0.127,original,zoo_20260916/EEGNeX/2b_S9_seed2027
zoo,EEGNeX,hgd,10,2025,within,,0.0,zoo_EEGNeX,57860,600,91.4773,91.3367,0.886,0.3672,0.1391,100.0,94.8864,231,H200 NVL,0.879,original,zoo_20260916/EEGNeX/hgd_S10_seed2025
zoo,EEGNeX,hgd,10,2026,within,,0.0,zoo_EEGNeX,57860,600,89.2045,88.7125,0.8555,0.3583,0.112,100.0,93.75,326,H200 NVL,0.881,original,zoo_20260916/EEGNeX/hgd_S10_seed2026
zoo,EEGNeX,hgd,10,2027,within,,0.0,zoo_EEGNeX,57860,600,88.0682,87.8218,0.8404,0.3802,0.1166,100.0,93.1818,136,H200 NVL,0.876,original,zoo_20260916/EEGNeX/hgd_S10_seed2027
zoo,EEGNeX,hgd,11,2025,within,,0.0,zoo_EEGNeX,57860,600,85.2273,85.9218,0.8024,0.4958,0.128,100.0,88.0682,145,H200 NVL,0.879,original,zoo_20260916/EEGNeX/hgd_S11_seed2025
zoo,EEGNeX,hgd,11,2026,within,,0.0,zoo_EEGNeX,57860,600,82.9545,83.6242,0.7718,0.514,0.1143,100.0,90.3409,37,H200 NVL,0.879,original,zoo_20260916/EEGNeX/hgd_S11_seed2026
zoo,EEGNeX,hgd,11,2027,within,,0.0,zoo_EEGNeX,57860,600,82.9545,83.7811,0.7719,0.5078,0.1124,100.0,89.2045,46,H200 NVL,0.879,original,zoo_20260916/EEGNeX/hgd_S11_seed2027
zoo,EEGNeX,hgd,12,2025,within,,0.0,zoo_EEGNeX,57860,600,91.4773,91.4163,0.886,0.3151,0.1547,100.0,95.4545,316,H200 NVL,0.881,original,zoo_20260916/EEGNeX/hgd_S12_seed2025
zoo,EEGNeX,hgd,12,2026,within,,0.0,zoo_EEGNeX,57860,600,91.4773,91.2098,0.8858,0.3854,0.1323,100.0,95.4545,115,H200 NVL,0.882,original,zoo_20260916/EEGNeX/hgd_S12_seed2026
zoo,EEGNeX,hgd,12,2027,within,,0.0,zoo_EEGNeX,57860,600,90.3409,90.6295,0.871,0.3792,0.1163,100.0,95.4545,134,H200 NVL,0.88,original,zoo_20260916/EEGNeX/hgd_S12_seed2027
zoo,EEGNeX,hgd,13,2025,within,,0.0,zoo_EEGNeX,57860,600,92.5,92.5052,0.8999,0.2894,0.1341,100.0,96.875,36,H200 NVL,0.807,original,zoo_20260916/EEGNeX/hgd_S13_seed2025
zoo,EEGNeX,hgd,13,2026,within,,0.0,zoo_EEGNeX,57860,600,95.625,95.6188,0.9416,0.2759,0.1504,100.0,97.5,102,H200 NVL,0.801,original,zoo_20260916/EEGNeX/hgd_S13_seed2026
zoo,EEGNeX,hgd,13,2027,within,,0.0,zoo_EEGNeX,57860,600,95.0,94.9633,0.9333,0.2702,0.1496,100.0,97.5,362,H200 NVL,0.801,original,zoo_20260916/EEGNeX/hgd_S13_seed2027
zoo,EEGNeX,hgd,14,2025,within,,0.0,zoo_EEGNeX,57860,600,97.1591,97.1915,0.962,0.251,0.169,100.0,99.4318,81,H200 NVL,0.881,original,zoo_20260916/EEGNeX/hgd_S14_seed2025
zoo,EEGNeX,hgd,14,2026,within,,0.0,zoo_EEGNeX,57860,600,97.7273,97.6157,0.9696,0.2497,0.1767,100.0,98.8636,52,H200 NVL,0.88,original,zoo_20260916/EEGNeX/hgd_S14_seed2026
zoo,EEGNeX,hgd,14,2027,within,,0.0,zoo_EEGNeX,57860,600,97.7273,97.7359,0.9696,0.2449,0.1739,100.0,100.0,60,H200 NVL,0.873,original,zoo_20260916/EEGNeX/hgd_S14_seed2027
zoo,EEGNeX,hgd,1,2025,within,,0.0,zoo_EEGNeX,57860,600,98.4375,98.0769,0.9786,0.2596,0.2019,100.0,100.0,53,H200 NVL,0.324,original,zoo_20260916/EEGNeX/hgd_S1_seed2025
zoo,EEGNeX,hgd,1,2026,within,,0.0,zoo_EEGNeX,57860,600,100.0,100.0,1.0,0.231,0.1918,100.0,100.0,18,H200 NVL,0.322,original,zoo_20260916/EEGNeX/hgd_S1_seed2026
zoo,EEGNeX,hgd,1,2027,within,,0.0,zoo_EEGNeX,57860,600,96.875,97.4747,0.9575,0.2474,0.169,100.0,100.0,21,H200 NVL,0.321,original,zoo_20260916/EEGNeX/hgd_S1_seed2027
zoo,EEGNeX,hgd,2,2025,within,,0.0,zoo_EEGNeX,57860,600,91.411,91.5231,0.8854,0.3738,0.1561,100.0,93.865,334,H200 NVL,0.81,original,zoo_20260916/EEGNeX/hgd_S2_seed2025
zoo,EEGNeX,hgd,2,2026,within,,0.0,zoo_EEGNeX,57860,600,90.7975,90.9327,0.8772,0.3409,0.1361,100.0,93.865,384,H200 NVL,0.809,original,zoo_20260916/EEGNeX/hgd_S2_seed2026
zoo,EEGNeX,hgd,2,2027,within,,0.0,zoo_EEGNeX,57860,600,92.638,92.8744,0.9018,0.3553,0.1413,100.0,93.865,137,H200 NVL,0.806,original,zoo_20260916/EEGNeX/hgd_S2_seed2027
zoo,EEGNeX,hgd,3,2025,within,,0.0,zoo_EEGNeX,57860,600,97.1591,97.0355,0.962,0.2467,0.1644,100.0,98.2955,216,H200 NVL,0.88,original,zoo_20260916/EEGNeX/hgd_S3_seed2025
zoo,EEGNeX,hgd,3,2026,within,,0.0,zoo_EEGNeX,57860,600,94.8864,94.548,0.9316,0.2699,0.1603,100.0,97.1591,216,H200 NVL,0.881,original,zoo_20260916/EEGNeX/hgd_S3_seed2026
zoo,EEGNeX,hgd,3,2027,within,,0.0,zoo_EEGNeX,57860,600,96.5909,96.3773,0.9544,0.2598,0.1621,100.0,98.2955,79,H200 NVL,0.879,original,zoo_20260916/EEGNeX/hgd_S3_seed2027
zoo,EEGNeX,hgd,4,2025,within,,0.0,zoo_EEGNeX,57860,600,97.7778,97.5812,0.9702,0.2631,0.1818,100.0,98.8889,372,H200 NVL,0.89,original,zoo_20260916/EEGNeX/hgd_S4_seed2025
zoo,EEGNeX,hgd,4,2026,within,,0.0,zoo_EEGNeX,57860,600,95.0,94.6821,0.9329,0.2666,0.1303,100.0,96.6667,281,H200 NVL,0.889,original,zoo_20260916/EEGNeX/hgd_S4_seed2026
zoo,EEGNeX,hgd,4,2027,within,,0.0,zoo_EEGNeX,57860,600,95.0,94.4482,0.9328,0.2612,0.148,100.0,97.7778,296,H200 NVL,0.891,original,zoo_20260916/EEGNeX/hgd_S4_seed2027
zoo,EEGNeX,hgd,5,2025,within,,0.0,zoo_EEGNeX,57860,600,97.2222,97.218,0.9628,0.2336,0.1469,100.0,97.9167,29,H200 NVL,0.722,original,zoo_20260916/EEGNeX/hgd_S5_seed2025
zoo,EEGNeX,hgd,5,2026,within,,0.0,zoo_EEGNeX,57860,600,95.8333,95.7957,0.9442,0.2622,0.1438,100.0,97.2222,44,H200 NVL,0.721,original,zoo_20260916/EEGNeX/hgd_S5_seed2026
zoo,EEGNeX,hgd,5,2027,within,,0.0,zoo_EEGNeX,57860,600,98.6111,98.7805,0.9814,0.2469,0.1621,100.0,98.6111,425,H200 NVL,0.716,original,zoo_20260916/EEGNeX/hgd_S5_seed2027
zoo,EEGNeX,hgd,6,2025,within,,0.0,zoo_EEGNeX,57860,600,90.9091,91.1148,0.8785,0.3838,0.177,100.0,94.8864,174,H200 NVL,0.879,original,zoo_20260916/EEGNeX/hgd_S6_seed2025
zoo,EEGNeX,hgd,6,2026,within,,0.0,zoo_EEGNeX,57860,600,86.9318,87.1819,0.8254,0.3945,0.1358,100.0,92.6136,286,H200 NVL,0.878,original,zoo_20260916/EEGNeX/hgd_S6_seed2026
zoo,EEGNeX,hgd,6,2027,within,,0.0,zoo_EEGNeX,57860,600,92.0455,92.381,0.8938,0.3577,0.175,100.0,95.4545,409,H200 NVL,0.874,original,zoo_20260916/EEGNeX/hgd_S6_seed2027
zoo,EEGNeX,hgd,7,2025,within,,0.0,zoo_EEGNeX,57860,600,88.0682,87.6105,0.8404,0.3372,0.1041,99.858,94.8864,112,H200 NVL,0.881,original,zoo_20260916/EEGNeX/hgd_S7_seed2025
zoo,EEGNeX,hgd,7,2026,within,,0.0,zoo_EEGNeX,57860,600,92.0455,91.7674,0.8937,0.3433,0.1355,99.858,94.3182,314,H200 NVL,0.873,original,zoo_20260916/EEGNeX/hgd_S7_seed2026
zoo,EEGNeX,hgd,7,2027,within,,0.0,zoo_EEGNeX,57860,600,89.2045,88.8983,0.8557,0.3347,0.1179,100.0,93.1818,104,H200 NVL,0.877,original,zoo_20260916/EEGNeX/hgd_S7_seed2027
zoo,EEGNeX,hgd,8,2025,within,,0.0,zoo_EEGNeX,57860,600,92.3664,92.727,0.8981,0.3232,0.1399,100.0,94.6565,130,H200 NVL,0.652,original,zoo_20260916/EEGNeX/hgd_S8_seed2025
zoo,EEGNeX,hgd,8,2026,within,,0.0,zoo_EEGNeX,57860,600,92.3664,92.6749,0.8981,0.3185,0.1237,100.0,96.1832,358,H200 NVL,0.648,original,zoo_20260916/EEGNeX/hgd_S8_seed2026
zoo,EEGNeX,hgd,8,2027,within,,0.0,zoo_EEGNeX,57860,600,92.3664,92.7018,0.8981,0.3488,0.1288,100.0,95.4198,159,H200 NVL,0.651,original,zoo_20260916/EEGNeX/hgd_S8_seed2027
zoo,EEGNeX,hgd,9,2025,within,,0.0,zoo_EEGNeX,57860,600,96.5909,96.611,0.9544,0.2232,0.1385,100.0,98.8636,52,H200 NVL,0.886,original,zoo_20260916/EEGNeX/hgd_S9_seed2025
zoo,EEGNeX,hgd,9,2026,within,,0.0,zoo_EEGNeX,57860,600,96.5909,96.7691,0.9545,0.2308,0.135,100.0,98.2955,55,H200 NVL,0.88,original,zoo_20260916/EEGNeX/hgd_S9_seed2026
zoo,EEGNeX,hgd,9,2027,within,,0.0,zoo_EEGNeX,57860,600,93.75,93.9986,0.9165,0.2474,0.128,100.0,99.4318,67,H200 NVL,0.88,original,zoo_20260916/EEGNeX/hgd_S9_seed2027
zoo,EEGNeX,sdssvep,10,2025,within,,0.0,zoo_EEGNeX,55340,600,76.6667,76.6667,0.7455,1.1667,0.3651,100.0,83.3333,345,H200 NVL,0.036,original,zoo_20260916/EEGNeX/sdssvep_S10_seed2025
zoo,EEGNeX,sdssvep,10,2026,within,,0.0,zoo_EEGNeX,55340,600,63.3333,63.3333,0.6,1.4002,0.2999,100.0,68.3333,307,H200 NVL,0.026,original,zoo_20260916/EEGNeX/sdssvep_S10_seed2026
zoo,EEGNeX,sdssvep,10,2027,within,,0.0,zoo_EEGNeX,55340,600,63.3333,63.3333,0.6,1.4286,0.2985,100.0,68.3333,319,H200 NVL,0.038,original,zoo_20260916/EEGNeX/sdssvep_S10_seed2027
zoo,EEGNeX,sdssvep,1,2025,within,,0.0,zoo_EEGNeX,55340,600,28.3333,28.3333,0.2182,2.0258,0.1421,100.0,36.6667,236,H200 NVL,0.018,original,zoo_20260916/EEGNeX/sdssvep_S1_seed2025
zoo,EEGNeX,sdssvep,1,2026,within,,0.0,zoo_EEGNeX,55340,600,35.0,35.0,0.2909,2.0682,0.1,100.0,40.0,229,H200 NVL,0.043,original,zoo_20260916/EEGNeX/sdssvep_S1_seed2026
zoo,EEGNeX,sdssvep,1,2027,within,,0.0,zoo_EEGNeX,55340,600,35.0,35.0,0.2909,1.9631,0.0895,100.0,38.3333,266,H200 NVL,0.032,original,zoo_20260916/EEGNeX/sdssvep_S1_seed2027
zoo,EEGNeX,sdssvep,2,2025,within,,0.0,zoo_EEGNeX,55340,600,65.0,65.0,0.6182,1.3861,0.2696,100.0,70.0,325,H200 NVL,0.033,original,zoo_20260916/EEGNeX/sdssvep_S2_seed2025
zoo,EEGNeX,sdssvep,2,2026,within,,0.0,zoo_EEGNeX,55340,600,55.0,55.0,0.5091,1.4957,0.2157,100.0,60.0,183,H200 NVL,0.027,original,zoo_20260916/EEGNeX/sdssvep_S2_seed2026
zoo,EEGNeX,sdssvep,2,2027,within,,0.0,zoo_EEGNeX,55340,600,66.6667,66.6667,0.6364,1.4202,0.2957,100.0,70.0,286,H200 NVL,0.035,original,zoo_20260916/EEGNeX/sdssvep_S2_seed2027
zoo,EEGNeX,sdssvep,3,2025,within,,0.0,zoo_EEGNeX,55340,600,18.3333,18.3333,0.1091,2.4625,0.1235,100.0,25.0,337,H200 NVL,0.033,original,zoo_20260916/EEGNeX/sdssvep_S3_seed2025
zoo,EEGNeX,sdssvep,3,2026,within,,0.0,zoo_EEGNeX,55340,600,28.3333,28.3333,0.2182,2.1764,0.1092,100.0,31.6667,435,H200 NVL,0.032,original,zoo_20260916/EEGNeX/sdssvep_S3_seed2026
zoo,EEGNeX,sdssvep,3,2027,within,,0.0,zoo_EEGNeX,55340,600,26.6667,26.6667,0.2,2.2803,0.144,100.0,35.0,392,H200 NVL,0.035,original,zoo_20260916/EEGNeX/sdssvep_S3_seed2027
zoo,EEGNeX,sdssvep,4,2025,within,,0.0,zoo_EEGNeX,55340,600,56.6667,56.6667,0.5273,1.5394,0.242,100.0,61.6667,141,H200 NVL,0.027,original,zoo_20260916/EEGNeX/sdssvep_S4_seed2025
zoo,EEGNeX,sdssvep,4,2026,within,,0.0,zoo_EEGNeX,55340,600,55.0,55.0,0.5091,1.4672,0.2127,100.0,61.6667,305,H200 NVL,0.033,original,zoo_20260916/EEGNeX/sdssvep_S4_seed2026
zoo,EEGNeX,sdssvep,4,2027,within,,0.0,zoo_EEGNeX,55340,600,66.6667,66.6667,0.6364,1.5054,0.3467,100.0,68.3333,188,H200 NVL,0.028,original,zoo_20260916/EEGNeX/sdssvep_S4_seed2027
zoo,EEGNeX,sdssvep,5,2025,within,,0.0,zoo_EEGNeX,55340,600,85.0,85.0,0.8364,0.8848,0.3613,100.0,86.6667,511,H200 NVL,0.032,original,zoo_20260916/EEGNeX/sdssvep_S5_seed2025
zoo,EEGNeX,sdssvep,5,2026,within,,0.0,zoo_EEGNeX,55340,600,90.0,90.0,0.8909,0.8608,0.4096,100.0,93.3333,280,H200 NVL,0.034,original,zoo_20260916/EEGNeX/sdssvep_S5_seed2026
zoo,EEGNeX,sdssvep,5,2027,within,,0.0,zoo_EEGNeX,55340,600,86.6667,86.6667,0.8545,0.8739,0.3659,100.0,90.0,435,H200 NVL,0.032,original,zoo_20260916/EEGNeX/sdssvep_S5_seed2027
zoo,EEGNeX,sdssvep,6,2025,within,,0.0,zoo_EEGNeX,55340,600,91.6667,91.6667,0.9091,0.7609,0.3775,100.0,93.3333,249,H200 NVL,0.034,original,zoo_20260916/EEGNeX/sdssvep_S6_seed2025
zoo,EEGNeX,sdssvep,6,2026,within,,0.0,zoo_EEGNeX,55340,600,90.0,90.0,0.8909,0.7365,0.3382,100.0,93.3333,203,H200 NVL,0.026,original,zoo_20260916/EEGNeX/sdssvep_S6_seed2026
zoo,EEGNeX,sdssvep,6,2027,within,,0.0,zoo_EEGNeX,55340,600,88.3333,88.3333,0.8727,0.8069,0.3397,100.0,90.0,460,H200 NVL,0.034,original,zoo_20260916/EEGNeX/sdssvep_S6_seed2027
zoo,EEGNeX,sdssvep,7,2025,within,,0.0,zoo_EEGNeX,55340,600,88.3333,88.3333,0.8727,0.8622,0.3921,100.0,95.0,418,H200 NVL,0.034,original,zoo_20260916/EEGNeX/sdssvep_S7_seed2025
zoo,EEGNeX,sdssvep,7,2026,within,,0.0,zoo_EEGNeX,55340,600,90.0,90.0,0.8909,0.8617,0.3937,100.0,91.6667,203,H200 NVL,0.032,original,zoo_20260916/EEGNeX/sdssvep_S7_seed2026
zoo,EEGNeX,sdssvep,7,2027,within,,0.0,zoo_EEGNeX,55340,600,86.6667,86.6667,0.8545,0.9719,0.3944,100.0,88.3333,331,H200 NVL,0.034,original,zoo_20260916/EEGNeX/sdssvep_S7_seed2027
zoo,EEGNeX,sdssvep,8,2025,within,,0.0,zoo_EEGNeX,55340,600,85.0,85.0,0.8364,1.1141,0.46,100.0,86.6667,146,H200 NVL,0.026,original,zoo_20260916/EEGNeX/sdssvep_S8_seed2025
zoo,EEGNeX,sdssvep,8,2026,within,,0.0,zoo_EEGNeX,55340,600,80.0,80.0,0.7818,1.0595,0.3796,100.0,86.6667,328,H200 NVL,0.033,original,zoo_20260916/EEGNeX/sdssvep_S8_seed2026
zoo,EEGNeX,sdssvep,8,2027,within,,0.0,zoo_EEGNeX,55340,600,81.6667,81.6667,0.8,1.085,0.4025,100.0,86.6667,186,H200 NVL,0.027,original,zoo_20260916/EEGNeX/sdssvep_S8_seed2027
zoo,EEGNeX,sdssvep,9,2025,within,,0.0,zoo_EEGNeX,55340,600,93.3333,93.3333,0.9273,0.4991,0.2904,100.0,96.6667,175,H200 NVL,0.032,original,zoo_20260916/EEGNeX/sdssvep_S9_seed2025
zoo,EEGNeX,sdssvep,9,2026,within,,0.0,zoo_EEGNeX,55340,600,91.6667,91.6667,0.9091,0.5284,0.2573,100.0,95.0,112,H200 NVL,0.033,original,zoo_20260916/EEGNeX/sdssvep_S9_seed2026
zoo,EEGNeX,sdssvep,9,2027,within,,0.0,zoo_EEGNeX,55340,600,90.0,90.0,0.8909,0.5795,0.2546,100.0,93.3333,225,H200 NVL,0.033,original,zoo_20260916/EEGNeX/sdssvep_S9_seed2027
zoo,EEGNet,2a,1,2025,within,,0.0,zoo_EEGNet,3444,600,82.9861,82.9861,0.7731,0.5352,0.1371,100.0,85.0694,235,H200 NVL,0.154,original,zoo_20260916/EEGNet/2a_S1_seed2025
zoo,EEGNet,2a,1,2026,within,,0.0,zoo_EEGNet,3444,600,79.8611,79.8611,0.7315,0.5803,0.1148,100.0,81.9444,275,H200 NVL,0.121,original,zoo_20260916/EEGNet/2a_S1_seed2026
zoo,EEGNet,2a,1,2027,within,,0.0,zoo_EEGNet,3444,600,82.2917,82.2917,0.7639,0.5247,0.1411,100.0,83.6806,286,H200 NVL,0.156,original,zoo_20260916/EEGNet/2a_S1_seed2027
zoo,EEGNet,2a,2,2025,within,,0.0,zoo_EEGNet,3444,600,61.1111,61.1111,0.4815,0.9379,0.055,100.0,65.9722,365,H200 NVL,0.145,original,zoo_20260916/EEGNet/2a_S2_seed2025
zoo,EEGNet,2a,2,2026,within,,0.0,zoo_EEGNet,3444,600,66.6667,66.6667,0.5556,0.8835,0.0823,99.6528,67.7083,159,H200 NVL,0.14,original,zoo_20260916/EEGNet/2a_S2_seed2026
zoo,EEGNet,2a,2,2027,within,,0.0,zoo_EEGNet,3444,600,57.9861,57.9861,0.4398,0.9721,0.0748,100.0,62.5,171,H200 NVL,0.146,original,zoo_20260916/EEGNet/2a_S2_seed2027
zoo,EEGNet,2a,3,2025,within,,0.0,zoo_EEGNet,3444,600,90.625,90.625,0.875,0.3964,0.1365,100.0,92.0139,376,H200 NVL,0.148,original,zoo_20260916/EEGNet/2a_S3_seed2025
zoo,EEGNet,2a,3,2026,within,,0.0,zoo_EEGNet,3444,600,81.5972,81.5972,0.7546,0.4982,0.1201,100.0,86.4583,156,H200 NVL,0.137,original,zoo_20260916/EEGNet/2a_S3_seed2026
zoo,EEGNet,2a,3,2027,within,,0.0,zoo_EEGNet,3444,600,90.625,90.625,0.875,0.354,0.1656,100.0,92.3611,437,H200 NVL,0.15,original,zoo_20260916/EEGNet/2a_S3_seed2027
zoo,EEGNet,2a,4,2025,within,,0.0,zoo_EEGNet,3444,600,59.7222,59.7222,0.463,0.9364,0.052,100.0,62.5,295,H200 NVL,0.148,original,zoo_20260916/EEGNet/2a_S4_seed2025
zoo,EEGNet,2a,4,2026,within,,0.0,zoo_EEGNet,3444,600,61.8056,61.8056,0.4907,0.9115,0.0781,100.0,64.9306,279,H200 NVL,0.155,original,zoo_20260916/EEGNet/2a_S4_seed2026
zoo,EEGNet,2a,4,2027,within,,0.0,zoo_EEGNet,3444,600,67.7083,67.7083,0.5694,0.8537,0.0764,100.0,70.4861,296,H200 NVL,0.15,original,zoo_20260916/EEGNet/2a_S4_seed2027
zoo,EEGNet,2a,5,2025,within,,0.0,zoo_EEGNet,3444,600,71.5278,71.5278,0.6204,0.7481,0.0677,100.0,72.2222,146,H200 NVL,0.14,original,zoo_20260916/EEGNet/2a_S5_seed2025
zoo,EEGNet,2a,5,2026,within,,0.0,zoo_EEGNet,3444,600,75.6944,75.6944,0.6759,0.6705,0.0951,100.0,78.4722,234,H200 NVL,0.145,original,zoo_20260916/EEGNet/2a_S5_seed2026
zoo,EEGNet,2a,5,2027,within,,0.0,zoo_EEGNet,3444,600,73.6111,73.6111,0.6481,0.7047,0.0963,100.0,74.6528,365,H200 NVL,0.142,original,zoo_20260916/EEGNet/2a_S5_seed2027
zoo,EEGNet,2a,6,2025,within,,0.0,zoo_EEGNet,3444,600,58.6806,58.6806,0.4491,1.0844,0.0675,100.0,61.4583,412,H200 NVL,0.137,original,zoo_20260916/EEGNet/2a_S6_seed2025
zoo,EEGNet,2a,6,2026,within,,0.0,zoo_EEGNet,3444,600,62.5,62.5,0.5,1.0229,0.0855,100.0,64.2361,325,H200 NVL,0.148,original,zoo_20260916/EEGNet/2a_S6_seed2026
zoo,EEGNet,2a,6,2027,within,,0.0,zoo_EEGNet,3444,600,59.0278,59.0278,0.4537,1.0968,0.0942,100.0,62.8472,77,H200 NVL,0.139,original,zoo_20260916/EEGNet/2a_S6_seed2027
zoo,EEGNet,2a,7,2025,within,,0.0,zoo_EEGNet,3444,600,71.875,71.875,0.625,0.7086,0.0649,100.0,75.3472,258,H200 NVL,0.154,original,zoo_20260916/EEGNet/2a_S7_seed2025
zoo,EEGNet,2a,7,2026,within,,0.0,zoo_EEGNet,3444,600,73.6111,73.6111,0.6481,0.6826,0.0807,100.0,76.7361,217,H200 NVL,0.148,original,zoo_20260916/EEGNet/2a_S7_seed2026
zoo,EEGNet,2a,7,2027,within,,0.0,zoo_EEGNet,3444,600,73.6111,73.6111,0.6481,0.6976,0.0804,100.0,76.7361,321,H200 NVL,0.156,original,zoo_20260916/EEGNet/2a_S7_seed2027
zoo,EEGNet,2a,8,2025,within,,0.0,zoo_EEGNet,3444,600,79.8611,79.8611,0.7315,0.6135,0.1505,100.0,82.2917,221,H200 NVL,0.145,original,zoo_20260916/EEGNet/2a_S8_seed2025
zoo,EEGNet,2a,8,2026,within,,0.0,zoo_EEGNet,3444,600,78.125,78.125,0.7083,0.6285,0.1329,100.0,79.8611,430,H200 NVL,0.14,original,zoo_20260916/EEGNet/2a_S8_seed2026
zoo,EEGNet,2a,8,2027,within,,0.0,zoo_EEGNet,3444,600,82.2917,82.2917,0.7639,0.5985,0.1605,100.0,84.375,348,H200 NVL,0.147,original,zoo_20260916/EEGNet/2a_S8_seed2027
zoo,EEGNet,2a,9,2025,within,,0.0,zoo_EEGNet,3444,600,80.9028,80.9028,0.7454,0.5519,0.132,100.0,83.6806,353,H200 NVL,0.096,original,zoo_20260916/EEGNet/2a_S9_seed2025
zoo,EEGNet,2a,9,2026,within,,0.0,zoo_EEGNet,3444,600,72.9167,72.9167,0.6389,0.7023,0.1124,100.0,73.2639,457,H200 NVL,0.137,original,zoo_20260916/EEGNet/2a_S9_seed2026
zoo,EEGNet,2a,9,2027,within,,0.0,zoo_EEGNet,3444,600,79.5139,79.5139,0.7269,0.64,0.0976,100.0,81.9444,393,H200 NVL,0.066,original,zoo_20260916/EEGNet/2a_S9_seed2027
zoo,EEGNet,2b,1,2025,within,,0.0,zoo_EEGNet,2146,600,73.75,73.75,0.475,0.5825,0.0881,97.5,76.5625,390,H200 NVL,0.061,original,zoo_20260916/EEGNet/2b_S1_seed2025
zoo,EEGNet,2b,1,2026,within,,0.0,zoo_EEGNet,2146,600,72.5,72.5,0.45,0.5595,0.0472,96.75,74.0625,354,H200 NVL,0.075,original,zoo_20260916/EEGNet/2b_S1_seed2026
zoo,EEGNet,2b,1,2027,within,,0.0,zoo_EEGNet,2146,600,72.8125,72.8125,0.4563,0.5638,0.0598,96.5,76.875,278,H200 NVL,0.063,original,zoo_20260916/EEGNet/2b_S1_seed2027
zoo,EEGNet,2b,2,2025,within,,0.0,zoo_EEGNet,2146,600,70.7143,70.7143,0.4143,0.5825,0.0731,89.25,73.9286,263,H200 NVL,0.067,original,zoo_20260916/EEGNet/2b_S2_seed2025
zoo,EEGNet,2b,2,2026,within,,0.0,zoo_EEGNet,2146,600,70.0,70.0,0.4,0.5819,0.0837,88.0,72.5,164,H200 NVL,0.07,original,zoo_20260916/EEGNet/2b_S2_seed2026
zoo,EEGNet,2b,2,2027,within,,0.0,zoo_EEGNet,2146,600,69.6429,69.6429,0.3929,0.5714,0.0712,89.75,73.2143,117,H200 NVL,0.067,original,zoo_20260916/EEGNet/2b_S2_seed2027
zoo,EEGNet,2b,3,2025,within,,0.0,zoo_EEGNet,2146,600,83.125,83.125,0.6625,0.3619,0.06,88.25,88.125,18,H200 NVL,0.063,original,zoo_20260916/EEGNet/2b_S3_seed2025
zoo,EEGNet,2b,3,2026,within,,0.0,zoo_EEGNet,2146,600,85.0,85.0,0.7,0.3469,0.0621,88.5,87.5,59,H200 NVL,0.072,original,zoo_20260916/EEGNet/2b_S3_seed2026
zoo,EEGNet,2b,3,2027,within,,0.0,zoo_EEGNet,2146,600,83.125,83.125,0.6625,0.3636,0.0599,88.0,87.5,7,H200 NVL,0.064,original,zoo_20260916/EEGNet/2b_S3_seed2027
zoo,EEGNet,2b,4,2025,within,,0.0,zoo_EEGNet,2146,600,95.9375,95.9375,0.9187,0.1405,0.0811,99.2857,98.4375,57,H200 NVL,0.077,original,zoo_20260916/EEGNet/2b_S4_seed2025
zoo,EEGNet,2b,4,2026,within,,0.0,zoo_EEGNet,2146,600,96.25,96.25,0.925,0.1424,0.0849,99.5238,98.75,147,H200 NVL,0.072,original,zoo_20260916/EEGNet/2b_S4_seed2026
zoo,EEGNet,2b,4,2027,within,,0.0,zoo_EEGNet,2146,600,95.625,95.625,0.9125,0.1452,0.0872,99.2857,98.4375,44,H200 NVL,0.078,original,zoo_20260916/EEGNet/2b_S4_seed2027
zoo,EEGNet,2b,5,2025,within,,0.0,zoo_EEGNet,2146,600,88.125,88.125,0.7625,0.3555,0.1309,92.8571,89.6875,460,H200 NVL,0.07,original,zoo_20260916/EEGNet/2b_S5_seed2025
zoo,EEGNet,2b,5,2026,within,,0.0,zoo_EEGNet,2146,600,94.0625,94.0625,0.8813,0.2749,0.1527,95.9524,95.0,286,H200 NVL,0.067,original,zoo_20260916/EEGNet/2b_S5_seed2026
zoo,EEGNet,2b,5,2027,within,,0.0,zoo_EEGNet,2146,600,68.4375,68.4375,0.3687,0.7278,0.1714,84.5238,70.9375,88,H200 NVL,0.073,original,zoo_20260916/EEGNet/2b_S5_seed2027
zoo,EEGNet,2b,6,2025,within,,0.0,zoo_EEGNet,2146,600,71.25,71.25,0.425,0.5072,0.0682,89.25,79.375,200,H200 NVL,0.072,original,zoo_20260916/EEGNet/2b_S6_seed2025
zoo,EEGNet,2b,6,2026,within,,0.0,zoo_EEGNet,2146,600,73.125,73.125,0.4625,0.4989,0.0684,88.25,77.5,311,H200 NVL,0.064,original,zoo_20260916/EEGNet/2b_S6_seed2026
zoo,EEGNet,2b,6,2027,within,,0.0,zoo_EEGNet,2146,600,75.3125,75.3125,0.5063,0.4944,0.0708,89.0,78.125,425,H200 NVL,0.072,original,zoo_20260916/EEGNet/2b_S6_seed2027
zoo,EEGNet,2b,7,2025,within,,0.0,zoo_EEGNet,2146,600,88.4375,88.4375,0.7688,0.3106,0.0717,93.0,91.25,49,H200 NVL,0.072,original,zoo_20260916/EEGNet/2b_S7_seed2025
zoo,EEGNet,2b,7,2026,within,,0.0,zoo_EEGNet,2146,600,91.5625,91.5625,0.8313,0.2415,0.0655,95.5,94.0625,173,H200 NVL,0.077,original,zoo_20260916/EEGNet/2b_S7_seed2026
zoo,EEGNet,2b,7,2027,within,,0.0,zoo_EEGNet,2146,600,87.1875,87.1875,0.7437,0.3212,0.0752,92.0,91.25,17,H200 NVL,0.072,original,zoo_20260916/EEGNet/2b_S7_seed2027
zoo,EEGNet,2b,8,2025,within,,0.0,zoo_EEGNet,2146,600,93.125,93.125,0.8625,0.1953,0.1005,91.8182,95.0,47,H200 NVL,0.068,original,zoo_20260916/EEGNet/2b_S8_seed2025
zoo,EEGNet,2b,8,2026,within,,0.0,zoo_EEGNet,2146,600,94.6875,94.6875,0.8938,0.1885,0.079,91.8182,95.625,163,H200 NVL,0.071,original,zoo_20260916/EEGNet/2b_S8_seed2026
zoo,EEGNet,2b,8,2027,within,,0.0,zoo_EEGNet,2146,600,93.4375,93.4375,0.8687,0.1946,0.0832,92.0455,95.9375,42,H200 NVL,0.069,original,zoo_20260916/EEGNet/2b_S8_seed2027
zoo,EEGNet,2b,9,2025,within,,0.0,zoo_EEGNet,2146,600,88.125,88.125,0.7625,0.346,0.1263,91.5,90.3125,267,H200 NVL,0.063,original,zoo_20260916/EEGNet/2b_S9_seed2025
zoo,EEGNet,2b,9,2026,within,,0.0,zoo_EEGNet,2146,600,84.0625,84.0625,0.6812,0.3768,0.089,91.25,87.8125,154,H200 NVL,0.089,original,zoo_20260916/EEGNet/2b_S9_seed2026
zoo,EEGNet,2b,9,2027,within,,0.0,zoo_EEGNet,2146,600,87.1875,87.1875,0.7437,0.3425,0.1424,91.5,91.25,118,H200 NVL,0.065,original,zoo_20260916/EEGNet/2b_S9_seed2027
zoo,EEGNet,hgd,10,2025,within,,0.0,zoo_EEGNet,3796,600,91.4773,90.963,0.8859,0.2795,0.1121,99.858,94.3182,136,H200 NVL,0.509,original,zoo_20260916/EEGNet/hgd_S10_seed2025
zoo,EEGNet,hgd,10,2026,within,,0.0,zoo_EEGNet,3796,600,89.2045,88.5681,0.8554,0.3006,0.1136,99.7159,92.6136,92,H200 NVL,0.509,original,zoo_20260916/EEGNet/hgd_S10_seed2026
zoo,EEGNet,hgd,10,2027,within,,0.0,zoo_EEGNet,3796,600,89.7727,89.137,0.8631,0.3026,0.0957,99.858,93.1818,201,H200 NVL,0.507,original,zoo_20260916/EEGNet/hgd_S10_seed2027
zoo,EEGNet,hgd,11,2025,within,,0.0,zoo_EEGNet,3796,600,90.9091,91.5126,0.8784,0.4139,0.1608,98.1534,91.4773,315,H200 NVL,0.507,original,zoo_20260916/EEGNet/hgd_S11_seed2025
zoo,EEGNet,hgd,11,2026,within,,0.0,zoo_EEGNet,3796,600,87.5,88.2032,0.8329,0.4264,0.1274,97.7273,89.7727,313,H200 NVL,0.507,original,zoo_20260916/EEGNet/hgd_S11_seed2026
zoo,EEGNet,hgd,11,2027,within,,0.0,zoo_EEGNet,3796,600,92.6136,93.1097,0.9012,0.3813,0.1697,98.7216,93.1818,454,H200 NVL,0.507,original,zoo_20260916/EEGNet/hgd_S11_seed2027
zoo,EEGNet,hgd,12,2025,within,,0.0,zoo_EEGNet,3796,600,94.3182,94.1365,0.924,0.3391,0.1134,100.0,96.5909,74,H200 NVL,0.509,original,zoo_20260916/EEGNet/hgd_S12_seed2025
zoo,EEGNet,hgd,12,2026,within,,0.0,zoo_EEGNet,3796,600,95.4545,95.3625,0.9392,0.3449,0.1155,100.0,97.1591,260,H200 NVL,0.509,original,zoo_20260916/EEGNet/hgd_S12_seed2026
zoo,EEGNet,hgd,12,2027,within,,0.0,zoo_EEGNet,3796,600,94.3182,94.1365,0.924,0.3474,0.1159,100.0,96.0227,141,H200 NVL,0.508,original,zoo_20260916/EEGNet/hgd_S12_seed2027
zoo,EEGNet,hgd,13,2025,within,,0.0,zoo_EEGNet,3796,600,95.625,95.6043,0.9416,0.2532,0.1313,100.0,96.875,270,H200 NVL,0.463,original,zoo_20260916/EEGNet/hgd_S13_seed2025
zoo,EEGNet,hgd,13,2026,within,,0.0,zoo_EEGNet,3796,600,95.625,95.6188,0.9416,0.2502,0.1337,100.0,96.875,172,H200 NVL,0.461,original,zoo_20260916/EEGNet/hgd_S13_seed2026
zoo,EEGNet,hgd,13,2027,within,,0.0,zoo_EEGNet,3796,600,93.75,93.7728,0.9166,0.2722,0.1169,100.0,96.25,175,H200 NVL,0.463,original,zoo_20260916/EEGNet/hgd_S13_seed2027
zoo,EEGNet,hgd,14,2025,within,,0.0,zoo_EEGNet,3796,600,98.2955,98.4149,0.9772,0.1817,0.1323,100.0,99.4318,104,H200 NVL,0.509,original,zoo_20260916/EEGNet/hgd_S14_seed2025
zoo,EEGNet,hgd,14,2026,within,,0.0,zoo_EEGNet,3796,600,97.7273,97.7738,0.9696,0.1801,0.1274,100.0,99.4318,70,H200 NVL,0.508,original,zoo_20260916/EEGNet/hgd_S14_seed2026
zoo,EEGNet,hgd,14,2027,within,,0.0,zoo_EEGNet,3796,600,98.8636,98.8155,0.9848,0.1705,0.1268,100.0,99.4318,221,H200 NVL,0.507,original,zoo_20260916/EEGNet/hgd_S14_seed2027
zoo,EEGNet,hgd,1,2025,within,,0.0,zoo_EEGNet,3796,600,98.4375,98.8636,0.9787,0.2149,0.1396,100.0,98.4375,58,H200 NVL,0.187,original,zoo_20260916/EEGNet/hgd_S1_seed2025
zoo,EEGNet,hgd,1,2026,within,,0.0,zoo_EEGNet,3796,600,96.875,97.4747,0.9575,0.2432,0.1445,100.0,98.4375,364,H200 NVL,0.187,original,zoo_20260916/EEGNet/hgd_S1_seed2026
zoo,EEGNet,hgd,1,2027,within,,0.0,zoo_EEGNet,3796,600,98.4375,98.8636,0.9787,0.2253,0.1607,100.0,100.0,133,H200 NVL,0.187,original,zoo_20260916/EEGNet/hgd_S1_seed2027
zoo,EEGNet,hgd,2,2025,within,,0.0,zoo_EEGNet,3796,600,88.9571,89.1084,0.8527,0.3771,0.127,99.2308,92.638,312,H200 NVL,0.471,original,zoo_20260916/EEGNet/hgd_S2_seed2025
zoo,EEGNet,hgd,2,2026,within,,0.0,zoo_EEGNet,3796,600,90.7975,90.8717,0.8772,0.3639,0.1532,99.5385,92.638,298,H200 NVL,0.469,original,zoo_20260916/EEGNet/hgd_S2_seed2026
zoo,EEGNet,hgd,2,2027,within,,0.0,zoo_EEGNet,3796,600,93.2515,93.3722,0.9099,0.3622,0.1709,99.5385,93.865,470,H200 NVL,0.467,original,zoo_20260916/EEGNet/hgd_S2_seed2027
zoo,EEGNet,hgd,3,2025,within,,0.0,zoo_EEGNet,3796,600,93.75,93.6604,0.9165,0.2823,0.1246,99.858,95.4545,82,H200 NVL,0.508,original,zoo_20260916/EEGNet/hgd_S3_seed2025
zoo,EEGNet,hgd,3,2026,within,,0.0,zoo_EEGNet,3796,600,96.0227,95.9156,0.9468,0.2358,0.1368,99.858,97.1591,222,H200 NVL,0.508,original,zoo_20260916/EEGNet/hgd_S3_seed2026
zoo,EEGNet,hgd,3,2027,within,,0.0,zoo_EEGNet,3796,600,96.0227,95.9156,0.9468,0.2279,0.136,99.858,97.1591,283,H200 NVL,0.507,original,zoo_20260916/EEGNet/hgd_S3_seed2027
zoo,EEGNet,hgd,4,2025,within,,0.0,zoo_EEGNet,3796,600,94.4444,94.1919,0.9255,0.2704,0.1349,99.4421,97.2222,278,H200 NVL,0.514,original,zoo_20260916/EEGNet/hgd_S4_seed2025
zoo,EEGNet,hgd,4,2026,within,,0.0,zoo_EEGNet,3796,600,95.0,94.916,0.933,0.2412,0.1214,99.7211,97.2222,204,H200 NVL,0.515,original,zoo_20260916/EEGNet/hgd_S4_seed2026
zoo,EEGNet,hgd,4,2027,within,,0.0,zoo_EEGNet,3796,600,96.1111,95.6723,0.9478,0.2453,0.1277,99.8605,96.6667,237,H200 NVL,0.514,original,zoo_20260916/EEGNet/hgd_S4_seed2027
zoo,EEGNet,hgd,5,2025,within,,0.0,zoo_EEGNet,3796,600,97.2222,97.5297,0.9629,0.2178,0.115,100.0,97.9167,47,H200 NVL,0.419,original,zoo_20260916/EEGNet/hgd_S5_seed2025
zoo,EEGNet,hgd,5,2026,within,,0.0,zoo_EEGNet,3796,600,98.6111,98.7805,0.9814,0.1966,0.1275,100.0,98.6111,65,H200 NVL,0.417,original,zoo_20260916/EEGNet/hgd_S5_seed2026
zoo,EEGNet,hgd,5,2027,within,,0.0,zoo_EEGNet,3796,600,97.9167,98.1395,0.9721,0.2033,0.118,100.0,98.6111,92,H200 NVL,0.416,original,zoo_20260916/EEGNet/hgd_S5_seed2027
zoo,EEGNet,hgd,6,2025,within,,0.0,zoo_EEGNet,3796,600,88.6364,88.4817,0.8479,0.3953,0.1514,99.2898,92.0455,198,H200 NVL,0.508,original,zoo_20260916/EEGNet/hgd_S6_seed2025
zoo,EEGNet,hgd,6,2026,within,,0.0,zoo_EEGNet,3796,600,90.3409,90.323,0.8709,0.377,0.1684,99.0057,93.1818,240,H200 NVL,0.507,original,zoo_20260916/EEGNet/hgd_S6_seed2026
zoo,EEGNet,hgd,6,2027,within,,0.0,zoo_EEGNet,3796,600,88.6364,88.7576,0.8482,0.3918,0.1455,99.2898,91.4773,217,H200 NVL,0.507,original,zoo_20260916/EEGNet/hgd_S6_seed2027
zoo,EEGNet,hgd,7,2025,within,,0.0,zoo_EEGNet,3796,600,92.0455,91.9244,0.8938,0.2888,0.1342,99.5739,94.3182,219,H200 NVL,0.509,original,zoo_20260916/EEGNet/hgd_S7_seed2025
zoo,EEGNet,hgd,7,2026,within,,0.0,zoo_EEGNet,3796,600,91.4773,91.2616,0.8862,0.2962,0.1196,99.5739,93.1818,140,H200 NVL,0.507,original,zoo_20260916/EEGNet/hgd_S7_seed2026
zoo,EEGNet,hgd,7,2027,within,,0.0,zoo_EEGNet,3796,600,91.4773,91.343,0.8862,0.2985,0.1315,99.858,94.3182,140,H200 NVL,0.507,original,zoo_20260916/EEGNet/hgd_S7_seed2027
zoo,EEGNet,hgd,8,2025,within,,0.0,zoo_EEGNet,3796,600,90.8397,90.8597,0.8774,0.3129,0.0998,99.8088,93.1298,195,H200 NVL,0.38,original,zoo_20260916/EEGNet/hgd_S8_seed2025
zoo,EEGNet,hgd,8,2026,within,,0.0,zoo_EEGNet,3796,600,89.313,89.4205,0.8571,0.3195,0.0892,99.8088,93.1298,228,H200 NVL,0.379,original,zoo_20260916/EEGNet/hgd_S8_seed2026
zoo,EEGNet,hgd,8,2027,within,,0.0,zoo_EEGNet,3796,600,90.8397,91.0082,0.8775,0.2857,0.1095,99.8088,93.8931,400,H200 NVL,0.378,original,zoo_20260916/EEGNet/hgd_S8_seed2027
zoo,EEGNet,hgd,9,2025,within,,0.0,zoo_EEGNet,3796,600,97.1591,97.29,0.9621,0.2087,0.1287,99.7159,98.8636,44,H200 NVL,0.506,original,zoo_20260916/EEGNet/hgd_S9_seed2025
zoo,EEGNet,hgd,9,2026,within,,0.0,zoo_EEGNet,3796,600,96.0227,96.2257,0.9469,0.2173,0.1257,99.4318,97.7273,168,H200 NVL,0.507,original,zoo_20260916/EEGNet/hgd_S9_seed2026
zoo,EEGNet,hgd,9,2027,within,,0.0,zoo_EEGNet,3796,600,96.5909,96.7844,0.9545,0.2083,0.1219,99.1477,97.7273,49,H200 NVL,0.508,original,zoo_20260916/EEGNet/hgd_S9_seed2027
zoo,EEGNet,sdssvep,10,2025,within,,0.0,zoo_EEGNet,2780,600,63.3333,63.3333,0.6,1.464,0.2748,99.1667,66.6667,111,H200 NVL,0.023,original,zoo_20260916/EEGNet/sdssvep_S10_seed2025
zoo,EEGNet,sdssvep,10,2026,within,,0.0,zoo_EEGNet,2780,600,73.3333,73.3333,0.7091,1.2037,0.3433,99.1667,76.6667,296,H200 NVL,0.018,original,zoo_20260916/EEGNet/sdssvep_S10_seed2026
zoo,EEGNet,sdssvep,10,2027,within,,0.0,zoo_EEGNet,2780,600,71.6667,71.6667,0.6909,1.2569,0.3276,100.0,73.3333,435,H200 NVL,0.024,original,zoo_20260916/EEGNet/sdssvep_S10_seed2027
zoo,EEGNet,sdssvep,1,2025,within,,0.0,zoo_EEGNet,2780,600,21.6667,21.6667,0.1455,2.0698,0.1101,95.8333,28.3333,102,H200 NVL,0.016,original,zoo_20260916/EEGNet/sdssvep_S1_seed2025
zoo,EEGNet,sdssvep,1,2026,within,,0.0,zoo_EEGNet,2780,600,23.3333,23.3333,0.1636,1.9763,0.1097,99.1667,30.0,173,H200 NVL,0.027,original,zoo_20260916/EEGNet/sdssvep_S1_seed2026
zoo,EEGNet,sdssvep,1,2027,within,,0.0,zoo_EEGNet,2780,600,18.3333,18.3333,0.1091,2.0839,0.2035,95.8333,36.6667,17,H200 NVL,0.023,original,zoo_20260916/EEGNet/sdssvep_S1_seed2027
zoo,EEGNet,sdssvep,2,2025,within,,0.0,zoo_EEGNet,2780,600,61.6667,61.6667,0.5818,1.4273,0.2651,98.3333,65.0,189,H200 NVL,0.022,original,zoo_20260916/EEGNet/sdssvep_S2_seed2025
zoo,EEGNet,sdssvep,2,2026,within,,0.0,zoo_EEGNet,2780,600,53.3333,53.3333,0.4909,1.6408,0.2206,90.8333,58.3333,222,H200 NVL,0.019,original,zoo_20260916/EEGNet/sdssvep_S2_seed2026
zoo,EEGNet,sdssvep,2,2027,within,,0.0,zoo_EEGNet,2780,600,60.0,60.0,0.5636,1.5189,0.2873,96.6667,61.6667,158,H200 NVL,0.024,original,zoo_20260916/EEGNet/sdssvep_S2_seed2027
zoo,EEGNet,sdssvep,3,2025,within,,0.0,zoo_EEGNet,2780,600,26.6667,26.6667,0.2,2.1147,0.0815,92.5,35.0,208,H200 NVL,0.022,original,zoo_20260916/EEGNet/sdssvep_S3_seed2025
zoo,EEGNet,sdssvep,3,2026,within,,0.0,zoo_EEGNet,2780,600,25.0,25.0,0.1818,2.2241,0.0483,93.3333,35.0,168,H200 NVL,0.022,original,zoo_20260916/EEGNet/sdssvep_S3_seed2026
zoo,EEGNet,sdssvep,3,2027,within,,0.0,zoo_EEGNet,2780,600,28.3333,28.3333,0.2182,2.1803,0.0826,92.5,28.3333,174,H200 NVL,0.024,original,zoo_20260916/EEGNet/sdssvep_S3_seed2027
zoo,EEGNet,sdssvep,4,2025,within,,0.0,zoo_EEGNet,2780,600,53.3333,53.3333,0.4909,1.4778,0.2062,98.3333,60.0,219,H200 NVL,0.018,original,zoo_20260916/EEGNet/sdssvep_S4_seed2025
zoo,EEGNet,sdssvep,4,2026,within,,0.0,zoo_EEGNet,2780,600,53.3333,53.3333,0.4909,1.4459,0.1889,96.6667,61.6667,86,H200 NVL,0.022,original,zoo_20260916/EEGNet/sdssvep_S4_seed2026
zoo,EEGNet,sdssvep,4,2027,within,,0.0,zoo_EEGNet,2780,600,50.0,50.0,0.4545,1.6194,0.1777,96.6667,56.6667,149,H200 NVL,0.019,original,zoo_20260916/EEGNet/sdssvep_S4_seed2027
zoo,EEGNet,sdssvep,5,2025,within,,0.0,zoo_EEGNet,2780,600,78.3333,78.3333,0.7636,1.1818,0.3976,96.6667,80.0,261,H200 NVL,0.022,original,zoo_20260916/EEGNet/sdssvep_S5_seed2025
zoo,EEGNet,sdssvep,5,2026,within,,0.0,zoo_EEGNet,2780,600,80.0,80.0,0.7818,1.0053,0.3673,99.1667,85.0,335,H200 NVL,0.022,original,zoo_20260916/EEGNet/sdssvep_S5_seed2026
zoo,EEGNet,sdssvep,5,2027,within,,0.0,zoo_EEGNet,2780,600,76.6667,76.6667,0.7455,1.0998,0.3688,98.3333,78.3333,209,H200 NVL,0.023,original,zoo_20260916/EEGNet/sdssvep_S5_seed2027
zoo,EEGNet,sdssvep,6,2025,within,,0.0,zoo_EEGNet,2780,600,86.6667,86.6667,0.8545,0.9297,0.416,98.3333,93.3333,363,H200 NVL,0.022,original,zoo_20260916/EEGNet/sdssvep_S6_seed2025
zoo,EEGNet,sdssvep,6,2026,within,,0.0,zoo_EEGNet,2780,600,85.0,85.0,0.8364,0.9492,0.3866,98.3333,86.6667,445,H200 NVL,0.018,original,zoo_20260916/EEGNet/sdssvep_S6_seed2026
zoo,EEGNet,sdssvep,6,2027,within,,0.0,zoo_EEGNet,2780,600,93.3333,93.3333,0.9273,0.8124,0.4406,100.0,93.3333,336,H200 NVL,0.023,original,zoo_20260916/EEGNet/sdssvep_S6_seed2027
zoo,EEGNet,sdssvep,7,2025,within,,0.0,zoo_EEGNet,2780,600,80.0,80.0,0.7818,1.0074,0.3812,98.3333,81.6667,418,H200 NVL,0.022,original,zoo_20260916/EEGNet/sdssvep_S7_seed2025
zoo,EEGNet,sdssvep,7,2026,within,,0.0,zoo_EEGNet,2780,600,71.6667,71.6667,0.6909,1.0193,0.2793,98.3333,75.0,256,H200 NVL,0.022,original,zoo_20260916/EEGNet/sdssvep_S7_seed2026
zoo,EEGNet,sdssvep,7,2027,within,,0.0,zoo_EEGNet,2780,600,85.0,85.0,0.8364,0.9648,0.4251,98.3333,88.3333,335,H200 NVL,0.023,original,zoo_20260916/EEGNet/sdssvep_S7_seed2027
zoo,EEGNet,sdssvep,8,2025,within,,0.0,zoo_EEGNet,2780,600,68.3333,68.3333,0.6545,1.2803,0.3193,100.0,70.0,480,H200 NVL,0.018,original,zoo_20260916/EEGNet/sdssvep_S8_seed2025
zoo,EEGNet,sdssvep,8,2026,within,,0.0,zoo_EEGNet,2780,600,73.3333,73.3333,0.7091,1.1814,0.3544,99.1667,78.3333,139,H200 NVL,0.022,original,zoo_20260916/EEGNet/sdssvep_S8_seed2026
zoo,EEGNet,sdssvep,8,2027,within,,0.0,zoo_EEGNet,2780,600,71.6667,71.6667,0.6909,1.152,0.3291,98.3333,75.0,412,H200 NVL,0.019,original,zoo_20260916/EEGNet/sdssvep_S8_seed2027
zoo,EEGNet,sdssvep,9,2025,within,,0.0,zoo_EEGNet,2780,600,85.0,85.0,0.8364,0.7689,0.2796,100.0,86.6667,186,H200 NVL,0.022,original,zoo_20260916/EEGNet/sdssvep_S9_seed2025
zoo,EEGNet,sdssvep,9,2026,within,,0.0,zoo_EEGNet,2780,600,90.0,90.0,0.8909,0.9024,0.3584,100.0,91.6667,254,H200 NVL,0.022,original,zoo_20260916/EEGNet/sdssvep_S9_seed2026
zoo,EEGNet,sdssvep,9,2027,within,,0.0,zoo_EEGNet,2780,600,86.6667,86.6667,0.8545,0.8509,0.3121,98.3333,86.6667,269,H200 NVL,0.023,original,zoo_20260916/EEGNet/sdssvep_S9_seed2027
zoo,EEGTCNet,2a,1,2025,within,,0.0,zoo_EEGTCNet,4096,600,82.9861,82.9861,0.7731,0.5011,0.0798,100.0,83.6806,482,H200 NVL,0.24,original,zoo_20260916/EEGTCNet/2a_S1_seed2025
zoo,EEGTCNet,2a,1,2026,within,,0.0,zoo_EEGTCNet,4096,600,81.9444,81.9444,0.7593,0.4974,0.0925,100.0,85.0694,355,H200 NVL,0.185,original,zoo_20260916/EEGTCNet/2a_S1_seed2026
zoo,EEGTCNet,2a,1,2027,within,,0.0,zoo_EEGTCNet,4096,600,82.6389,82.6389,0.7685,0.4839,0.0791,100.0,84.0278,353,H200 NVL,0.241,original,zoo_20260916/EEGTCNet/2a_S1_seed2027
zoo,EEGTCNet,2a,2,2025,within,,0.0,zoo_EEGTCNet,4096,600,63.5417,63.5417,0.5139,0.9365,0.0657,100.0,64.9306,354,H200 NVL,0.221,original,zoo_20260916/EEGTCNet/2a_S2_seed2025
zoo,EEGTCNet,2a,2,2026,within,,0.0,zoo_EEGTCNet,4096,600,57.2917,57.2917,0.4306,1.0589,0.0984,100.0,59.375,399,H200 NVL,0.218,original,zoo_20260916/EEGTCNet/2a_S2_seed2026
zoo,EEGTCNet,2a,2,2027,within,,0.0,zoo_EEGTCNet,4096,600,55.2083,55.2083,0.4028,1.0858,0.0822,100.0,58.6806,437,H200 NVL,0.221,original,zoo_20260916/EEGTCNet/2a_S2_seed2027
zoo,EEGTCNet,2a,3,2025,within,,0.0,zoo_EEGTCNet,4096,600,87.5,87.5,0.8333,0.4298,0.0967,100.0,88.5417,457,H200 NVL,0.223,original,zoo_20260916/EEGTCNet/2a_S3_seed2025
zoo,EEGTCNet,2a,3,2026,within,,0.0,zoo_EEGTCNet,4096,600,87.1528,87.1528,0.8287,0.3673,0.0656,100.0,91.6667,321,H200 NVL,0.206,original,zoo_20260916/EEGTCNet/2a_S3_seed2026
zoo,EEGTCNet,2a,3,2027,within,,0.0,zoo_EEGTCNet,4096,600,90.9722,90.9722,0.8796,0.3307,0.1063,100.0,92.3611,332,H200 NVL,0.225,original,zoo_20260916/EEGTCNet/2a_S3_seed2027
zoo,EEGTCNet,2a,4,2025,within,,0.0,zoo_EEGTCNet,4096,600,70.1389,70.1389,0.6019,0.76,0.0497,100.0,73.9583,328,H200 NVL,0.223,original,zoo_20260916/EEGTCNet/2a_S4_seed2025
zoo,EEGTCNet,2a,4,2026,within,,0.0,zoo_EEGTCNet,4096,600,71.5278,71.5278,0.6204,0.7527,0.0703,100.0,73.2639,453,H200 NVL,0.241,original,zoo_20260916/EEGTCNet/2a_S4_seed2026
zoo,EEGTCNet,2a,4,2027,within,,0.0,zoo_EEGTCNet,4096,600,64.2361,64.2361,0.5231,0.922,0.0706,100.0,66.3194,372,H200 NVL,0.225,original,zoo_20260916/EEGTCNet/2a_S4_seed2027
zoo,EEGTCNet,2a,5,2025,within,,0.0,zoo_EEGTCNet,4096,600,76.7361,76.7361,0.6898,0.6338,0.0556,100.0,79.5139,396,H200 NVL,0.218,original,zoo_20260916/EEGTCNet/2a_S5_seed2025
zoo,EEGTCNet,2a,5,2026,within,,0.0,zoo_EEGTCNet,4096,600,73.9583,73.9583,0.6528,0.7017,0.0614,100.0,76.7361,247,H200 NVL,0.221,original,zoo_20260916/EEGTCNet/2a_S5_seed2026
zoo,EEGTCNet,2a,5,2027,within,,0.0,zoo_EEGTCNet,4096,600,74.3056,74.3056,0.6574,0.6853,0.0545,100.0,77.0833,434,H200 NVL,0.221,original,zoo_20260916/EEGTCNet/2a_S5_seed2027
zoo,EEGTCNet,2a,6,2025,within,,0.0,zoo_EEGTCNet,4096,600,63.1944,63.1944,0.5093,0.9162,0.0556,100.0,66.6667,262,H200 NVL,0.206,original,zoo_20260916/EEGTCNet/2a_S6_seed2025
zoo,EEGTCNet,2a,6,2026,within,,0.0,zoo_EEGTCNet,4096,600,63.1944,63.1944,0.5093,0.8993,0.0636,100.0,65.2778,436,H200 NVL,0.222,original,zoo_20260916/EEGTCNet/2a_S6_seed2026
zoo,EEGTCNet,2a,6,2027,within,,0.0,zoo_EEGTCNet,4096,600,63.5417,63.5417,0.5139,0.9476,0.0867,100.0,65.625,401,H200 NVL,0.208,original,zoo_20260916/EEGTCNet/2a_S6_seed2027
zoo,EEGTCNet,2a,7,2025,within,,0.0,zoo_EEGTCNet,4096,600,88.8889,88.8889,0.8519,0.3986,0.1156,100.0,90.9722,466,H200 NVL,0.24,original,zoo_20260916/EEGTCNet/2a_S7_seed2025
zoo,EEGTCNet,2a,7,2026,within,,0.0,zoo_EEGTCNet,4096,600,89.9306,89.9306,0.8657,0.3947,0.1288,100.0,91.6667,304,H200 NVL,0.222,original,zoo_20260916/EEGTCNet/2a_S7_seed2026
zoo,EEGTCNet,2a,7,2027,within,,0.0,zoo_EEGTCNet,4096,600,87.1528,87.1528,0.8287,0.4081,0.0979,100.0,92.3611,137,H200 NVL,0.242,original,zoo_20260916/EEGTCNet/2a_S7_seed2027
zoo,EEGTCNet,2a,8,2025,within,,0.0,zoo_EEGTCNet,4096,600,82.2917,82.2917,0.7639,0.5261,0.1244,100.0,85.4167,378,H200 NVL,0.221,original,zoo_20260916/EEGTCNet/2a_S8_seed2025
zoo,EEGTCNet,2a,8,2026,within,,0.0,zoo_EEGTCNet,4096,600,82.9861,82.9861,0.7731,0.5185,0.1031,100.0,85.0694,386,H200 NVL,0.217,original,zoo_20260916/EEGTCNet/2a_S8_seed2026
zoo,EEGTCNet,2a,8,2027,within,,0.0,zoo_EEGTCNet,4096,600,84.0278,84.0278,0.787,0.5117,0.1102,100.0,87.1528,278,H200 NVL,0.223,original,zoo_20260916/EEGTCNet/2a_S8_seed2027
zoo,EEGTCNet,2a,9,2025,within,,0.0,zoo_EEGTCNet,4096,600,80.9028,80.9028,0.7454,0.559,0.0751,100.0,82.9861,372,H200 NVL,0.139,original,zoo_20260916/EEGTCNet/2a_S9_seed2025
zoo,EEGTCNet,2a,9,2026,within,,0.0,zoo_EEGTCNet,4096,600,78.4722,78.4722,0.713,0.594,0.0764,100.0,79.8611,531,H200 NVL,0.206,original,zoo_20260916/EEGTCNet/2a_S9_seed2026
zoo,EEGTCNet,2a,9,2027,within,,0.0,zoo_EEGTCNet,4096,600,84.0278,84.0278,0.787,0.5191,0.1099,100.0,85.0694,393,H200 NVL,0.096,original,zoo_20260916/EEGTCNet/2a_S9_seed2027
zoo,EEGTCNet,2b,1,2025,within,,0.0,zoo_EEGTCNet,3766,600,75.625,75.625,0.5125,0.5547,0.1043,100.0,79.6875,273,H200 NVL,0.105,original,zoo_20260916/EEGTCNet/2b_S1_seed2025
zoo,EEGTCNet,2b,1,2026,within,,0.0,zoo_EEGTCNet,3766,600,74.6875,74.6875,0.4937,0.5642,0.1028,100.0,80.0,74,H200 NVL,0.149,original,zoo_20260916/EEGTCNet/2b_S1_seed2026
zoo,EEGTCNet,2b,1,2027,within,,0.0,zoo_EEGTCNet,3766,600,77.1875,77.1875,0.5437,0.568,0.0887,100.0,79.375,89,H200 NVL,0.107,original,zoo_20260916/EEGTCNet/2b_S1_seed2027
zoo,EEGTCNet,2b,2,2025,within,,0.0,zoo_EEGTCNet,3766,600,68.2143,68.2143,0.3643,0.6751,0.1483,99.25,74.2857,111,H200 NVL,0.131,original,zoo_20260916/EEGTCNet/2b_S2_seed2025
zoo,EEGTCNet,2b,2,2026,within,,0.0,zoo_EEGTCNet,3766,600,71.0714,71.0714,0.4214,0.6269,0.1226,99.75,73.5714,118,H200 NVL,0.135,original,zoo_20260916/EEGTCNet/2b_S2_seed2026
zoo,EEGTCNet,2b,2,2027,within,,0.0,zoo_EEGTCNet,3766,600,70.3571,70.3571,0.4071,0.6227,0.1257,99.0,72.8571,206,H200 NVL,0.131,original,zoo_20260916/EEGTCNet/2b_S2_seed2027
zoo,EEGTCNet,2b,3,2025,within,,0.0,zoo_EEGTCNet,3766,600,84.375,84.375,0.6875,0.3865,0.0615,100.0,87.8125,50,H200 NVL,0.121,original,zoo_20260916/EEGTCNet/2b_S3_seed2025
zoo,EEGTCNet,2b,3,2026,within,,0.0,zoo_EEGTCNet,3766,600,84.6875,84.6875,0.6938,0.3718,0.0517,100.0,88.125,173,H200 NVL,0.142,original,zoo_20260916/EEGTCNet/2b_S3_seed2026
zoo,EEGTCNet,2b,3,2027,within,,0.0,zoo_EEGTCNet,3766,600,84.0625,84.0625,0.6812,0.3818,0.0604,99.25,88.4375,87,H200 NVL,0.123,original,zoo_20260916/EEGTCNet/2b_S3_seed2027
zoo,EEGTCNet,2b,4,2025,within,,0.0,zoo_EEGTCNet,3766,600,94.375,94.375,0.8875,0.1429,0.0479,100.0,97.5,142,H200 NVL,0.155,original,zoo_20260916/EEGTCNet/2b_S4_seed2025
zoo,EEGTCNet,2b,4,2026,within,,0.0,zoo_EEGTCNet,3766,600,95.3125,95.3125,0.9062,0.1363,0.0502,100.0,97.8125,73,H200 NVL,0.146,original,zoo_20260916/EEGTCNet/2b_S4_seed2026
zoo,EEGTCNet,2b,4,2027,within,,0.0,zoo_EEGTCNet,3766,600,94.6875,94.6875,0.8938,0.1323,0.0523,100.0,97.8125,40,H200 NVL,0.156,original,zoo_20260916/EEGTCNet/2b_S4_seed2027
zoo,EEGTCNet,2b,5,2025,within,,0.0,zoo_EEGTCNet,3766,600,85.3125,85.3125,0.7063,0.3265,0.0535,100.0,87.8125,391,H200 NVL,0.142,original,zoo_20260916/EEGTCNet/2b_S5_seed2025
zoo,EEGTCNet,2b,5,2026,within,,0.0,zoo_EEGTCNet,3766,600,91.875,91.875,0.8375,0.2238,0.0614,100.0,93.75,352,H200 NVL,0.138,original,zoo_20260916/EEGTCNet/2b_S5_seed2026
zoo,EEGTCNet,2b,5,2027,within,,0.0,zoo_EEGTCNet,3766,600,77.8125,77.8125,0.5562,0.4614,0.0786,99.7619,77.8125,490,H200 NVL,0.146,original,zoo_20260916/EEGTCNet/2b_S5_seed2027
zoo,EEGTCNet,2b,6,2025,within,,0.0,zoo_EEGTCNet,3766,600,84.375,84.375,0.6875,0.3773,0.0554,99.75,85.3125,226,H200 NVL,0.143,original,zoo_20260916/EEGTCNet/2b_S6_seed2025
zoo,EEGTCNet,2b,6,2026,within,,0.0,zoo_EEGTCNet,3766,600,82.8125,82.8125,0.6562,0.3802,0.046,99.75,85.9375,296,H200 NVL,0.124,original,zoo_20260916/EEGTCNet/2b_S6_seed2026
zoo,EEGTCNet,2b,6,2027,within,,0.0,zoo_EEGTCNet,3766,600,82.5,82.5,0.65,0.3821,0.0537,99.75,86.25,200,H200 NVL,0.141,original,zoo_20260916/EEGTCNet/2b_S6_seed2027
zoo,EEGTCNet,2b,7,2025,within,,0.0,zoo_EEGTCNet,3766,600,91.25,91.25,0.825,0.2397,0.0271,100.0,93.125,296,H200 NVL,0.143,original,zoo_20260916/EEGTCNet/2b_S7_seed2025
zoo,EEGTCNet,2b,7,2026,within,,0.0,zoo_EEGTCNet,3766,600,90.625,90.625,0.8125,0.2458,0.0323,100.0,91.875,275,H200 NVL,0.153,original,zoo_20260916/EEGTCNet/2b_S7_seed2026
zoo,EEGTCNet,2b,7,2027,within,,0.0,zoo_EEGTCNet,3766,600,90.625,90.625,0.8125,0.2382,0.0225,100.0,91.875,305,H200 NVL,0.141,original,zoo_20260916/EEGTCNet/2b_S7_seed2027
zoo,EEGTCNet,2b,8,2025,within,,0.0,zoo_EEGTCNet,3766,600,92.1875,92.1875,0.8438,0.2037,0.0318,99.7727,94.375,77,H200 NVL,0.144,original,zoo_20260916/EEGTCNet/2b_S8_seed2025
zoo,EEGTCNet,2b,8,2026,within,,0.0,zoo_EEGTCNet,3766,600,91.875,91.875,0.8375,0.2007,0.0396,100.0,95.9375,117,H200 NVL,0.145,original,zoo_20260916/EEGTCNet/2b_S8_seed2026
zoo,EEGTCNet,2b,8,2027,within,,0.0,zoo_EEGTCNet,3766,600,92.1875,92.1875,0.8438,0.2062,0.0403,100.0,94.6875,138,H200 NVL,0.146,original,zoo_20260916/EEGTCNet/2b_S8_seed2027
zoo,EEGTCNet,2b,9,2025,within,,0.0,zoo_EEGTCNet,3766,600,88.4375,88.4375,0.7688,0.3278,0.0537,100.0,89.0625,67,H200 NVL,0.122,original,zoo_20260916/EEGTCNet/2b_S9_seed2025
zoo,EEGTCNet,2b,9,2026,within,,0.0,zoo_EEGTCNet,3766,600,83.75,83.75,0.675,0.376,0.0479,100.0,86.875,76,H200 NVL,0.179,original,zoo_20260916/EEGTCNet/2b_S9_seed2026
zoo,EEGTCNet,2b,9,2027,within,,0.0,zoo_EEGTCNet,3766,600,83.125,83.125,0.6625,0.4027,0.0285,100.0,87.8125,67,H200 NVL,0.125,original,zoo_20260916/EEGTCNet/2b_S9_seed2027
zoo,EEGTCNet,hgd,10,2025,within,,0.0,zoo_EEGTCNet,4448,600,92.0455,91.5247,0.8935,0.3033,0.0959,100.0,93.75,167,H200 NVL,0.664,original,zoo_20260916/EEGTCNet/hgd_S10_seed2025
zoo,EEGTCNet,hgd,10,2026,within,,0.0,zoo_EEGTCNet,4448,600,89.2045,88.2352,0.8552,0.3059,0.0925,100.0,93.75,192,H200 NVL,0.667,original,zoo_20260916/EEGTCNet/hgd_S10_seed2026
zoo,EEGTCNet,hgd,10,2027,within,,0.0,zoo_EEGTCNet,4448,600,90.9091,90.257,0.8782,0.3297,0.0969,100.0,92.6136,280,H200 NVL,0.663,original,zoo_20260916/EEGTCNet/hgd_S10_seed2027
zoo,EEGTCNet,hgd,11,2025,within,,0.0,zoo_EEGTCNet,4448,600,89.2045,89.8412,0.8555,0.3703,0.0843,99.0057,90.9091,262,H200 NVL,0.662,original,zoo_20260916/EEGTCNet/hgd_S11_seed2025
zoo,EEGTCNet,hgd,11,2026,within,,0.0,zoo_EEGTCNet,4448,600,91.4773,91.9818,0.886,0.3678,0.1128,98.8636,92.0455,542,H200 NVL,0.666,original,zoo_20260916/EEGTCNet/hgd_S11_seed2026
zoo,EEGTCNet,hgd,11,2027,within,,0.0,zoo_EEGTCNet,4448,600,90.3409,90.9691,0.8707,0.3693,0.1171,98.8636,92.0455,454,H200 NVL,0.662,original,zoo_20260916/EEGTCNet/hgd_S11_seed2027
zoo,EEGTCNet,hgd,12,2025,within,,0.0,zoo_EEGTCNet,4448,600,95.4545,95.2458,0.9391,0.2078,0.0931,100.0,97.7273,176,H200 NVL,0.665,original,zoo_20260916/EEGTCNet/hgd_S12_seed2025
zoo,EEGTCNet,hgd,12,2026,within,,0.0,zoo_EEGTCNet,4448,600,95.4545,95.3355,0.9391,0.2005,0.0969,100.0,97.1591,153,H200 NVL,0.667,original,zoo_20260916/EEGTCNet/hgd_S12_seed2026
zoo,EEGTCNet,hgd,12,2027,within,,0.0,zoo_EEGTCNet,4448,600,96.0227,96.0204,0.9468,0.254,0.0987,100.0,96.5909,356,H200 NVL,0.666,original,zoo_20260916/EEGTCNet/hgd_S12_seed2027
zoo,EEGTCNet,hgd,13,2025,within,,0.0,zoo_EEGTCNet,4448,600,93.125,93.1005,0.9082,0.2483,0.0705,100.0,94.375,166,H200 NVL,0.606,original,zoo_20260916/EEGTCNet/hgd_S13_seed2025
zoo,EEGTCNet,hgd,13,2026,within,,0.0,zoo_EEGTCNet,4448,600,93.75,93.804,0.9166,0.2312,0.1015,100.0,95.625,204,H200 NVL,0.603,original,zoo_20260916/EEGTCNet/hgd_S13_seed2026
zoo,EEGTCNet,hgd,13,2027,within,,0.0,zoo_EEGTCNet,4448,600,95.0,95.0236,0.9333,0.2171,0.0967,100.0,96.25,323,H200 NVL,0.605,original,zoo_20260916/EEGTCNet/hgd_S13_seed2027
zoo,EEGTCNet,hgd,14,2025,within,,0.0,zoo_EEGTCNet,4448,600,98.8636,98.9357,0.9848,0.1328,0.0975,100.0,99.4318,215,H200 NVL,0.667,original,zoo_20260916/EEGTCNet/hgd_S14_seed2025
zoo,EEGTCNet,hgd,14,2026,within,,0.0,zoo_EEGTCNet,4448,600,98.8636,98.9357,0.9848,0.1287,0.104,100.0,99.4318,178,H200 NVL,0.667,original,zoo_20260916/EEGTCNet/hgd_S14_seed2026
zoo,EEGTCNet,hgd,14,2027,within,,0.0,zoo_EEGTCNet,4448,600,98.8636,98.9357,0.9848,0.1306,0.1022,100.0,99.4318,177,H200 NVL,0.663,original,zoo_20260916/EEGTCNet/hgd_S14_seed2027
zoo,EEGTCNet,hgd,1,2025,within,,0.0,zoo_EEGTCNet,4448,600,98.4375,97.7273,0.9786,0.2118,0.1619,100.0,100.0,220,H200 NVL,0.244,original,zoo_20260916/EEGTCNet/hgd_S1_seed2025
zoo,EEGTCNet,hgd,1,2026,within,,0.0,zoo_EEGTCNet,4448,600,98.4375,97.7273,0.9786,0.1864,0.1439,100.0,100.0,196,H200 NVL,0.244,original,zoo_20260916/EEGTCNet/hgd_S1_seed2026
zoo,EEGTCNet,hgd,1,2027,within,,0.0,zoo_EEGTCNet,4448,600,96.875,96.5909,0.9573,0.2125,0.1686,100.0,100.0,172,H200 NVL,0.244,original,zoo_20260916/EEGTCNet/hgd_S1_seed2027
zoo,EEGTCNet,hgd,2,2025,within,,0.0,zoo_EEGTCNet,4448,600,92.0245,92.0715,0.8935,0.2877,0.107,99.6923,94.4785,204,H200 NVL,0.614,original,zoo_20260916/EEGTCNet/hgd_S2_seed2025
zoo,EEGTCNet,hgd,2,2026,within,,0.0,zoo_EEGTCNet,4448,600,92.638,92.6298,0.9017,0.289,0.0973,99.5385,95.092,377,H200 NVL,0.612,original,zoo_20260916/EEGTCNet/hgd_S2_seed2026
zoo,EEGTCNet,hgd,2,2027,within,,0.0,zoo_EEGTCNet,4448,600,92.0245,92.1884,0.8936,0.2781,0.1018,99.5385,95.092,181,H200 NVL,0.61,original,zoo_20260916/EEGTCNet/hgd_S2_seed2027
zoo,EEGTCNet,hgd,3,2025,within,,0.0,zoo_EEGTCNet,4448,600,97.1591,97.1351,0.962,0.1839,0.1098,100.0,97.7273,193,H200 NVL,0.664,original,zoo_20260916/EEGTCNet/hgd_S3_seed2025
zoo,EEGTCNet,hgd,3,2026,within,,0.0,zoo_EEGTCNet,4448,600,97.7273,97.6453,0.9696,0.1836,0.1137,100.0,98.2955,249,H200 NVL,0.664,original,zoo_20260916/EEGTCNet/hgd_S3_seed2026
zoo,EEGTCNet,hgd,3,2027,within,,0.0,zoo_EEGTCNet,4448,600,97.1591,97.0203,0.962,0.1576,0.1006,100.0,98.8636,131,H200 NVL,0.663,original,zoo_20260916/EEGTCNet/hgd_S3_seed2027
zoo,EEGTCNet,hgd,4,2025,within,,0.0,zoo_EEGTCNet,4448,600,96.1111,95.8086,0.9478,0.1975,0.1226,100.0,97.7778,177,H200 NVL,0.673,original,zoo_20260916/EEGTCNet/hgd_S4_seed2025
zoo,EEGTCNet,hgd,4,2026,within,,0.0,zoo_EEGTCNet,4448,600,97.7778,97.8053,0.9702,0.155,0.0928,100.0,98.8889,260,H200 NVL,0.673,original,zoo_20260916/EEGTCNet/hgd_S4_seed2026
zoo,EEGTCNet,hgd,4,2027,within,,0.0,zoo_EEGTCNet,4448,600,95.0,94.8282,0.9329,0.2022,0.1051,100.0,97.2222,277,H200 NVL,0.673,original,zoo_20260916/EEGTCNet/hgd_S4_seed2027
zoo,EEGTCNet,hgd,5,2025,within,,0.0,zoo_EEGTCNet,4448,600,98.6111,98.7805,0.9814,0.1524,0.1062,100.0,99.3056,147,H200 NVL,0.546,original,zoo_20260916/EEGTCNet/hgd_S5_seed2025
zoo,EEGTCNet,hgd,5,2026,within,,0.0,zoo_EEGTCNet,4448,600,97.2222,97.4984,0.9629,0.1693,0.104,100.0,99.3056,153,H200 NVL,0.544,original,zoo_20260916/EEGTCNet/hgd_S5_seed2026
zoo,EEGTCNet,hgd,5,2027,within,,0.0,zoo_EEGTCNet,4448,600,97.9167,98.1395,0.9721,0.154,0.1034,100.0,99.3056,119,H200 NVL,0.542,original,zoo_20260916/EEGTCNet/hgd_S5_seed2027
zoo,EEGTCNet,hgd,6,2025,within,,0.0,zoo_EEGTCNet,4448,600,90.3409,90.5812,0.8709,0.3291,0.127,100.0,93.1818,309,H200 NVL,0.666,original,zoo_20260916/EEGTCNet/hgd_S6_seed2025
zoo,EEGTCNet,hgd,6,2026,within,,0.0,zoo_EEGTCNet,4448,600,90.3409,90.6148,0.871,0.3346,0.1132,99.7159,92.6136,249,H200 NVL,0.663,original,zoo_20260916/EEGTCNet/hgd_S6_seed2026
zoo,EEGTCNet,hgd,6,2027,within,,0.0,zoo_EEGTCNet,4448,600,89.2045,89.3468,0.8559,0.3919,0.1229,99.858,90.3409,303,H200 NVL,0.662,original,zoo_20260916/EEGTCNet/hgd_S6_seed2027
zoo,EEGTCNet,hgd,7,2025,within,,0.0,zoo_EEGTCNet,4448,600,94.3182,94.2994,0.9241,0.2113,0.1049,100.0,96.0227,232,H200 NVL,0.667,original,zoo_20260916/EEGTCNet/hgd_S7_seed2025
zoo,EEGTCNet,hgd,7,2026,within,,0.0,zoo_EEGTCNet,4448,600,93.75,93.6366,0.9166,0.2368,0.1,100.0,94.8864,244,H200 NVL,0.662,original,zoo_20260916/EEGTCNet/hgd_S7_seed2026
zoo,EEGTCNet,hgd,7,2027,within,,0.0,zoo_EEGTCNet,4448,600,94.3182,94.218,0.9241,0.2422,0.1103,100.0,95.4545,384,H200 NVL,0.663,original,zoo_20260916/EEGTCNet/hgd_S7_seed2027
zoo,EEGTCNet,hgd,8,2025,within,,0.0,zoo_EEGTCNet,4448,600,95.4198,95.6053,0.9388,0.2245,0.0942,99.8088,96.9466,185,H200 NVL,0.494,original,zoo_20260916/EEGTCNet/hgd_S8_seed2025
zoo,EEGTCNet,hgd,8,2026,within,,0.0,zoo_EEGTCNet,4448,600,94.6565,94.7719,0.9286,0.2326,0.0908,99.8088,96.1832,155,H200 NVL,0.493,original,zoo_20260916/EEGTCNet/hgd_S8_seed2026
zoo,EEGTCNet,hgd,8,2027,within,,0.0,zoo_EEGTCNet,4448,600,94.6565,94.5965,0.9285,0.2419,0.1041,99.8088,96.1832,387,H200 NVL,0.493,original,zoo_20260916/EEGTCNet/hgd_S8_seed2027
zoo,EEGTCNet,hgd,9,2025,within,,0.0,zoo_EEGTCNet,4448,600,99.4318,99.4565,0.9924,0.1521,0.1233,99.7159,100.0,64,H200 NVL,0.664,original,zoo_20260916/EEGTCNet/hgd_S9_seed2025
zoo,EEGTCNet,hgd,9,2026,within,,0.0,zoo_EEGTCNet,4448,600,99.4318,99.4565,0.9924,0.1602,0.1268,99.7159,99.4318,317,H200 NVL,0.663,original,zoo_20260916/EEGTCNet/hgd_S9_seed2026
zoo,EEGTCNet,hgd,9,2027,within,,0.0,zoo_EEGTCNet,4448,600,97.7273,97.8714,0.9696,0.173,0.1149,99.858,98.8636,216,H200 NVL,0.664,original,zoo_20260916/EEGTCNet/hgd_S9_seed2027
zoo,EEGTCNet,sdssvep,10,2025,within,,0.0,zoo_EEGTCNet,3976,600,76.6667,76.6667,0.7455,0.8968,0.301,100.0,78.3333,384,H200 NVL,0.046,original,zoo_20260916/EEGTCNet/sdssvep_S10_seed2025
zoo,EEGTCNet,sdssvep,10,2026,within,,0.0,zoo_EEGTCNet,3976,600,75.0,75.0,0.7273,1.0381,0.3114,100.0,76.6667,425,H200 NVL,0.032,original,zoo_20260916/EEGTCNet/sdssvep_S10_seed2026
zoo,EEGTCNet,sdssvep,10,2027,within,,0.0,zoo_EEGTCNet,3976,600,83.3333,83.3333,0.8182,1.0088,0.3809,100.0,85.0,537,H200 NVL,0.048,original,zoo_20260916/EEGTCNet/sdssvep_S10_seed2027
zoo,EEGTCNet,sdssvep,1,2025,within,,0.0,zoo_EEGTCNet,3976,600,43.3333,43.3333,0.3818,1.6529,0.2014,100.0,46.6667,348,H200 NVL,0.022,original,zoo_20260916/EEGTCNet/sdssvep_S1_seed2025
zoo,EEGTCNet,sdssvep,1,2026,within,,0.0,zoo_EEGTCNet,3976,600,45.0,45.0,0.4,1.711,0.131,100.0,48.3333,336,H200 NVL,0.054,original,zoo_20260916/EEGTCNet/sdssvep_S1_seed2026
zoo,EEGTCNet,sdssvep,1,2027,within,,0.0,zoo_EEGTCNet,3976,600,48.3333,48.3333,0.4364,1.6639,0.1752,100.0,50.0,430,H200 NVL,0.039,original,zoo_20260916/EEGTCNet/sdssvep_S1_seed2027
zoo,EEGTCNet,sdssvep,2,2025,within,,0.0,zoo_EEGTCNet,3976,600,58.3333,58.3333,0.5455,1.2931,0.1987,100.0,65.0,442,H200 NVL,0.04,original,zoo_20260916/EEGTCNet/sdssvep_S2_seed2025
zoo,EEGTCNet,sdssvep,2,2026,within,,0.0,zoo_EEGTCNet,3976,600,70.0,70.0,0.6727,1.2733,0.2752,100.0,73.3333,417,H200 NVL,0.033,original,zoo_20260916/EEGTCNet/sdssvep_S2_seed2026
zoo,EEGTCNet,sdssvep,2,2027,within,,0.0,zoo_EEGTCNet,3976,600,63.3333,63.3333,0.6,1.2706,0.2355,100.0,63.3333,500,H200 NVL,0.04,original,zoo_20260916/EEGTCNet/sdssvep_S2_seed2027
zoo,EEGTCNet,sdssvep,3,2025,within,,0.0,zoo_EEGTCNet,3976,600,28.3333,28.3333,0.2182,2.1503,0.0995,100.0,33.3333,261,H200 NVL,0.039,original,zoo_20260916/EEGTCNet/sdssvep_S3_seed2025
zoo,EEGTCNet,sdssvep,3,2026,within,,0.0,zoo_EEGTCNet,3976,600,33.3333,33.3333,0.2727,2.104,0.1458,100.0,35.0,451,H200 NVL,0.038,original,zoo_20260916/EEGTCNet/sdssvep_S3_seed2026
zoo,EEGTCNet,sdssvep,3,2027,within,,0.0,zoo_EEGTCNet,3976,600,40.0,40.0,0.3455,1.7767,0.1239,100.0,43.3333,369,H200 NVL,0.041,original,zoo_20260916/EEGTCNet/sdssvep_S3_seed2027
zoo,EEGTCNet,sdssvep,4,2025,within,,0.0,zoo_EEGTCNet,3976,600,55.0,55.0,0.5091,1.4652,0.2119,100.0,55.0,406,H200 NVL,0.032,original,zoo_20260916/EEGTCNet/sdssvep_S4_seed2025
zoo,EEGTCNet,sdssvep,4,2026,within,,0.0,zoo_EEGTCNet,3976,600,56.6667,56.6667,0.5273,1.5505,0.2188,100.0,60.0,359,H200 NVL,0.04,original,zoo_20260916/EEGTCNet/sdssvep_S4_seed2026
zoo,EEGTCNet,sdssvep,4,2027,within,,0.0,zoo_EEGTCNet,3976,600,58.3333,58.3333,0.5455,1.4777,0.2162,100.0,60.0,474,H200 NVL,0.033,original,zoo_20260916/EEGTCNet/sdssvep_S4_seed2027
zoo,EEGTCNet,sdssvep,5,2025,within,,0.0,zoo_EEGTCNet,3976,600,96.6667,96.6667,0.9636,0.62,0.3921,100.0,96.6667,494,H200 NVL,0.037,original,zoo_20260916/EEGTCNet/sdssvep_S5_seed2025
zoo,EEGTCNet,sdssvep,5,2026,within,,0.0,zoo_EEGTCNet,3976,600,91.6667,91.6667,0.9091,0.6343,0.3452,100.0,93.3333,393,H200 NVL,0.038,original,zoo_20260916/EEGTCNet/sdssvep_S5_seed2026
zoo,EEGTCNet,sdssvep,5,2027,within,,0.0,zoo_EEGTCNet,3976,600,95.0,95.0,0.9455,0.6828,0.3929,100.0,95.0,462,H200 NVL,0.039,original,zoo_20260916/EEGTCNet/sdssvep_S5_seed2027
zoo,EEGTCNet,sdssvep,6,2025,within,,0.0,zoo_EEGTCNet,3976,600,98.3333,98.3333,0.9818,0.5172,0.3595,100.0,98.3333,410,H200 NVL,0.04,original,zoo_20260916/EEGTCNet/sdssvep_S6_seed2025
zoo,EEGTCNet,sdssvep,6,2026,within,,0.0,zoo_EEGTCNet,3976,600,100.0,100.0,1.0,0.4464,0.3501,100.0,100.0,289,H200 NVL,0.032,original,zoo_20260916/EEGTCNet/sdssvep_S6_seed2026
zoo,EEGTCNet,sdssvep,6,2027,within,,0.0,zoo_EEGTCNet,3976,600,98.3333,98.3333,0.9818,0.4695,0.3385,100.0,100.0,297,H200 NVL,0.04,original,zoo_20260916/EEGTCNet/sdssvep_S6_seed2027
zoo,EEGTCNet,sdssvep,7,2025,within,,0.0,zoo_EEGTCNet,3976,600,96.6667,96.6667,0.9636,0.6288,0.4124,100.0,96.6667,362,H200 NVL,0.04,original,zoo_20260916/EEGTCNet/sdssvep_S7_seed2025
zoo,EEGTCNet,sdssvep,7,2026,within,,0.0,zoo_EEGTCNet,3976,600,96.6667,96.6667,0.9636,0.5983,0.3801,100.0,96.6667,487,H200 NVL,0.039,original,zoo_20260916/EEGTCNet/sdssvep_S7_seed2026
zoo,EEGTCNet,sdssvep,7,2027,within,,0.0,zoo_EEGTCNet,3976,600,91.6667,91.6667,0.9091,0.6805,0.3625,100.0,93.3333,415,H200 NVL,0.04,original,zoo_20260916/EEGTCNet/sdssvep_S7_seed2027
zoo,EEGTCNet,sdssvep,8,2025,within,,0.0,zoo_EEGTCNet,3976,600,86.6667,86.6667,0.8545,0.8804,0.3798,100.0,86.6667,416,H200 NVL,0.031,original,zoo_20260916/EEGTCNet/sdssvep_S8_seed2025
zoo,EEGTCNet,sdssvep,8,2026,within,,0.0,zoo_EEGTCNet,3976,600,85.0,85.0,0.8364,0.9313,0.3879,100.0,86.6667,378,H200 NVL,0.038,original,zoo_20260916/EEGTCNet/sdssvep_S8_seed2026
zoo,EEGTCNet,sdssvep,8,2027,within,,0.0,zoo_EEGTCNet,3976,600,90.0,90.0,0.8909,0.7422,0.3649,100.0,90.0,393,H200 NVL,0.033,original,zoo_20260916/EEGTCNet/sdssvep_S8_seed2027
zoo,EEGTCNet,sdssvep,9,2025,within,,0.0,zoo_EEGTCNet,3976,600,95.0,95.0,0.9455,0.5373,0.3021,100.0,95.0,388,H200 NVL,0.038,original,zoo_20260916/EEGTCNet/sdssvep_S9_seed2025
zoo,EEGTCNet,sdssvep,9,2026,within,,0.0,zoo_EEGTCNet,3976,600,93.3333,93.3333,0.9273,0.5699,0.301,100.0,95.0,387,H200 NVL,0.04,original,zoo_20260916/EEGTCNet/sdssvep_S9_seed2026
zoo,EEGTCNet,sdssvep,9,2027,within,,0.0,zoo_EEGTCNet,3976,600,91.6667,91.6667,0.9091,0.5319,0.2599,100.0,95.0,286,H200 NVL,0.04,original,zoo_20260916/EEGTCNet/sdssvep_S9_seed2027
zoo,EISATC,2a,1,2025,within,,0.0,zoo_EISATC,26383,600,78.8194,78.8194,0.7176,0.9819,0.3599,100.0,80.5556,323,H200 NVL,0.238,original,zoo_20260916/EISATC/2a_S1_seed2025
zoo,EISATC,2a,1,2026,within,,0.0,zoo_EISATC,26383,600,79.8611,79.8611,0.7315,0.962,0.3685,100.0,82.2917,442,H200 NVL,0.217,original,zoo_20260916/EISATC/2a_S1_seed2026
zoo,EISATC,2a,1,2027,within,,0.0,zoo_EISATC,26383,600,80.2083,80.2083,0.7361,0.9692,0.3721,100.0,82.2917,143,H200 NVL,0.239,original,zoo_20260916/EISATC/2a_S1_seed2027
zoo,EISATC,2a,2,2025,within,,0.0,zoo_EISATC,26383,600,51.3889,51.3889,0.3519,1.1948,0.1262,100.0,55.9028,348,H200 NVL,0.219,original,zoo_20260916/EISATC/2a_S2_seed2025
zoo,EISATC,2a,2,2026,within,,0.0,zoo_EISATC,26383,600,60.4167,60.4167,0.4722,1.1324,0.1985,100.0,63.5417,442,H200 NVL,0.217,original,zoo_20260916/EISATC/2a_S2_seed2026
zoo,EISATC,2a,2,2027,within,,0.0,zoo_EISATC,26383,600,66.3194,66.3194,0.5509,1.0828,0.2534,100.0,67.3611,390,H200 NVL,0.219,original,zoo_20260916/EISATC/2a_S2_seed2027
zoo,EISATC,2a,3,2025,within,,0.0,zoo_EISATC,26383,600,90.2778,90.2778,0.8704,0.8521,0.4521,100.0,93.75,252,H200 NVL,0.222,original,zoo_20260916/EISATC/2a_S3_seed2025
zoo,EISATC,2a,3,2026,within,,0.0,zoo_EISATC,26383,600,90.2778,90.2778,0.8704,0.8572,0.4531,100.0,94.7917,241,H200 NVL,0.204,original,zoo_20260916/EISATC/2a_S3_seed2026
zoo,EISATC,2a,3,2027,within,,0.0,zoo_EISATC,26383,600,92.0139,92.0139,0.8935,0.8536,0.4731,100.0,93.4028,504,H200 NVL,0.224,original,zoo_20260916/EISATC/2a_S3_seed2027
zoo,EISATC,2a,4,2025,within,,0.0,zoo_EISATC,26383,600,77.0833,77.0833,0.6944,1.0018,0.3505,100.0,79.5139,490,H200 NVL,0.217,original,zoo_20260916/EISATC/2a_S4_seed2025
zoo,EISATC,2a,4,2026,within,,0.0,zoo_EISATC,26383,600,79.8611,79.8611,0.7315,0.9708,0.369,100.0,80.9028,521,H200 NVL,0.239,original,zoo_20260916/EISATC/2a_S4_seed2026
zoo,EISATC,2a,4,2027,within,,0.0,zoo_EISATC,26383,600,71.1806,71.1806,0.6157,1.0255,0.2933,100.0,73.9583,304,H200 NVL,0.219,original,zoo_20260916/EISATC/2a_S4_seed2027
zoo,EISATC,2a,5,2025,within,,0.0,zoo_EISATC,26383,600,74.3056,74.3056,0.6574,1.0098,0.3153,100.0,77.4306,314,H200 NVL,0.217,original,zoo_20260916/EISATC/2a_S5_seed2025
zoo,EISATC,2a,5,2026,within,,0.0,zoo_EISATC,26383,600,77.4306,77.4306,0.6991,0.9764,0.3434,100.0,80.2083,266,H200 NVL,0.22,original,zoo_20260916/EISATC/2a_S5_seed2026
zoo,EISATC,2a,5,2027,within,,0.0,zoo_EISATC,26383,600,76.0417,76.0417,0.6806,1.0089,0.3387,100.0,77.0833,471,H200 NVL,0.219,original,zoo_20260916/EISATC/2a_S5_seed2027
zoo,EISATC,2a,6,2025,within,,0.0,zoo_EISATC,26383,600,62.5,62.5,0.5,1.1046,0.2025,100.0,66.3194,197,H200 NVL,0.205,original,zoo_20260916/EISATC/2a_S6_seed2025
zoo,EISATC,2a,6,2026,within,,0.0,zoo_EISATC,26383,600,62.5,62.5,0.5,1.1274,0.2081,100.0,64.5833,389,H200 NVL,0.221,original,zoo_20260916/EISATC/2a_S6_seed2026
zoo,EISATC,2a,6,2027,within,,0.0,zoo_EISATC,26383,600,65.9722,65.9722,0.5463,1.0899,0.2413,100.0,69.4444,252,H200 NVL,0.207,original,zoo_20260916/EISATC/2a_S6_seed2027
zoo,EISATC,2a,7,2025,within,,0.0,zoo_EISATC,26383,600,86.1111,86.1111,0.8148,0.8998,0.4185,100.0,91.3194,294,H200 NVL,0.238,original,zoo_20260916/EISATC/2a_S7_seed2025
zoo,EISATC,2a,7,2026,within,,0.0,zoo_EISATC,26383,600,87.8472,87.8472,0.838,0.8803,0.4315,100.0,90.625,177,H200 NVL,0.216,original,zoo_20260916/EISATC/2a_S7_seed2026
zoo,EISATC,2a,7,2027,within,,0.0,zoo_EISATC,26383,600,87.5,87.5,0.8333,0.8839,0.4317,100.0,91.3194,280,H200 NVL,0.24,original,zoo_20260916/EISATC/2a_S7_seed2027
zoo,EISATC,2a,8,2025,within,,0.0,zoo_EISATC,26383,600,83.3333,83.3333,0.7778,0.9433,0.4038,100.0,84.7222,413,H200 NVL,0.219,original,zoo_20260916/EISATC/2a_S8_seed2025
zoo,EISATC,2a,8,2026,within,,0.0,zoo_EISATC,26383,600,77.0833,77.0833,0.6944,0.9732,0.3386,100.0,84.0278,208,H200 NVL,0.216,original,zoo_20260916/EISATC/2a_S8_seed2026
zoo,EISATC,2a,8,2027,within,,0.0,zoo_EISATC,26383,600,79.5139,79.5139,0.7269,0.9577,0.3659,100.0,83.3333,237,H200 NVL,0.221,original,zoo_20260916/EISATC/2a_S8_seed2027
zoo,EISATC,2a,9,2025,within,,0.0,zoo_EISATC,26383,600,80.9028,80.9028,0.7454,0.9548,0.3801,100.0,84.0278,193,H200 NVL,0.138,original,zoo_20260916/EISATC/2a_S9_seed2025
zoo,EISATC,2a,9,2026,within,,0.0,zoo_EISATC,26383,600,80.5556,80.5556,0.7407,0.962,0.3739,100.0,84.375,223,H200 NVL,0.205,original,zoo_20260916/EISATC/2a_S9_seed2026
zoo,EISATC,2a,9,2027,within,,0.0,zoo_EISATC,26383,600,78.8194,78.8194,0.7176,0.9867,0.367,100.0,84.0278,140,H200 NVL,0.095,original,zoo_20260916/EISATC/2a_S9_seed2027
zoo,EISATC,2b,1,2025,within,,0.0,zoo_EISATC,24683,600,73.125,73.125,0.4625,0.5655,0.0624,100.0,76.5625,163,H200 NVL,0.131,original,zoo_20260916/EISATC/2b_S1_seed2025
zoo,EISATC,2b,1,2026,within,,0.0,zoo_EISATC,24683,600,74.0625,74.0625,0.4812,0.5554,0.0711,100.0,78.75,243,H200 NVL,0.146,original,zoo_20260916/EISATC/2b_S1_seed2026
zoo,EISATC,2b,1,2027,within,,0.0,zoo_EISATC,24683,600,74.6875,74.6875,0.4937,0.5539,0.0812,100.0,78.4375,140,H200 NVL,0.131,original,zoo_20260916/EISATC/2b_S1_seed2027
zoo,EISATC,2b,2,2025,within,,0.0,zoo_EISATC,24683,600,70.0,70.0,0.4,0.5965,0.032,99.5,73.9286,328,H200 NVL,0.131,original,zoo_20260916/EISATC/2b_S2_seed2025
zoo,EISATC,2b,2,2026,within,,0.0,zoo_EISATC,24683,600,70.0,70.0,0.4,0.5919,0.019,99.75,74.2857,191,H200 NVL,0.135,original,zoo_20260916/EISATC/2b_S2_seed2026
zoo,EISATC,2b,2,2027,within,,0.0,zoo_EISATC,24683,600,68.9286,68.9286,0.3786,0.604,0.0306,99.75,72.5,363,H200 NVL,0.131,original,zoo_20260916/EISATC/2b_S2_seed2027
zoo,EISATC,2b,3,2025,within,,0.0,zoo_EISATC,24683,600,82.5,82.5,0.65,0.4762,0.1353,100.0,87.1875,97,H200 NVL,0.119,original,zoo_20260916/EISATC/2b_S3_seed2025
zoo,EISATC,2b,3,2026,within,,0.0,zoo_EISATC,24683,600,85.0,85.0,0.7,0.4504,0.1716,100.0,89.375,235,H200 NVL,0.14,original,zoo_20260916/EISATC/2b_S3_seed2026
zoo,EISATC,2b,3,2027,within,,0.0,zoo_EISATC,24683,600,86.5625,86.5625,0.7312,0.449,0.166,100.0,89.375,350,H200 NVL,0.12,original,zoo_20260916/EISATC/2b_S3_seed2027
zoo,EISATC,2b,4,2025,within,,0.0,zoo_EISATC,24683,600,94.6875,94.6875,0.8938,0.3672,0.2413,100.0,97.5,12,H200 NVL,0.149,original,zoo_20260916/EISATC/2b_S4_seed2025
zoo,EISATC,2b,4,2026,within,,0.0,zoo_EISATC,24683,600,93.75,93.75,0.875,0.3759,0.2259,100.0,97.5,33,H200 NVL,0.133,original,zoo_20260916/EISATC/2b_S4_seed2026
zoo,EISATC,2b,4,2027,within,,0.0,zoo_EISATC,24683,600,94.6875,94.6875,0.8938,0.3682,0.232,100.0,96.25,5,H200 NVL,0.15,original,zoo_20260916/EISATC/2b_S4_seed2027
zoo,EISATC,2b,5,2025,within,,0.0,zoo_EISATC,24683,600,79.6875,79.6875,0.5938,0.5013,0.1221,99.7619,84.375,247,H200 NVL,0.137,original,zoo_20260916/EISATC/2b_S5_seed2025
zoo,EISATC,2b,5,2026,within,,0.0,zoo_EISATC,24683,600,89.6875,89.6875,0.7937,0.4214,0.2023,100.0,94.375,96,H200 NVL,0.133,original,zoo_20260916/EISATC/2b_S5_seed2026
zoo,EISATC,2b,5,2027,within,,0.0,zoo_EISATC,24683,600,84.6875,84.6875,0.6938,0.4592,0.1618,99.7619,86.875,482,H200 NVL,0.14,original,zoo_20260916/EISATC/2b_S5_seed2027
zoo,EISATC,2b,6,2025,within,,0.0,zoo_EISATC,24683,600,86.25,86.25,0.725,0.4579,0.1624,100.0,88.75,191,H200 NVL,0.14,original,zoo_20260916/EISATC/2b_S6_seed2025
zoo,EISATC,2b,6,2026,within,,0.0,zoo_EISATC,24683,600,81.5625,81.5625,0.6313,0.4759,0.1629,100.0,86.875,398,H200 NVL,0.122,original,zoo_20260916/EISATC/2b_S6_seed2026
zoo,EISATC,2b,6,2027,within,,0.0,zoo_EISATC,24683,600,83.4375,83.4375,0.6687,0.4623,0.163,99.75,89.375,263,H200 NVL,0.138,original,zoo_20260916/EISATC/2b_S6_seed2027
zoo,EISATC,2b,7,2025,within,,0.0,zoo_EISATC,24683,600,89.6875,89.6875,0.7937,0.4216,0.1875,99.75,91.875,145,H200 NVL,0.134,original,zoo_20260916/EISATC/2b_S7_seed2025
zoo,EISATC,2b,7,2026,within,,0.0,zoo_EISATC,24683,600,90.625,90.625,0.8125,0.4017,0.2025,99.75,92.8125,131,H200 NVL,0.15,original,zoo_20260916/EISATC/2b_S7_seed2026
zoo,EISATC,2b,7,2027,within,,0.0,zoo_EISATC,24683,600,92.5,92.5,0.85,0.3872,0.2173,99.75,94.0625,259,H200 NVL,0.135,original,zoo_20260916/EISATC/2b_S7_seed2027
zoo,EISATC,2b,8,2025,within,,0.0,zoo_EISATC,24683,600,91.5625,91.5625,0.8313,0.4006,0.2058,100.0,95.0,89,H200 NVL,0.135,original,zoo_20260916/EISATC/2b_S8_seed2025
zoo,EISATC,2b,8,2026,within,,0.0,zoo_EISATC,24683,600,89.375,89.375,0.7875,0.4099,0.2073,100.0,94.375,75,H200 NVL,0.138,original,zoo_20260916/EISATC/2b_S8_seed2026
zoo,EISATC,2b,8,2027,within,,0.0,zoo_EISATC,24683,600,90.625,90.625,0.8125,0.3977,0.227,100.0,94.6875,199,H200 NVL,0.137,original,zoo_20260916/EISATC/2b_S8_seed2027
zoo,EISATC,2b,9,2025,within,,0.0,zoo_EISATC,24683,600,79.375,79.375,0.5875,0.512,0.1161,100.0,83.75,129,H200 NVL,0.12,original,zoo_20260916/EISATC/2b_S9_seed2025
zoo,EISATC,2b,9,2026,within,,0.0,zoo_EISATC,24683,600,82.8125,82.8125,0.6562,0.4876,0.142,100.0,85.0,277,H200 NVL,0.176,original,zoo_20260916/EISATC/2b_S9_seed2026
zoo,EISATC,2b,9,2027,within,,0.0,zoo_EISATC,24683,600,79.0625,79.0625,0.5813,0.5077,0.1194,100.0,86.25,109,H200 NVL,0.122,original,zoo_20260916/EISATC/2b_S9_seed2027
zoo,EISATC,hgd,10,2025,within,,0.0,zoo_EISATC,27087,600,91.4773,91.2779,0.8861,0.8305,0.458,100.0,94.8864,206,H200 NVL,0.666,original,zoo_20260916/EISATC/hgd_S10_seed2025
zoo,EISATC,hgd,10,2026,within,,0.0,zoo_EISATC,27087,600,89.2045,88.3315,0.8554,0.8585,0.4341,100.0,92.6136,74,H200 NVL,0.667,original,zoo_20260916/EISATC/hgd_S10_seed2026
zoo,EISATC,hgd,10,2027,within,,0.0,zoo_EISATC,27087,600,90.9091,90.5311,0.8782,0.8462,0.4532,100.0,93.75,259,H200 NVL,0.664,original,zoo_20260916/EISATC/hgd_S10_seed2027
zoo,EISATC,hgd,11,2025,within,,0.0,zoo_EISATC,27087,600,86.9318,87.7338,0.8253,0.892,0.4153,99.858,88.6364,255,H200 NVL,0.664,original,zoo_20260916/EISATC/hgd_S11_seed2025
zoo,EISATC,hgd,11,2026,within,,0.0,zoo_EISATC,27087,600,83.5227,84.0098,0.7793,0.9174,0.3761,99.858,87.5,62,H200 NVL,0.665,original,zoo_20260916/EISATC/hgd_S11_seed2026
zoo,EISATC,hgd,11,2027,within,,0.0,zoo_EISATC,27087,600,83.5227,84.6061,0.7799,0.9022,0.3827,99.858,89.7727,299,H200 NVL,0.664,original,zoo_20260916/EISATC/hgd_S11_seed2027
zoo,EISATC,hgd,12,2025,within,,0.0,zoo_EISATC,27087,600,94.8864,94.7921,0.9315,0.8051,0.484,100.0,97.7273,54,H200 NVL,0.667,original,zoo_20260916/EISATC/hgd_S12_seed2025
zoo,EISATC,hgd,12,2026,within,,0.0,zoo_EISATC,27087,600,92.6136,92.3376,0.9011,0.8148,0.4642,100.0,97.1591,95,H200 NVL,0.667,original,zoo_20260916/EISATC/hgd_S12_seed2026
zoo,EISATC,hgd,12,2027,within,,0.0,zoo_EISATC,27087,600,94.8864,94.4378,0.9314,0.8099,0.4844,100.0,96.0227,100,H200 NVL,0.666,original,zoo_20260916/EISATC/hgd_S12_seed2027
zoo,EISATC,hgd,13,2025,within,,0.0,zoo_EISATC,27087,600,94.375,94.4452,0.925,0.8027,0.4763,100.0,96.25,190,H200 NVL,0.608,original,zoo_20260916/EISATC/hgd_S13_seed2025
zoo,EISATC,hgd,13,2026,within,,0.0,zoo_EISATC,27087,600,91.875,91.9436,0.8916,0.8214,0.4579,100.0,96.875,110,H200 NVL,0.605,original,zoo_20260916/EISATC/hgd_S13_seed2026
zoo,EISATC,hgd,13,2027,within,,0.0,zoo_EISATC,27087,600,91.875,91.9894,0.8916,0.8268,0.452,100.0,94.375,242,H200 NVL,0.607,original,zoo_20260916/EISATC/hgd_S13_seed2027
zoo,EISATC,hgd,14,2025,within,,0.0,zoo_EISATC,27087,600,95.4545,95.6452,0.9393,0.7937,0.4869,100.0,99.4318,71,H200 NVL,0.668,original,zoo_20260916/EISATC/hgd_S14_seed2025
zoo,EISATC,hgd,14,2026,within,,0.0,zoo_EISATC,27087,600,96.0227,96.2862,0.9469,0.7867,0.4891,100.0,99.4318,46,H200 NVL,0.667,original,zoo_20260916/EISATC/hgd_S14_seed2026
zoo,EISATC,hgd,14,2027,within,,0.0,zoo_EISATC,27087,600,96.0227,96.2113,0.9469,0.7847,0.4923,100.0,99.4318,111,H200 NVL,0.665,original,zoo_20260916/EISATC/hgd_S14_seed2027
zoo,EISATC,hgd,1,2025,within,,0.0,zoo_EISATC,27087,600,92.1875,92.1426,0.8934,0.8163,0.4768,100.0,100.0,15,H200 NVL,0.244,original,zoo_20260916/EISATC/hgd_S1_seed2025
zoo,EISATC,hgd,1,2026,within,,0.0,zoo_EISATC,27087,600,96.875,97.7273,0.9576,0.8026,0.5061,100.0,98.4375,22,H200 NVL,0.245,original,zoo_20260916/EISATC/hgd_S1_seed2026
zoo,EISATC,hgd,1,2027,within,,0.0,zoo_EISATC,27087,600,93.75,95.202,0.9151,0.8091,0.4813,100.0,98.4375,35,H200 NVL,0.244,original,zoo_20260916/EISATC/hgd_S1_seed2027
zoo,EISATC,hgd,2,2025,within,,0.0,zoo_EISATC,27087,600,90.7975,90.6695,0.8771,0.8344,0.4528,99.8462,93.865,407,H200 NVL,0.623,original,zoo_20260916/EISATC/hgd_S2_seed2025
zoo,EISATC,hgd,2,2026,within,,0.0,zoo_EISATC,27087,600,92.638,92.6272,0.9017,0.833,0.4673,99.8462,95.092,462,H200 NVL,0.621,original,zoo_20260916/EISATC/hgd_S2_seed2026
zoo,EISATC,hgd,2,2027,within,,0.0,zoo_EISATC,27087,600,92.638,92.7203,0.9017,0.8267,0.4635,99.8462,95.092,140,H200 NVL,0.619,original,zoo_20260916/EISATC/hgd_S2_seed2027
zoo,EISATC,hgd,3,2025,within,,0.0,zoo_EISATC,27087,600,97.7273,97.6453,0.9696,0.7736,0.5105,100.0,99.4318,173,H200 NVL,0.667,original,zoo_20260916/EISATC/hgd_S3_seed2025
zoo,EISATC,hgd,3,2026,within,,0.0,zoo_EISATC,27087,600,94.8864,94.6503,0.9316,0.8042,0.4851,100.0,97.7273,119,H200 NVL,0.666,original,zoo_20260916/EISATC/hgd_S3_seed2026
zoo,EISATC,hgd,3,2027,within,,0.0,zoo_EISATC,27087,600,97.7273,97.5305,0.9696,0.7764,0.5089,100.0,99.4318,383,H200 NVL,0.665,original,zoo_20260916/EISATC/hgd_S3_seed2027
zoo,EISATC,hgd,4,2025,within,,0.0,zoo_EISATC,27087,600,93.8889,93.9062,0.9181,0.8113,0.476,100.0,96.1111,167,H200 NVL,0.681,original,zoo_20260916/EISATC/hgd_S4_seed2025
zoo,EISATC,hgd,4,2026,within,,0.0,zoo_EISATC,27087,600,94.4444,93.88,0.9254,0.8065,0.4799,99.8605,96.1111,180,H200 NVL,0.68,original,zoo_20260916/EISATC/hgd_S4_seed2026
zoo,EISATC,hgd,4,2027,within,,0.0,zoo_EISATC,27087,600,96.1111,95.8768,0.9478,0.793,0.496,100.0,97.2222,401,H200 NVL,0.68,original,zoo_20260916/EISATC/hgd_S4_seed2027
zoo,EISATC,hgd,5,2025,within,,0.0,zoo_EISATC,27087,600,97.2222,97.3582,0.9629,0.7764,0.5094,100.0,99.3056,321,H200 NVL,0.55,original,zoo_20260916/EISATC/hgd_S5_seed2025
zoo,EISATC,hgd,5,2026,within,,0.0,zoo_EISATC,27087,600,96.5278,96.4055,0.9535,0.7824,0.5024,100.0,99.3056,142,H200 NVL,0.548,original,zoo_20260916/EISATC/hgd_S5_seed2026
zoo,EISATC,hgd,5,2027,within,,0.0,zoo_EISATC,27087,600,96.5278,96.4055,0.9536,0.7845,0.4986,100.0,98.6111,216,H200 NVL,0.546,original,zoo_20260916/EISATC/hgd_S5_seed2027
zoo,EISATC,hgd,6,2025,within,,0.0,zoo_EISATC,27087,600,88.6364,89.1349,0.8483,0.8565,0.4266,100.0,92.6136,113,H200 NVL,0.666,original,zoo_20260916/EISATC/hgd_S6_seed2025
zoo,EISATC,hgd,6,2026,within,,0.0,zoo_EISATC,27087,600,86.9318,87.1624,0.8253,0.8854,0.4114,100.0,91.4773,120,H200 NVL,0.665,original,zoo_20260916/EISATC/hgd_S6_seed2026
zoo,EISATC,hgd,6,2027,within,,0.0,zoo_EISATC,27087,600,89.2045,89.5494,0.8559,0.8561,0.4309,100.0,92.0455,139,H200 NVL,0.664,original,zoo_20260916/EISATC/hgd_S6_seed2027
zoo,EISATC,hgd,7,2025,within,,0.0,zoo_EISATC,27087,600,90.9091,90.7238,0.8787,0.84,0.4504,100.0,95.4545,178,H200 NVL,0.667,original,zoo_20260916/EISATC/hgd_S7_seed2025
zoo,EISATC,hgd,7,2026,within,,0.0,zoo_EISATC,27087,600,92.0455,91.811,0.8938,0.8332,0.4576,100.0,94.3182,264,H200 NVL,0.664,original,zoo_20260916/EISATC/hgd_S7_seed2026
zoo,EISATC,hgd,7,2027,within,,0.0,zoo_EISATC,27087,600,92.6136,92.343,0.9013,0.825,0.4625,100.0,94.8864,80,H200 NVL,0.665,original,zoo_20260916/EISATC/hgd_S7_seed2027
zoo,EISATC,hgd,8,2025,within,,0.0,zoo_EISATC,27087,600,93.8931,93.9907,0.9183,0.8158,0.4731,99.8088,95.4198,129,H200 NVL,0.505,original,zoo_20260916/EISATC/hgd_S8_seed2025
zoo,EISATC,hgd,8,2026,within,,0.0,zoo_EISATC,27087,600,93.8931,94.1141,0.9184,0.8109,0.475,99.8088,96.9466,58,H200 NVL,0.503,original,zoo_20260916/EISATC/hgd_S8_seed2026
zoo,EISATC,hgd,8,2027,within,,0.0,zoo_EISATC,27087,600,96.1832,96.0877,0.9489,0.7944,0.4958,100.0,97.7099,299,H200 NVL,0.504,original,zoo_20260916/EISATC/hgd_S8_seed2027
zoo,EISATC,hgd,9,2025,within,,0.0,zoo_EISATC,27087,600,98.2955,98.3316,0.9772,0.7676,0.5173,99.858,99.4318,249,H200 NVL,0.664,original,zoo_20260916/EISATC/hgd_S9_seed2025
zoo,EISATC,hgd,9,2026,within,,0.0,zoo_EISATC,27087,600,98.2955,98.4149,0.9772,0.7689,0.5153,99.858,99.4318,229,H200 NVL,0.665,original,zoo_20260916/EISATC/hgd_S9_seed2026
zoo,EISATC,hgd,9,2027,within,,0.0,zoo_EISATC,27087,600,98.2955,98.3543,0.9772,0.7617,0.5159,100.0,100.0,248,H200 NVL,0.666,original,zoo_20260916/EISATC/hgd_S9_seed2027
zoo,EISATC,sdssvep,10,2025,within,,0.0,zoo_EISATC,26057,600,76.6667,76.6667,0.7455,1.924,0.611,100.0,83.3333,486,H200 NVL,0.044,original,zoo_20260916/EISATC/sdssvep_S10_seed2025
zoo,EISATC,sdssvep,10,2026,within,,0.0,zoo_EISATC,26057,600,68.3333,68.3333,0.6545,1.9988,0.5309,100.0,73.3333,395,H200 NVL,0.031,original,zoo_20260916/EISATC/sdssvep_S10_seed2026
zoo,EISATC,sdssvep,10,2027,within,,0.0,zoo_EISATC,26057,600,71.6667,71.6667,0.6909,1.9853,0.5601,100.0,75.0,344,H200 NVL,0.046,original,zoo_20260916/EISATC/sdssvep_S10_seed2027
zoo,EISATC,sdssvep,1,2025,within,,0.0,zoo_EISATC,26057,600,26.6667,26.6667,0.2,2.3692,0.1436,100.0,28.3333,355,H200 NVL,0.025,original,zoo_20260916/EISATC/sdssvep_S1_seed2025
zoo,EISATC,sdssvep,1,2026,within,,0.0,zoo_EISATC,26057,600,35.0,35.0,0.2909,2.3091,0.2245,100.0,41.6667,361,H200 NVL,0.031,original,zoo_20260916/EISATC/sdssvep_S1_seed2026
zoo,EISATC,sdssvep,1,2027,within,,0.0,zoo_EISATC,26057,600,33.3333,33.3333,0.2727,2.2893,0.1998,98.3333,40.0,279,H200 NVL,0.038,original,zoo_20260916/EISATC/sdssvep_S1_seed2027
zoo,EISATC,sdssvep,2,2025,within,,0.0,zoo_EISATC,26057,600,53.3333,53.3333,0.4909,2.1679,0.3946,99.1667,56.6667,434,H200 NVL,0.038,original,zoo_20260916/EISATC/sdssvep_S2_seed2025
zoo,EISATC,sdssvep,2,2026,within,,0.0,zoo_EISATC,26057,600,40.0,40.0,0.3455,2.26,0.2653,99.1667,43.3333,461,H200 NVL,0.031,original,zoo_20260916/EISATC/sdssvep_S2_seed2026
zoo,EISATC,sdssvep,2,2027,within,,0.0,zoo_EISATC,26057,600,50.0,50.0,0.4545,2.1719,0.3558,100.0,53.3333,581,H200 NVL,0.04,original,zoo_20260916/EISATC/sdssvep_S2_seed2027
zoo,EISATC,sdssvep,3,2025,within,,0.0,zoo_EISATC,26057,600,26.6667,26.6667,0.2,2.396,0.1439,95.0,28.3333,312,H200 NVL,0.03,original,zoo_20260916/EISATC/sdssvep_S3_seed2025
zoo,EISATC,sdssvep,3,2026,within,,0.0,zoo_EISATC,26057,600,18.3333,18.3333,0.1091,2.3975,0.0624,99.1667,21.6667,9,H200 NVL,0.036,original,zoo_20260916/EISATC/sdssvep_S3_seed2026
zoo,EISATC,sdssvep,3,2027,within,,0.0,zoo_EISATC,26057,600,21.6667,21.6667,0.1455,2.4064,0.0753,98.3333,21.6667,398,H200 NVL,0.031,original,zoo_20260916/EISATC/sdssvep_S3_seed2027
zoo,EISATC,sdssvep,4,2025,within,,0.0,zoo_EISATC,26057,600,48.3333,48.3333,0.4364,2.1936,0.3483,100.0,50.0,278,H200 NVL,0.03,original,zoo_20260916/EISATC/sdssvep_S4_seed2025
zoo,EISATC,sdssvep,4,2026,within,,0.0,zoo_EISATC,26057,600,63.3333,63.3333,0.6,2.1103,0.4939,100.0,66.6667,459,H200 NVL,0.038,original,zoo_20260916/EISATC/sdssvep_S4_seed2026
zoo,EISATC,sdssvep,4,2027,within,,0.0,zoo_EISATC,26057,600,60.0,60.0,0.5636,2.1096,0.4567,100.0,63.3333,451,H200 NVL,0.032,original,zoo_20260916/EISATC/sdssvep_S4_seed2027
zoo,EISATC,sdssvep,5,2025,within,,0.0,zoo_EISATC,26057,600,88.3333,88.3333,0.8727,1.8374,0.7164,100.0,93.3333,310,H200 NVL,0.037,original,zoo_20260916/EISATC/sdssvep_S5_seed2025
zoo,EISATC,sdssvep,5,2026,within,,0.0,zoo_EISATC,26057,600,80.0,80.0,0.7818,1.9067,0.6395,100.0,83.3333,339,H200 NVL,0.031,original,zoo_20260916/EISATC/sdssvep_S5_seed2026
zoo,EISATC,sdssvep,5,2027,within,,0.0,zoo_EISATC,26057,600,91.6667,91.6667,0.9091,1.8196,0.7495,100.0,93.3333,317,H200 NVL,0.038,original,zoo_20260916/EISATC/sdssvep_S5_seed2027
zoo,EISATC,sdssvep,6,2025,within,,0.0,zoo_EISATC,26057,600,96.6667,96.6667,0.9636,1.7419,0.7892,100.0,98.3333,240,H200 NVL,0.039,original,zoo_20260916/EISATC/sdssvep_S6_seed2025
zoo,EISATC,sdssvep,6,2026,within,,0.0,zoo_EISATC,26057,600,93.3333,93.3333,0.9273,1.7799,0.7584,100.0,95.0,413,H200 NVL,0.03,original,zoo_20260916/EISATC/sdssvep_S6_seed2026
zoo,EISATC,sdssvep,6,2027,within,,0.0,zoo_EISATC,26057,600,98.3333,98.3333,0.9818,1.7279,0.8038,100.0,98.3333,345,H200 NVL,0.039,original,zoo_20260916/EISATC/sdssvep_S6_seed2027
zoo,EISATC,sdssvep,7,2025,within,,0.0,zoo_EISATC,26057,600,96.6667,96.6667,0.9636,1.7619,0.7919,100.0,98.3333,359,H200 NVL,0.03,original,zoo_20260916/EISATC/sdssvep_S7_seed2025
zoo,EISATC,sdssvep,7,2026,within,,0.0,zoo_EISATC,26057,600,81.6667,81.6667,0.8,1.8667,0.6521,100.0,86.6667,207,H200 NVL,0.037,original,zoo_20260916/EISATC/sdssvep_S7_seed2026
zoo,EISATC,sdssvep,7,2027,within,,0.0,zoo_EISATC,26057,600,91.6667,91.6667,0.9091,1.8252,0.7505,100.0,93.3333,446,H200 NVL,0.032,original,zoo_20260916/EISATC/sdssvep_S7_seed2027
zoo,EISATC,sdssvep,8,2025,within,,0.0,zoo_EISATC,26057,600,76.6667,76.6667,0.7455,2.005,0.6204,100.0,83.3333,441,H200 NVL,0.03,original,zoo_20260916/EISATC/sdssvep_S8_seed2025
zoo,EISATC,sdssvep,8,2026,within,,0.0,zoo_EISATC,26057,600,85.0,85.0,0.8364,1.9007,0.6927,100.0,88.3333,336,H200 NVL,0.038,original,zoo_20260916/EISATC/sdssvep_S8_seed2026
zoo,EISATC,sdssvep,8,2027,within,,0.0,zoo_EISATC,26057,600,83.3333,83.3333,0.8182,1.9324,0.6785,100.0,86.6667,423,H200 NVL,0.032,original,zoo_20260916/EISATC/sdssvep_S8_seed2027
zoo,EISATC,sdssvep,9,2025,within,,0.0,zoo_EISATC,26057,600,91.6667,91.6667,0.9091,1.7568,0.7375,100.0,93.3333,175,H200 NVL,0.036,original,zoo_20260916/EISATC/sdssvep_S9_seed2025
zoo,EISATC,sdssvep,9,2026,within,,0.0,zoo_EISATC,26057,600,95.0,95.0,0.9455,1.7791,0.777,100.0,96.6667,476,H200 NVL,0.03,original,zoo_20260916/EISATC/sdssvep_S9_seed2026
zoo,EISATC,sdssvep,9,2027,within,,0.0,zoo_EISATC,26057,600,90.0,90.0,0.8909,1.7678,0.7201,100.0,91.6667,263,H200 NVL,0.037,original,zoo_20260916/EISATC/sdssvep_S9_seed2027
zoo,FACTNet,2a,1,2025,within,,0.0,zoo_FACTNet,5406,600,86.1111,86.1111,0.8148,0.9081,0.44,99.6528,89.2361,472,H200 NVL,0.316,original,zoo_20260916/FACTNet/2a_S1_seed2025
zoo,FACTNet,2a,1,2026,within,,0.0,zoo_FACTNet,5406,600,79.8611,79.8611,0.7315,0.949,0.3754,99.3056,84.375,140,H200 NVL,0.283,original,zoo_20260916/FACTNet/2a_S1_seed2026
zoo,FACTNet,2a,1,2027,within,,0.0,zoo_FACTNet,5406,600,85.4167,85.4167,0.8056,0.9139,0.4238,99.6528,87.8472,382,H200 NVL,0.315,original,zoo_20260916/FACTNet/2a_S1_seed2027
zoo,FACTNet,2a,2,2025,within,,0.0,zoo_FACTNet,5406,600,56.25,56.25,0.4167,1.1799,0.1926,99.6528,62.8472,187,H200 NVL,0.279,original,zoo_20260916/FACTNet/2a_S2_seed2025
zoo,FACTNet,2a,2,2026,within,,0.0,zoo_FACTNet,5406,600,63.1944,63.1944,0.5093,1.1092,0.2401,100.0,66.3194,364,H200 NVL,0.283,original,zoo_20260916/FACTNet/2a_S2_seed2026
zoo,FACTNet,2a,2,2027,within,,0.0,zoo_FACTNet,5406,600,52.0833,52.0833,0.3611,1.2149,0.1442,99.3056,56.25,331,H200 NVL,0.28,original,zoo_20260916/FACTNet/2a_S2_seed2027
zoo,FACTNet,2a,3,2025,within,,0.0,zoo_FACTNet,5406,600,89.5833,89.5833,0.8611,0.8638,0.4471,100.0,94.0972,145,H200 NVL,0.277,original,zoo_20260916/FACTNet/2a_S3_seed2025
zoo,FACTNet,2a,3,2026,within,,0.0,zoo_FACTNet,5406,600,90.9722,90.9722,0.8796,0.8708,0.4687,100.0,92.7083,168,H200 NVL,0.265,original,zoo_20260916/FACTNet/2a_S3_seed2026
zoo,FACTNet,2a,3,2027,within,,0.0,zoo_FACTNet,5406,600,90.2778,90.2778,0.8704,0.8598,0.4555,100.0,92.3611,406,H200 NVL,0.276,original,zoo_20260916/FACTNet/2a_S3_seed2027
zoo,FACTNet,2a,4,2025,within,,0.0,zoo_FACTNet,5406,600,72.5694,72.5694,0.6343,1.0646,0.3293,98.9583,75.0,440,H200 NVL,0.282,original,zoo_20260916/FACTNet/2a_S4_seed2025
zoo,FACTNet,2a,4,2026,within,,0.0,zoo_FACTNet,5406,600,68.0556,68.0556,0.5741,1.0955,0.2892,99.6528,70.1389,273,H200 NVL,0.306,original,zoo_20260916/FACTNet/2a_S4_seed2026
zoo,FACTNet,2a,4,2027,within,,0.0,zoo_FACTNet,5406,600,72.2222,72.2222,0.6296,1.0686,0.3258,99.6528,75.3472,314,H200 NVL,0.283,original,zoo_20260916/FACTNet/2a_S4_seed2027
zoo,FACTNet,2a,5,2025,within,,0.0,zoo_FACTNet,5406,600,70.4861,70.4861,0.6065,1.0508,0.3028,98.6111,73.2639,483,H200 NVL,0.282,original,zoo_20260916/FACTNet/2a_S5_seed2025
zoo,FACTNet,2a,5,2026,within,,0.0,zoo_FACTNet,5406,600,75.3472,75.3472,0.6713,1.0273,0.3488,98.9583,76.7361,260,H200 NVL,0.28,original,zoo_20260916/FACTNet/2a_S5_seed2026
zoo,FACTNet,2a,5,2027,within,,0.0,zoo_FACTNet,5406,600,72.5694,72.5694,0.6343,1.0448,0.3277,99.3056,76.0417,155,H200 NVL,0.284,original,zoo_20260916/FACTNet/2a_S5_seed2027
zoo,FACTNet,2a,6,2025,within,,0.0,zoo_FACTNet,5406,600,59.0278,59.0278,0.4537,1.1496,0.1996,98.9583,62.8472,194,H200 NVL,0.269,original,zoo_20260916/FACTNet/2a_S6_seed2025
zoo,FACTNet,2a,6,2026,within,,0.0,zoo_FACTNet,5406,600,58.6806,58.6806,0.4491,1.161,0.1986,99.6528,62.8472,100,H200 NVL,0.274,original,zoo_20260916/FACTNet/2a_S6_seed2026
zoo,FACTNet,2a,6,2027,within,,0.0,zoo_FACTNet,5406,600,57.6389,57.6389,0.4352,1.1685,0.1906,99.6528,61.4583,157,H200 NVL,0.269,original,zoo_20260916/FACTNet/2a_S6_seed2027
zoo,FACTNet,2a,7,2025,within,,0.0,zoo_FACTNet,5406,600,81.25,81.25,0.75,0.9347,0.3804,100.0,86.1111,96,H200 NVL,0.313,original,zoo_20260916/FACTNet/2a_S7_seed2025
zoo,FACTNet,2a,7,2026,within,,0.0,zoo_FACTNet,5406,600,86.8056,86.8056,0.8241,0.908,0.4339,100.0,89.2361,287,H200 NVL,0.284,original,zoo_20260916/FACTNet/2a_S7_seed2026
zoo,FACTNet,2a,7,2027,within,,0.0,zoo_FACTNet,5406,600,87.5,87.5,0.8333,0.8948,0.4383,100.0,89.5833,305,H200 NVL,0.315,original,zoo_20260916/FACTNet/2a_S7_seed2027
zoo,FACTNet,2a,8,2025,within,,0.0,zoo_FACTNet,5406,600,81.25,81.25,0.75,0.9532,0.386,100.0,85.0694,147,H200 NVL,0.279,original,zoo_20260916/FACTNet/2a_S8_seed2025
zoo,FACTNet,2a,8,2026,within,,0.0,zoo_FACTNet,5406,600,80.5556,80.5556,0.7407,0.9545,0.3774,99.6528,82.9861,138,H200 NVL,0.281,original,zoo_20260916/FACTNet/2a_S8_seed2026
zoo,FACTNet,2a,8,2027,within,,0.0,zoo_FACTNet,5406,600,80.2083,80.2083,0.7361,0.9701,0.377,99.6528,82.2917,277,H200 NVL,0.282,original,zoo_20260916/FACTNet/2a_S8_seed2027
zoo,FACTNet,2a,9,2025,within,,0.0,zoo_FACTNet,5406,600,78.4722,78.4722,0.713,0.9866,0.3652,99.6528,85.4167,87,H200 NVL,0.183,original,zoo_20260916/FACTNet/2a_S9_seed2025
zoo,FACTNet,2a,9,2026,within,,0.0,zoo_FACTNet,5406,600,72.9167,72.9167,0.6389,1.0488,0.3236,99.6528,75.0,365,H200 NVL,0.266,original,zoo_20260916/FACTNet/2a_S9_seed2026
zoo,FACTNet,2a,9,2027,within,,0.0,zoo_FACTNet,5406,600,83.6806,83.6806,0.7824,0.9472,0.4125,100.0,85.7639,212,H200 NVL,0.121,original,zoo_20260916/FACTNet/2a_S9_seed2027
zoo,FACTNet,2b,1,2025,within,,0.0,zoo_FACTNet,4620,600,73.125,73.125,0.4625,0.558,0.0738,98.5,79.375,162,H200 NVL,0.173,original,zoo_20260916/FACTNet/2b_S1_seed2025
zoo,FACTNet,2b,1,2026,within,,0.0,zoo_FACTNet,4620,600,76.5625,76.5625,0.5312,0.5445,0.0966,99.25,81.5625,288,H200 NVL,0.199,original,zoo_20260916/FACTNet/2b_S1_seed2026
zoo,FACTNet,2b,1,2027,within,,0.0,zoo_FACTNet,4620,600,73.75,73.75,0.475,0.5627,0.058,99.25,79.6875,227,H200 NVL,0.173,original,zoo_20260916/FACTNet/2b_S1_seed2027
zoo,FACTNet,2b,2,2025,within,,0.0,zoo_FACTNet,4620,600,72.8571,72.8571,0.4571,0.5714,0.0905,96.0,76.4286,372,H200 NVL,0.165,original,zoo_20260916/FACTNet/2b_S2_seed2025
zoo,FACTNet,2b,2,2026,within,,0.0,zoo_FACTNet,4620,600,71.0714,71.0714,0.4214,0.5812,0.0612,97.5,73.9286,284,H200 NVL,0.162,original,zoo_20260916/FACTNet/2b_S2_seed2026
zoo,FACTNet,2b,2,2027,within,,0.0,zoo_FACTNet,4620,600,68.2143,68.2143,0.3643,0.5892,0.0997,93.25,72.8571,170,H200 NVL,0.165,original,zoo_20260916/FACTNet/2b_S2_seed2027
zoo,FACTNet,2b,3,2025,within,,0.0,zoo_FACTNet,4620,600,83.125,83.125,0.6625,0.4784,0.1529,95.5,87.8125,52,H200 NVL,0.16,original,zoo_20260916/FACTNet/2b_S3_seed2025
zoo,FACTNet,2b,3,2026,within,,0.0,zoo_FACTNet,4620,600,83.4375,83.4375,0.6687,0.4809,0.1712,95.5,87.1875,60,H200 NVL,0.174,original,zoo_20260916/FACTNet/2b_S3_seed2026
zoo,FACTNet,2b,3,2027,within,,0.0,zoo_FACTNet,4620,600,80.625,80.625,0.6125,0.5027,0.1415,95.0,86.875,32,H200 NVL,0.154,original,zoo_20260916/FACTNet/2b_S3_seed2027
zoo,FACTNet,2b,4,2025,within,,0.0,zoo_FACTNet,4620,600,98.125,98.125,0.9625,0.3417,0.2683,100.0,99.0625,402,H200 NVL,0.2,original,zoo_20260916/FACTNet/2b_S4_seed2025
zoo,FACTNet,2b,4,2026,within,,0.0,zoo_FACTNet,4620,600,96.875,96.875,0.9375,0.3438,0.2554,99.5238,98.75,148,H200 NVL,0.174,original,zoo_20260916/FACTNet/2b_S4_seed2026
zoo,FACTNet,2b,4,2027,within,,0.0,zoo_FACTNet,4620,600,95.625,95.625,0.9125,0.353,0.2504,99.7619,98.75,35,H200 NVL,0.202,original,zoo_20260916/FACTNet/2b_S4_seed2027
zoo,FACTNet,2b,5,2025,within,,0.0,zoo_FACTNet,4620,600,60.3125,60.3125,0.2063,0.6517,0.0634,95.7143,67.8125,22,H200 NVL,0.174,original,zoo_20260916/FACTNet/2b_S5_seed2025
zoo,FACTNet,2b,5,2026,within,,0.0,zoo_FACTNet,4620,600,89.0625,89.0625,0.7812,0.4149,0.209,97.619,92.8125,406,H200 NVL,0.17,original,zoo_20260916/FACTNet/2b_S5_seed2026
zoo,FACTNet,2b,5,2027,within,,0.0,zoo_FACTNet,4620,600,87.1875,87.1875,0.7437,0.4337,0.1901,98.5714,92.8125,73,H200 NVL,0.169,original,zoo_20260916/FACTNet/2b_S5_seed2027
zoo,FACTNet,2b,6,2025,within,,0.0,zoo_FACTNet,4620,600,71.25,71.25,0.425,0.5711,0.102,95.75,77.8125,19,H200 NVL,0.163,original,zoo_20260916/FACTNet/2b_S6_seed2025
zoo,FACTNet,2b,6,2026,within,,0.0,zoo_FACTNet,4620,600,74.6875,74.6875,0.4937,0.5684,0.0705,93.5,78.75,216,H200 NVL,0.149,original,zoo_20260916/FACTNet/2b_S6_seed2026
zoo,FACTNet,2b,6,2027,within,,0.0,zoo_FACTNet,4620,600,84.0625,84.0625,0.6812,0.4641,0.1681,98.5,89.0625,171,H200 NVL,0.168,original,zoo_20260916/FACTNet/2b_S6_seed2027
zoo,FACTNet,2b,7,2025,within,,0.0,zoo_FACTNet,4620,600,90.3125,90.3125,0.8062,0.4087,0.213,97.5,91.875,318,H200 NVL,0.168,original,zoo_20260916/FACTNet/2b_S7_seed2025
zoo,FACTNet,2b,7,2026,within,,0.0,zoo_FACTNet,4620,600,89.0625,89.0625,0.7812,0.4168,0.2129,98.25,91.875,185,H200 NVL,0.189,original,zoo_20260916/FACTNet/2b_S7_seed2026
zoo,FACTNet,2b,7,2027,within,,0.0,zoo_FACTNet,4620,600,90.625,90.625,0.8125,0.3981,0.2419,98.5,93.4375,256,H200 NVL,0.165,original,zoo_20260916/FACTNet/2b_S7_seed2027
zoo,FACTNet,2b,8,2025,within,,0.0,zoo_FACTNet,4620,600,93.75,93.75,0.875,0.3817,0.229,96.8182,95.3125,54,H200 NVL,0.171,original,zoo_20260916/FACTNet/2b_S8_seed2025
zoo,FACTNet,2b,8,2026,within,,0.0,zoo_FACTNet,4620,600,94.375,94.375,0.8875,0.3807,0.2338,97.0455,95.3125,300,H200 NVL,0.169,original,zoo_20260916/FACTNet/2b_S8_seed2026
zoo,FACTNet,2b,8,2027,within,,0.0,zoo_FACTNet,4620,600,93.4375,93.4375,0.8687,0.3854,0.2347,96.8182,95.625,51,H200 NVL,0.174,original,zoo_20260916/FACTNet/2b_S8_seed2027
zoo,FACTNet,2b,9,2025,within,,0.0,zoo_FACTNet,4620,600,87.1875,87.1875,0.7437,0.4484,0.1896,94.0,89.6875,37,H200 NVL,0.158,original,zoo_20260916/FACTNet/2b_S9_seed2025
zoo,FACTNet,2b,9,2026,within,,0.0,zoo_FACTNet,4620,600,87.5,87.5,0.75,0.4344,0.2047,94.5,90.0,206,H200 NVL,0.221,original,zoo_20260916/FACTNet/2b_S9_seed2026
zoo,FACTNet,2b,9,2027,within,,0.0,zoo_FACTNet,4620,600,84.6875,84.6875,0.6938,0.4641,0.1742,95.75,89.6875,80,H200 NVL,0.157,original,zoo_20260916/FACTNet/2b_S9_seed2027
zoo,FACTNet,hgd,10,2025,within,,0.0,zoo_FACTNet,5758,600,92.0455,91.5728,0.8934,0.8248,0.4626,99.2898,94.3182,272,H200 NVL,0.89,original,zoo_20260916/FACTNet/hgd_S10_seed2025
zoo,FACTNet,hgd,10,2026,within,,0.0,zoo_FACTNet,5758,600,90.9091,90.4936,0.8783,0.8327,0.4517,99.1477,94.3182,298,H200 NVL,0.889,original,zoo_20260916/FACTNet/hgd_S10_seed2026
zoo,FACTNet,hgd,10,2027,within,,0.0,zoo_FACTNet,5758,600,92.6136,92.0724,0.9011,0.8273,0.4679,99.1477,94.3182,299,H200 NVL,0.888,original,zoo_20260916/FACTNet/hgd_S10_seed2027
zoo,FACTNet,hgd,11,2025,within,,0.0,zoo_FACTNet,5758,600,85.2273,86.1624,0.8027,0.903,0.4122,97.3011,87.5,311,H200 NVL,0.886,original,zoo_20260916/FACTNet/hgd_S11_seed2025
zoo,FACTNet,hgd,11,2026,within,,0.0,zoo_FACTNet,5758,600,87.5,88.4428,0.8329,0.8807,0.4306,97.017,89.7727,330,H200 NVL,0.887,original,zoo_20260916/FACTNet/hgd_S11_seed2026
zoo,FACTNet,hgd,11,2027,within,,0.0,zoo_FACTNet,5758,600,86.9318,87.7748,0.8252,0.883,0.4252,97.3011,90.3409,239,H200 NVL,0.895,original,zoo_20260916/FACTNet/hgd_S11_seed2027
zoo,FACTNet,hgd,12,2025,within,,0.0,zoo_FACTNet,5758,600,96.0227,96.0204,0.9468,0.7842,0.4965,99.858,97.7273,305,H200 NVL,0.891,original,zoo_20260916/FACTNet/hgd_S12_seed2025
zoo,FACTNet,hgd,12,2026,within,,0.0,zoo_FACTNet,5758,600,93.75,93.0323,0.9162,0.7954,0.4893,99.858,97.7273,97,H200 NVL,0.891,original,zoo_20260916/FACTNet/hgd_S12_seed2026
zoo,FACTNet,hgd,12,2027,within,,0.0,zoo_FACTNet,5758,600,94.8864,94.4378,0.9315,0.7982,0.4858,100.0,97.1591,67,H200 NVL,0.888,original,zoo_20260916/FACTNet/hgd_S12_seed2027
zoo,FACTNet,hgd,13,2025,within,,0.0,zoo_FACTNet,5758,600,92.5,92.5052,0.8999,0.821,0.4717,100.0,95.625,246,H200 NVL,0.81,original,zoo_20260916/FACTNet/hgd_S13_seed2025
zoo,FACTNet,hgd,13,2026,within,,0.0,zoo_FACTNet,5758,600,93.75,93.7102,0.9166,0.8197,0.4762,100.0,95.0,342,H200 NVL,0.821,original,zoo_20260916/FACTNet/hgd_S13_seed2026
zoo,FACTNet,hgd,13,2027,within,,0.0,zoo_FACTNet,5758,600,93.125,93.1005,0.9083,0.8246,0.4702,99.8438,95.0,72,H200 NVL,0.813,original,zoo_20260916/FACTNet/hgd_S13_seed2027
zoo,FACTNet,hgd,14,2025,within,,0.0,zoo_FACTNet,5758,600,98.8636,98.9357,0.9848,0.7601,0.5185,100.0,99.4318,138,H200 NVL,0.891,original,zoo_20260916/FACTNet/hgd_S14_seed2025
zoo,FACTNet,hgd,14,2026,within,,0.0,zoo_FACTNet,5758,600,97.7273,97.7738,0.9696,0.7751,0.5083,100.0,98.8636,30,H200 NVL,0.891,original,zoo_20260916/FACTNet/hgd_S14_seed2026
zoo,FACTNet,hgd,14,2027,within,,0.0,zoo_FACTNet,5758,600,98.8636,98.9357,0.9848,0.7679,0.52,100.0,99.4318,125,H200 NVL,0.887,original,zoo_20260916/FACTNet/hgd_S14_seed2027
zoo,FACTNet,hgd,1,2025,within,,0.0,zoo_FACTNet,5758,600,92.1875,92.1426,0.8935,0.8323,0.468,100.0,96.875,256,H200 NVL,0.325,original,zoo_20260916/FACTNet/hgd_S1_seed2025
zoo,FACTNet,hgd,1,2026,within,,0.0,zoo_FACTNet,5758,600,95.3125,95.0175,0.9358,0.7923,0.501,100.0,98.4375,58,H200 NVL,0.325,original,zoo_20260916/FACTNet/hgd_S1_seed2026
zoo,FACTNet,hgd,1,2027,within,,0.0,zoo_FACTNet,5758,600,92.1875,91.7055,0.8929,0.827,0.4644,100.0,98.4375,162,H200 NVL,0.324,original,zoo_20260916/FACTNet/hgd_S1_seed2027
zoo,FACTNet,hgd,2,2025,within,,0.0,zoo_FACTNet,5758,600,92.638,92.6195,0.9016,0.8269,0.4688,99.0769,95.7055,195,H200 NVL,0.833,original,zoo_20260916/FACTNet/hgd_S2_seed2025
zoo,FACTNet,hgd,2,2026,within,,0.0,zoo_FACTNet,5758,600,88.3436,88.1695,0.8443,0.8541,0.4473,99.0769,94.4785,369,H200 NVL,0.826,original,zoo_20260916/FACTNet/hgd_S2_seed2026
zoo,FACTNet,hgd,2,2027,within,,0.0,zoo_FACTNet,5758,600,92.638,92.6034,0.9016,0.8328,0.4718,99.0769,95.092,196,H200 NVL,0.822,original,zoo_20260916/FACTNet/hgd_S2_seed2027
zoo,FACTNet,hgd,3,2025,within,,0.0,zoo_FACTNet,5758,600,95.4545,95.0915,0.9392,0.8024,0.496,99.858,97.7273,112,H200 NVL,0.888,original,zoo_20260916/FACTNet/hgd_S3_seed2025
zoo,FACTNet,hgd,3,2026,within,,0.0,zoo_FACTNet,5758,600,97.1591,97.0355,0.962,0.7843,0.5067,99.858,98.2955,87,H200 NVL,0.889,original,zoo_20260916/FACTNet/hgd_S3_seed2026
zoo,FACTNet,hgd,3,2027,within,,0.0,zoo_FACTNet,5758,600,97.1591,97.1351,0.962,0.7933,0.5095,99.7159,98.2955,247,H200 NVL,0.889,original,zoo_20260916/FACTNet/hgd_S3_seed2027
zoo,FACTNet,hgd,4,2025,within,,0.0,zoo_FACTNet,5758,600,92.2222,92.9034,0.8964,0.8318,0.4618,95.258,98.3333,271,H200 NVL,0.906,original,zoo_20260916/FACTNet/hgd_S4_seed2025
zoo,FACTNet,hgd,4,2026,within,,0.0,zoo_FACTNet,5758,600,97.2222,97.091,0.9627,0.7766,0.507,99.7211,98.3333,243,H200 NVL,0.911,original,zoo_20260916/FACTNet/hgd_S4_seed2026
zoo,FACTNet,hgd,4,2027,within,,0.0,zoo_FACTNet,5758,600,97.7778,97.5812,0.9702,0.7832,0.5143,99.8605,98.3333,321,H200 NVL,0.91,original,zoo_20260916/FACTNet/hgd_S4_seed2027
zoo,FACTNet,hgd,5,2025,within,,0.0,zoo_FACTNet,5758,600,96.5278,96.4367,0.9535,0.7921,0.5016,99.4792,97.2222,244,H200 NVL,0.731,original,zoo_20260916/FACTNet/hgd_S5_seed2025
zoo,FACTNet,hgd,5,2026,within,,0.0,zoo_FACTNet,5758,600,95.8333,96.1387,0.9443,0.7894,0.4998,99.8264,98.6111,442,H200 NVL,0.73,original,zoo_20260916/FACTNet/hgd_S5_seed2026
zoo,FACTNet,hgd,5,2027,within,,0.0,zoo_FACTNet,5758,600,97.2222,97.4984,0.9629,0.7837,0.5082,99.8264,98.6111,217,H200 NVL,0.726,original,zoo_20260916/FACTNet/hgd_S5_seed2027
zoo,FACTNet,hgd,6,2025,within,,0.0,zoo_FACTNet,5758,600,88.6364,88.9383,0.8483,0.869,0.4399,98.8636,91.4773,198,H200 NVL,0.886,original,zoo_20260916/FACTNet/hgd_S6_seed2025
zoo,FACTNet,hgd,6,2026,within,,0.0,zoo_FACTNet,5758,600,89.7727,90.0494,0.8634,0.8774,0.4555,98.8636,93.1818,146,H200 NVL,0.885,original,zoo_20260916/FACTNet/hgd_S6_seed2026
zoo,FACTNet,hgd,6,2027,within,,0.0,zoo_FACTNet,5758,600,87.5,87.5055,0.8328,0.8941,0.4418,98.1534,89.7727,475,H200 NVL,0.886,original,zoo_20260916/FACTNet/hgd_S6_seed2027
zoo,FACTNet,hgd,7,2025,within,,0.0,zoo_FACTNet,5758,600,90.9091,90.561,0.8786,0.846,0.4543,99.4318,93.1818,95,H200 NVL,0.892,original,zoo_20260916/FACTNet/hgd_S7_seed2025
zoo,FACTNet,hgd,7,2026,within,,0.0,zoo_FACTNet,5758,600,90.9091,90.6802,0.8786,0.8419,0.4547,99.2898,92.6136,100,H200 NVL,0.885,original,zoo_20260916/FACTNet/hgd_S7_seed2026
zoo,FACTNet,hgd,7,2027,within,,0.0,zoo_FACTNet,5758,600,91.4773,91.3052,0.8862,0.8394,0.462,99.5739,94.3182,200,H200 NVL,0.885,original,zoo_20260916/FACTNet/hgd_S7_seed2027
zoo,FACTNet,hgd,8,2025,within,,0.0,zoo_FACTNet,5758,600,88.5496,88.9825,0.8471,0.8469,0.4376,99.6176,93.8931,216,H200 NVL,0.668,original,zoo_20260916/FACTNet/hgd_S8_seed2025
zoo,FACTNet,hgd,8,2026,within,,0.0,zoo_FACTNet,5758,600,92.3664,92.5959,0.898,0.8324,0.4655,99.2352,93.1298,265,H200 NVL,0.669,original,zoo_20260916/FACTNet/hgd_S8_seed2026
zoo,FACTNet,hgd,8,2027,within,,0.0,zoo_FACTNet,5758,600,90.8397,90.8849,0.8774,0.8315,0.4663,99.4264,93.8931,374,H200 NVL,0.671,original,zoo_20260916/FACTNet/hgd_S8_seed2027
zoo,FACTNet,hgd,9,2025,within,,0.0,zoo_FACTNet,5758,600,96.5909,96.648,0.9544,0.7868,0.5011,99.0057,97.7273,163,H200 NVL,0.894,original,zoo_20260916/FACTNet/hgd_S9_seed2025
zoo,FACTNet,hgd,9,2026,within,,0.0,zoo_FACTNet,5758,600,97.1591,97.1915,0.962,0.7899,0.513,99.5739,98.8636,166,H200 NVL,0.887,original,zoo_20260916/FACTNet/hgd_S9_seed2026
zoo,FACTNet,hgd,9,2027,within,,0.0,zoo_FACTNet,5758,600,95.4545,95.6595,0.9393,0.8,0.5005,99.0057,97.7273,169,H200 NVL,0.889,original,zoo_20260916/FACTNet/hgd_S9_seed2027
zoo,MBCNNEATCFNet,2a,1,2025,within,,0.0,zoo_MBCNNEATCFNet,29520,600,82.2917,82.2917,0.7639,1.0578,0.4636,99.3056,85.0694,286,H200 NVL,0.441,original,zoo_20260916/MBCNNEATCFNet/2a_S1_seed2025
zoo,MBCNNEATCFNet,2a,1,2026,within,,0.0,zoo_MBCNNEATCFNet,29520,600,82.9861,82.9861,0.7731,1.0669,0.47,99.3056,84.375,317,H200 NVL,0.351,original,zoo_20260916/MBCNNEATCFNet/2a_S1_seed2026
zoo,MBCNNEATCFNet,2a,1,2027,within,,0.0,zoo_MBCNNEATCFNet,29520,600,82.6389,82.6389,0.7685,1.0538,0.4601,99.3056,84.7222,283,H200 NVL,0.442,original,zoo_20260916/MBCNNEATCFNet/2a_S1_seed2027
zoo,MBCNNEATCFNet,2a,2,2025,within,,0.0,zoo_MBCNNEATCFNet,29520,600,74.3056,74.3056,0.6574,1.1395,0.3996,99.6528,77.0833,258,H200 NVL,0.351,original,zoo_20260916/MBCNNEATCFNet/2a_S2_seed2025
zoo,MBCNNEATCFNet,2a,2,2026,within,,0.0,zoo_MBCNNEATCFNet,29520,600,70.8333,70.8333,0.6111,1.136,0.3585,99.6528,76.0417,261,H200 NVL,0.36,original,zoo_20260916/MBCNNEATCFNet/2a_S2_seed2026
zoo,MBCNNEATCFNet,2a,2,2027,within,,0.0,zoo_MBCNNEATCFNet,29520,600,72.5694,72.5694,0.6343,1.1327,0.3878,99.6528,78.8194,224,H200 NVL,0.351,original,zoo_20260916/MBCNNEATCFNet/2a_S2_seed2027
zoo,MBCNNEATCFNet,2a,3,2025,within,,0.0,zoo_MBCNNEATCFNet,29520,600,92.0139,92.0139,0.8935,0.991,0.5398,100.0,94.0972,87,H200 NVL,0.347,original,zoo_20260916/MBCNNEATCFNet/2a_S3_seed2025
zoo,MBCNNEATCFNet,2a,3,2026,within,,0.0,zoo_MBCNNEATCFNet,29520,600,90.9722,90.9722,0.8796,0.9799,0.5273,100.0,94.4444,82,H200 NVL,0.36,original,zoo_20260916/MBCNNEATCFNet/2a_S3_seed2026
zoo,MBCNNEATCFNet,2a,3,2027,within,,0.0,zoo_MBCNNEATCFNet,29520,600,89.9306,89.9306,0.8657,0.9828,0.5185,100.0,93.75,107,H200 NVL,0.349,original,zoo_20260916/MBCNNEATCFNet/2a_S3_seed2027
zoo,MBCNNEATCFNet,2a,4,2025,within,,0.0,zoo_MBCNNEATCFNet,29520,600,88.1944,88.1944,0.8426,1.0397,0.5154,100.0,89.2361,162,H200 NVL,0.352,original,zoo_20260916/MBCNNEATCFNet/2a_S4_seed2025
zoo,MBCNNEATCFNet,2a,4,2026,within,,0.0,zoo_MBCNNEATCFNet,29520,600,84.0278,84.0278,0.787,1.0393,0.4706,100.0,88.1944,301,H200 NVL,0.44,original,zoo_20260916/MBCNNEATCFNet/2a_S4_seed2026
zoo,MBCNNEATCFNet,2a,4,2027,within,,0.0,zoo_MBCNNEATCFNet,29520,600,85.7639,85.7639,0.8102,1.0286,0.4888,100.0,88.5417,135,H200 NVL,0.356,original,zoo_20260916/MBCNNEATCFNet/2a_S4_seed2027
zoo,MBCNNEATCFNet,2a,5,2025,within,,0.0,zoo_MBCNNEATCFNet,29520,600,71.5278,71.5278,0.6204,1.103,0.352,99.3056,80.5556,154,H200 NVL,0.361,original,zoo_20260916/MBCNNEATCFNet/2a_S5_seed2025
zoo,MBCNNEATCFNet,2a,5,2026,within,,0.0,zoo_MBCNNEATCFNet,29520,600,66.3194,66.3194,0.5509,1.1314,0.3003,99.6528,81.25,250,H200 NVL,0.353,original,zoo_20260916/MBCNNEATCFNet/2a_S5_seed2026
zoo,MBCNNEATCFNet,2a,5,2027,within,,0.0,zoo_MBCNNEATCFNet,29520,600,65.625,65.625,0.5417,1.1234,0.2894,99.3056,81.25,157,H200 NVL,0.362,original,zoo_20260916/MBCNNEATCFNet/2a_S5_seed2027
zoo,MBCNNEATCFNet,2a,6,2025,within,,0.0,zoo_MBCNNEATCFNet,29520,600,77.0833,77.0833,0.6944,1.0991,0.4241,99.6528,81.25,163,H200 NVL,0.361,original,zoo_20260916/MBCNNEATCFNet/2a_S6_seed2025
zoo,MBCNNEATCFNet,2a,6,2026,within,,0.0,zoo_MBCNNEATCFNet,29520,600,77.7778,77.7778,0.7037,1.1027,0.4274,99.3056,80.5556,169,H200 NVL,0.344,original,zoo_20260916/MBCNNEATCFNet/2a_S6_seed2026
zoo,MBCNNEATCFNet,2a,6,2027,within,,0.0,zoo_MBCNNEATCFNet,29520,600,78.125,78.125,0.7083,1.1061,0.4282,99.6528,80.9028,194,H200 NVL,0.362,original,zoo_20260916/MBCNNEATCFNet/2a_S6_seed2027
zoo,MBCNNEATCFNet,2a,7,2025,within,,0.0,zoo_MBCNNEATCFNet,29520,600,89.9306,89.9306,0.8657,0.9899,0.5189,100.0,95.4861,156,H200 NVL,0.44,original,zoo_20260916/MBCNNEATCFNet/2a_S7_seed2025
zoo,MBCNNEATCFNet,2a,7,2026,within,,0.0,zoo_MBCNNEATCFNet,29520,600,90.9722,90.9722,0.8796,0.9883,0.5276,100.0,95.8333,336,H200 NVL,0.355,original,zoo_20260916/MBCNNEATCFNet/2a_S7_seed2026
zoo,MBCNNEATCFNet,2a,7,2027,within,,0.0,zoo_MBCNNEATCFNet,29520,600,90.625,90.625,0.875,0.9801,0.5206,100.0,95.4861,230,H200 NVL,0.442,original,zoo_20260916/MBCNNEATCFNet/2a_S7_seed2027
zoo,MBCNNEATCFNet,2a,8,2025,within,,0.0,zoo_MBCNNEATCFNet,29520,600,82.2917,82.2917,0.7639,1.0988,0.4754,99.6528,84.7222,366,H200 NVL,0.349,original,zoo_20260916/MBCNNEATCFNet/2a_S8_seed2025
zoo,MBCNNEATCFNet,2a,8,2026,within,,0.0,zoo_MBCNNEATCFNet,29520,600,80.9028,80.9028,0.7454,1.1012,0.4613,99.6528,86.4583,323,H200 NVL,0.361,original,zoo_20260916/MBCNNEATCFNet/2a_S8_seed2026
zoo,MBCNNEATCFNet,2a,8,2027,within,,0.0,zoo_MBCNNEATCFNet,29520,600,81.25,81.25,0.75,1.0983,0.4632,99.6528,85.7639,373,H200 NVL,0.353,original,zoo_20260916/MBCNNEATCFNet/2a_S8_seed2027
zoo,MBCNNEATCFNet,2a,9,2025,within,,0.0,zoo_MBCNNEATCFNet,29520,600,85.4167,85.4167,0.8056,1.0305,0.4825,100.0,86.8056,65,H200 NVL,0.206,original,zoo_20260916/MBCNNEATCFNet/2a_S9_seed2025
zoo,MBCNNEATCFNet,2a,9,2026,within,,0.0,zoo_MBCNNEATCFNet,29520,600,87.1528,87.1528,0.8287,1.0276,0.4993,100.0,88.8889,72,H200 NVL,0.361,original,zoo_20260916/MBCNNEATCFNet/2a_S9_seed2026
zoo,MBCNNEATCFNet,2a,9,2027,within,,0.0,zoo_MBCNNEATCFNet,29520,600,86.1111,86.1111,0.8148,1.0203,0.4857,100.0,86.8056,323,H200 NVL,0.137,original,zoo_20260916/MBCNNEATCFNet/2a_S9_seed2027
zoo,MBCNNEATCFNet,2b,1,2025,within,,0.0,zoo_MBCNNEATCFNet,25098,600,75.0,75.0,0.5,0.5671,0.1296,99.75,80.625,127,H200 NVL,0.225,original,zoo_20260916/MBCNNEATCFNet/2b_S1_seed2025
zoo,MBCNNEATCFNet,2b,1,2026,within,,0.0,zoo_MBCNNEATCFNet,25098,600,75.625,75.625,0.5125,0.5721,0.1346,99.25,79.6875,96,H200 NVL,0.312,original,zoo_20260916/MBCNNEATCFNet/2b_S1_seed2026
zoo,MBCNNEATCFNet,2b,1,2027,within,,0.0,zoo_MBCNNEATCFNet,25098,600,74.6875,74.6875,0.4937,0.5773,0.1384,99.25,79.6875,134,H200 NVL,0.223,original,zoo_20260916/MBCNNEATCFNet/2b_S1_seed2027
zoo,MBCNNEATCFNet,2b,2,2025,within,,0.0,zoo_MBCNNEATCFNet,25098,600,73.5714,73.5714,0.4714,0.5678,0.1288,97.5,78.5714,84,H200 NVL,0.227,original,zoo_20260916/MBCNNEATCFNet/2b_S2_seed2025
zoo,MBCNNEATCFNet,2b,2,2026,within,,0.0,zoo_MBCNNEATCFNet,25098,600,75.3571,75.3571,0.5071,0.5639,0.137,97.0,78.9286,237,H200 NVL,0.226,original,zoo_20260916/MBCNNEATCFNet/2b_S2_seed2026
zoo,MBCNNEATCFNet,2b,2,2027,within,,0.0,zoo_MBCNNEATCFNet,25098,600,73.5714,73.5714,0.4714,0.5679,0.1311,96.75,78.5714,171,H200 NVL,0.226,original,zoo_20260916/MBCNNEATCFNet/2b_S2_seed2027
zoo,MBCNNEATCFNet,2b,3,2025,within,,0.0,zoo_MBCNNEATCFNet,25098,600,83.125,83.125,0.6625,0.4935,0.2003,94.75,88.125,13,H200 NVL,0.228,original,zoo_20260916/MBCNNEATCFNet/2b_S3_seed2025
zoo,MBCNNEATCFNet,2b,3,2026,within,,0.0,zoo_MBCNNEATCFNet,25098,600,81.875,81.875,0.6375,0.487,0.224,95.0,88.125,112,H200 NVL,0.228,original,zoo_20260916/MBCNNEATCFNet/2b_S3_seed2026
zoo,MBCNNEATCFNet,2b,3,2027,within,,0.0,zoo_MBCNNEATCFNet,25098,600,83.125,83.125,0.6625,0.4962,0.2102,95.75,87.1875,35,H200 NVL,0.228,original,zoo_20260916/MBCNNEATCFNet/2b_S3_seed2027
zoo,MBCNNEATCFNet,2b,4,2025,within,,0.0,zoo_MBCNNEATCFNet,25098,600,96.5625,96.5625,0.9312,0.413,0.2946,99.5238,98.75,50,H200 NVL,0.321,original,zoo_20260916/MBCNNEATCFNet/2b_S4_seed2025
zoo,MBCNNEATCFNet,2b,4,2026,within,,0.0,zoo_MBCNNEATCFNet,25098,600,96.25,96.25,0.925,0.4098,0.289,99.5238,99.0625,66,H200 NVL,0.226,original,zoo_20260916/MBCNNEATCFNet/2b_S4_seed2026
zoo,MBCNNEATCFNet,2b,4,2027,within,,0.0,zoo_MBCNNEATCFNet,25098,600,96.5625,96.5625,0.9312,0.4107,0.2932,99.0476,99.0625,59,H200 NVL,0.322,original,zoo_20260916/MBCNNEATCFNet/2b_S4_seed2027
zoo,MBCNNEATCFNet,2b,5,2025,within,,0.0,zoo_MBCNNEATCFNet,25098,600,77.8125,77.8125,0.5562,0.5499,0.1676,98.0952,88.125,195,H200 NVL,0.225,original,zoo_20260916/MBCNNEATCFNet/2b_S5_seed2025
zoo,MBCNNEATCFNet,2b,5,2026,within,,0.0,zoo_MBCNNEATCFNet,25098,600,75.3125,75.3125,0.5063,0.5608,0.1477,97.619,89.6875,141,H200 NVL,0.23,original,zoo_20260916/MBCNNEATCFNet/2b_S5_seed2026
zoo,MBCNNEATCFNet,2b,5,2027,within,,0.0,zoo_MBCNNEATCFNet,25098,600,80.9375,80.9375,0.6187,0.5459,0.2007,98.0952,90.9375,161,H200 NVL,0.234,original,zoo_20260916/MBCNNEATCFNet/2b_S5_seed2027
zoo,MBCNNEATCFNet,2b,6,2025,within,,0.0,zoo_MBCNNEATCFNet,25098,600,86.25,86.25,0.725,0.4853,0.2228,96.5,90.0,107,H200 NVL,0.232,original,zoo_20260916/MBCNNEATCFNet/2b_S6_seed2025
zoo,MBCNNEATCFNet,2b,6,2026,within,,0.0,zoo_MBCNNEATCFNet,25098,600,85.3125,85.3125,0.7063,0.4847,0.2329,97.0,90.0,264,H200 NVL,0.229,original,zoo_20260916/MBCNNEATCFNet/2b_S6_seed2026
zoo,MBCNNEATCFNet,2b,6,2027,within,,0.0,zoo_MBCNNEATCFNet,25098,600,86.5625,86.5625,0.7312,0.4776,0.2415,97.0,90.0,133,H200 NVL,0.225,original,zoo_20260916/MBCNNEATCFNet/2b_S6_seed2027
zoo,MBCNNEATCFNet,2b,7,2025,within,,0.0,zoo_MBCNNEATCFNet,25098,600,88.125,88.125,0.7625,0.458,0.2346,97.75,91.875,32,H200 NVL,0.235,original,zoo_20260916/MBCNNEATCFNet/2b_S7_seed2025
zoo,MBCNNEATCFNet,2b,7,2026,within,,0.0,zoo_MBCNNEATCFNet,25098,600,88.4375,88.4375,0.7688,0.4553,0.2328,98.0,91.5625,195,H200 NVL,0.316,original,zoo_20260916/MBCNNEATCFNet/2b_S7_seed2026
zoo,MBCNNEATCFNet,2b,7,2027,within,,0.0,zoo_MBCNNEATCFNet,25098,600,89.375,89.375,0.7875,0.4556,0.2337,98.0,91.5625,34,H200 NVL,0.235,original,zoo_20260916/MBCNNEATCFNet/2b_S7_seed2027
zoo,MBCNNEATCFNet,2b,8,2025,within,,0.0,zoo_MBCNNEATCFNet,25098,600,94.6875,94.6875,0.8938,0.4326,0.2851,97.0455,95.625,131,H200 NVL,0.227,original,zoo_20260916/MBCNNEATCFNet/2b_S8_seed2025
zoo,MBCNNEATCFNet,2b,8,2026,within,,0.0,zoo_MBCNNEATCFNet,25098,600,94.0625,94.0625,0.8813,0.4271,0.2759,97.2727,96.25,165,H200 NVL,0.226,original,zoo_20260916/MBCNNEATCFNet/2b_S8_seed2026
zoo,MBCNNEATCFNet,2b,8,2027,within,,0.0,zoo_MBCNNEATCFNet,25098,600,94.375,94.375,0.8875,0.4345,0.2821,97.5,95.625,87,H200 NVL,0.231,original,zoo_20260916/MBCNNEATCFNet/2b_S8_seed2027
zoo,MBCNNEATCFNet,2b,9,2025,within,,0.0,zoo_MBCNNEATCFNet,25098,600,82.8125,82.8125,0.6562,0.5509,0.2271,98.5,87.5,71,H200 NVL,0.227,original,zoo_20260916/MBCNNEATCFNet/2b_S9_seed2025
zoo,MBCNNEATCFNet,2b,9,2026,within,,0.0,zoo_MBCNNEATCFNet,25098,600,84.375,84.375,0.6875,0.5438,0.2409,98.0,87.1875,133,H200 NVL,0.274,original,zoo_20260916/MBCNNEATCFNet/2b_S9_seed2026
zoo,MBCNNEATCFNet,2b,9,2027,within,,0.0,zoo_MBCNNEATCFNet,25098,600,85.0,85.0,0.7,0.5473,0.2508,97.75,87.1875,383,H200 NVL,0.231,original,zoo_20260916/MBCNNEATCFNet/2b_S9_seed2027
zoo,MBCNNEATCFNet,hgd,10,2025,within,,0.0,zoo_MBCNNEATCFNet,33744,600,92.0455,91.3256,0.8934,0.9547,0.5262,96.875,93.75,141,H200 NVL,1.12,original,zoo_20260916/MBCNNEATCFNet/hgd_S10_seed2025
zoo,MBCNNEATCFNet,hgd,10,2026,within,,0.0,zoo_MBCNNEATCFNet,33744,600,90.3409,89.7843,0.8706,0.9711,0.5141,97.1591,93.75,213,H200 NVL,1.123,original,zoo_20260916/MBCNNEATCFNet/hgd_S10_seed2026
zoo,MBCNNEATCFNet,hgd,10,2027,within,,0.0,zoo_MBCNNEATCFNet,33744,600,90.9091,90.332,0.8783,0.9675,0.5195,96.875,93.1818,168,H200 NVL,1.123,original,zoo_20260916/MBCNNEATCFNet/hgd_S10_seed2027
zoo,MBCNNEATCFNet,hgd,11,2025,within,,0.0,zoo_MBCNNEATCFNet,33744,600,85.2273,85.8809,0.8023,1.0055,0.4681,91.9034,89.2045,378,H200 NVL,1.122,original,zoo_20260916/MBCNNEATCFNet/hgd_S11_seed2025
zoo,MBCNNEATCFNet,hgd,11,2026,within,,0.0,zoo_MBCNNEATCFNet,33744,600,85.2273,85.823,0.8022,1.0066,0.4688,92.0455,88.0682,243,H200 NVL,1.121,original,zoo_20260916/MBCNNEATCFNet/hgd_S11_seed2026
zoo,MBCNNEATCFNet,hgd,11,2027,within,,0.0,zoo_MBCNNEATCFNet,33744,600,85.7955,86.3085,0.8099,1.007,0.475,92.4716,88.6364,308,H200 NVL,1.124,original,zoo_20260916/MBCNNEATCFNet/hgd_S11_seed2027
zoo,MBCNNEATCFNet,hgd,12,2025,within,,0.0,zoo_MBCNNEATCFNet,33744,600,94.8864,95.0295,0.9316,0.9359,0.5501,98.8636,97.7273,498,H200 NVL,1.126,original,zoo_20260916/MBCNNEATCFNet/hgd_S12_seed2025
zoo,MBCNNEATCFNet,hgd,12,2026,within,,0.0,zoo_MBCNNEATCFNet,33744,600,96.5909,96.649,0.9544,0.9428,0.5727,98.5795,97.1591,336,H200 NVL,1.124,original,zoo_20260916/MBCNNEATCFNet/hgd_S12_seed2026
zoo,MBCNNEATCFNet,hgd,12,2027,within,,0.0,zoo_MBCNNEATCFNet,33744,600,96.5909,96.649,0.9544,0.9441,0.5734,98.0114,97.1591,371,H200 NVL,1.124,original,zoo_20260916/MBCNNEATCFNet/hgd_S12_seed2027
zoo,MBCNNEATCFNet,hgd,13,2025,within,,0.0,zoo_MBCNNEATCFNet,33744,600,94.375,94.3849,0.925,0.9264,0.5389,99.0625,95.625,36,H200 NVL,1.026,original,zoo_20260916/MBCNNEATCFNet/hgd_S13_seed2025
zoo,MBCNNEATCFNet,hgd,13,2026,within,,0.0,zoo_MBCNNEATCFNet,33744,600,94.375,94.3994,0.925,0.9254,0.5389,99.5313,95.625,290,H200 NVL,1.026,original,zoo_20260916/MBCNNEATCFNet/hgd_S13_seed2026
zoo,MBCNNEATCFNet,hgd,13,2027,within,,0.0,zoo_MBCNNEATCFNet,33744,600,94.375,94.4307,0.925,0.9299,0.5409,99.5313,95.625,491,H200 NVL,1.025,original,zoo_20260916/MBCNNEATCFNet/hgd_S13_seed2027
zoo,MBCNNEATCFNet,hgd,14,2025,within,,0.0,zoo_MBCNNEATCFNet,33744,600,98.8636,98.8381,0.9848,0.9137,0.5844,99.4318,100.0,547,H200 NVL,1.127,original,zoo_20260916/MBCNNEATCFNet/hgd_S14_seed2025
zoo,MBCNNEATCFNet,hgd,14,2026,within,,0.0,zoo_MBCNNEATCFNet,33744,600,98.8636,98.7776,0.9848,0.919,0.5865,99.5739,100.0,505,H200 NVL,1.126,original,zoo_20260916/MBCNNEATCFNet/hgd_S14_seed2026
zoo,MBCNNEATCFNet,hgd,14,2027,within,,0.0,zoo_MBCNNEATCFNet,33744,600,98.2955,98.2947,0.9772,0.923,0.582,99.2898,99.4318,249,H200 NVL,1.123,original,zoo_20260916/MBCNNEATCFNet/hgd_S14_seed2027
zoo,MBCNNEATCFNet,hgd,1,2025,within,,0.0,zoo_MBCNNEATCFNet,33744,600,100.0,100.0,1.0,0.8961,0.5894,100.0,100.0,19,H200 NVL,0.41,original,zoo_20260916/MBCNNEATCFNet/hgd_S1_seed2025
zoo,MBCNNEATCFNet,hgd,1,2026,within,,0.0,zoo_MBCNNEATCFNet,33744,600,98.4375,98.8636,0.9787,0.9036,0.5762,100.0,100.0,25,H200 NVL,0.41,original,zoo_20260916/MBCNNEATCFNet/hgd_S1_seed2026
zoo,MBCNNEATCFNet,hgd,1,2027,within,,0.0,zoo_MBCNNEATCFNet,33744,600,98.4375,98.8636,0.9787,0.9066,0.5772,100.0,100.0,28,H200 NVL,0.409,original,zoo_20260916/MBCNNEATCFNet/hgd_S1_seed2027
zoo,MBCNNEATCFNet,hgd,2,2025,within,,0.0,zoo_MBCNNEATCFNet,33744,600,90.7975,90.7202,0.8771,0.9782,0.5247,97.2308,93.2515,503,H200 NVL,1.05,original,zoo_20260916/MBCNNEATCFNet/hgd_S2_seed2025
zoo,MBCNNEATCFNet,hgd,2,2026,within,,0.0,zoo_MBCNNEATCFNet,33744,600,92.638,92.5952,0.9017,0.9821,0.5427,97.2308,94.4785,555,H200 NVL,1.049,original,zoo_20260916/MBCNNEATCFNet/hgd_S2_seed2026
zoo,MBCNNEATCFNet,hgd,2,2027,within,,0.0,zoo_MBCNNEATCFNet,33744,600,92.638,92.6459,0.9017,0.9807,0.5425,97.3846,93.865,380,H200 NVL,1.043,original,zoo_20260916/MBCNNEATCFNet/hgd_S2_seed2027
zoo,MBCNNEATCFNet,hgd,3,2025,within,,0.0,zoo_MBCNNEATCFNet,33744,600,98.2955,98.3546,0.9772,0.9244,0.5808,99.2898,98.2955,490,H200 NVL,1.125,original,zoo_20260916/MBCNNEATCFNet/hgd_S3_seed2025
zoo,MBCNNEATCFNet,hgd,3,2026,within,,0.0,zoo_MBCNNEATCFNet,33744,600,96.5909,96.6096,0.9544,0.9339,0.5673,99.1477,97.7273,511,H200 NVL,1.125,original,zoo_20260916/MBCNNEATCFNet/hgd_S3_seed2026
zoo,MBCNNEATCFNet,hgd,3,2027,within,,0.0,zoo_MBCNNEATCFNet,33744,600,94.3182,94.2369,0.9241,0.937,0.5448,99.1477,96.5909,31,H200 NVL,1.122,original,zoo_20260916/MBCNNEATCFNet/hgd_S3_seed2027
zoo,MBCNNEATCFNet,hgd,4,2025,within,,0.0,zoo_MBCNNEATCFNet,33744,600,95.5556,95.6106,0.9404,0.947,0.5594,97.9079,97.2222,400,H200 NVL,1.15,original,zoo_20260916/MBCNNEATCFNet/hgd_S4_seed2025
zoo,MBCNNEATCFNet,hgd,4,2026,within,,0.0,zoo_MBCNNEATCFNet,33744,600,96.1111,96.1106,0.9479,0.9311,0.5583,97.7685,96.6667,401,H200 NVL,1.151,original,zoo_20260916/MBCNNEATCFNet/hgd_S4_seed2026
zoo,MBCNNEATCFNet,hgd,4,2027,within,,0.0,zoo_MBCNNEATCFNet,33744,600,95.5556,95.6008,0.9404,0.9346,0.5541,97.9079,97.2222,423,H200 NVL,1.152,original,zoo_20260916/MBCNNEATCFNet/hgd_S4_seed2027
zoo,MBCNNEATCFNet,hgd,5,2025,within,,0.0,zoo_MBCNNEATCFNet,33744,600,97.2222,97.5297,0.9629,0.9034,0.5615,98.9583,97.9167,64,H200 NVL,0.924,original,zoo_20260916/MBCNNEATCFNet/hgd_S5_seed2025
zoo,MBCNNEATCFNet,hgd,5,2026,within,,0.0,zoo_MBCNNEATCFNet,33744,600,97.2222,97.4984,0.9629,0.8988,0.56,99.1319,98.6111,138,H200 NVL,0.925,original,zoo_20260916/MBCNNEATCFNet/hgd_S5_seed2026
zoo,MBCNNEATCFNet,hgd,5,2027,within,,0.0,zoo_MBCNNEATCFNet,33744,600,97.2222,97.4984,0.9629,0.906,0.5631,98.7847,98.6111,134,H200 NVL,0.919,original,zoo_20260916/MBCNNEATCFNet/hgd_S5_seed2027
zoo,MBCNNEATCFNet,hgd,6,2025,within,,0.0,zoo_MBCNNEATCFNet,33744,600,86.9318,87.1661,0.8255,1.0144,0.4937,96.4489,90.9091,80,H200 NVL,1.12,original,zoo_20260916/MBCNNEATCFNet/hgd_S6_seed2025
zoo,MBCNNEATCFNet,hgd,6,2026,within,,0.0,zoo_MBCNNEATCFNet,33744,600,88.6364,88.6819,0.8481,1.0227,0.5141,95.8807,90.3409,124,H200 NVL,1.12,original,zoo_20260916/MBCNNEATCFNet/hgd_S6_seed2026
zoo,MBCNNEATCFNet,hgd,6,2027,within,,0.0,zoo_MBCNNEATCFNet,33744,600,86.9318,87.1819,0.8255,1.0218,0.4991,95.8807,90.9091,226,H200 NVL,1.121,original,zoo_20260916/MBCNNEATCFNet/hgd_S6_seed2027
zoo,MBCNNEATCFNet,hgd,7,2025,within,,0.0,zoo_MBCNNEATCFNet,33744,600,90.9091,90.5552,0.8786,0.944,0.5081,97.017,93.75,25,H200 NVL,1.123,original,zoo_20260916/MBCNNEATCFNet/hgd_S7_seed2025
zoo,MBCNNEATCFNet,hgd,7,2026,within,,0.0,zoo_MBCNNEATCFNet,33744,600,91.4773,91.218,0.8862,0.9522,0.5178,96.5909,93.75,43,H200 NVL,1.118,original,zoo_20260916/MBCNNEATCFNet/hgd_S7_seed2026
zoo,MBCNNEATCFNet,hgd,7,2027,within,,0.0,zoo_MBCNNEATCFNet,33744,600,90.9091,90.5552,0.8786,0.9513,0.5112,96.1648,94.3182,28,H200 NVL,1.12,original,zoo_20260916/MBCNNEATCFNet/hgd_S7_seed2027
zoo,MBCNNEATCFNet,hgd,8,2025,within,,0.0,zoo_MBCNNEATCFNet,33744,600,93.1298,93.0609,0.9081,0.9244,0.5225,98.6616,94.6565,79,H200 NVL,0.848,original,zoo_20260916/MBCNNEATCFNet/hgd_S8_seed2025
zoo,MBCNNEATCFNet,hgd,8,2026,within,,0.0,zoo_MBCNNEATCFNet,33744,600,92.3664,92.403,0.8979,0.9233,0.5131,98.6616,94.6565,60,H200 NVL,0.845,original,zoo_20260916/MBCNNEATCFNet/hgd_S8_seed2026
zoo,MBCNNEATCFNet,hgd,8,2027,within,,0.0,zoo_MBCNNEATCFNet,33744,600,92.3664,92.403,0.8979,0.9211,0.5125,98.6616,93.8931,84,H200 NVL,0.85,original,zoo_20260916/MBCNNEATCFNet/hgd_S8_seed2027
zoo,MBCNNEATCFNet,hgd,9,2025,within,,0.0,zoo_MBCNNEATCFNet,33744,600,94.8864,95.0781,0.9317,0.9278,0.5465,97.5852,97.1591,17,H200 NVL,1.124,original,zoo_20260916/MBCNNEATCFNet/hgd_S9_seed2025
zoo,MBCNNEATCFNet,hgd,9,2026,within,,0.0,zoo_MBCNNEATCFNet,33744,600,94.3182,94.5573,0.9241,0.9404,0.5451,97.1591,97.1591,30,H200 NVL,1.121,original,zoo_20260916/MBCNNEATCFNet/hgd_S9_seed2026
zoo,MBCNNEATCFNet,hgd,9,2027,within,,0.0,zoo_MBCNNEATCFNet,33744,600,95.4545,95.6216,0.9393,0.933,0.554,97.8693,97.1591,19,H200 NVL,1.123,original,zoo_20260916/MBCNNEATCFNet/hgd_S9_seed2027
zoo,MBCNNEATCFNet,sdssvep,10,2025,within,,0.0,zoo_MBCNNEATCFNet,29928,600,96.6667,96.6667,0.9636,2.0264,0.8328,100.0,100.0,287,H200 NVL,0.099,original,zoo_20260916/MBCNNEATCFNet/sdssvep_S10_seed2025
zoo,MBCNNEATCFNet,sdssvep,10,2026,within,,0.0,zoo_MBCNNEATCFNet,29928,600,95.0,95.0,0.9455,2.0279,0.8159,100.0,98.3333,163,H200 NVL,0.055,original,zoo_20260916/MBCNNEATCFNet/sdssvep_S10_seed2026
zoo,MBCNNEATCFNet,sdssvep,10,2027,within,,0.0,zoo_MBCNNEATCFNet,29928,600,96.6667,96.6667,0.9636,2.0321,0.833,100.0,96.6667,123,H200 NVL,0.102,original,zoo_20260916/MBCNNEATCFNet/sdssvep_S10_seed2027
zoo,MBCNNEATCFNet,sdssvep,1,2025,within,,0.0,zoo_MBCNNEATCFNet,29928,600,93.3333,93.3333,0.9273,2.2787,0.8302,100.0,95.0,274,H200 NVL,0.067,original,zoo_20260916/MBCNNEATCFNet/sdssvep_S1_seed2025
zoo,MBCNNEATCFNet,sdssvep,1,2026,within,,0.0,zoo_MBCNNEATCFNet,29928,600,86.6667,86.6667,0.8545,2.3008,0.7656,100.0,93.3333,341,H200 NVL,0.056,original,zoo_20260916/MBCNNEATCFNet/sdssvep_S1_seed2026
zoo,MBCNNEATCFNet,sdssvep,1,2027,within,,0.0,zoo_MBCNNEATCFNet,29928,600,93.3333,93.3333,0.9273,2.2631,0.8283,100.0,95.0,459,H200 NVL,0.079,original,zoo_20260916/MBCNNEATCFNet/sdssvep_S1_seed2027
zoo,MBCNNEATCFNet,sdssvep,2,2025,within,,0.0,zoo_MBCNNEATCFNet,29928,600,90.0,90.0,0.8909,2.1638,0.7824,100.0,95.0,254,H200 NVL,0.057,original,zoo_20260916/MBCNNEATCFNet/sdssvep_S2_seed2025
zoo,MBCNNEATCFNet,sdssvep,2,2026,within,,0.0,zoo_MBCNNEATCFNet,29928,600,93.3333,93.3333,0.9273,2.1249,0.8116,100.0,96.6667,402,H200 NVL,0.056,original,zoo_20260916/MBCNNEATCFNet/sdssvep_S2_seed2026
zoo,MBCNNEATCFNet,sdssvep,2,2027,within,,0.0,zoo_MBCNNEATCFNet,29928,600,88.3333,88.3333,0.8727,2.1555,0.7645,100.0,91.6667,179,H200 NVL,0.057,original,zoo_20260916/MBCNNEATCFNet/sdssvep_S2_seed2027
zoo,MBCNNEATCFNet,sdssvep,3,2025,within,,0.0,zoo_MBCNNEATCFNet,29928,600,78.3333,78.3333,0.7636,2.3126,0.6824,100.0,83.3333,374,H200 NVL,0.055,original,zoo_20260916/MBCNNEATCFNet/sdssvep_S3_seed2025
zoo,MBCNNEATCFNet,sdssvep,3,2026,within,,0.0,zoo_MBCNNEATCFNet,29928,600,76.6667,76.6667,0.7455,2.3157,0.6656,99.1667,81.6667,209,H200 NVL,0.078,original,zoo_20260916/MBCNNEATCFNet/sdssvep_S3_seed2026
zoo,MBCNNEATCFNet,sdssvep,3,2027,within,,0.0,zoo_MBCNNEATCFNet,29928,600,75.0,75.0,0.7273,2.3239,0.65,100.0,76.6667,273,H200 NVL,0.056,original,zoo_20260916/MBCNNEATCFNet/sdssvep_S3_seed2027
zoo,MBCNNEATCFNet,sdssvep,4,2025,within,,0.0,zoo_MBCNNEATCFNet,29928,600,91.6667,91.6667,0.9091,2.1342,0.7962,100.0,96.6667,189,H200 NVL,0.055,original,zoo_20260916/MBCNNEATCFNet/sdssvep_S4_seed2025
zoo,MBCNNEATCFNet,sdssvep,4,2026,within,,0.0,zoo_MBCNNEATCFNet,29928,600,91.6667,91.6667,0.9091,2.1501,0.7983,100.0,96.6667,323,H200 NVL,0.056,original,zoo_20260916/MBCNNEATCFNet/sdssvep_S4_seed2026
zoo,MBCNNEATCFNet,sdssvep,4,2027,within,,0.0,zoo_MBCNNEATCFNet,29928,600,91.6667,91.6667,0.9091,2.161,0.7995,100.0,95.0,248,H200 NVL,0.056,original,zoo_20260916/MBCNNEATCFNet/sdssvep_S4_seed2027
zoo,MBCNNEATCFNet,sdssvep,5,2025,within,,0.0,zoo_MBCNNEATCFNet,29928,600,100.0,100.0,1.0,1.9779,0.86,100.0,100.0,159,H200 NVL,0.078,original,zoo_20260916/MBCNNEATCFNet/sdssvep_S5_seed2025
zoo,MBCNNEATCFNet,sdssvep,5,2026,within,,0.0,zoo_MBCNNEATCFNet,29928,600,100.0,100.0,1.0,1.9862,0.8614,100.0,100.0,102,H200 NVL,0.055,original,zoo_20260916/MBCNNEATCFNet/sdssvep_S5_seed2026
zoo,MBCNNEATCFNet,sdssvep,5,2027,within,,0.0,zoo_MBCNNEATCFNet,29928,600,100.0,100.0,1.0,1.9738,0.8596,100.0,100.0,125,H200 NVL,0.079,original,zoo_20260916/MBCNNEATCFNet/sdssvep_S5_seed2027
zoo,MBCNNEATCFNet,sdssvep,6,2025,within,,0.0,zoo_MBCNNEATCFNet,29928,600,100.0,100.0,1.0,1.8748,0.8459,100.0,100.0,71,H200 NVL,0.058,original,zoo_20260916/MBCNNEATCFNet/sdssvep_S6_seed2025
zoo,MBCNNEATCFNet,sdssvep,6,2026,within,,0.0,zoo_MBCNNEATCFNet,29928,600,100.0,100.0,1.0,1.9035,0.8501,100.0,100.0,98,H200 NVL,0.055,original,zoo_20260916/MBCNNEATCFNet/sdssvep_S6_seed2026
zoo,MBCNNEATCFNet,sdssvep,6,2027,within,,0.0,zoo_MBCNNEATCFNet,29928,600,100.0,100.0,1.0,1.9027,0.85,100.0,100.0,75,H200 NVL,0.059,original,zoo_20260916/MBCNNEATCFNet/sdssvep_S6_seed2027
zoo,MBCNNEATCFNet,sdssvep,7,2025,within,,0.0,zoo_MBCNNEATCFNet,29928,600,100.0,100.0,1.0,1.9357,0.8545,100.0,100.0,58,H200 NVL,0.055,original,zoo_20260916/MBCNNEATCFNet/sdssvep_S7_seed2025
zoo,MBCNNEATCFNet,sdssvep,7,2026,within,,0.0,zoo_MBCNNEATCFNet,29928,600,100.0,100.0,1.0,1.9507,0.8567,100.0,100.0,65,H200 NVL,0.078,original,zoo_20260916/MBCNNEATCFNet/sdssvep_S7_seed2026
zoo,MBCNNEATCFNet,sdssvep,7,2027,within,,0.0,zoo_MBCNNEATCFNet,29928,600,100.0,100.0,1.0,1.9409,0.8553,100.0,100.0,59,H200 NVL,0.056,original,zoo_20260916/MBCNNEATCFNet/sdssvep_S7_seed2027
zoo,MBCNNEATCFNet,sdssvep,8,2025,within,,0.0,zoo_MBCNNEATCFNet,29928,600,100.0,100.0,1.0,2.0671,0.8725,100.0,100.0,105,H200 NVL,0.055,original,zoo_20260916/MBCNNEATCFNet/sdssvep_S8_seed2025
zoo,MBCNNEATCFNet,sdssvep,8,2026,within,,0.0,zoo_MBCNNEATCFNet,29928,600,100.0,100.0,1.0,2.0755,0.8737,100.0,100.0,85,H200 NVL,0.058,original,zoo_20260916/MBCNNEATCFNet/sdssvep_S8_seed2026
zoo,MBCNNEATCFNet,sdssvep,8,2027,within,,0.0,zoo_MBCNNEATCFNet,29928,600,100.0,100.0,1.0,2.0644,0.872,100.0,100.0,142,H200 NVL,0.056,original,zoo_20260916/MBCNNEATCFNet/sdssvep_S8_seed2027
zoo,MBCNNEATCFNet,sdssvep,9,2025,within,,0.0,zoo_MBCNNEATCFNet,29928,600,98.3333,98.3333,0.9818,1.9037,0.8321,100.0,100.0,374,H200 NVL,0.078,original,zoo_20260916/MBCNNEATCFNet/sdssvep_S9_seed2025
zoo,MBCNNEATCFNet,sdssvep,9,2026,within,,0.0,zoo_MBCNNEATCFNet,29928,600,93.3333,93.3333,0.9273,1.9068,0.7823,100.0,98.3333,88,H200 NVL,0.055,original,zoo_20260916/MBCNNEATCFNet/sdssvep_S9_seed2026
zoo,MBCNNEATCFNet,sdssvep,9,2027,within,,0.0,zoo_MBCNNEATCFNet,29928,600,96.6667,96.6667,0.9636,1.8992,0.8145,100.0,100.0,178,H200 NVL,0.079,original,zoo_20260916/MBCNNEATCFNet/sdssvep_S9_seed2027
zoo,ShallowConvNet,2a,1,2025,within,,0.0,zoo_ShallowConvNet,46084,600,77.7778,77.7778,0.7037,0.6744,0.1645,100.0,81.5972,466,H200 NVL,0.129,original,zoo_20260916/ShallowConvNet/2a_S1_seed2025
zoo,ShallowConvNet,2a,1,2026,within,,0.0,zoo_ShallowConvNet,46084,600,74.6528,74.6528,0.662,0.7185,0.1347,100.0,78.125,497,H200 NVL,0.118,original,zoo_20260916/ShallowConvNet/2a_S1_seed2026
zoo,ShallowConvNet,2a,1,2027,within,,0.0,zoo_ShallowConvNet,46084,600,73.9583,73.9583,0.6528,0.6955,0.1166,100.0,74.6528,542,H200 NVL,0.13,original,zoo_20260916/ShallowConvNet/2a_S1_seed2027
zoo,ShallowConvNet,2a,2,2025,within,,0.0,zoo_ShallowConvNet,46084,600,55.9028,55.9028,0.412,1.0436,0.0658,100.0,60.7639,315,H200 NVL,0.123,original,zoo_20260916/ShallowConvNet/2a_S2_seed2025
zoo,ShallowConvNet,2a,2,2026,within,,0.0,zoo_ShallowConvNet,46084,600,59.375,59.375,0.4583,1.074,0.0594,100.0,60.7639,456,H200 NVL,0.116,original,zoo_20260916/ShallowConvNet/2a_S2_seed2026
zoo,ShallowConvNet,2a,2,2027,within,,0.0,zoo_ShallowConvNet,46084,600,57.6389,57.6389,0.4352,1.0431,0.0886,100.0,60.4167,486,H200 NVL,0.124,original,zoo_20260916/ShallowConvNet/2a_S2_seed2027
zoo,ShallowConvNet,2a,3,2025,within,,0.0,zoo_ShallowConvNet,46084,600,91.3194,91.3194,0.8843,0.4753,0.2296,100.0,92.0139,512,H200 NVL,0.124,original,zoo_20260916/ShallowConvNet/2a_S3_seed2025
zoo,ShallowConvNet,2a,3,2026,within,,0.0,zoo_ShallowConvNet,46084,600,88.5417,88.5417,0.8472,0.5078,0.2186,100.0,90.2778,501,H200 NVL,0.117,original,zoo_20260916/ShallowConvNet/2a_S3_seed2026
zoo,ShallowConvNet,2a,3,2027,within,,0.0,zoo_ShallowConvNet,46084,600,89.9306,89.9306,0.8657,0.4878,0.2158,100.0,90.9722,439,H200 NVL,0.126,original,zoo_20260916/ShallowConvNet/2a_S3_seed2027
zoo,ShallowConvNet,2a,4,2025,within,,0.0,zoo_ShallowConvNet,46084,600,66.3194,66.3194,0.5509,0.793,0.1208,100.0,69.4444,342,H200 NVL,0.118,original,zoo_20260916/ShallowConvNet/2a_S4_seed2025
zoo,ShallowConvNet,2a,4,2026,within,,0.0,zoo_ShallowConvNet,46084,600,64.5833,64.5833,0.5278,0.8217,0.0971,100.0,68.75,439,H200 NVL,0.13,original,zoo_20260916/ShallowConvNet/2a_S4_seed2026
zoo,ShallowConvNet,2a,4,2027,within,,0.0,zoo_ShallowConvNet,46084,600,66.3194,66.3194,0.5509,0.7857,0.0978,100.0,69.4444,312,H200 NVL,0.12,original,zoo_20260916/ShallowConvNet/2a_S4_seed2027
zoo,ShallowConvNet,2a,5,2025,within,,0.0,zoo_ShallowConvNet,46084,600,73.6111,73.6111,0.6481,0.8115,0.1803,100.0,77.0833,369,H200 NVL,0.117,original,zoo_20260916/ShallowConvNet/2a_S5_seed2025
zoo,ShallowConvNet,2a,5,2026,within,,0.0,zoo_ShallowConvNet,46084,600,61.4583,61.4583,0.4861,0.896,0.0676,100.0,71.5278,279,H200 NVL,0.123,original,zoo_20260916/ShallowConvNet/2a_S5_seed2026
zoo,ShallowConvNet,2a,5,2027,within,,0.0,zoo_ShallowConvNet,46084,600,71.5278,71.5278,0.6204,0.8218,0.1539,100.0,74.6528,368,H200 NVL,0.118,original,zoo_20260916/ShallowConvNet/2a_S5_seed2027
zoo,ShallowConvNet,2a,6,2025,within,,0.0,zoo_ShallowConvNet,46084,600,52.0833,52.0833,0.3611,1.0982,0.077,100.0,53.4722,462,H200 NVL,0.116,original,zoo_20260916/ShallowConvNet/2a_S6_seed2025
zoo,ShallowConvNet,2a,6,2026,within,,0.0,zoo_ShallowConvNet,46084,600,61.1111,61.1111,0.4815,0.9868,0.0642,100.0,62.5,510,H200 NVL,0.124,original,zoo_20260916/ShallowConvNet/2a_S6_seed2026
zoo,ShallowConvNet,2a,6,2027,within,,0.0,zoo_ShallowConvNet,46084,600,56.5972,56.5972,0.4213,1.0146,0.0564,100.0,60.4167,467,H200 NVL,0.119,original,zoo_20260916/ShallowConvNet/2a_S6_seed2027
zoo,ShallowConvNet,2a,7,2025,within,,0.0,zoo_ShallowConvNet,46084,600,86.4583,86.4583,0.8194,0.5331,0.1948,100.0,88.5417,209,H200 NVL,0.129,original,zoo_20260916/ShallowConvNet/2a_S7_seed2025
zoo,ShallowConvNet,2a,7,2026,within,,0.0,zoo_ShallowConvNet,46084,600,86.4583,86.4583,0.8194,0.4975,0.1811,100.0,89.2361,327,H200 NVL,0.117,original,zoo_20260916/ShallowConvNet/2a_S7_seed2026
zoo,ShallowConvNet,2a,7,2027,within,,0.0,zoo_ShallowConvNet,46084,600,86.4583,86.4583,0.8194,0.5126,0.1941,100.0,88.5417,381,H200 NVL,0.131,original,zoo_20260916/ShallowConvNet/2a_S7_seed2027
zoo,ShallowConvNet,2a,8,2025,within,,0.0,zoo_ShallowConvNet,46084,600,79.5139,79.5139,0.7269,0.6018,0.1588,100.0,82.9861,400,H200 NVL,0.123,original,zoo_20260916/ShallowConvNet/2a_S8_seed2025
zoo,ShallowConvNet,2a,8,2026,within,,0.0,zoo_ShallowConvNet,46084,600,80.5556,80.5556,0.7407,0.6001,0.1625,100.0,83.6806,314,H200 NVL,0.117,original,zoo_20260916/ShallowConvNet/2a_S8_seed2026
zoo,ShallowConvNet,2a,8,2027,within,,0.0,zoo_ShallowConvNet,46084,600,80.5556,80.5556,0.7407,0.5874,0.15,100.0,84.0278,366,H200 NVL,0.125,original,zoo_20260916/ShallowConvNet/2a_S8_seed2027
zoo,ShallowConvNet,2a,9,2025,within,,0.0,zoo_ShallowConvNet,46084,600,78.125,78.125,0.7083,0.6452,0.1369,100.0,79.1667,189,H200 NVL,0.082,original,zoo_20260916/ShallowConvNet/2a_S9_seed2025
zoo,ShallowConvNet,2a,9,2026,within,,0.0,zoo_ShallowConvNet,46084,600,77.7778,77.7778,0.7037,0.668,0.1326,100.0,79.1667,512,H200 NVL,0.117,original,zoo_20260916/ShallowConvNet/2a_S9_seed2026
zoo,ShallowConvNet,2a,9,2027,within,,0.0,zoo_ShallowConvNet,46084,600,78.4722,78.4722,0.713,0.6526,0.1402,100.0,80.5556,518,H200 NVL,0.056,original,zoo_20260916/ShallowConvNet/2a_S9_seed2027
zoo,ShallowConvNet,2b,1,2025,within,,0.0,zoo_ShallowConvNet,10802,600,70.625,70.625,0.4125,0.6444,0.1424,100.0,76.5625,232,H200 NVL,0.067,original,zoo_20260916/ShallowConvNet/2b_S1_seed2025
zoo,ShallowConvNet,2b,1,2026,within,,0.0,zoo_ShallowConvNet,10802,600,70.0,70.0,0.4,0.6544,0.1554,100.0,76.5625,90,H200 NVL,0.075,original,zoo_20260916/ShallowConvNet/2b_S1_seed2026
zoo,ShallowConvNet,2b,1,2027,within,,0.0,zoo_ShallowConvNet,10802,600,70.0,70.0,0.4,0.6354,0.1228,100.0,76.25,65,H200 NVL,0.067,original,zoo_20260916/ShallowConvNet/2b_S1_seed2027
zoo,ShallowConvNet,2b,2,2025,within,,0.0,zoo_ShallowConvNet,10802,600,64.6429,64.6429,0.2929,0.7935,0.172,100.0,67.5,109,H200 NVL,0.062,original,zoo_20260916/ShallowConvNet/2b_S2_seed2025
zoo,ShallowConvNet,2b,2,2026,within,,0.0,zoo_ShallowConvNet,10802,600,63.5714,63.5714,0.2714,0.7525,0.1618,100.0,67.1429,144,H200 NVL,0.07,original,zoo_20260916/ShallowConvNet/2b_S2_seed2026
zoo,ShallowConvNet,2b,2,2027,within,,0.0,zoo_ShallowConvNet,10802,600,65.0,65.0,0.3,0.7364,0.139,100.0,67.8571,156,H200 NVL,0.064,original,zoo_20260916/ShallowConvNet/2b_S2_seed2027
zoo,ShallowConvNet,2b,3,2025,within,,0.0,zoo_ShallowConvNet,10802,600,78.75,78.75,0.575,0.4513,0.0641,100.0,81.875,305,H200 NVL,0.063,original,zoo_20260916/ShallowConvNet/2b_S3_seed2025
zoo,ShallowConvNet,2b,3,2026,within,,0.0,zoo_ShallowConvNet,10802,600,77.8125,77.8125,0.5562,0.4479,0.062,100.0,81.25,134,H200 NVL,0.072,original,zoo_20260916/ShallowConvNet/2b_S3_seed2026
zoo,ShallowConvNet,2b,3,2027,within,,0.0,zoo_ShallowConvNet,10802,600,77.8125,77.8125,0.5562,0.463,0.0644,100.0,80.9375,123,H200 NVL,0.063,original,zoo_20260916/ShallowConvNet/2b_S3_seed2027
zoo,ShallowConvNet,2b,4,2025,within,,0.0,zoo_ShallowConvNet,10802,600,93.125,93.125,0.8625,0.2203,0.0924,100.0,96.5625,18,H200 NVL,0.077,original,zoo_20260916/ShallowConvNet/2b_S4_seed2025
zoo,ShallowConvNet,2b,4,2026,within,,0.0,zoo_ShallowConvNet,10802,600,95.625,95.625,0.9125,0.1905,0.0913,100.0,96.875,278,H200 NVL,0.067,original,zoo_20260916/ShallowConvNet/2b_S4_seed2026
zoo,ShallowConvNet,2b,4,2027,within,,0.0,zoo_ShallowConvNet,10802,600,92.1875,92.1875,0.8438,0.2249,0.0865,100.0,96.875,7,H200 NVL,0.077,original,zoo_20260916/ShallowConvNet/2b_S4_seed2027
zoo,ShallowConvNet,2b,5,2025,within,,0.0,zoo_ShallowConvNet,10802,600,88.125,88.125,0.7625,0.3161,0.0567,100.0,90.0,189,H200 NVL,0.07,original,zoo_20260916/ShallowConvNet/2b_S5_seed2025
zoo,ShallowConvNet,2b,5,2026,within,,0.0,zoo_ShallowConvNet,10802,600,89.0625,89.0625,0.7812,0.3135,0.0625,100.0,90.0,548,H200 NVL,0.064,original,zoo_20260916/ShallowConvNet/2b_S5_seed2026
zoo,ShallowConvNet,2b,5,2027,within,,0.0,zoo_ShallowConvNet,10802,600,86.875,86.875,0.7375,0.3205,0.0389,100.0,90.625,191,H200 NVL,0.073,original,zoo_20260916/ShallowConvNet/2b_S5_seed2027
zoo,ShallowConvNet,2b,6,2025,within,,0.0,zoo_ShallowConvNet,10802,600,83.4375,83.4375,0.6687,0.3839,0.0394,100.0,87.8125,443,H200 NVL,0.072,original,zoo_20260916/ShallowConvNet/2b_S6_seed2025
zoo,ShallowConvNet,2b,6,2026,within,,0.0,zoo_ShallowConvNet,10802,600,85.0,85.0,0.7,0.3679,0.0265,100.0,87.1875,55,H200 NVL,0.064,original,zoo_20260916/ShallowConvNet/2b_S6_seed2026
zoo,ShallowConvNet,2b,6,2027,within,,0.0,zoo_ShallowConvNet,10802,600,82.8125,82.8125,0.6562,0.3951,0.0168,100.0,87.8125,66,H200 NVL,0.072,original,zoo_20260916/ShallowConvNet/2b_S6_seed2027
zoo,ShallowConvNet,2b,7,2025,within,,0.0,zoo_ShallowConvNet,10802,600,86.25,86.25,0.725,0.3253,0.0211,100.0,88.4375,392,H200 NVL,0.068,original,zoo_20260916/ShallowConvNet/2b_S7_seed2025
zoo,ShallowConvNet,2b,7,2026,within,,0.0,zoo_ShallowConvNet,10802,600,85.9375,85.9375,0.7188,0.3185,0.0332,100.0,89.0625,288,H200 NVL,0.077,original,zoo_20260916/ShallowConvNet/2b_S7_seed2026
zoo,ShallowConvNet,2b,7,2027,within,,0.0,zoo_ShallowConvNet,10802,600,85.9375,85.9375,0.7188,0.3292,0.0307,100.0,88.4375,251,H200 NVL,0.069,original,zoo_20260916/ShallowConvNet/2b_S7_seed2027
zoo,ShallowConvNet,2b,8,2025,within,,0.0,zoo_ShallowConvNet,10802,600,90.3125,90.3125,0.8062,0.2444,0.0509,100.0,92.8125,149,H200 NVL,0.063,original,zoo_20260916/ShallowConvNet/2b_S8_seed2025
zoo,ShallowConvNet,2b,8,2026,within,,0.0,zoo_ShallowConvNet,10802,600,90.3125,90.3125,0.8062,0.2587,0.0374,100.0,92.8125,137,H200 NVL,0.071,original,zoo_20260916/ShallowConvNet/2b_S8_seed2026
zoo,ShallowConvNet,2b,8,2027,within,,0.0,zoo_ShallowConvNet,10802,600,90.0,90.0,0.8,0.2512,0.0373,100.0,92.8125,377,H200 NVL,0.065,original,zoo_20260916/ShallowConvNet/2b_S8_seed2027
zoo,ShallowConvNet,2b,9,2025,within,,0.0,zoo_ShallowConvNet,10802,600,86.25,86.25,0.725,0.3608,0.049,100.0,87.8125,253,H200 NVL,0.063,original,zoo_20260916/ShallowConvNet/2b_S9_seed2025
zoo,ShallowConvNet,2b,9,2026,within,,0.0,zoo_ShallowConvNet,10802,600,86.875,86.875,0.7375,0.346,0.0607,100.0,89.6875,197,H200 NVL,0.089,original,zoo_20260916/ShallowConvNet/2b_S9_seed2026
zoo,ShallowConvNet,2b,9,2027,within,,0.0,zoo_ShallowConvNet,10802,600,85.0,85.0,0.7,0.345,0.0445,100.0,88.4375,204,H200 NVL,0.065,original,zoo_20260916/ShallowConvNet/2b_S9_seed2027
zoo,ShallowConvNet,hgd,10,2025,within,,0.0,zoo_ShallowConvNet,81284,600,93.1818,92.3492,0.9086,0.3286,0.1444,100.0,93.75,172,H200 NVL,0.288,original,zoo_20260916/ShallowConvNet/hgd_S10_seed2025
zoo,ShallowConvNet,hgd,10,2026,within,,0.0,zoo_ShallowConvNet,81284,600,92.6136,91.7395,0.901,0.3229,0.1582,100.0,95.4545,186,H200 NVL,0.287,original,zoo_20260916/ShallowConvNet/hgd_S10_seed2026
zoo,ShallowConvNet,hgd,10,2027,within,,0.0,zoo_ShallowConvNet,81284,600,95.4545,94.9808,0.9391,0.3143,0.1717,100.0,95.4545,300,H200 NVL,0.286,original,zoo_20260916/ShallowConvNet/hgd_S10_seed2027
zoo,ShallowConvNet,hgd,11,2025,within,,0.0,zoo_ShallowConvNet,81284,600,95.4545,95.5865,0.9392,0.3034,0.1781,100.0,96.0227,501,H200 NVL,0.287,original,zoo_20260916/ShallowConvNet/hgd_S11_seed2025
zoo,ShallowConvNet,hgd,11,2026,within,,0.0,zoo_ShallowConvNet,81284,600,86.3636,87.1238,0.8176,0.4532,0.1283,100.0,88.0682,553,H200 NVL,0.287,original,zoo_20260916/ShallowConvNet/hgd_S11_seed2026
zoo,ShallowConvNet,hgd,11,2027,within,,0.0,zoo_ShallowConvNet,81284,600,97.7273,97.5617,0.9696,0.2368,0.1779,100.0,99.4318,432,H200 NVL,0.286,original,zoo_20260916/ShallowConvNet/hgd_S11_seed2027
zoo,ShallowConvNet,hgd,12,2025,within,,0.0,zoo_ShallowConvNet,81284,600,98.8636,98.951,0.9848,0.2393,0.1658,100.0,99.4318,263,H200 NVL,0.288,original,zoo_20260916/ShallowConvNet/hgd_S12_seed2025
zoo,ShallowConvNet,hgd,12,2026,within,,0.0,zoo_ShallowConvNet,81284,600,98.2955,98.3829,0.9772,0.249,0.166,100.0,98.8636,193,H200 NVL,0.287,original,zoo_20260916/ShallowConvNet/hgd_S12_seed2026
zoo,ShallowConvNet,hgd,12,2027,within,,0.0,zoo_ShallowConvNet,81284,600,97.7273,97.8147,0.9696,0.2538,0.1584,100.0,98.2955,135,H200 NVL,0.286,original,zoo_20260916/ShallowConvNet/hgd_S12_seed2027
zoo,ShallowConvNet,hgd,13,2025,within,,0.0,zoo_ShallowConvNet,81284,600,93.75,93.6981,0.9166,0.3269,0.1638,100.0,95.625,505,H200 NVL,0.263,original,zoo_20260916/ShallowConvNet/hgd_S13_seed2025
zoo,ShallowConvNet,hgd,13,2026,within,,0.0,zoo_ShallowConvNet,81284,600,93.125,93.1486,0.9083,0.3273,0.1614,100.0,95.0,183,H200 NVL,0.261,original,zoo_20260916/ShallowConvNet/hgd_S13_seed2026
zoo,ShallowConvNet,hgd,13,2027,within,,0.0,zoo_ShallowConvNet,81284,600,93.75,93.6981,0.9166,0.3215,0.1773,100.0,95.625,509,H200 NVL,0.262,original,zoo_20260916/ShallowConvNet/hgd_S13_seed2027
zoo,ShallowConvNet,hgd,14,2025,within,,0.0,zoo_ShallowConvNet,81284,600,98.8636,98.913,0.9848,0.1995,0.1636,100.0,99.4318,105,H200 NVL,0.287,original,zoo_20260916/ShallowConvNet/hgd_S14_seed2025
zoo,ShallowConvNet,hgd,14,2026,within,,0.0,zoo_ShallowConvNet,81284,600,98.8636,98.9357,0.9848,0.1916,0.1489,100.0,100.0,166,H200 NVL,0.287,original,zoo_20260916/ShallowConvNet/hgd_S14_seed2026
zoo,ShallowConvNet,hgd,14,2027,within,,0.0,zoo_ShallowConvNet,81284,600,99.4318,99.4565,0.9924,0.1919,0.1594,100.0,100.0,217,H200 NVL,0.286,original,zoo_20260916/ShallowConvNet/hgd_S14_seed2027
zoo,ShallowConvNet,hgd,1,2025,within,,0.0,zoo_ShallowConvNet,81284,600,100.0,100.0,1.0,0.243,0.2064,100.0,100.0,80,H200 NVL,0.108,original,zoo_20260916/ShallowConvNet/hgd_S1_seed2025
zoo,ShallowConvNet,hgd,1,2026,within,,0.0,zoo_ShallowConvNet,81284,600,100.0,100.0,1.0,0.2569,0.2173,100.0,100.0,128,H200 NVL,0.107,original,zoo_20260916/ShallowConvNet/hgd_S1_seed2026
zoo,ShallowConvNet,hgd,1,2027,within,,0.0,zoo_ShallowConvNet,81284,600,95.3125,95.0175,0.9358,0.2655,0.2107,100.0,100.0,347,H200 NVL,0.107,original,zoo_20260916/ShallowConvNet/hgd_S1_seed2027
zoo,ShallowConvNet,hgd,2,2025,within,,0.0,zoo_ShallowConvNet,81284,600,88.3436,88.1348,0.8442,0.427,0.1487,100.0,90.1841,449,H200 NVL,0.275,original,zoo_20260916/ShallowConvNet/hgd_S2_seed2025
zoo,ShallowConvNet,hgd,2,2026,within,,0.0,zoo_ShallowConvNet,81284,600,88.9571,88.4563,0.8521,0.4405,0.1452,100.0,90.7975,393,H200 NVL,0.273,original,zoo_20260916/ShallowConvNet/hgd_S2_seed2026
zoo,ShallowConvNet,hgd,2,2027,within,,0.0,zoo_ShallowConvNet,81284,600,88.9571,88.9036,0.8525,0.4209,0.1475,100.0,91.411,435,H200 NVL,0.272,original,zoo_20260916/ShallowConvNet/hgd_S2_seed2027
zoo,ShallowConvNet,hgd,3,2025,within,,0.0,zoo_ShallowConvNet,81284,600,99.4318,99.375,0.9924,0.2101,0.1699,100.0,100.0,282,H200 NVL,0.288,original,zoo_20260916/ShallowConvNet/hgd_S3_seed2025
zoo,ShallowConvNet,hgd,3,2026,within,,0.0,zoo_ShallowConvNet,81284,600,99.4318,99.375,0.9924,0.2287,0.1815,100.0,99.4318,172,H200 NVL,0.287,original,zoo_20260916/ShallowConvNet/hgd_S3_seed2026
zoo,ShallowConvNet,hgd,3,2027,within,,0.0,zoo_ShallowConvNet,81284,600,98.2955,98.1555,0.9772,0.2272,0.1672,100.0,99.4318,409,H200 NVL,0.287,original,zoo_20260916/ShallowConvNet/hgd_S3_seed2027
zoo,ShallowConvNet,hgd,4,2025,within,,0.0,zoo_ShallowConvNet,81284,600,97.2222,97.091,0.9627,0.2607,0.165,100.0,97.7778,385,H200 NVL,0.299,original,zoo_20260916/ShallowConvNet/hgd_S4_seed2025
zoo,ShallowConvNet,hgd,4,2026,within,,0.0,zoo_ShallowConvNet,81284,600,96.1111,95.5943,0.9478,0.2495,0.1546,100.0,97.7778,210,H200 NVL,0.299,original,zoo_20260916/ShallowConvNet/hgd_S4_seed2026
zoo,ShallowConvNet,hgd,4,2027,within,,0.0,zoo_ShallowConvNet,81284,600,97.7778,97.5812,0.9702,0.2365,0.1599,100.0,98.3333,148,H200 NVL,0.298,original,zoo_20260916/ShallowConvNet/hgd_S4_seed2027
zoo,ShallowConvNet,hgd,5,2025,within,,0.0,zoo_ShallowConvNet,81284,600,97.9167,97.968,0.9721,0.2446,0.1675,100.0,99.3056,401,H200 NVL,0.238,original,zoo_20260916/ShallowConvNet/hgd_S5_seed2025
zoo,ShallowConvNet,hgd,5,2026,within,,0.0,zoo_ShallowConvNet,81284,600,98.6111,98.609,0.9814,0.2367,0.1628,100.0,98.6111,293,H200 NVL,0.237,original,zoo_20260916/ShallowConvNet/hgd_S5_seed2026
zoo,ShallowConvNet,hgd,5,2027,within,,0.0,zoo_ShallowConvNet,81284,600,97.2222,97.3269,0.9628,0.2452,0.1513,100.0,97.9167,435,H200 NVL,0.236,original,zoo_20260916/ShallowConvNet/hgd_S5_seed2027
zoo,ShallowConvNet,hgd,6,2025,within,,0.0,zoo_ShallowConvNet,81284,600,92.0455,92.0256,0.8935,0.356,0.1725,100.0,94.8864,417,H200 NVL,0.287,original,zoo_20260916/ShallowConvNet/hgd_S6_seed2025
zoo,ShallowConvNet,hgd,6,2026,within,,0.0,zoo_ShallowConvNet,81284,600,95.4545,95.3669,0.9392,0.342,0.1998,100.0,96.5909,430,H200 NVL,0.286,original,zoo_20260916/ShallowConvNet/hgd_S6_seed2026
zoo,ShallowConvNet,hgd,6,2027,within,,0.0,zoo_ShallowConvNet,81284,600,93.1818,93.1764,0.9087,0.3622,0.1823,100.0,94.8864,417,H200 NVL,0.286,original,zoo_20260916/ShallowConvNet/hgd_S6_seed2027
zoo,ShallowConvNet,hgd,7,2025,within,,0.0,zoo_ShallowConvNet,81284,600,93.75,93.3808,0.9164,0.3169,0.1593,100.0,95.4545,468,H200 NVL,0.288,original,zoo_20260916/ShallowConvNet/hgd_S7_seed2025
zoo,ShallowConvNet,hgd,7,2026,within,,0.0,zoo_ShallowConvNet,81284,600,93.1818,92.843,0.9089,0.3288,0.1583,100.0,94.3182,459,H200 NVL,0.286,original,zoo_20260916/ShallowConvNet/hgd_S7_seed2026
zoo,ShallowConvNet,hgd,7,2027,within,,0.0,zoo_ShallowConvNet,81284,600,91.4773,91.0116,0.8861,0.3366,0.1391,100.0,93.1818,221,H200 NVL,0.287,original,zoo_20260916/ShallowConvNet/hgd_S7_seed2027
zoo,ShallowConvNet,hgd,8,2025,within,,0.0,zoo_ShallowConvNet,81284,600,93.8931,93.9386,0.9183,0.3047,0.164,100.0,96.1832,418,H200 NVL,0.224,original,zoo_20260916/ShallowConvNet/hgd_S8_seed2025
zoo,ShallowConvNet,hgd,8,2026,within,,0.0,zoo_ShallowConvNet,81284,600,93.8931,94.1141,0.9184,0.3244,0.1561,100.0,96.1832,129,H200 NVL,0.223,original,zoo_20260916/ShallowConvNet/hgd_S8_seed2026
zoo,ShallowConvNet,hgd,8,2027,within,,0.0,zoo_ShallowConvNet,81284,600,92.3664,92.6497,0.8981,0.3315,0.1724,100.0,96.1832,85,H200 NVL,0.223,original,zoo_20260916/ShallowConvNet/hgd_S8_seed2027
zoo,ShallowConvNet,hgd,9,2025,within,,0.0,zoo_ShallowConvNet,81284,600,97.1591,97.2142,0.962,0.2402,0.1531,100.0,98.8636,115,H200 NVL,0.286,original,zoo_20260916/ShallowConvNet/hgd_S9_seed2025
zoo,ShallowConvNet,hgd,9,2026,within,,0.0,zoo_ShallowConvNet,81284,600,96.0227,96.1498,0.9469,0.2307,0.1582,100.0,99.4318,150,H200 NVL,0.286,original,zoo_20260916/ShallowConvNet/hgd_S9_seed2026
zoo,ShallowConvNet,hgd,9,2027,within,,0.0,zoo_ShallowConvNet,81284,600,98.2955,98.3164,0.9772,0.2315,0.1684,100.0,99.4318,259,H200 NVL,0.287,original,zoo_20260916/ShallowConvNet/hgd_S9_seed2027
zoo,ShallowConvNet,sdssvep,10,2025,within,,0.0,zoo_ShallowConvNet,19212,600,36.6667,36.6667,0.3091,1.8968,0.1359,100.0,48.3333,57,H200 NVL,0.023,original,zoo_20260916/ShallowConvNet/sdssvep_S10_seed2025
zoo,ShallowConvNet,sdssvep,10,2026,within,,0.0,zoo_ShallowConvNet,19212,600,43.3333,43.3333,0.3818,1.921,0.1845,100.0,48.3333,257,H200 NVL,0.018,original,zoo_20260916/ShallowConvNet/sdssvep_S10_seed2026
zoo,ShallowConvNet,sdssvep,10,2027,within,,0.0,zoo_ShallowConvNet,19212,600,41.6667,41.6667,0.3636,1.9024,0.1469,100.0,51.6667,97,H200 NVL,0.024,original,zoo_20260916/ShallowConvNet/sdssvep_S10_seed2027
zoo,ShallowConvNet,sdssvep,1,2025,within,,0.0,zoo_ShallowConvNet,19212,600,25.0,25.0,0.1818,2.3074,0.0882,100.0,30.0,211,H200 NVL,0.016,original,zoo_20260916/ShallowConvNet/sdssvep_S1_seed2025
zoo,ShallowConvNet,sdssvep,1,2026,within,,0.0,zoo_ShallowConvNet,19212,600,20.0,20.0,0.1273,2.3118,0.1473,100.0,30.0,130,H200 NVL,0.019,original,zoo_20260916/ShallowConvNet/sdssvep_S1_seed2026
zoo,ShallowConvNet,sdssvep,1,2027,within,,0.0,zoo_ShallowConvNet,19212,600,26.6667,26.6667,0.2,2.2811,0.1078,100.0,35.0,83,H200 NVL,0.023,original,zoo_20260916/ShallowConvNet/sdssvep_S1_seed2027
zoo,ShallowConvNet,sdssvep,2,2025,within,,0.0,zoo_ShallowConvNet,19212,600,13.3333,13.3333,0.0545,2.3736,0.1652,100.0,20.0,48,H200 NVL,0.022,original,zoo_20260916/ShallowConvNet/sdssvep_S2_seed2025
zoo,ShallowConvNet,sdssvep,2,2026,within,,0.0,zoo_ShallowConvNet,19212,600,11.6667,11.6667,0.0364,2.4206,0.1733,100.0,20.0,74,H200 NVL,0.019,original,zoo_20260916/ShallowConvNet/sdssvep_S2_seed2026
zoo,ShallowConvNet,sdssvep,2,2027,within,,0.0,zoo_ShallowConvNet,19212,600,15.0,15.0,0.0727,2.341,0.1199,100.0,25.0,105,H200 NVL,0.024,original,zoo_20260916/ShallowConvNet/sdssvep_S2_seed2027
zoo,ShallowConvNet,sdssvep,3,2025,within,,0.0,zoo_ShallowConvNet,19212,600,6.6667,6.6667,-0.0182,2.7974,0.1804,100.0,10.0,13,H200 NVL,0.018,original,zoo_20260916/ShallowConvNet/sdssvep_S3_seed2025
zoo,ShallowConvNet,sdssvep,3,2026,within,,0.0,zoo_ShallowConvNet,19212,600,8.3333,8.3333,0.0,2.826,0.1811,100.0,15.0,57,H200 NVL,0.022,original,zoo_20260916/ShallowConvNet/sdssvep_S3_seed2026
zoo,ShallowConvNet,sdssvep,3,2027,within,,0.0,zoo_ShallowConvNet,19212,600,10.0,10.0,0.0182,2.7265,0.1565,100.0,15.0,6,H200 NVL,0.019,original,zoo_20260916/ShallowConvNet/sdssvep_S3_seed2027
zoo,ShallowConvNet,sdssvep,4,2025,within,,0.0,zoo_ShallowConvNet,19212,600,31.6667,31.6667,0.2545,2.0668,0.1324,100.0,40.0,193,H200 NVL,0.018,original,zoo_20260916/ShallowConvNet/sdssvep_S4_seed2025
zoo,ShallowConvNet,sdssvep,4,2026,within,,0.0,zoo_ShallowConvNet,19212,600,30.0,30.0,0.2364,2.1302,0.0869,100.0,36.6667,84,H200 NVL,0.022,original,zoo_20260916/ShallowConvNet/sdssvep_S4_seed2026
zoo,ShallowConvNet,sdssvep,4,2027,within,,0.0,zoo_ShallowConvNet,19212,600,26.6667,26.6667,0.2,2.1778,0.1065,100.0,31.6667,101,H200 NVL,0.019,original,zoo_20260916/ShallowConvNet/sdssvep_S4_seed2027
zoo,ShallowConvNet,sdssvep,5,2025,within,,0.0,zoo_ShallowConvNet,19212,600,35.0,35.0,0.2909,2.0082,0.0785,100.0,38.3333,239,H200 NVL,0.022,original,zoo_20260916/ShallowConvNet/sdssvep_S5_seed2025
zoo,ShallowConvNet,sdssvep,5,2026,within,,0.0,zoo_ShallowConvNet,19212,600,30.0,30.0,0.2364,2.0754,0.1649,100.0,36.6667,344,H200 NVL,0.018,original,zoo_20260916/ShallowConvNet/sdssvep_S5_seed2026
zoo,ShallowConvNet,sdssvep,5,2027,within,,0.0,zoo_ShallowConvNet,19212,600,30.0,30.0,0.2364,2.1106,0.1826,100.0,35.0,335,H200 NVL,0.022,original,zoo_20260916/ShallowConvNet/sdssvep_S5_seed2027
zoo,ShallowConvNet,sdssvep,6,2025,within,,0.0,zoo_ShallowConvNet,19212,600,55.0,55.0,0.5091,1.5079,0.2274,100.0,61.6667,345,H200 NVL,0.022,original,zoo_20260916/ShallowConvNet/sdssvep_S6_seed2025
zoo,ShallowConvNet,sdssvep,6,2026,within,,0.0,zoo_ShallowConvNet,19212,600,45.0,45.0,0.4,1.5491,0.1657,100.0,51.6667,186,H200 NVL,0.018,original,zoo_20260916/ShallowConvNet/sdssvep_S6_seed2026
zoo,ShallowConvNet,sdssvep,6,2027,within,,0.0,zoo_ShallowConvNet,19212,600,53.3333,53.3333,0.4909,1.5466,0.2218,100.0,58.3333,324,H200 NVL,0.023,original,zoo_20260916/ShallowConvNet/sdssvep_S6_seed2027
zoo,ShallowConvNet,sdssvep,7,2025,within,,0.0,zoo_ShallowConvNet,19212,600,28.3333,28.3333,0.2182,2.0306,0.1801,100.0,38.3333,40,H200 NVL,0.018,original,zoo_20260916/ShallowConvNet/sdssvep_S7_seed2025
zoo,ShallowConvNet,sdssvep,7,2026,within,,0.0,zoo_ShallowConvNet,19212,600,26.6667,26.6667,0.2,1.9747,0.1527,100.0,43.3333,52,H200 NVL,0.022,original,zoo_20260916/ShallowConvNet/sdssvep_S7_seed2026
zoo,ShallowConvNet,sdssvep,7,2027,within,,0.0,zoo_ShallowConvNet,19212,600,31.6667,31.6667,0.2545,1.9947,0.0947,100.0,36.6667,218,H200 NVL,0.019,original,zoo_20260916/ShallowConvNet/sdssvep_S7_seed2027
zoo,ShallowConvNet,sdssvep,8,2025,within,,0.0,zoo_ShallowConvNet,19212,600,28.3333,28.3333,0.2182,2.0424,0.0548,100.0,41.6667,96,H200 NVL,0.018,original,zoo_20260916/ShallowConvNet/sdssvep_S8_seed2025
zoo,ShallowConvNet,sdssvep,8,2026,within,,0.0,zoo_ShallowConvNet,19212,600,26.6667,26.6667,0.2,2.1014,0.0923,100.0,38.3333,148,H200 NVL,0.022,original,zoo_20260916/ShallowConvNet/sdssvep_S8_seed2026
zoo,ShallowConvNet,sdssvep,8,2027,within,,0.0,zoo_ShallowConvNet,19212,600,36.6667,36.6667,0.3091,2.0127,0.1449,100.0,43.3333,283,H200 NVL,0.019,original,zoo_20260916/ShallowConvNet/sdssvep_S8_seed2027
zoo,ShallowConvNet,sdssvep,9,2025,within,,0.0,zoo_ShallowConvNet,19212,600,60.0,60.0,0.5636,1.4831,0.2739,100.0,70.0,58,H200 NVL,0.022,original,zoo_20260916/ShallowConvNet/sdssvep_S9_seed2025
zoo,ShallowConvNet,sdssvep,9,2026,within,,0.0,zoo_ShallowConvNet,19212,600,58.3333,58.3333,0.5455,1.5755,0.2912,100.0,75.0,111,H200 NVL,0.018,original,zoo_20260916/ShallowConvNet/sdssvep_S9_seed2026
zoo,ShallowConvNet,sdssvep,9,2027,within,,0.0,zoo_ShallowConvNet,19212,600,58.3333,58.3333,0.5455,1.5502,0.2711,100.0,73.3333,69,H200 NVL,0.023,original,zoo_20260916/ShallowConvNet/sdssvep_S9_seed2027
superseded,loso_bite_clip5,2a,1,2025,loso,,0.0,bite,16294,600,66.6667,66.6667,0.5556,0.8693,0.0567,90.6033,72.5694,31,H100 NVL,0.494,original,loso_20260915/bite/2a_S1_seed2025
superseded,loso_bite_clip5,2a,2,2025,loso,,0.0,bite,16294,600,47.7431,47.7431,0.3032,1.1779,0.0743,91.2109,55.7292,76,H100 80GB HBM3,0.484,original,loso_20260915/bite/2a_S2_seed2025
superseded,loso_bite_clip5,2a,3,2025,loso,,0.0,bite,16294,600,77.6042,77.6042,0.7014,0.6573,0.1669,89.7352,82.2917,385,H100 NVL MIG 3g.47gb,0.61,mig_pending,loso_20260915/bite/2a_S3_seed2025
superseded,loso_bite_clip5,2a,4,2025,loso,,0.0,bite,16294,600,58.6806,58.6806,0.4491,0.946,0.044,90.3646,64.2361,406,H200 NVL,0.436,original,loso_20260915/bite/2a_S4_seed2025
superseded,loso_bite_clip5,2a,5,2025,loso,,0.0,bite,16294,600,47.0486,47.0486,0.294,1.5067,0.2278,89.4965,52.4306,12,H200 NVL,0.414,original,loso_20260915/bite/2a_S5_seed2025
superseded,loso_bite_clip5,2a,6,2025,loso,,0.0,bite,16294,600,38.5417,38.5417,0.1806,1.602,0.3487,91.2326,54.5139,6,H100 NVL,0.501,original,loso_20260915/bite/2a_S6_seed2025
superseded,loso_bite_clip5,2a,7,2025,loso,,0.0,bite,16294,600,73.4375,73.4375,0.6458,0.7333,0.1137,89.2361,73.9583,55,H100 NVL MIG 3g.47gb,0.631,mig_pending,loso_20260915/bite/2a_S7_seed2025
superseded,loso_bite_clip5,2a,8,2025,loso,,0.0,bite,16294,600,77.2569,77.2569,0.6968,0.6467,0.1304,90.9071,81.25,42,H200 NVL,0.429,original,loso_20260915/bite/2a_S8_seed2025
superseded,loso_bite_clip5,2a,9,2025,loso,,0.0,bite,16294,600,63.0208,63.0208,0.5069,0.9579,0.0748,90.2127,71.1806,73,H200 NVL,0.409,original,loso_20260915/bite/2a_S9_seed2025
superseded,loso_bite_clip5,2b,1,2025,loso,,0.0,bite,14738,600,78.75,78.75,0.575,0.497,0.084,84.5862,79.8611,205,H200 NVL,0.602,original,loso_20260915/bite/2b_S1_seed2025
superseded,loso_bite_clip5,2b,2,2025,loso,,0.0,bite,14738,600,71.9118,71.9118,0.4382,0.5596,0.0649,86.3356,73.6765,282,H200 NVL,0.602,original,loso_20260915/bite/2b_S2_seed2025
superseded,loso_bite_clip5,2b,3,2025,loso,,0.0,bite,14738,600,61.8056,61.8056,0.2361,0.6901,0.1142,86.3621,65.8333,91,H200 NVL,0.602,original,loso_20260915/bite/2b_S3_seed2025
superseded,loso_bite_clip5,2b,4,2025,loso,,0.0,bite,14738,600,84.4595,84.4595,0.6892,0.366,0.0478,83.5121,90.2703,13,H200 NVL,0.602,original,loso_20260915/bite/2b_S4_seed2025
superseded,loso_bite_clip5,2b,5,2025,loso,,0.0,bite,14738,600,76.8919,76.8919,0.5378,0.4839,0.0414,84.4983,80.4054,111,H200 NVL,0.596,original,loso_20260915/bite/2b_S5_seed2025
superseded,loso_bite_clip5,2b,6,2025,loso,,0.0,bite,14738,600,75.5556,75.5556,0.5111,0.5001,0.0605,84.4655,84.8611,203,H200 NVL,0.596,original,loso_20260915/bite/2b_S6_seed2025
superseded,loso_bite_clip5,2b,7,2025,loso,,0.0,bite,14738,600,81.3889,81.3889,0.6278,0.411,0.0602,85.069,84.3056,159,H200 NVL,0.596,original,loso_20260915/bite/2b_S7_seed2025
superseded,loso_bite_clip5,2b,8,2025,loso,,0.0,bite,14738,600,75.5263,75.5263,0.5105,0.6089,0.1267,84.5833,80.2632,86,H200 NVL,0.594,original,loso_20260915/bite/2b_S8_seed2025
superseded,loso_bite_clip5,2b,9,2025,loso,,0.0,bite,14738,600,78.4722,78.4722,0.5694,0.4611,0.0347,85.2414,80.5556,90,H200 NVL,0.255,original,loso_20260915/bite/2b_S9_seed2025
superseded,loso_bite_clip5,sdssvep,10,2025,loso,,0.0,bite,14548,600,93.3333,93.3333,0.9273,0.6434,0.3434,96.0494,95.0,254,H200 NVL,0.143,original,loso_20260915/bite/sdssvep_S10_seed2025
superseded,loso_bite_clip5,sdssvep,1,2025,loso,,0.0,bite,14548,600,48.8889,48.8889,0.4424,1.6171,0.1771,96.6049,51.6667,208,H200 NVL,0.143,original,loso_20260915/bite/sdssvep_S1_seed2025
superseded,loso_bite_clip5,sdssvep,2,2025,loso,,0.0,bite,14548,600,82.2222,82.2222,0.8061,0.8091,0.2664,96.5432,88.3333,165,H200 NVL,0.143,original,loso_20260915/bite/sdssvep_S2_seed2025
superseded,loso_bite_clip5,sdssvep,3,2025,loso,,0.0,bite,14548,600,50.0,50.0,0.4545,1.7185,0.2072,97.5926,53.8889,181,H100 80GB HBM3,0.148,original,loso_20260915/bite/sdssvep_S3_seed2025
superseded,loso_bite_clip5,sdssvep,4,2025,loso,,0.0,bite,14548,600,53.8889,53.8889,0.497,1.672,0.2389,95.9877,55.0,412,H100 80GB HBM3,0.148,original,loso_20260915/bite/sdssvep_S4_seed2025
superseded,loso_bite_clip5,sdssvep,5,2025,loso,,0.0,bite,14548,600,97.2222,97.2222,0.9697,0.3128,0.2081,95.8025,98.3333,115,H100 80GB HBM3,0.148,original,loso_20260915/bite/sdssvep_S5_seed2025
superseded,loso_bite_clip5,sdssvep,6,2025,loso,,0.0,bite,14548,600,87.2222,87.2222,0.8606,0.8694,0.377,95.9259,93.8889,39,H100 80GB HBM3,0.148,original,loso_20260915/bite/sdssvep_S6_seed2025
superseded,loso_bite_clip5,sdssvep,7,2025,loso,,0.0,bite,14548,600,96.6667,96.6667,0.9636,0.4851,0.3041,95.3704,98.3333,28,H100 80GB HBM3,0.163,original,loso_20260915/bite/sdssvep_S7_seed2025
superseded,loso_bite_clip5,sdssvep,8,2025,loso,,0.0,bite,14548,600,91.1111,91.1111,0.903,0.6588,0.3442,95.6173,93.8889,281,H100 80GB HBM3,0.163,original,loso_20260915/bite/sdssvep_S8_seed2025
superseded,loso_bite_clip5,sdssvep,9,2025,loso,,0.0,bite,14548,600,93.8889,93.8889,0.9333,0.4313,0.2333,95.8642,96.1111,141,H100 80GB HBM3,0.163,original,loso_20260915/bite/sdssvep_S9_seed2025
mig,anytime/reader_anytime,2a,1,2025,within,,0.3,reader,20964,600,89.5833,89.5833,0.8611,0.3825,0.1568,100.0,92.3611,189,H100 NVL MIG 3g.47gb,0.602,MIG original (replaced in the record),
mig,anytime/reader_anytime,2a,1,2026,within,,0.3,reader,20964,600,89.9306,89.9306,0.8657,0.4045,0.1429,100.0,92.7083,434,H100 NVL MIG 3g.47gb,0.592,MIG original (replaced in the record),
mig,anytime/reader_anytime,2a,1,2027,within,,0.3,reader,20964,600,88.8889,88.8889,0.8519,0.4143,0.1511,100.0,92.3611,205,H100 NVL MIG 3g.47gb,0.579,MIG original (replaced in the record),
mig,anytime/reader_anytime,2a,2,2025,within,,0.3,reader,20964,600,74.3056,74.3056,0.6574,0.6829,0.0925,100.0,77.0833,369,H100 NVL MIG 3g.47gb,0.602,MIG original (replaced in the record),
mig,anytime/reader_anytime,2a,2,2026,within,,0.3,reader,20964,600,72.2222,72.2222,0.6296,0.7978,0.0612,100.0,75.6944,581,H100 NVL MIG 3g.47gb,0.602,MIG original (replaced in the record),
mig,anytime/reader_anytime,2a,2,2027,within,,0.3,reader,20964,600,73.2639,73.2639,0.6435,0.7097,0.0894,100.0,77.4306,393,H100 NVL MIG 3g.47gb,0.602,MIG original (replaced in the record),
mig,anytime/reader_anytime,2a,3,2025,within,,0.3,reader,20964,600,93.75,93.75,0.9167,0.2862,0.141,100.0,96.875,183,H100 NVL MIG 3g.47gb,0.42,MIG original (replaced in the record),
mig,anytime/reader_anytime,2a,3,2026,within,,0.3,reader,20964,600,97.2222,97.2222,0.963,0.2469,0.1421,100.0,98.2639,269,H100 NVL MIG 3g.47gb,0.48,MIG original (replaced in the record),
mig,anytime/reader_anytime,2a,3,2027,within,,0.3,reader,20964,600,94.7917,94.7917,0.9306,0.2744,0.1341,100.0,97.9167,329,H100 NVL MIG 3g.47gb,0.512,MIG original (replaced in the record),
mig,anytime/reader_anytime,2a,4,2025,within,,0.3,reader,20964,600,82.9861,82.9861,0.7731,0.5765,0.1538,100.0,83.3333,530,H100 NVL MIG 3g.47gb,0.512,MIG original (replaced in the record),
mig,anytime/reader_anytime,2a,4,2026,within,,0.3,reader,20964,600,85.7639,85.7639,0.8102,0.5266,0.1672,100.0,87.5,407,H100 NVL MIG 3g.47gb,0.512,MIG original (replaced in the record),
mig,anytime/reader_anytime,2a,4,2027,within,,0.3,reader,20964,600,83.3333,83.3333,0.7778,0.5326,0.1494,100.0,85.7639,597,H100 NVL MIG 3g.47gb,0.515,MIG original (replaced in the record),
mig,anytime/reader_anytime,2a,5,2025,within,,0.3,reader,20964,600,80.2083,80.2083,0.7361,0.5958,0.0997,100.0,84.0278,375,H100 NVL MIG 3g.47gb,0.214,MIG original (replaced in the record),
mig,anytime/reader_anytime,2a,5,2026,within,,0.3,reader,20964,600,79.1667,79.1667,0.7222,0.5796,0.1046,100.0,84.375,124,H100 NVL MIG 3g.47gb,0.156,MIG original (replaced in the record),
mig,anytime/reader_anytime,2a,5,2027,within,,0.3,reader,20964,600,78.8194,78.8194,0.7176,0.6376,0.1053,100.0,81.9444,287,H100 NVL MIG 3g.47gb,0.351,MIG original (replaced in the record),
mig,anytime/reader_anytime,2a,6,2025,within,,0.3,reader,20964,600,75.6944,75.6944,0.6759,0.7139,0.1052,100.0,79.1667,188,H100 NVL MIG 3g.47gb,0.351,MIG original (replaced in the record),
mig,anytime/reader_anytime,2a,6,2026,within,,0.3,reader,20964,600,74.3056,74.3056,0.6574,0.7384,0.1127,100.0,76.7361,412,H100 NVL MIG 3g.47gb,0.351,MIG original (replaced in the record),
mig,anytime/reader_anytime,2a,6,2027,within,,0.3,reader,20964,600,73.6111,73.6111,0.6481,0.7866,0.0809,100.0,76.7361,233,H100 NVL MIG 3g.47gb,0.351,MIG original (replaced in the record),
mig,anytime/reader_anytime,2a,7,2025,within,,0.3,reader,20964,600,89.5833,89.5833,0.8611,0.3417,0.1185,100.0,96.875,301,H100 NVL MIG 3g.47gb,0.3,MIG original (replaced in the record),
mig,anytime/reader_anytime,2b,9,2025,within,,0.3,reader,19010,600,85.625,85.625,0.7125,0.3485,0.0371,100.0,88.125,87,H100 NVL MIG 3g.47gb,0.113,MIG original (replaced in the record),
mig,anytime/reader_anytime,2b,9,2026,within,,0.3,reader,19010,600,85.625,85.625,0.7125,0.3336,0.0426,100.0,89.0625,254,H100 NVL MIG 3g.47gb,0.113,MIG original (replaced in the record),
mig,anytime/reader_anytime,2b,9,2027,within,,0.3,reader,19010,600,84.375,84.375,0.6875,0.4043,0.0528,100.0,89.6875,260,H100 NVL MIG 3g.47gb,0.113,MIG original (replaced in the record),
mig,bank/bite_1s,2a,1,2025,within,1.0,0.0,bite,16294,600,79.5139,79.5139,0.7269,0.6534,0.1145,100.0,80.9028,427,H100 NVL MIG 3g.47gb,0.223,MIG original (replaced in the record),
mig,bank/bite_1s,2a,1,2026,within,1.0,0.0,bite,16294,600,74.3056,74.3056,0.6574,0.6892,0.0794,100.0,77.4306,231,H100 NVL MIG 3g.47gb,0.224,MIG original (replaced in the record),
mig,bank/bite_1s,2a,1,2027,within,1.0,0.0,bite,16294,600,79.1667,79.1667,0.7222,0.6585,0.122,100.0,81.5972,411,H100 NVL MIG 3g.47gb,0.224,MIG original (replaced in the record),
mig,bank/bite_1s,2a,2,2025,within,1.0,0.0,bite,16294,600,65.2778,65.2778,0.537,0.9193,0.0813,100.0,68.0556,399,H100 NVL MIG 3g.47gb,0.258,MIG original (replaced in the record),
mig,bank/bite_1s,2a,2,2026,within,1.0,0.0,bite,16294,600,63.5417,63.5417,0.5139,0.9192,0.0683,100.0,65.625,454,H100 NVL MIG 3g.47gb,0.258,MIG original (replaced in the record),
mig,bank/bite_1s,2a,2,2027,within,1.0,0.0,bite,16294,600,63.1944,63.1944,0.5093,0.9238,0.0659,100.0,66.6667,293,H100 NVL MIG 3g.47gb,0.232,MIG original (replaced in the record),
mig,bank/bite_1s,2a,3,2025,within,1.0,0.0,bite,16294,600,84.375,84.375,0.7917,0.5062,0.1288,100.0,86.1111,168,H100 NVL MIG 3g.47gb,0.227,MIG original (replaced in the record),
mig,bank/bite_1s,2a,3,2026,within,1.0,0.0,bite,16294,600,85.7639,85.7639,0.8102,0.4949,0.1396,100.0,86.8056,276,H100 NVL MIG 3g.47gb,0.288,MIG original (replaced in the record),
mig,bank/bite_1s,2a,3,2027,within,1.0,0.0,bite,16294,600,85.7639,85.7639,0.8102,0.4875,0.1388,100.0,86.8056,289,H100 NVL MIG 3g.47gb,0.116,MIG original (replaced in the record),
mig,bank/bite_1s,2a,4,2025,within,1.0,0.0,bite,16294,600,77.7778,77.7778,0.7037,0.6101,0.1187,100.0,80.2083,284,H100 NVL MIG 3g.47gb,0.148,MIG original (replaced in the record),
mig,bank/bite_1s,2a,4,2026,within,1.0,0.0,bite,16294,600,78.8194,78.8194,0.7176,0.5873,0.1145,100.0,80.2083,253,H100 NVL MIG 3g.47gb,0.192,MIG original (replaced in the record),
mig,bank/bite_1s,2a,4,2027,within,1.0,0.0,bite,16294,600,77.4306,77.4306,0.6991,0.6322,0.0961,100.0,79.1667,413,H100 NVL MIG 3g.47gb,0.181,MIG original (replaced in the record),
mig,bank/bite_1s,2a,5,2025,within,1.0,0.0,bite,16294,600,73.6111,73.6111,0.6481,0.6826,0.0643,100.0,76.0417,234,H100 NVL MIG 3g.47gb,0.156,MIG original (replaced in the record),
mig,bank/bite_1s,2a,5,2026,within,1.0,0.0,bite,16294,600,70.8333,70.8333,0.6111,0.6959,0.0507,100.0,75.0,309,H100 NVL MIG 3g.47gb,0.154,MIG original (replaced in the record),
mig,bank/bite_1s,2b,1,2025,within,1.0,0.0,bite,14738,600,70.625,70.625,0.4125,0.5939,0.095,98.75,74.0625,136,H100 NVL MIG 3g.47gb,0.058,MIG original (replaced in the record),
mig,bank/bite_1s,2b,1,2026,within,1.0,0.0,bite,14738,600,70.3125,70.3125,0.4062,0.6018,0.0933,99.25,73.75,82,H100 NVL MIG 3g.47gb,0.058,MIG original (replaced in the record),
mig,bank/bite_1s,2b,2,2025,within,1.0,0.0,bite,14738,600,72.1429,72.1429,0.4429,0.5473,0.086,97.25,76.7857,16,H100 NVL MIG 3g.47gb,0.058,MIG original (replaced in the record),
mig,bank/bite_1s,2b,4,2026,within,1.0,0.0,bite,14738,600,79.375,79.375,0.5875,0.4254,0.0563,99.2857,81.875,49,H100 NVL MIG 3g.47gb,0.057,MIG original (replaced in the record),
mig,bank/bite_1s,2b,6,2025,within,1.0,0.0,bite,14738,600,80.0,80.0,0.6,0.4279,0.0319,97.25,84.375,296,H100 NVL MIG 3g.47gb,0.059,MIG original (replaced in the record),
mig,bank/bite_1s,2b,7,2027,within,1.0,0.0,bite,14738,600,87.8125,87.8125,0.7563,0.3267,0.0414,97.75,90.3125,149,H100 NVL MIG 3g.47gb,0.058,MIG original (replaced in the record),
mig,bank/bite_1s,2b,8,2025,within,1.0,0.0,bite,14738,600,84.0625,84.0625,0.6812,0.3354,0.0464,97.0455,88.125,58,H100 NVL MIG 3g.47gb,0.058,MIG original (replaced in the record),
mig,bank/bite_1s,2b,8,2027,within,1.0,0.0,bite,14738,600,82.5,82.5,0.65,0.3462,0.0691,99.3182,87.5,298,H100 NVL MIG 3g.47gb,0.06,MIG original (replaced in the record),
mig,bank/bite_1s,2b,9,2027,within,1.0,0.0,bite,14738,600,68.75,68.75,0.375,0.6072,0.0796,98.75,70.625,238,H100 NVL MIG 3g.47gb,0.056,MIG original (replaced in the record),
mig,bank/bite_2s,2a,1,2025,within,2.0,0.0,bite,16294,600,85.0694,85.0694,0.8009,0.52,0.1639,100.0,87.8472,227,H100 NVL MIG 3g.47gb,0.233,MIG original (replaced in the record),
mig,bank/bite_2s,2a,1,2026,within,2.0,0.0,bite,16294,600,85.4167,85.4167,0.8056,0.5186,0.1654,100.0,86.1111,311,H100 NVL MIG 3g.47gb,0.234,MIG original (replaced in the record),
mig,bank/bite_2s,2a,1,2027,within,2.0,0.0,bite,16294,600,84.7222,84.7222,0.7963,0.5411,0.1719,100.0,84.7222,393,H100 NVL MIG 3g.47gb,0.233,MIG original (replaced in the record),
mig,bank/bite_2s,2a,2,2025,within,2.0,0.0,bite,16294,600,67.7083,67.7083,0.5694,0.8411,0.0636,100.0,69.4444,229,H100 NVL MIG 3g.47gb,0.27,MIG original (replaced in the record),
mig,bank/bite_2s,2a,2,2026,within,2.0,0.0,bite,16294,600,71.875,71.875,0.625,0.7332,0.1103,100.0,75.3472,388,H100 NVL MIG 3g.47gb,0.266,MIG original (replaced in the record),
mig,bank/bite_2s,2a,2,2027,within,2.0,0.0,bite,16294,600,68.0556,68.0556,0.5741,0.8387,0.0659,100.0,70.4861,286,H100 NVL MIG 3g.47gb,0.225,MIG original (replaced in the record),
mig,bank/bite_2s,2a,3,2025,within,2.0,0.0,bite,16294,600,92.3611,92.3611,0.8981,0.3872,0.1579,100.0,93.75,387,H100 NVL MIG 3g.47gb,0.296,MIG original (replaced in the record),
mig,bank/bite_2s,2a,3,2026,within,2.0,0.0,bite,16294,600,92.7083,92.7083,0.9028,0.365,0.1582,100.0,94.0972,266,H100 NVL MIG 3g.47gb,0.294,MIG original (replaced in the record),
mig,bank/bite_2s,2a,3,2027,within,2.0,0.0,bite,16294,600,91.6667,91.6667,0.8889,0.382,0.1582,100.0,92.3611,330,H100 NVL MIG 3g.47gb,0.118,MIG original (replaced in the record),
mig,bank/bite_2s,2a,4,2025,within,2.0,0.0,bite,16294,600,83.6806,83.6806,0.7824,0.5179,0.1527,100.0,85.4167,519,H100 NVL MIG 3g.47gb,0.183,MIG original (replaced in the record),
mig,bank/bite_2s,2a,4,2026,within,2.0,0.0,bite,16294,600,82.6389,82.6389,0.7685,0.5621,0.1589,100.0,85.0694,409,H100 NVL MIG 3g.47gb,0.2,MIG original (replaced in the record),
mig,bank/bite_2s,2a,4,2027,within,2.0,0.0,bite,16294,600,83.6806,83.6806,0.7824,0.5128,0.1423,100.0,85.0694,398,H100 NVL MIG 3g.47gb,0.143,MIG original (replaced in the record),
mig,bank/bite_2s,2a,5,2025,within,2.0,0.0,bite,16294,600,77.7778,77.7778,0.7037,0.6077,0.0932,100.0,82.9861,134,H100 NVL MIG 3g.47gb,0.163,MIG original (replaced in the record),
mig,bank/bite_2s,2a,5,2026,within,2.0,0.0,bite,16294,600,76.7361,76.7361,0.6898,0.6026,0.0761,100.0,80.5556,374,H100 NVL MIG 3g.47gb,0.106,MIG original (replaced in the record),
mig,bank/bite_2s,2b,1,2025,within,2.0,0.0,bite,14738,600,75.9375,75.9375,0.5188,0.5127,0.0449,100.0,78.75,137,H100 NVL MIG 3g.47gb,0.058,MIG original (replaced in the record),
mig,bank/bite_2s,2b,2,2025,within,2.0,0.0,bite,14738,600,75.3571,75.3571,0.5071,0.5426,0.0472,99.0,78.9286,94,H100 NVL MIG 3g.47gb,0.06,MIG original (replaced in the record),
mig,bank/bite_2s,2b,4,2025,within,2.0,0.0,bite,14738,600,95.3125,95.3125,0.9062,0.1669,0.0706,100.0,96.875,51,H100 NVL MIG 3g.47gb,0.059,MIG original (replaced in the record),
mig,bank/bite_2s,2b,4,2026,within,2.0,0.0,bite,14738,600,95.0,95.0,0.9,0.166,0.0713,100.0,97.1875,67,H100 NVL MIG 3g.47gb,0.059,MIG original (replaced in the record),
mig,bank/bite_2s,2b,6,2025,within,2.0,0.0,bite,14738,600,86.25,86.25,0.725,0.3247,0.071,98.75,88.75,201,H100 NVL MIG 3g.47gb,0.06,MIG original (replaced in the record),
mig,bank/bite_2s,2b,7,2027,within,2.0,0.0,bite,14738,600,91.25,91.25,0.825,0.2408,0.0662,99.25,93.125,259,H100 NVL MIG 3g.47gb,0.058,MIG original (replaced in the record),
mig,bank/bite_2s,2b,8,2027,within,2.0,0.0,bite,14738,600,92.1875,92.1875,0.8438,0.2342,0.0609,99.3182,95.0,90,H100 NVL MIG 3g.47gb,0.061,MIG original (replaced in the record),
mig,bank/bite_2s,2b,9,2026,within,2.0,0.0,bite,14738,600,78.75,78.75,0.575,0.4438,0.0818,99.0,82.1875,246,H100 NVL MIG 3g.47gb,0.058,MIG original (replaced in the record),
mig,bank/bite_2s,2b,9,2027,within,2.0,0.0,bite,14738,600,79.6875,79.6875,0.5938,0.4528,0.0352,99.25,83.4375,342,H100 NVL MIG 3g.47gb,0.057,MIG original (replaced in the record),
mig,bank/bite_3s,2a,1,2025,within,3.0,0.0,bite,16294,600,88.5417,88.5417,0.8472,0.4441,0.1743,100.0,90.2778,366,H100 NVL MIG 3g.47gb,0.237,MIG original (replaced in the record),
mig,bank/bite_3s,2a,1,2026,within,3.0,0.0,bite,16294,600,89.2361,89.2361,0.8565,0.46,0.1893,100.0,91.3194,249,H100 NVL MIG 3g.47gb,0.237,MIG original (replaced in the record),
mig,bank/bite_3s,2a,1,2027,within,3.0,0.0,bite,16294,600,87.8472,87.8472,0.838,0.4594,0.1702,100.0,89.9306,342,H100 NVL MIG 3g.47gb,0.275,MIG original (replaced in the record),
mig,bank/bite_3s,2a,2,2025,within,3.0,0.0,bite,16294,600,70.8333,70.8333,0.6111,0.7686,0.078,100.0,71.875,500,H100 NVL MIG 3g.47gb,0.273,MIG original (replaced in the record),
mig,bank/bite_3s,2a,2,2026,within,3.0,0.0,bite,16294,600,69.0972,69.0972,0.588,0.7675,0.0368,100.0,74.3056,118,H100 NVL MIG 3g.47gb,0.273,MIG original (replaced in the record),
mig,bank/bite_3s,2a,2,2027,within,3.0,0.0,bite,16294,600,68.4028,68.4028,0.5787,0.776,0.077,100.0,74.6528,429,H100 NVL MIG 3g.47gb,0.291,MIG original (replaced in the record),
mig,bank/bite_3s,2a,3,2025,within,3.0,0.0,bite,16294,600,93.4028,93.4028,0.912,0.3503,0.154,100.0,94.0972,251,H100 NVL MIG 3g.47gb,0.307,MIG original (replaced in the record),
mig,bank/bite_3s,2a,3,2026,within,3.0,0.0,bite,16294,600,92.0139,92.0139,0.8935,0.3753,0.147,100.0,93.75,172,H100 NVL MIG 3g.47gb,0.299,MIG original (replaced in the record),
mig,bank/bite_3s,2a,3,2027,within,3.0,0.0,bite,16294,600,91.3194,91.3194,0.8843,0.3739,0.1397,100.0,92.3611,281,H100 NVL MIG 3g.47gb,0.151,MIG original (replaced in the record),
mig,bank/bite_3s,2a,4,2025,within,3.0,0.0,bite,16294,600,85.4167,85.4167,0.8056,0.5295,0.1626,100.0,86.8056,515,H100 NVL MIG 3g.47gb,0.207,MIG original (replaced in the record),
mig,bank/bite_3s,2a,4,2026,within,3.0,0.0,bite,16294,600,82.2917,82.2917,0.7639,0.5317,0.1413,100.0,86.1111,248,H100 NVL MIG 3g.47gb,0.222,MIG original (replaced in the record),
mig,bank/bite_3s,2a,4,2027,within,3.0,0.0,bite,16294,600,80.9028,80.9028,0.7454,0.5523,0.1205,100.0,82.9861,274,H100 NVL MIG 3g.47gb,0.176,MIG original (replaced in the record),
mig,bank/bite_3s,2a,5,2025,within,3.0,0.0,bite,16294,600,78.4722,78.4722,0.713,0.5673,0.1039,100.0,81.9444,104,H100 NVL MIG 3g.47gb,0.166,MIG original (replaced in the record),
mig,bank/bite_3s,2b,1,2025,within,3.0,0.0,bite,14738,600,77.8125,77.8125,0.5562,0.4762,0.0187,100.0,81.875,160,H100 NVL MIG 3g.47gb,0.058,MIG original (replaced in the record),
mig,bank/bite_3s,2b,1,2027,within,3.0,0.0,bite,14738,600,78.75,78.75,0.575,0.4642,0.0442,100.0,81.875,259,H100 NVL MIG 3g.47gb,0.06,MIG original (replaced in the record),
mig,bank/bite_3s,2b,2,2025,within,3.0,0.0,bite,14738,600,75.7143,75.7143,0.5143,0.5384,0.0805,99.0,77.5,267,H100 NVL MIG 3g.47gb,0.06,MIG original (replaced in the record),
mig,bank/bite_3s,2b,4,2025,within,3.0,0.0,bite,14738,600,96.5625,96.5625,0.9312,0.1478,0.0799,100.0,97.5,38,H100 NVL MIG 3g.47gb,0.059,MIG original (replaced in the record),
mig,bank/bite_3s,2b,5,2027,within,3.0,0.0,bite,14738,600,90.9375,90.9375,0.8188,0.2784,0.0979,99.5238,94.375,129,H100 NVL MIG 3g.47gb,0.06,MIG original (replaced in the record),
mig,bank/bite_3s,2b,6,2025,within,3.0,0.0,bite,14738,600,86.5625,86.5625,0.7312,0.3045,0.0693,99.5,89.375,256,H100 NVL MIG 3g.47gb,0.06,MIG original (replaced in the record),
mig,bank/bite_3s,2b,7,2027,within,3.0,0.0,bite,14738,600,91.5625,91.5625,0.8313,0.239,0.0452,99.25,93.4375,187,H100 NVL MIG 3g.47gb,0.058,MIG original (replaced in the record),
mig,bank/bite_3s,2b,8,2026,within,3.0,0.0,bite,14738,600,94.6875,94.6875,0.8938,0.2025,0.0834,99.0909,95.9375,105,H100 NVL MIG 3g.47gb,0.061,MIG original (replaced in the record),
mig,bank/bite_3s,2b,8,2027,within,3.0,0.0,bite,14738,600,92.1875,92.1875,0.8438,0.221,0.0711,99.7727,96.875,76,H100 NVL MIG 3g.47gb,0.061,MIG original (replaced in the record),
mig,bank/bite_3s,2b,9,2026,within,3.0,0.0,bite,14738,600,84.375,84.375,0.6875,0.3501,0.0679,100.0,89.375,127,H100 NVL MIG 3g.47gb,0.058,MIG original (replaced in the record),
mig,cohort/bite,2a,1,2025,within,,0.0,bite,16294,600,89.2361,89.2361,0.8565,0.4325,0.176,100.0,91.3194,192,H100 NVL MIG 3g.47gb,0.376,MIG original (replaced in the record),
mig,cohort/bite,2a,1,2026,within,,0.0,bite,16294,600,87.5,87.5,0.8333,0.4318,0.161,100.0,90.2778,145,H100 NVL MIG 3g.47gb,0.375,MIG original (replaced in the record),
mig,cohort/bite,2a,1,2027,within,,0.0,bite,16294,600,88.8889,88.8889,0.8519,0.4402,0.1787,100.0,90.625,342,H100 NVL MIG 3g.47gb,0.376,MIG original (replaced in the record),
mig,cohort/bite,2a,2,2025,within,,0.0,bite,16294,600,71.5278,71.5278,0.6204,0.745,0.0645,100.0,75.3472,215,H100 NVL MIG 3g.47gb,0.375,MIG original (replaced in the record),
mig,cohort/bite,2a,2,2026,within,,0.0,bite,16294,600,68.75,68.75,0.5833,0.9443,0.0915,100.0,74.3056,274,H100 NVL MIG 3g.47gb,0.375,MIG original (replaced in the record),
mig,cohort/bite,2a,2,2027,within,,0.0,bite,16294,600,73.9583,73.9583,0.6528,0.712,0.1111,100.0,76.3889,331,H100 NVL MIG 3g.47gb,0.377,MIG original (replaced in the record),
mig,cohort/bite,2a,3,2025,within,,0.0,bite,16294,600,95.8333,95.8333,0.9444,0.2808,0.163,100.0,97.9167,221,H100 NVL MIG 3g.47gb,0.37,MIG original (replaced in the record),
mig,cohort/bite,2a,3,2026,within,,0.0,bite,16294,600,96.875,96.875,0.9583,0.2623,0.166,100.0,98.2639,386,H100 NVL MIG 3g.47gb,0.37,MIG original (replaced in the record),
mig,cohort/bite,2a,3,2027,within,,0.0,bite,16294,600,96.5278,96.5278,0.9537,0.2799,0.1613,100.0,96.875,356,H100 NVL MIG 3g.47gb,0.37,MIG original (replaced in the record),
mig,cohort/bite,2a,4,2025,within,,0.0,bite,16294,600,81.5972,81.5972,0.7546,0.5498,0.1303,100.0,84.0278,387,H100 NVL MIG 3g.47gb,0.37,MIG original (replaced in the record),
mig,cohort/bite,2a,4,2026,within,,0.0,bite,16294,600,83.3333,83.3333,0.7778,0.5289,0.1266,100.0,85.7639,296,H100 NVL MIG 3g.47gb,0.37,MIG original (replaced in the record),
mig,cohort/bite,2a,4,2027,within,,0.0,bite,16294,600,87.1528,87.1528,0.8287,0.4757,0.1631,100.0,87.8472,438,H100 NVL MIG 3g.47gb,0.37,MIG original (replaced in the record),
mig,cohort/bite,2a,5,2025,within,,0.0,bite,16294,600,77.0833,77.0833,0.6944,0.5958,0.0888,100.0,79.8611,199,H100 NVL MIG 3g.47gb,0.361,MIG original (replaced in the record),
mig,cohort/bite,2a,5,2026,within,,0.0,bite,16294,600,79.1667,79.1667,0.7222,0.6007,0.1006,100.0,83.3333,188,H100 NVL MIG 3g.47gb,0.358,MIG original (replaced in the record),
mig,cohort/bite,2a,5,2027,within,,0.0,bite,16294,600,79.5139,79.5139,0.7269,0.5752,0.0993,100.0,83.3333,328,H100 NVL MIG 3g.47gb,0.358,MIG original (replaced in the record),
mig,cohort/bite,2a,6,2025,within,,0.0,bite,16294,600,76.3889,76.3889,0.6852,0.7233,0.1082,100.0,78.8194,455,H100 NVL MIG 3g.47gb,0.363,MIG original (replaced in the record),
mig,cohort/bite,2a,6,2026,within,,0.0,bite,16294,600,73.6111,73.6111,0.6481,0.7253,0.1084,100.0,78.125,242,H100 NVL MIG 3g.47gb,0.362,MIG original (replaced in the record),
mig,cohort/bite,2a,6,2027,within,,0.0,bite,16294,600,72.9167,72.9167,0.6389,0.7336,0.1023,100.0,76.0417,131,H100 NVL MIG 3g.47gb,0.299,MIG original (replaced in the record),
mig,cohort/bite,2a,7,2025,within,,0.0,bite,16294,600,92.7083,92.7083,0.9028,0.3575,0.1666,100.0,95.4861,429,H100 NVL MIG 3g.47gb,0.319,MIG original (replaced in the record),
mig,cohort/bite,2a,7,2026,within,,0.0,bite,16294,600,91.6667,91.6667,0.8889,0.3783,0.1735,100.0,94.4444,408,H100 NVL MIG 3g.47gb,0.319,MIG original (replaced in the record),
mig,cohort/bite,2a,7,2027,within,,0.0,bite,16294,600,91.3194,91.3194,0.8843,0.3676,0.17,100.0,94.4444,457,H100 NVL MIG 3g.47gb,0.32,MIG original (replaced in the record),
mig,cohort/bite,2a,8,2025,within,,0.0,bite,16294,600,84.0278,84.0278,0.787,0.5096,0.161,100.0,87.5,345,H100 NVL MIG 3g.47gb,0.335,MIG original (replaced in the record),
mig,cohort/bite,2a,8,2026,within,,0.0,bite,16294,600,84.0278,84.0278,0.787,0.5238,0.1575,100.0,87.1528,356,H100 NVL MIG 3g.47gb,0.258,MIG original (replaced in the record),
mig,cohort/bite,2a,8,2027,within,,0.0,bite,16294,600,85.4167,85.4167,0.8056,0.5194,0.1615,100.0,87.1528,427,H100 NVL MIG 3g.47gb,0.258,MIG original (replaced in the record),
mig,cohort/bite,2a,9,2025,within,,0.0,bite,16294,600,87.5,87.5,0.8333,0.4569,0.1345,100.0,89.2361,112,H100 NVL MIG 3g.47gb,0.312,MIG original (replaced in the record),
mig,cohort/bite,2a,9,2026,within,,0.0,bite,16294,600,87.1528,87.1528,0.8287,0.4622,0.1509,100.0,88.8889,432,H100 NVL MIG 3g.47gb,0.312,MIG original (replaced in the record),
mig,cohort/bite,2a,9,2027,within,,0.0,bite,16294,600,86.4583,86.4583,0.8194,0.4734,0.1494,100.0,90.2778,379,H100 NVL MIG 3g.47gb,0.278,MIG original (replaced in the record),
mig,cohort/bite,2b,1,2025,within,,0.0,bite,14738,600,78.125,78.125,0.5625,0.4937,0.0737,100.0,82.1875,142,H100 NVL MIG 3g.47gb,0.159,MIG original (replaced in the record),
mig,cohort/bite,2b,1,2026,within,,0.0,bite,14738,600,78.75,78.75,0.575,0.4902,0.0641,100.0,82.1875,94,H100 NVL MIG 3g.47gb,0.238,MIG original (replaced in the record),
mig,cohort/bite,2b,1,2027,within,,0.0,bite,14738,600,79.6875,79.6875,0.5938,0.4856,0.0514,100.0,81.875,131,H100 NVL MIG 3g.47gb,0.24,MIG original (replaced in the record),
mig,cohort/bite,2b,2,2025,within,,0.0,bite,14738,600,74.6429,74.6429,0.4929,0.5181,0.0556,99.25,78.5714,318,H100 NVL MIG 3g.47gb,0.238,MIG original (replaced in the record),
mig,cohort/bite,2b,2,2026,within,,0.0,bite,14738,600,75.7143,75.7143,0.5143,0.5134,0.0492,99.25,77.8571,183,H100 NVL MIG 3g.47gb,0.255,MIG original (replaced in the record),
mig,cohort/bite,2b,2,2027,within,,0.0,bite,14738,600,73.5714,73.5714,0.4714,0.5294,0.0722,99.0,76.7857,246,H100 NVL MIG 3g.47gb,0.25,MIG original (replaced in the record),
mig,cohort/bite,2b,3,2025,within,,0.0,bite,14738,600,85.0,85.0,0.7,0.3373,0.0371,98.75,88.125,110,H100 NVL MIG 3g.47gb,0.199,MIG original (replaced in the record),
mig,cohort/bite,2b,3,2026,within,,0.0,bite,14738,600,85.625,85.625,0.7125,0.3314,0.0356,98.0,88.4375,169,H100 NVL MIG 3g.47gb,0.203,MIG original (replaced in the record),
mig,cohort/bite,2b,3,2027,within,,0.0,bite,14738,600,84.6875,84.6875,0.6938,0.3462,0.0446,98.5,87.8125,21,H100 NVL MIG 3g.47gb,0.196,MIG original (replaced in the record),
mig,cohort/bite,hgd,10,2025,within,,0.0,bite,17922,600,93.75,93.2992,0.9164,0.2899,0.1282,100.0,95.4545,316,H100 NVL MIG 3g.47gb,0.504,MIG original (replaced in the record),
mig,cohort/bite,hgd,10,2026,within,,0.0,bite,17922,600,92.6136,91.9353,0.9011,0.3022,0.1212,100.0,94.3182,293,H100 NVL MIG 3g.47gb,0.566,MIG original (replaced in the record),
mig,cohort/bite,hgd,10,2027,within,,0.0,bite,17922,600,93.75,93.203,0.9163,0.2861,0.1383,100.0,95.4545,382,H100 NVL MIG 3g.47gb,0.567,MIG original (replaced in the record),
mig,cohort/bite,hgd,11,2025,within,,0.0,bite,17922,600,89.2045,89.7918,0.8556,0.3926,0.1456,99.858,92.0455,264,H100 NVL MIG 3g.47gb,0.647,MIG original (replaced in the record),
mig,cohort/bite,hgd,11,2026,within,,0.0,bite,17922,600,88.0682,88.6306,0.8404,0.413,0.1146,99.858,90.3409,243,H100 NVL MIG 3g.47gb,0.647,MIG original (replaced in the record),
mig,cohort/bite,hgd,11,2027,within,,0.0,bite,17922,600,86.9318,87.6102,0.8252,0.4143,0.1252,99.858,89.7727,286,H100 NVL MIG 3g.47gb,0.462,MIG original (replaced in the record),
mig,cohort/bite,hgd,12,2025,within,,0.0,bite,17922,600,96.0227,96.0204,0.9468,0.2627,0.1342,100.0,97.7273,355,H100 NVL MIG 3g.47gb,0.478,MIG original (replaced in the record),
mig,cohort/bite,hgd,12,2026,within,,0.0,bite,17922,600,98.2955,98.3829,0.9772,0.2556,0.1342,100.0,98.8636,451,H100 NVL MIG 3g.47gb,0.487,MIG original (replaced in the record),
mig,cohort/bite,hgd,12,2027,within,,0.0,bite,17922,600,97.7273,97.8147,0.9696,0.2433,0.1473,100.0,98.2955,159,H100 NVL MIG 3g.47gb,0.398,MIG original (replaced in the record),
mig,cohort/bite,hgd,1,2025,within,,0.0,bite,17922,600,100.0,100.0,1.0,0.2031,0.1714,100.0,100.0,114,H100 NVL MIG 3g.47gb,0.376,MIG original (replaced in the record),
mig,cohort/bite,hgd,1,2026,within,,0.0,bite,17922,600,100.0,100.0,1.0,0.1932,0.1669,100.0,100.0,36,H100 NVL MIG 3g.47gb,0.376,MIG original (replaced in the record),
mig,cohort/bite,hgd,1,2027,within,,0.0,bite,17922,600,100.0,100.0,1.0,0.1917,0.1629,100.0,100.0,40,H100 NVL MIG 3g.47gb,0.371,MIG original (replaced in the record),
mig,loso/compact,2a,1,2025,loso,,0.0,compact,17828,600,71.875,71.875,0.625,0.7207,0.0512,98.5677,77.0833,73,H100 NVL MIG 3g.47gb,1.299,MIG original (replaced in the record),
mig,loso/compact,2a,2,2025,loso,,0.0,compact,17828,600,42.0139,42.0139,0.2269,1.4005,0.1996,98.8715,48.0903,14,H100 NVL MIG 3g.47gb,1.299,MIG original (replaced in the record),
mig,loso/compact,2a,3,2025,loso,,0.0,compact,17828,600,73.7847,73.7847,0.6505,0.6721,0.0472,98.3073,83.8542,232,H100 NVL MIG 3g.47gb,1.292,MIG original (replaced in the record),
mig,loso/compact,2a,4,2025,loso,,0.0,compact,17828,600,60.5903,60.5903,0.4745,0.9876,0.0479,98.7847,65.9722,98,H100 NVL MIG 3g.47gb,1.292,MIG original (replaced in the record),
mig,loso/compact,2b,2,2025,loso,,0.0,compact,15874,600,73.0882,73.0882,0.4618,0.5549,0.0477,89.9658,75.2941,234,H100 NVL MIG 3g.47gb,0.607,MIG original (replaced in the record),
mig,loso/compact,2b,3,2025,loso,,0.0,compact,15874,600,61.9444,61.9444,0.2389,0.7216,0.1229,89.6724,66.1111,26,H100 NVL MIG 3g.47gb,0.607,MIG original (replaced in the record),
mig,loso/compact,2b,4,2025,loso,,0.0,compact,15874,600,82.973,82.973,0.6595,0.381,0.0433,87.7163,89.1892,246,H100 NVL MIG 3g.47gb,0.607,MIG original (replaced in the record),
mig,loso/compact,2b,5,2025,loso,,0.0,compact,15874,600,80.4054,80.4054,0.6081,0.4362,0.0358,88.6678,81.8919,196,H100 NVL MIG 3g.47gb,0.607,MIG original (replaced in the record),
